:041000006F00D03E6F
:10100400000000000000000090200020A422002026
:10101400A9BDF9F55C2300200000000000000000D9
:101024005C2300209020002000000000000000004D
:10103400902000200000000090200020000000000C
:10104400902000209020002090200020902000205C
:10105400902000205C2B0020902000200000000045
:10106400902000209020002090200020902000203C
:10107400C2230020902000209020002090200020F7
:10108400902000209020002090200020902000201C
:1010940001A04111B7170040985F3AC6945F3247E8
:1010A400E39CE6FE3245410182800111130780086A
:1010B400F337078093F787083EC201000100B71792
:1010C4000040930570052380B704130680FA23803B
:1010D400C7040100010083C6B70493F6F60DA38587
:1010E400D704238007049246F3A60680010001007A
:1010F40093760502D5CEF336078093F6860836C478
:10110400010001002380B7042380C704010001000B
:10111400B70614007D89558D88C7010001000100C0
:10112400010023800704A246F3A606800100010003
:1011340073370780137787083AC6010001002380BC
:10114400B7042380C7040100010001000100372710
:10115400004093061005A303D78023800704B247F9
:10116400F3A707800100010093078008F3B7078005
:1011740093F787083ECE01000100B717004013071C
:1011840070052380E704130780FA2380E704010035
:10119400010003C7B70413670708A385E704238086
:1011A4000704F247F3A7078001000100056182806C
:1011B40093760504BDC6F336078093F6860836C8D1
:1011C400010001002380B7042380C704010001004B
:1011D400B7061400938606047D89558D88C70100DF
:1011E40001000100010023800704C246F3A6068023
:1011F4000100010073370780137787083ACA01009A
:1012040001002380B7042380C704010001003727AD
:10121400004093062005A303D78023800704D24708
:1012240081B773370780137787083ACC0100010030
:101234002380B7042380C704010001009847136783
:10124400070C98C723800704E24719BF01118146A0
:1012540001468145114506CE812C93078008F3B7DA
:10126400078093F787083EC601000100B7170040C6
:10127400130770052380E704130780FA2380E7042B
:101284000100010003C76704136717002383E70401
:1012940023800704B247F3A7078001000100F2404E
:1012A4000561828041118146014681451145ED2A3F
:1012B40013078008F337078093F787083EC40100BB
:1012C4000100B7170040130670052380C704930676
:1012D40080FA2380D70401000100FD552396B7024C
:1012E40023800704A245F3A505800100010073379C
:1012F4000780137787083AC6010001002380C704DA
:101304002380D7040100010003C767041367170093
:101314002383E70423800704B247F3A7078001006F
:10132400010001A0BD473305F50201007D1575FDDF
:101334008280411122C426C206C6AA8401446317CE
:101344009400B24022449244410182800504130572
:10135400803E4204C13F4180DDB700009305000296
:1013640073A0458082457390153492402242B24264
:101374004243D2436244F244025592552256B25635
:101384004257D2576258F25806499649264AB64AF5
:10139400464BD64B664CF64C065D965D265EB65EB5
:1013A400465FD65F0961730020304111B7170040D2
:1013B400985F3AC6945F3247E39CE6FE32454101AA
:1013C4008280B7170040130700032388E70285478C
:1013D400171700002326F7EE73002030411122C4B2
:1013E40006C6370400201C408297F5BF23030480FF
:1013F40015472303E48001002302A480828083072D
:101404006480E3CE07FE2303048082808307648024
:10141400E3CE07FE03454480828083076480E3CEE5
:1014240007FE2302A4808280411126C44AC24EC012
:1014340006C61377F50BAD47AA892E899544630632
:10144400F70019456537653F8D444E854537FD598D
:10145400FD1463983401B240A24412498249410107
:101464008280135509011375F50F453F2209CDB745
:10147400011126CC06CEB704080051371545BD37F7
:10148400713769372AC6A53F32459377150089EB32
:10149400136515001375F50FF240E244056182806F
:1014A400FD14E9FC0145CDBF397126DC4ADA4ED87A
:1014B40052D656D45AD25ED006DE62CE66CCB7E798
:1014C40000E07D5783AA070022C603AA470023A091
:1014D400E71823A2E718B717004013077005238005
:1014E400E704130780FA2380E70483C74704930BB8
:1014F40075FFB684E20793FBFB0F8546AA892E8B02
:10150400328937240040E187015763FA7601630882
:10151400D5008946130700026313D5000157D98FFC
:1015240093F7F70FB71C00402382FC0411472303F1
:10153400E4801305F00F5D3D094CD135636D7C11DA
:10154400B7050700DA9537870700795563F2E50494
:10155400B3879500636EF702370B0800A94733EB96
:1015640065016399F90689E48144513D26850DA0FE
:10157400DA850945553D05090345F9FFFD14050BB9
:10158400693D81C49377FB0FFDF7DD3569FD7D551A
:10159400B7170040130770052380E704130780FA88
:1015A4002380E70403C74704418B2382E704F250F6
:1015B400B7E700E023A0571123A24711E2543244B5
:1015C4005259C259325AA25A125B825B724CE24C93
:1015D40021618280A5476395F90685691309F00F97
:1015E400B3069900B3742B01B6941349F9FFB3748D
:1015F4009900856B33796901416B9387F9FFB3F7E0
:10160400270199E363FC340193D94900C147E3E618
:1016140037FF99BF0569C1697D19D9B71305800DD5
:1016240063886901130500026384790113051008B6
:10163400CA85DD3B353D21DD4E99B3843441D9B7AC
:10164400DA852D45D533CA94E30099F205097D3B2B
:10165400A30FA9FED5BF9387F9FF93F7F70F636133
:10166400FC0C83C71C0413073008631FF7043707F7
:101674000800636BEB04B3079B00B706100063F527
:10168400D704334BEB0089476393F9068980D54926
:10169400E38C04ECDA850945413B11090327C9FFB2
:1016A40091472320E48003076480E34E07FE23036D
:1016B4003481FD17EDFBFD14110B81C49377FB0FEF
:1016C400E9FF7D3371F5E1B5B717004003C757044F
:1016D400B70708001377070219E3B787070079559E
:1016E400E378FBEA33079B00E3FFE7F855B585474A
:1016F400E382F9F2DA852D45053B9389F4FFE3850E
:1017040004E6293393F7390091EB832604800327F9
:10171400090093074900E39AE6E43E89CE84F1BFC9
:10172400B5476396F9001305900BC93135BDB14730
:101734001305B00AE38BF9FE99476391F904B705E1
:101744000800B365BB002D45C53181448D4BA149CB
:10175400753963967401832704802320F900850476
:10176400E39834FF8327048013172B016355070084
:101774002312F900D5BB2322F900FDB39D476399D9
:10178400F90281451305B0044531BD442320090005
:1017940023220900FD599D3993F77400CA9703C7A2
:1017A4000700FD14398D2380A700E39634FF6DBB39
:1017B400A1476392F9046D398144630D0B008D4791
:1017C4009304C0036308FB009304000563048B01C6
:1017D400930440041375C507E30895D819453931B6
:1017E40039390545213126850D3909453D314931C0
:1017F400E31C05D669BB91476399F900130560069C
:10180400F536F53E130590090DB7E38F09D4F1546D
:10181400A9BBBD66014717360000130666379386D9
:1018240006A685458347060093F7F70F91C3828088
:101834000507E3F9E6FE97370000238BB734DDB7DD
:101844007D166206618693178601E18763D40700DB
:1018540001458280931726003307F500AE9718439D
:101864009C4363E7E7007D16E37FF7FC7D558280A8
:1018740005458280FD15E205E185139785016187A1
:1018840093F7F50F63480700FD15139725002A9772
:10189400584365D713851700620561858280330834
:1018A400B5021C4283A80600B335B502C29733B50E
:1018B4000701AE98469585486367B5006394A50013
:1018C40063E3070181480C43C6950CC388C21CC25C
:1018D400828081471397870161876343B7008280C1
:1018E400139727002A97232007008507E5B7814728
:1018F400014793968701E18663C5B6001335170047
:10190400828093962700AA9694428507558FD5B76F
:1019140093D755408A07AA979C4305453315B500CC
:101924007D8D828017F3FFDFE702A33B2A8499377A
:1019340005C5931725003E940327C4FF814711EB87
:101944007D1516053E954205418517F3FFDF6700B7
:10195400833B05838507E5B70145C5BF81471397D9
:10196400870161876343C700828013972700B3868A
:10197400E50094422A97850714C3D5B77D166206FD
:101984006186014793178601E18763D50700133504
:101994001700828093172600B306F500AE97944291
:1019A4009C437D16B58F5D8FF1BF8A05AA950147CB
:1019B4006363B500828083A6C5FFF11593D7160033
:1019C400D98F9CC11397F601E5B72A8301480147D3
:1019D40001456343D7008280B387050183A80700CC
:1019E400B30706019C43C697AA976384F80033B5EE
:1019F40017010507B3080301620723A0F8006187F4
:101A04001108C1BF2A8301478147014563C3D70039
:101A140082803388E50083280800330EE600032E15
:101A24000E003388A8403308C8416384080133B5E5
:101A340008018507B308E300E20723A00801E18752
:101A44001107E9B717F3FFDFE702A3290111B286F3
:101A5400B2842E86AA850A8575372A84A6850A85C6
:101A6400793533348000060413351500018D056182
:101A740017F3FFDF6700232917F3FFDFE702E323F0
:101A84004111AA89AE8A328BB68402C202C402C64C
:101A94000144131C8401135C8C4163499C02939B95
:101AA4001400FD1B0549138CF4FFF15C3304890118
:101AB40062046184634D740592478E04CE9423AE10
:101AC400F4FE410117F3FFDF6700A322131924007A
:101AD400B30B2B01014A93172A00D69783A50B0059
:101AE40088437800340050005D3B050A93178A014F
:101AF400E187F11BE351FCFE92474E990504232034
:101B0400F900A2473EC2B24702C63EC459B7131AEF
:101B14008901135A8A41131D240093178A01E1870E
:101B240063CF970092470A044E941CC0A24705094C
:101B34001379F90F3EC2B24702C63EC485BFB3074C
:101B44009A0313152A005695084178003400500072
:101B5400050AEA97DA978C439933C1B7197106C21B
:101B640012C416C61AC81ECA22CC26CE2AD02ED219
:101B740032D436D63AD83EDA42DC46DECAC0CEC2C9
:101B8400D2C4D6C6DAC8DECAE2CCE6CEEAD0EED2F9
:101B9400F2D4F6D6FAD8FEDA970500009385C5711B
:101BA4008841E700050092402242B2424243D243B8
:101BB4006244F244025592552256B2564257D257C5
:101BC4006258F25806499649264AB64A464BD64BBD
:101BD400664CF64C065D965D265EB65E465FD65F45
:081BE4000961730020300000CC
:101BEC009721002093814141175100201301C1C05E
:101BFC0017F5FFFF13058540970500209385C53F1A
:101C0C00171600201306C6FD63FAC50083220500D3
:101C1C0023A0550011059105E3EAC5FE17A50100A7
:101C2C001305451097150020938585FB171600208A
:101C3C001306866563FAC5008322050023A05500B0
:101C4C0011059105E3EAC5FE171500201305C563C0
:101C5C00974500209385453F6377B5002320050009
:101C6C001105E36DB5FEFD42739002BC8D4273907D
:101C7C004280B722000093828288739002309702D0
:101C8C0000209382623793E2320073905230974275
:101C9C0000009382829F739012346FC0A43573003E
:101CAC002030397101436EC619A0397141536AC88D
:101CBC0066CA62CC5ECE19A0397101535AD056D285
:101CCC0052D44ED64AD826DA22DC06DE33016140E5
:101CDC00828241114AC026C222C406C68282B24DFB
:101CEC004101024D924C224CB24B4101024B924AA3
:101CFC00224AB2494101024992442244B240410174
:101D0C0082803D432A876373C3029377F700BDEF4C
:101D1C00ADE5937606FF3D8ABA960CC34CC30CC74F
:101D2C004CC74107E36BD7FE11E28280B306C34078
:101D3C008A069702000096966780A6002307B700D4
:101D4C00A306B7002306B700A305B7002305B70009
:101D5C00A304B7002304B700A303B7002303B70001
:101D6C00A302B7002302B700A301B7002301B700F9
:101D7C00A300B7002300B700828093F5F50F93966C
:101D8C008500D58D93960501D58D61B79396270067
:101D9C009702000096968682E78086FA9680C11795
:101DAC001D8F3E96E374C3F8A5B73367B500FD539A
:101DBC000D8B79E7B7877F7F9387F7F710419441B5
:101DCC00B372F6003363F600BE92B3E2620063971F
:101DDC00720C6318D6065041D441B372F6003363CB
:101DEC00F600BE92B3E262006398720A631BD604DB
:101DFC0010459445B372F6003363F600BE92B3E21D
:101E0C0062006391720A631ED6025045D445B372C8
:101E1C00F6003363F600BE92B3E26200639A720876
:101E2C006311D60210499449B372F6003363F6007D
:101E3C00BE92B3E26200639372085105D105E30FC1
:101E4C00D6F61317060193970601631CF700135778
:101E5C00060193D706013305F7409375F50F91E909
:101E6C0082804183C1833305F7409375F50F91E16F
:101E7C0082801377F70F93F7F70F3305F7408280C3
:101E8C000346050083C60500050585056313D600CA
:101E9C0065FA3305D640828011059105E312D6FE12
:101EAC00014582802105A105E31CD6FC01458280F9
:101EBC003105B105E316D6FC014582804105C1050B
:101ECC00E310D6FC01458280B717004003C77705A5
:101EDC001A051377E70FA38BE70413974500598D69
:101EEC00136535001375F50FA38CA70403C7A7055D
:101EFC00C18991C513672700238DE704828013776E
:101F0C00D70FDDBFB717004003C777051377E70F6F
:101F1C00A38BE704130700F8A38DE7043D47238C3C
:101F2C00E70413075003A38CE70403C7A705137733
:101F3C00D70F238DE7048280371700408347A7050E
:101F4C0093E71700230DF7048347A705858BEDFF57
:101F5C000355C705520551818280B717004003C74E
:101F6C00E7020D8941111377C70F498F930680083B
:101F7C00F3B6068093F6860836C601000100930678
:101F8C0070052380D704930680FA2380D7040100C0
:101F9C0001002387E70223800704B247F3A70780D9
:101FAC00010001004101828041112A83014E930EF0
:101FBC00407E130F0019930F400663E56E129308D1
:101FCC00001913034006B3781503854E0D4FA14F2E
:101FDC00337365020D891335150063EFBE121308B8
:101FEC00F6FF794672984208135808013307C70266
:101FFC0013D61700BE0732976146B3F6C602130616
:10200C008070B386C6023697A166F58F42075D8F46
:10201C00B716004083C7F60293F70708A303F10035
:10202C000346710083C7F60293F70708E394C7FED3
:10203C0083477100B716004093F7F70F63880712B8
:10204C0093078008F3B7078093F787083EC4010015
:10205C000100B7170040930670052380D704930640
:10206C0080FA2380D7040100010023AA070383C64A
:10207C00170393E60608A388D70223800704A24718
:10208C00F3A70780010001001166B71700407D1609
:10209C00D45BC85F93854703A98EF18EF5FA93063E
:1020AC008008F3B6068093F6860836C60100010058
:1020BC00930670052380D704930680FA2380D704F7
:1020CC000100010098C103C7170313670704A38815
:1020DC00E70223800704B247F3A707800100010041
:1020EC00410182807D133368E3039308E016630E8D
:1020FC0008003368F3039308D0166308080093783C
:10210C00330093B818009388D81633081E01131E99
:10211C000801135E0E0155B56393E503054863860C
:10212C0008000148630303002A8871087298FD15A2
:10213C00131E0801C205135E0E01C18179BD13F88F
:10214C00150063F4BF007908D5B713381800E5BF44
:10215C0083C7F60293F70708A303F1000346710047
:10216C0083C7F60293F70708E394C7FE8347710011
:10217C0093F7F70FF1DFE9B531714AD966CB06DF7A
:10218C0022DD26DB4ED752D556D35AD15ECF62CD47
:10219C006AC96EC7AA8C02D8EF00501E2A89930711
:1021AC008008F3B7078093F787083EDA0100010037
:1021BC00B7170040130770052380E704130780FA54
:1021CC002380E7040100010003C7F7021377770FA0
:1021DC00A387E70203C7F70213678700A387E70209
:1021EC0023800704D257F3A707800100010005459F
:1021FC00AD33130780C13347E902116A93070AE82C
:10220C0093065002BD69930BA004814A014B130441
:10221C008008930470057D1AB347F9023307D7027F
:10222C003EC0FD873ECC938709A69309803E334779
:10223C00F7023AC27D873AC4334739038549B399CB
:10224C00990193D93940B306D702B30B7703B3C6C0
:10225C00F602B3CBFB0236C6FD8636C893D6FB41DD
:10226C0036CEB7460F00938606243349D9028566CD
:10227C00938606FAB3969601B389E9021307605563
:10228C003309D90293060010B389E9023349D90204
:10229C00B3C9F9029316390036CA37190040FD86C6
:1022AC0036D0930D090493D7F9413ED2F33604800E
:1022BC0093F6860836DC0100010093077005238035
:1022CC00FD00930680FA2380DD00010001008346A7
:1022DC00390593F6860FA309D9048346390593E68D
:1022EC001600A309D90423800D00E256F3A606803C
:1022FC0001000100130C80FA116DF336048093F683
:10230C00860836DE01000100930770052380FD006E
:10231C0023808D010100010083463905216693E677
:10232C000602A309D90483560905B3E6A6012318AE
:10233C00D90483560905D18E2318D90423800D00A6
:10234C00F256F3A60680010001008346390593F688
:10235C000602638B061803463905218A6DDE0818C0
:10236C00EF00D0057336048013768608B2C20100E4
:10237C00010023809D0023808D0101000100B7170F
:10238C00004003C637051376F60DA389C70403C6B0
:10239C00370513660602A389C7048356090521660F
:1023AC00B3E6A6012318D90483560905D18E231848
:1023BC00D90423800D009646F3A606800100010087
:1023CC008346390593F6060263870614834639055E
:1023DC00A18AEDFE97000020E78020CBAA8636D498
:1023EC0097000020E78060CAA256E30AD5FE835608
:1023FC0009054255B3E6A6012318D904EF00C07DA8
:10240C0083463905A18AEDDE035609058346290565
:10241C0082473376CA00B306DA0293D5F641B296F8
:10242C00B388F640E24733B8C6002E983308F8401C
:10243C00A247B3B616013308D84063C70701631D22
:10244C00F800924763FA1701C247634DF80E639583
:10245C000701B24763E8F80E894663E7660FF24658
:10246C009315180013D3F8015E8613951800B36505
:10247C00B30042D646D4EF50D17A3258050B137BB9
:10248C00FB0F6347000163120838A258638F0836AC
:10249C0013081500B336A800B69513D6F50132987B
:1024AC00B336C800AE9613581800FE06B3E6060104
:1024BC007336048013768608B2C6010001002380AF
:1024CC009D0023808D01010001000356C902B296C4
:1024DC00C206C1822316D90223800D00B646F3A68C
:1024EC0006800100010011BDF336048093F68608C6
:1024FC00B6C00100010023809D0023808D010100E6
:10250C0001008346390593E60602A309D90423800A
:10251C000D0086463DB5F336048093F68608B6C4A6
:10252C000100010023809D0023808D01010001002A
:10253C008346390593E60602A309D90423800D00CE
:10254C00A6469DBDE30D0BF0F336048093F686088A
:10255C00B6C801000100930680FA23809D002380F9
:10256C00DD00010001008346390593F5FC0F93F65D
:10257C00860FA309D90483463905CD8EA309D90446
:10258C0023800D00C646F3A606800100010013054A
:10259C0080FA03463905930639051D8A631496297A
:1025AC007336048013768608B2CC01000100130642
:1025BC0080FA23809D002380CD000100010003C61A
:1025CC0006001376F60D2380C60003C606001366BC
:1025DC0006022380C600835609051166D18E231886
:1025EC00D904835609052166D18E2318D90423807A
:1025FC000D00E646F3A6068001000100130680FAE2
:10260C008346390593F6060263880624834639050A
:10261C00130C3905A18AFDDA08184D23F336048012
:10262C0093F68608B6D001000100930680FA238049
:10263C009D002380DD000100010083460C00116623
:10264C0093F6F60D2300DC0083460C0093E606029D
:10265C002300DC0083560905D18E2318D904835638
:10266C0009052166D18E2318D90423800D008656C6
:10267C00F3A6068001000100130680FA8346390593
:10268C0093F606026385062083463905A18AEDFE82
:10269C0097000020E780609F2A8C97000020E7803D
:1026AC00C09EE30C85FF8356090511664255D18EF9
:1026BC002318D90415238346390513063905A18A35
:1026CC00FDDAF336048093F68608B6D401000100D7
:1026DC00930680FA23809D002380DD000100010019
:1026EC008346060093F6F60D2300D60023800D00DA
:1026FC00A656F3A606800100010083560905034681
:10270C002905D247B376DA003306CA021305800CCA
:10271C009355F6413696330DF6408257333CD6002E
:10272C002E9C3336A601330CFC40330CCC403308C2
:10273C00850392564E86B335A5033305A503C29582
:10274C00EF50314E63468001631E0C16630C0D1660
:10275C00130615003335A6002E959356F5013696C3
:10276C00B335D600AA959396F50105828585D18E51
:10277C006346B000639D051A638B061A0356C902A3
:10278C0015823305D6003336C500B2956348B000C8
:10279C00639105241306F00F637DA622894663F32B
:1027AC00561593078008F3B7078093F78708BED6B2
:1027BC000100010037170040930770052300F70450
:1027CC00930780FA2300F704010001008356C70227
:1027DC0089678117D58FC207C1832316F70223009F
:1027EC000704B657F3A7078001000100FA506A549A
:1027FC00DA544A59BA592A5A9A5A0A5BFA4B6A4C11
:10280C00DA4C4A4DBA4D296182801308F5FF3335F5
:10281C00A800FD152E951356F5013298B336C80055
:10282C00AA9651B1F336048093F68608B6CA010015
:10283C00010023809D002380AD0001000100834630
:10284C003905CD8EA309D90423800D00D646F3A6F5
:10285C0006800100010035BBF336048093F6860830
:10286C00B6CE0100010023809D002380CD00010025
:10287C0001008346390593E60602A309D904238097
:10288C000D00F646F3A606800100010095BBF33659
:10289C00048093F68608B6D20100010023809D00C7
:1028AC002380CD00010001008346390593E6060222
:1028BC00A309D90423800D009656F3A606800100C7
:1028CC0001006DBB9306F5FF33B5A600FD152E95E3
:1028DC009355F501AE96B3B5B600AA951396F501CE
:1028EC00858269B5F336048093F68608B6D8010064
:1028FC000100930680FA23809D002380DD000100F7
:10290C0001008356C9020566011693F6F60FD18EA7
:10291C00C206C1822316D90223800D00C656F3A627
:10292C00068001000100850A93FAFA0F41B233E6E2
:10293C00B60045C20356C9023305D0403338A00057
:10294C00B305B040B385054115826345B000D1E1B4
:10295C006371A608894663F0560593078008F3B7A0
:10296C00078093F78708BEDA01000100B717004013
:10297C00130770052380E704130780FA2380E7040C
:10298C000100010003D7C7027D8B2396E702238049
:10299C000704D65781BDF336048093F68608B6DC5F
:1029AC0001000100930680FA23809D002380DD0046
:1029BC00010001008356C9020566011693F6F60F55
:1029CC00D18EC206C1822316D90223800D00E65691
:1029DC00B9B793078008F3B7078093F78708BEDE73
:1029EC000100010037170040930770052300F7041E
:1029FC00930780FA2300F704010001000356C70275
:102A0C0093975600B297C207C1832316F70223008F
:102A1C000704F657C1BB914763EEB7021777010065
:102A2C001307477A8A05BA959C41BA978287B717DC
:102A3C00004003A7470B1345F5FF698F23AAE70A4C
:102A4C0003A7070B698F23A8E70A03A7070A798D49
:102A5C0023A0A70A8280B717004083A6470B134711
:102A6C00F5FFF98E23AAD70A83A6070B558D23A849
:102A7C00A70A83A6070A758F23A0E70A8280B717D7
:102A8C00004003A7470B498F23AAE70A03A7070BAC
:102A9C001345F5FF45BFB717004083A6470B1347F7
:102AAC00F5FF758F23AAE70A03A7070A598D4DB7BF
:102ABC00B717004003A7470B498FEDB7914763EE5B
:102ACC00B70217770100130727718A05BA959C4145
:102ADC00BA978287B717004003A7470D1345F5FF38
:102AEC00698F23AAE70C03A7070D698F23A8E70CAE
:102AFC0003A7070C798D23A0A70C8280B717004081
:102B0C0083A6470D1347F5FFF98E23AAD70C83A68E
:102B1C00070D558D23A8A70C83A6070C758F23A032
:102B2C00E70C8280B717004003A7470D498F23AAF3
:102B3C00E70C03A7070D1345F5FF45BFB71700407A
:102B4C0083A6470D1347F5FF758F23AAE70C03A740
:102B5C00070C598D4DB7B717004003A7470D498F88
:102B6C00EDB7B717004003D7A70109C5D98D239D31
:102B7C00B700828093C5F5FFF98DD5BFB71700401C
:102B8C008847420541819377050491EB9377F501D2
:102B9C003755E801130505803345F502828093779C
:102BAC00050C130700046397E7009377F50137458D
:102BBC009C1CCDB72165130505D0828037E700E05A
:102BCC001C435443A183E206D58F1CC1FD5723201F
:102BDC00F7182322F718828013178500B7E700E057
:102BEC0023A0E710618123A2A7108280B7F700E031
:102BFC008847CC478280814737370040A14663C461
:102C0C00C700328582800345B740E38EA6FE33852C
:102C1C00F5000345050085072304A740CDB79707AA
:102C2C000020938767629C43173700201307C74126
:102C3C003E95636EE500174700201307E79B63681A
:102C4C00A700170700202321A7603E858280FD572F
:102C5C00EDBF411122C406C62A840D372947B3079C
:102C6C00E502B2408D83B3D7870222449507B3D7D0
:102C7C00E70237370040C207C1832316F700410132
:102C8C008280716541111305052006C6D937B73707
:102C9C000040130770F82381E7000D47A381E7007C
:102CAC0013070004A380E70005472387E700B24021
:102CBC0041018280CC41411106C6328503C6150004
:102CCC0083C5050022064D8E42068D65418613880C
:102CDC0075A2630C0611634BC804138845A26300EC
:102CEC00060D634AC800938535A26301B60823908C
:102CFC00060029464DA0138855A26305060D938541
:102D0C0065A2E316B6FE8D451D4663E6E508114641
:102D1C00198E63F3C7003E86B7E704002390C60004
:102D2C00FC47979501009385E5F99DA0138895A222
:102D3C0063030611634E060D1388A5A263000613E8
:102D4C00938505A5E315B6FA99451D4663E5E5049B
:102D5C00198E63F3C7003E86B7E704002390C600C4
:102D6C00FC47970500209385A54E1DA09D451D464B
:102D7C0063E3E5022146198E63F3C7003E86B7E78D
:102D8C000400FC472390C600970500209385C54F8F
:102D9C00BA9582970146B240328541018280AD4599
:102DAC001D46E3EAE5FE3146198E63F3C7003E8605
:102DBC00B7E704002390C600FC4797750100938584
:102DCC00A544F9B7B1451D46E3E7E5FC3546198E38
:102DDC0063F3C7003E86B7E704002390C600FC47A8
:102DEC00977501009385454365B78D451D46E3E412
:102DFC00E5FA1146198E63F3C7003E86B7E7040067
:102E0C002390C600FC4797950100938565EC49B764
:102E1C008D451D46E3E1E5F81146198E63F3C700B5
:102E2C003E86B7E704002390C600FC479795010047
:102E3C009385C5EBB1BFA5451D46E3EEE5F42946E8
:102E4C00198E63F3C7003E86B7E704002390C600D3
:102E5C00FC47977501009385653A1DBFB5451D4626
:102E6C00E3EBE5F23946198E63F3C7003E86B7E70C
:102E7C0004002390C600FC47977501009385053725
:102E8C0001BFB7E7040003A307139706002093863E
:102E9C0026DE4146A54517050020130565D402839F
:102EAC002D4559EF03C5050009476317E50803A82D
:102EBC004500411106C60347180032850346080039
:102ECC0022074168518F930828FE6308170363E9B2
:102EDC00E8000518630307052390060029451DA883
:102EEC00130648FE630BC7021518E31707FF1546B8
:102EFC003E87637BF602154705A83E8691C30546BF
:102F0C00B7E70400FC472390C6004206CC4541823B
:102F1C0082970145B240410182801306700F3E87B3
:102F2C006374F6001307700FB7E704002390E600F4
:102F3C00FC4713160701D9BF239006000545828074
:102F4C008280416779176304E504411122C406C6E7
:102F5C0085472A84639FF500B7E704002285224445
:102F6C00B24003A38713970500209385A532410136
:102F7C00028389476399F500B7E7040083A7070B21
:102F8C008545829771D9B24022444101828082806A
:102F9C00797122D452CC2E842A8A9775010093859C
:102FAC00E529177501001305252B06D63AC626D23E
:102FBC004AD0B68432894ECEEF50F111A6851775E2
:102FCC0001001305652AEF5011112945EF50F1143A
:102FDC008347840093F70702F1E383490400894790
:102FEC00054532476396F908544083C7160083C6DB
:102FFC000600A207D58FC166138616FE638CC70226
:10300C008D16638FD7068D6693862690294563911E
:10301C00D706B7E70400A285225403A34714B25085
:10302C00F249A6864A86925402595285624A8547CD
:10303C00456102832D450DEF9307700F354563E90C
:10304C009702B7E70400FC4748441306700FCA8583
:10305C008297814997070020938787249C430145D9
:10306C0081CB9C4391C74E852686CA8582970145A4
:10307C00B250225492540259F249624A45618280FC
:10308C002D457DF7D5473545E3E497FEB7E70400BA
:10309C00FC4748445546CA8582976DBF2145C9BF38
:1030AC00411122C437E404008327841326C2AA8466
:1030BC00416506C6970500209385C51D7D15829731
:1030CC008327C40A170500001305E5E78588829756
:1030DC0095C0032304132244B24092449706002067
:1030EC009386C6CA4146C54517050020130505B988
:1030FC0041010283B2402244924401454101828045
:10310C0019C59707002023ADA718014582804545B6
:10311C00828011476368A70A977601009386C610D0
:10312C000A0536951841411106C63697AE87B28509
:10313C0002871307700F6145639DE700B7E7040032
:10314C00FC471306700F170500201305251D8297E9
:10315C000145B2404101828005476145E39BE7FE92
:10316C00B7E70400FC470546170500201305451278
:10317C00F9BF55476145E39EE7FCB7E70400FC4700
:10318C005546170500201305E528D1B71307700F16
:10319C006145E390E7FCB7E70400FC471306700FAA
:1031AC0017050020130585285DB715476145E39287
:1031BC00E7FAB7E70400FC4715461705002013058E
:1031CC00A50D71B709458280411126C2B7E40400F0
:1031DC0083A7C41322C44AC006C62E8497050020B8
:1031EC009385450B2A898297058905C59707002089
:1031FC009387C7A883D7A70BA28503A3440D2310DD
:10320C00F4002244B24092444A85024901464101ED
:10321C000283B240224492440249494541018280D2
:10322C0097070020238007089707002023AE070686
:10323C00B717004003A7070CB706C0FFFD16758F24
:10324C0023A0E70C03A7070DB7064000558F23A852
:10325C00E70C03A7070C3D9B23A0E70C03A7070D66
:10326C001367070123A8E70C8280B717004003A55A
:10327C00470C83A7470C598113451500C18B058951
:10328C0099E3136525009707002083C7A701638086
:10329C00A702970700202387A70011C997070020D2
:1032AC009387870003A307006303030002838280D4
:1032BC0011456FE07FEC411193962500AA852D45B1
:1032CC0006C697F0FF1FE780A01DB24001454101E3
:1032DC008280011122CC06CE3714004026CA4AC87F
:1032EC004EC652C483447405034AB405834984050D
:1032FC0003499405EFE01FC18347A40593F4F40F31
:10330C00137AFA0F93E71700230DF40493F9F90FCE
:10331C001379F90FB717004003C7A705058B6DFF8D
:10332C0003D5C705A38D4705238C3705A38C27052B
:10333C00A38B9704F2406244D2444249B249224AD8
:10334C000561828041119397050122C406C626C2ED
:10335C00C1872E8463DC0700B7E40400FC54829719
:10336C0019C1BC5482972165218D3DA093F715009E
:10337C0013C5150095E393F7250085C7FD35B7E711
:10338C000400BC4F1306000A8945170500200345AD
:10339C0025F2829713452400B24022449244410105
:1033AC0082809397250163D50702B7E4040083A7B5
:1033BC00C41E8297F53DBC4C37F60200130606E09E
:1033CC008965170500200345A5EE8297096569BF3D
:1033DC00939715010145E3D107FC177501001305FF
:1033EC0065EFEF500164B7E70400BC4F13060064AF
:1033FC009165170500200345A5EB82971165ADB7C4
:10340C002D71232A9110FD74E98C232C8110232813
:10341C002111232631112A84AE893289930600109A
:10342C000A86A6852D45232E111097F0FF1FE780E5
:10343C00200713154401B7E70400FC4751810A0526
:10344C0013962900CA850A958297A685856601463A
:10345C00254597F0FF1FE780A0040A86A6859306F2
:10346C000010294597F0FF1FE78080038320C111CE
:10347C000324811183244111032901118329C110D3
:10348C0015618280B7F7070003C70701411106C613
:10349C0022C426C24AC0A547631AF7009537B2402A
:1034AC002244924402490145410182801394250033
:1034BC00AA843289A286AA850146254597F0FF1F6A
:1034CC00E78000FEA2864A86A685294597F0FF1F55
:1034DC00E78000FDE9B71D71A2CC37E404005C5C09
:1034EC00485886CE494697750100938525DA829710
:1034FC0001E9177501001305A5DAEF50815201A0FF
:10350C00B7F600E0795798CAFD57DCCA0567B7E7EC
:10351C0000E023A0E7101306F00290C223A0E718E6
:10352C0001000100370700201847130600048145ED
:10353C009706002023ACE6D64157A38AE7403C44CB
:10354C000808829797170020938707D73EC885678E
:10355C0013870760231AE1001D673ACC3707010572
:10356C00130707103ACE9387B7D31307B00F231066
:10357C00E1022312F102054797F7FFFF9387476794
:10358C002301E1023ED817070000130707D3970762
:10359C000000938747D4B7F50700BAC23EDC170783
:1035AC000000130767EE970700009387A7D08146AA
:1035BC003000E1051945BAC43EDE97F0FF1FE780E5
:1035CC0020EE18088147994630003E9603460600C7
:1035DC0085070507A30BC700E398D7FEC24791C721
:1035EC000357410185676373F70001A0B7E7040037
:1035FC0083A7470A08088297AA8501C91775010095
:10360C00130545CBEF50212D01A0F64066442561F2
:10361C008280411126C2B7E4040083A7040806C6C1
:10362C0022C417050000130525D282971704002029
:10363C00130404C82300A4003128DD36034504001C
:10364C00224403A38405B2409244130600328965D8
:10365C0041010283797106D622D413078008F3370F
:10366C00078093F787083EC201000100B71700409E
:10367C00930570052380B704130680FA2380C704D2
:10368C000100010083C6F70293F6A60FA387D702A9
:10369C00238007049246F3A60680010001007337CD
:1036AC000780137787083AC4010001002380B70410
:1036BC002380C7040100010003C7F702136727002A
:1036CC00A387E70223800704A247F3A70780010022
:1036DC0001000545EFE07F88E13E014781468147C7
:1036EC00054685451305407EEFE01F8C37E404004A
:1036FC003C446800514681458297B707C0A83EC834
:10370C00B787E803938707D03ECA97F7FF1F9387C5
:10371C0047C93EC67C5868008297B2502254456116
:10372C0082804111977501009385C526177501009C
:10373C00130585B206C6EF50011A17750100130563
:10374C00253EEF504119B240294541016F50E11C13
:10375C0041119775010093852525177501001305F7
:10376C00A5AF06C6EF502117177501001305053AD2
:10377C00EF506116B240294541016F50011A4111B9
:10378C0022C406C6834705002A849DC39775010091
:10379C009385452717750100130505ACEF50A11350
:1037AC004C40177501001305E54BEF50C1121DA0DD
:1037BC0058411DE7977501009385C52417750100C5
:1037CC00130585A9EF502111177501001305054B41
:1037DC00EF5061102244B240294541016F50E11372
:1037EC00A1679386D7036311D70297750100938560
:1037FC00652117750100130525A6EF50C10D17752E
:10380C0001001305A548E9B7ED07977501009385ED
:10381C00651F17750100130525A46319F700EF50F8
:10382C00810B177501001305A5475DB7EF50A10A71
:10383C004C40177501001305A54885BF41119775BC
:10384C0001009385A517177501001305E5A006C6A1
:10385C00EF506108B240294541016F50010C79715C
:10386C0022D426D24AD02E842A898145B28448009B
:10387C00714606D6EFE0EFC897F7FF1F9387877066
:10388C00DC4783D70700231421012313F100EF2019
:10389C00204D8947A305F100930700193EC6FD573B
:1038AC002305A100230AF100EF20C05D2686A28526
:1038BC004800EF20C04DB250225492540259456139
:1038CC008280411106C603C7C1129307F00A631B1D
:1038DC00F7009307F00889451385C1122396F1125E
:1038EC00EF20B06FEF306022814537050400970759
:1038FC00002023A3079E97070020239C079C970773
:10390C0000202389079C970700202392079C970788
:10391C000020239D079A97070020239B079A97075F
:10392C000020239D079AEF2020050145EF308014DD
:10393C00977501009385050B177501001305C5914B
:10394C00EF407179177501001305C53DEF40B17853
:10395C00B240294541016F40517C411122C406C639
:10396C0026C293F715002E84638D070C814617F63B
:10397C00FF1F1306A65E8545170500200355C59449
:10398C00EF80205D05C59775010093856506177559
:10399C0001001305658CEF401174177501001305B8
:1039AC00E5A1EF4051732945EF4031779775010040
:1039BC0093850504177501001305058AEF40B17155
:1039CC00177501001305C5A0EF40F1702945EF40B4
:1039DC00D17417F5FF1F1305E55A5C450547239075
:1039EC00E700EFE0706D9775010093856500177522
:1039FC00010013056586EF40116E17750100130564
:103A0C00659EEF40516D2945EF403171930710F8D9
:103A1C002386F1129707002083D7C78AA386F11259
:103A2C001385C112A18391452387F112A38701123B
:103A3C00EF20B05A13451400B24022449244410185
:103A4C00828093F72500D1CB170700200357678896
:103A5C0051C39706002093862688944297770100DD
:103A6C009387472E170600200346C686814513858B
:103A7C00412AEF40405BAA8431CD977501009385B4
:103A8C00E5FD176501001305257DEF40D164A68582
:103A9C001775010013058596EF40F1632945EF403A
:103AAC00D1679707002023960782930710F8238687
:103ABC00F1129707002083D7E780A386F112A18328
:103ACC002387F11291458D471385C112A387F112FB
:103ADC00EF20B0501345240085B793F74500B1CFC4
:103AEC0097750100938585F7176501001305C57659
:103AFC00EF40715E1775010013050592EF40B15D43
:103B0C002945EF409161930720F82386F11297F72E
:103B1C00FF1F83D7C77BA386F112A1832387F112E2
:103B2C008547A387F112EF20E0351385C11291452B
:103B3C00EF20B04A1345440001B793F785008DCFB1
:103B4C0097750100938585F1176501001305C57004
:103B5C00EF407158177501001305458DEF40B157B3
:103B6C002945EF40915B97F7FF1F23940776EF40B1
:103B7C00605813458400C9B593F70501A5C3854565
:103B8C0017F5FF1F0355A574EF003122977501003F
:103B9C009385C5EC176501001305056CEF40B15317
:103BAC00177501001305C589EF40F1522945EF4007
:103BBC00D156930730F82386F11297F7FF1F83D75E
:103BCC000771A386F1121385C112A1838D4523873A
:103BDC00F112EF20904013450401B9BD93F7050293
:103BEC00B5C397750100938565E71765010013054B
:103BFC00A566EF40514E177501001305A586EF40E1
:103C0C00914D2945EF407151930740F82386F112ED
:103C1C0097F7FF1F83D7876BA386F112A1832387A6
:103C2C00F1128547A387F11297F7FF1F2390076ABC
:103C3C00EF2040251385C1129145EF20103A134512
:103C4C000402DDBB93F70504CDC79775010093857E
:103C5C00E5E01765010013052560EF40D1471775A6
:103C6C0001001305A581EF4011472945EF40F14AAA
:103C7C0083C7C1121307700A6388E7041307800A0D
:103C8C006386E7061307600A6397E702930760F8F9
:103C9C002386F11297F7FF1F83D78763A386F11250
:103CAC00A1832387F1128547A38BF112B1451385AC
:103CBC00C112EF209032EF20E01C1345040497F75B
:103CCC00FF1F239707608DBB930770F82386F112B3
:103CDC0097F7FF1F83D7C75FA386F112A1832387B2
:103CEC00F1128547A388F1129945D1B7930780F853
:103CFC00F1BF93F705080145E38007D497750100E0
:103D0C009385C5D51765010013050555EF40B13CEA
:103D1C001765010013050578EF40F13B2945EF408D
:103D2C00D13F9307A0F82386F11297F7FF1F83D793
:103D3C00E75AA386F112A1832387F1128547A38743
:103D4C00F11297F7FF1F239B0758EF20A013138541
:103D5C00C1129145EF20702813450408F1B94111A7
:103D6C0022C497750100938525CB2A841765010021
:103D7C001305854E06C6EF4011364C4017750100F1
:103D8C001305C5EBEF4031352945EF401139034799
:103D9C0004009307F00F6319F702977501009385E0
:103DAC00A5C7176501001305254BEF40D1324C40D8
:103DBC0017750100130585E9EF40F1312244B2403B
:103DCC00294541016F407135B24022444101828046
:103DDC0085CD411122C4176501001305E5472E84DA
:103DEC0097750100938545BE06C6EF40D12EA2857E
:103DFC00177501001305C5F0EF40F12D2244B240B8
:103E0C00294541016F4071318280411122C426C283
:103E1C002A84AE84176501001305054497750100CB
:103E2C00938545BB06C6EF40112B17750100130592
:103E3C00E5EDEF40512A2945EF40312E97750100F1
:103E4C00938545B997F7FF1F2390874817650100A5
:103E5C0013058540054497F7FF1F2395974697F761
:103E6C00FF1F2392874697F7FF1F239D9746EF402E
:103E7C00912697F5FF1F83D5E546177501001305AD
:103E8C0065E9EF4051252945EF403129054597F764
:103E9C00FF1F23878744EF20F03D97F7FF1F938781
:103EAC00670EDC4703D70700C167FD176312F702E3
:103EBC002244B7E70400B240924403A3870517F5E8
:103ECC00FF1F0345653F1306000A85454101028328
:103EDC00B2402244924441018280011122CC37E449
:103EEC0004005C5C06CE26CA3546977501009385A6
:103EFC0065C4177501001305E542829701E9176542
:103F0C0001001305E539EF40D13101A097F7FF1FF0
:103F1C00938747613EC4B7F507008567938707C051
:103F2C00814617F6FF1F13066639E10519453EC693
:103F3C0097E0FF1FE780C0567C44194697F5FF1F9A
:103F4C009385C537138581238297340017F6FF1F9D
:103F5C001306C63697750100938585F11775010018
:103F6C00130585F2EF30B064AA8415C9977501006A
:103F7C009385C5AD176501001305052EEF40B115EE
:103F8C00A685177501001305E5BBEF40D114294533
:103F9C00EF40B118F2406244D24405618280EF9048
:103FAC00907B177501001305E5B0EF20F07FEF60F3
:103FBC00D069EF00510817F5FF1F130565F9EF00E5
:103FCC002175177501001305E5AFEF009108AA8460
:103FDC00EF30805AEFC0A02DEF20F127EF40A076F4
:103FEC00EF30D039EFE0900A97750100938505A664
:103FFC00176501001305452689C8EF40D10DA6852C
:10400C0017750100130545B649B7EF40D10C17756C
:10401C0001001305A5B7EF40110C2945EF40F10F36
:10402C00EFE0206DEFB060175DC9854537050400E2
:10403C00EF10901497750100938545A11765010049
:10404C0013058521EF40310917750100130585B55E
:10405C00EF4071082945EF40510C97F7FF1F83C7BC
:10406C001728B9EFA3030100832744171306710027
:10407C008545130550308297977501009385059DF2
:10408C00176501001305451DEF40F104177501007C
:10409C00130585B3EF4031042945EF40110897759E
:1040AC0001009385A59A176501001305E51AEF40E9
:1040BC00910217750100130525B7EF40D101C1BD61
:1040CC009775010093858598176501001305C51830
:1040DC00EF40710017750100130585B265BF977528
:1040EC0001009385A596176501001305E516EF40B1
:1040FC00817E177501001305E5C2EF40C17D29458E
:10410C00EF40B1010145EF20F01651BF411122C41F
:10411C0037E404008327041A06C682978327040811
:10412C00170500001305A583829797F7FF1F2385BA
:10413C00A71817F5FF1F1305E5E4EF208001713B6D
:10414C002244B24041016F20A044411122C4914647
:10415C002A84138601219D652D4506C697E0FF1F15
:10416C00E7800034B7F7070003C70701A5476313BF
:10417C00F70001A09306001001469D65254597E0C8
:10418C00FF1FE780E031238881202244B240914612
:10419C00138601219D652945410117E3FF1F670027
:1041AC002330B7E704001171FC47CED79389C112B5
:1041BC00A2DDCAD986DFA6DB2E8432892E86AA859B
:1041CC004E85829783C70900130780029387E70700
:1041DC0093F7F70F6364F774176701001307C70FA2
:1041EC008A07BA979C43BA9782878D4797750100C7
:1041FC00938505881765010013050506630BF4000C
:10420C00EF40616D1765010013054545EF40A16C4A
:10421C00FDA2EF40416C176501001305A545EF4069
:10422C00816B2945EF40616F930720F81146938508
:10423C00C1124A852386F112A3870112EFF02FE2F7
:10424C002A840DC597750100938585821765010039
:10425C0013058500EF402168A28517650100130541
:10426C002545EF4041672945EF40216B97750100CB
:10427C009385058017650100130505FEEF40A165C8
:10428C001765010013050544EF40E1642945EF4033
:10429C00C1684165930730FA05469385C1127D15B7
:1042AC002386F112EFF0AFDB2A840DC59765010070
:1042BC009385057C17650100130505FAEF40A16194
:1042CC00A285176501001305A53EEF40C160294585
:1042DC00EF40A164B7E70400BC4F0566130606C89F
:1042EC00A14517F5FF1F034525FD8297FE506E541F
:1042FC00DE544E59BE591161828091476301F4021C
:10430C00976501009385C576176501001305C5F403
:10431C00EF40615C176501001305053EC5BDB7E7AD
:10432C000400FC4F914517F5FF1F0345E5F88297F4
:10433C00976501009385C573176501001305C5F1D9
:10434C00EF406159176501001305C53CEF40A158BA
:10435C002945EF40815CEF10F0329145E1A2854791
:10436C006301F40297650100938585701765010060
:10437C00130585EEEF402156176501001305053B2B
:10438C0071B597F7FF1F239427F5B7E7040005666F
:10439C00BC4F130606C8C145A9B78D476301F4028B
:1043AC00976501009385C56C176501001305C5EA77
:1043BC00EF406152176501001305053981BD930764
:1043CC0040F811469385C1124A852386F112A387C2
:1043DC000112EFF0CFC82A84E30A05F097650100BB
:1043EC009385056917650100130505E7EF40A14E9C
:1043FC00A285176501001305A52BEF40C14D29457A
:10440C00EF40A151E5B59147E31CF4F8B7E7040080
:10441C00FC4F9305000217F5FF1F0345E5E9829752
:10442C00976501009385C564176501001305C5E206
:10443C00EF40614A176501001305853201BF8947BA
:10444C0063E187029765010093858562176501001A
:10445C00130585E0EF4021481765010013058531F0
:10446C0075B383C4E11283C7D1129765010093859C
:10447C002560A20417650100130505DEDD8CEF40F5
:10448C008145A2851765010013050530EF40A14455
:10449C00C2042945EF406148C1849305D4FF93962B
:1044AC000401C1824A8693F5F50F1385F112EF10C2
:1044BC002050E35D90E2930750F82386F11283C7F6
:1044CC00390022869385C11285074A85A387F1128C
:1044DC00EFF0EFB82A84E30B05E0976501009385B4
:1044EC00255917650100130525D7EF40C13EA2855C
:1044FC00176501001305C57F09B7894763E187027A
:10450C00976501009385C556176501001305C5D441
:10451C00EF40613C176501001305C528C5B9EF10C4
:10452C007016A2851385C112EF20202BC1B38D47C5
:10453C006301F402976501009385855317650100AB
:10454C00130585D1EF402139176501001305452767
:10455C0075B9B76602000146B7750200054597E0CC
:10456C00FF1FE780E0F3930760F82386F112A3871F
:10457C0001129307002623A8F112E57793870721F0
:10458C00239AF1123146A38BA1129385C1124A854D
:10459C00238B0112EFF0AFAC2A84E30905D49765A5
:1045AC0001009385E54C176501001305E5CAEF4042
:1045BC008132A28517650100130505223DBDB14767
:1045CC006301F402976501009385854A1765010024
:1045DC00130585C8EF4021301765010013058521AF
:1045EC0035B1B7E70400FC4F9305000417F5FF1F26
:1045FC00034585CC8297EF10F008B14525B791475C
:10460C0063E1870297650100938585461765010074
:10461C00130585C4EF40212C176501001305451FB8
:10462C00F5B683C4011383C7F112A204DD8C8E048A
:10463C00B76702006D14BE942286A685176501002B
:10464C001305451EEF402129B7E70400FC472286DD
:10465C00938511132800829793160401C1823000B0
:10466C00A685094597E0FF1FE78080E32A8419C5DA
:10467C00176501001305C51CEF40A13A930770F8AC
:10468C0019469385C1124A852386F112A38881129B
:10469C00EFF0EF9C2A84E30B05C49765010093852A
:1046AC00253D17650100130525BBEF40C122A285EE
:1046BC00176501001305C51989B399476301F410F7
:1046CC00976501009385C53A176501001305C5B8B8
:1046DC00EF406120176501001305051905BE9147D0
:1046EC0063E18702976501009385853817650100A2
:1046FC00130585B6EF40211E1765010013054518FB
:10470C0031B683C4011383C7F112A204DD8C8E046D
:10471C00B76702006D14BE942286A685176501004A
:10472C0013054517EF40211BB7E70400FC47228611
:10473C00938511132800829793160401C1823000CF
:10474C00A6850D4597E0FF1FE78080D52A8419C503
:10475C00176501001305C515EF40A12C930780F8D0
:10476C0019469385C1124A852386F112A3888112BA
:10477C00EFF0EF8E2A84E30B05B697650100938565
:10478C00252F17650100130525ADEF40C114A28537
:10479C0017650100130505138DB199476301F402E8
:1047AC00976501009385C52C176501001305C5AAF3
:1047BC00EF406112176501001305451281BCB7E784
:1047CC000400FC4F9305000417F5FF1F0345C5AE0D
:1047DC008297EF10206B9945B1B38D476301F402BA
:1047EC00976501009385C528176501001305C5A6BB
:1047FC00EF40610E176501001305C50F01BC17656D
:10480C00010013052510EF40C1210145EFE00FBB5E
:10481C000D45EFF09F93294597E0FF1FE780E0B02F
:10482C0097E0FF1FE78000A2D1B499476301F4021F
:10483C00976501009385C523176501001305C5A174
:10484C00EF406109176501001305850CC1B203C760
:10485C00111383C7011322075D8F9166BA96C206A6
:10486C001166C1821306F6EF8D476363D60297E794
:10487C00FF1F938727719C4B03C6F1129386C700C9
:10488C0039C603D607005DCA8907E39CD7FE894762
:10489C001307A0F811469385C1124A852386E112AD
:1048AC00A387F112EFE0BFFB2A84E30105A497650F
:1048BC0001009385E51B176501001305E599EF4091
:1048CC008101A285176501001305C5053DB603D608
:1048DC0007006302E60A8907E39BF6FE8D474DBF8E
:1048EC0091476302F402976501009385651817657B
:1048FC00010013056596EF30117E17650100130555
:10490C00E5036FF0BF90B7E70400FC4F9305000878
:10491C0017F5FF1F0345459A829735BC9765010033
:10492C00938505151765010013050593EF30B17AD2
:10493C0017650100130505026FF05F8D2390E700EA
:10494C0017E5FF1F13050564EFD0B07897650100DC
:10495C00938505121765010013050590EF30B177AB
:10496C001765010013050500EF30F1762945EF308E
:10497C00D17A814731BF2390070017E5FF1F13053C
:10498C006560EFD01075976501009385650E17650E
:10499C0001001305658CEF301174176501001305C8
:1049AC00E5FDD9B7411122C406C6834705002A8408
:1049BC009DC3976501009385650717650100130575
:1049CC00A589EF3051714C401765010013058538EE
:1049DC00EF30717079A85841B707CF009387777D76
:1049EC00631CF70497650100938545041765010066
:1049FC0013058586EF30316E1C448356E4008355D5
:104A0C00C40003C607001765010013052536EF30F7
:104A1C00916C2945EF3071700356E40097F7FF1F36
:104A2C0083D7478C6383C7088355C400084422444A
:104A3C00B24041016FF0EFF6B707CC009387777D5A
:104A4C00631FF70297650100938545FE176501000A
:104A5C0013058580EF3031681C448356E400835580
:104A6C00C40003C607001765010013052530EF309D
:104A7C0091662244B240294541016F30116AB70753
:104A8C00CE009387777D6302F702976501009385CB
:104A9C00E5F9175501001305257CEF30D1634C4027
:104AAC00176501001305C52125B7B2402244410109
:104ABC008280B7E704004111FC4726C29384C112DF
:104ACC002E8606C622C42E84AA85268582979765D3
:104ADC0001009385A5FB175501001305E577EF3011
:104AEC00915F83C5C112176501001305259CEF303A
:104AFC00915E2945EF30716283C704003D4793876F
:104B0C00070693F7F70F6360F76217670100130747
:104B1C00E7868A07BA979C43BA9782879D476303B7
:104B2C00F40297650100938565F61755010013058E
:104B3C00A572EF30515A176501001305A597EF3098
:104B4C0091595DAA83C7D112A5CF83D7011303D77F
:104B5C00E112C207D98F17E7FF1F232FF77683C700
:104B6C00640097650100938565F2175501001305E4
:104B7C00A56E17E7FF1F230FF774EF30D15597E79A
:104B8C00FF1F938767758C4317E6FF1F03468674D8
:104B9C00176501001305C593EF30F1532945EF302C
:104BAC00D157A38601122244B2409244930700F8D5
:104BBC002386F1129D451385C11241016F10F041FE
:104BCC00EF30E05E2397A112935705012A842388C6
:104BDC00F112935785010145A388F112EF30E05D86
:104BEC002389A11297650100938545EA17550100A9
:104BFC0013058566EF30314E03C62113A285176568
:104C0C0001001305658E49BFCD476301F40297651A
:104C1C0001009385A5E7175501001305E563EF30F7
:104C2C00914B176501001305A58D11BF37E40400E6
:104C3C007C4441469385D1121385412A829783C7C0
:104C4C00E11303C7D113A20703238405D98F17E7F8
:104C5C00FF1F2310F7681306000A89452244B2404F
:104C6C00924417E5FF1F03452565410102838D47DB
:104C7C006301F40297650100938545E11755010026
:104C8C001305855DEF303145176501001305059D52
:104C9C007DB503C4E11283C7D112976501009385DA
:104CAC00E5DE2204175501001305055B5D8CEF3022
:104CBC009142A2851765010013050586EF30B141BD
:104CCC002945EF3091450D469385C1122285EFE0C1
:104CDC001FB9AA840DC997650100938525DB17556B
:104CEC00010013056557EF30113FA68517650100CC
:104CFC001305C583EF30313E2244B240924429451E
:104D0C0041016F30914197E7FF1F2392875CB7E712
:104D1C000400116603A38705130606E891453DBF01
:104D2C008D476301F40297650100938525D61755CD
:104D3C00010013056552EF30113A17650100130598
:104D4C00A5A0F5BB03C4E11283C7D112976501007E
:104D5C009385C5D32204175501001305E54F5D8CCF
:104D6C00EF307137A285175501001305657DEF30C3
:104D7C0091362945EF30713A0D469385C112228543
:104D8C00EFE0FFADAA840DC197650100938505D0B6
:104D9C00175501001305454CEF30F133A685175517
:104DAC0001001305257BB9B797E7FF1F23908752A6
:104DBC00B7E70400116603A38705130606E89305FD
:104DCC00000269BD894763E18702976501009385FD
:104DDC00E5CB1755010013052548EF30D12F17658A
:104DEC00010013052599A1BB83C4E11283C7D1121D
:104DFC0097650100938585C9A20417550100130519
:104E0C00A545DD8CEF30312DA68517550100130516
:104E1C00E575EF30512C2945EF30313022869385E2
:104E2C00C1122685EFE0BFA32A84630D0530976578
:104E3C0001009385A5C5175501001305E541EF3019
:104E4C009129A285175501001305857365B58D470A
:104E5C006301F40297650100938545C31755010062
:104E6C001305853FEF303127176501001305459574
:104E7C00F9B103C4E11283C7D11297650100938580
:104E8C00E5C02204175501001305053D5D8CEF307C
:104E9C009124A285175501001305C56FEF30B1237E
:104EAC002945EF3091270D469385C1122285EFE0FD
:104EBC001F9BAA840DC197650100938525BD1755CD
:104ECC00010013056539EF301121A6851755010036
:104EDC001305856D05B597E7FF1F239B873EB7E745
:104EEC000400116603A38705130606E89305000466
:104EFC00B5B3914797650100938545B917550100E6
:104F0C001305853563E98700EF30F11C1765010047
:104F1C00130505902DB1EF30111CA285175501001A
:104F2C001305056AEF30311B2945EF30111F83C47F
:104F3C00E11283C7D112A204DD8C22869385C112A3
:104F4C002685EFE0DF912A8449C19765010093859E
:104F5C00E5B31755010013052530EF30D117A285A5
:104F6C00175501001305056771B3914763E187027B
:104F7C0097650100938585B1175501001305C52D63
:104F8C00EF307115176501001305858F4DBE83C475
:104F9C00E11283C7D112A204DD8C22869385C11243
:104FAC002685EFE0DF8B2A840DC197650100938580
:104FBC00E5AD175501001305252AEF30D111A28557
:104FCC00175501001305456235B397E7FF1F239171
:104FDC00973031B78D476301F402976501009385D3
:104FEC00E5AA1755010013052527EF30D10E1765DB
:104FFC00010013052590A1B683C7E112A20703C5D2
:10500C00D1120D469385C1125D8DEFE05F852A8428
:10501C00630A051297650100938545A71755010092
:10502C0013058523EF30310BA285175501001305AD
:10503C00E55CC9B199476301F4029765010093855A
:10504C00E5A41755010013052521EF30D10817658C
:10505C0001001305E58BE5B403C4E11283C7D1123B
:10506C0097650100938585A222041755010013054D
:10507C00A51E5D8CEF303106A28517550100130576
:10508C00E558EF3051052945EF3031091946938524
:10509C00C1122285EFE0AFFCAA840DC19765010017
:1050AC009385C59E175501001305051BEF30B10202
:1050BC00A68517550100130565562DB997E7FF1FF7
:1050CC00239E8720B7E70400116603A38705130608
:1050DC0006E89305000859B6854797650100938546
:1050EC00E59A17550100130525176309F400EF30F5
:1050FC00817E175501001305A55391B4EF30A17DA6
:10510C001755010013054554EF30E17C2945EF306C
:10511C00D1002244B240924497E7FF1F239B071A09
:10512C0041016F20307D97650100938525961755B9
:10513C00010013056512EF30017A176501001305A4
:10514C006581F5BAB24022449244410182804111FA
:10515C0006C622C4EFE0AFF09377F50F95CB2A8407
:10516C009765010093850594175501001305C50E2D
:10517C00EF3061769375F40F17650100130545B791
:10518C00EF3061752244B240294541016F30E1781E
:10519C00B2402244410182801D71A6CA86CEA2CCA7
:1051AC00CAC893F71500AE8495CBAD67371700408E
:1051BC009387A7AA1CC3B7E70400BC4F13060019BA
:1051CC00854517E5FF1F0345850A829713C5140013
:1051DC00F6406644D64446492561828093F78500A3
:1051EC0063870722856617E7FF1F1307271017E64B
:1051FC00FF1F130626108147938686898355070067
:10520C0063F5B600850793F7F70F0907E318C7FE98
:10521C0063830718854717E7FF1F2304F70C97E7ED
:10522C00FF1F83C7470C850717E7FF1F230DF70ADE
:10523C0097E7FF1F83C7370B850793F7F70F17E720
:10524C00FF1FA302F70A0D47636CF7140146B767FB
:10525C000E02938757CC3EC685472308F10097E78B
:10526C00FF1F83D72708A308F100A1832309F100AE
:10527C0097E7FF1F83D78707A309F100A183230AB0
:10528C00F10097E7FF1F83D78706A30AF100A183DC
:10529C00230BF10097E7FF1F83D78705A30BF100C2
:1052AC00A183230CF10097E7FF1F83D78704A30C7E
:1052BC00F100A183230DF10097E7FF1F938767028D
:1052CC0083C7070017E7FF1F03470702E975A30D04
:1052DC00F100C167230EE100FD17814685054548A5
:1052EC006800369503450500A98F214593F81700F2
:1052FC00858363850800AD8FC207C1837D157DF55D
:10530C008506E39F06FDA30EF100A183230FF10098
:10531C0019CA05074D466C001305201097E7FF1FAF
:10532C002384E7FC2D3597E7FF1F83C747FBA1C3F9
:10533C009305000317E8FF1F0358A8FB97E7FF1F0F
:10534C0083D707FB17E7FF1F035767FA97E6FF1F83
:10535C0083D6C6F917660100130686A70810EF302E
:10536C00017693150501C1810810EF100047EF304D
:10537C00416C130650063366C502B7E70400BC4FF8
:10538C00A14517E5FF1F034585EE1306E62E829710
:10539C0013C5840035BD97E7FF1F238407F449BD6F
:1053AC0097E7FF1F83C727F4B337F00017E7FF1FFA
:1053BC002309F7F217E7FF1F230707F217E7FF1F71
:1053CC00A30307F217E7FF1F034787F1E30007E882
:1053DC0017E7FF1F0347B7E9630CF70017E7FF1F39
:1053EC00A307F7E897E7FF1FA38007F0054685B5ED
:1053FC0097E7FF1F83C757EF850793F7F70F094709
:10540C00E362F7FE17E7FF1FA300F7EE81B593F7F2
:10541C00250063810710170400200344E449970713
:10542C00002083C7774922045D8CB1679387C755E9
:10543C00631AF40497E7FF1F83C787EA8DCF170918
:10544C0000200349A9479707002083C71747220963
:10545C00176501001305C5983369F900EF30A147B2
:10546C0017E6FF1F0346D6E7970500209385C54432
:10547C004A85F1393DA0176501001305E596EF301B
:10548C00415A05A0B5679387D755631AF40297E57F
:10549C00FF1F83C5F5E4170500201305E541EF1048
:1054AC00C033A2851765010013050597EF30A142A3
:1054BC0013C5240097E7FF1FA38407E211BBAD6758
:1054CC009387B7556313F4029707002083C7173FE0
:1054DC00A2079705002083C5653EDD8D1765010089
:1054EC0013054591EF30213F6DBFA9679387A755F1
:1054FC006317F400176501001305059149B7416561
:10550C0017E6FF1F0346D6DD970500209385C53AA5
:10551C007D1585B793F745000145E38B07CA1765E1
:10552C0001001305A590EF30C14FEF10C05F13C5FC
:10553C00440079B9411122C437E404005C5C06C60E
:10554C003546975501009385E55E176501001305F7
:10555C0065DD829701E9176501001305E58FEF30D2
:10556C00414C01A08327041C82972A840545EF80B7
:10557C00F01DEF109111EF10C16FEF70705222857A
:10558C00B2402244410182801567B71700401307CF
:10559C00575598C3D8439D66558FD8C3D843FD76CD
:1055AC00758FD8C3D8431367F70FD8C33567130764
:1055BC00C7CC98C38280B7C7A55A01119387C7334C
:1055CC003EC497E7FF1F83C797D13EC6B7F70700C6
:1055DC0003C7070106CE22CCA5476313F70001A031
:1055EC001164930504F0930600100146254597D0ED
:1055FC00FF1FE780E0EA3000930504F0A14629453F
:10560C0097D0FF1FE780C0E997E5FF1F83C535CD15
:10561C001765010013054582EF30E12BF24062441F
:10562C000561828001119165A1463000938505F0DA
:10563C002D4506CE97D0FF1FE78080E62247B7C7DF
:10564C00A55A9387C7336312F702B2451755010069
:10565C001305C573B335B00097E7FF1FA381B7C817
:10566C00EF306127F24005618280854785451755EB
:10567C0001001305E57317E7FF1FA302F7C6EF3010
:10568C008125153FC5B741111305800406C622C4F8
:10569C0026C297D0FF1FE780C0A085457D55EFD06F
:1056AC008FB785457D55EFD06FC1371400408327E8
:1056BC00840C8D451305000893E707082324F40C8C
:1056CC00EFD0CFBFEFD0EFDBEFD0FFE0EFD07FF428
:1056DC009535893FEFE09FA38D450D65EFD00FBE4B
:1056EC00170500201305452D85671CC59304840CF4
:1056FC0089671304C40C04C140C144C500C95CC90A
:10570C0037E404008327841E97E4FF1F938424B698
:10571C008297FD2A0D2C832704081705000013051A
:10572C00E5A782972380A4003C4C130600648545B2
:10573C0082973C4C03C5040013060032A1458297A6
:10574C00A13597D0FF1FE780E0C801458280B7F7ED
:10575C00070003C70701A547AE866316F7009397AA
:10576C00450191C301A0AA850146254517D3FF1F0A
:10577C00670003D34111B2862E86AA852D4506C635
:10578C0097D0FF1FE780C0D1B24001454101828014
:10579C009307000463E6C7021D71A2CC2A84080893
:1057AC0086CE32C6EF30C107B2461008A285294515
:1057BC0097D0FF1FE780C0CEF640664425618280FB
:1057CC0039558280411122C426C206C6B717004043
:1057DC003147AA84238CE704014405041374F40FA5
:1057EC00EFC08FF5E39B84FEB2402244924441010A
:1057FC008280B717004003A7C70CA166558F23A65C
:10580C00E70C1377150015C303A7870C8966558F12
:10581C0023A4E70C09893717004019CD8327870C7F
:10582C009166D58F2324F70C828003A7C70C896659
:10583C00558F23A6E70CF9BF8327C70C9166D58F2C
:10584C002326F70C8280371700408327C70CA166EC
:10585C00D58F2326F70C8280411122C406C626C29E
:10586C0093F725002E84ADCF094597E4FF1F83C421
:10587C0064A8893FB71700403147238CE704EFC079
:10588C00AFEB860497E7FF1F938747A6A697239055
:10589C00A70017E5FF1F0345E5A505051375F50FD3
:1058AC0097E7FF1F2388A7A48D4763E4A7029137CE
:1058BC00B7E70400BC4F0946894517E5FF1F0345B0
:1058CC00259B829713452400B24022449244410107
:1058DC008280B7E70400BC4F130620038545F1BF57
:1058EC0093F715000145EDD3B93F014597E7FF1F2D
:1058FC00238207A0FD3DB7E70400BC4F094689454C
:10590C0017E5FF1F0345C5968297134514006DBF1D
:10591C00411193050010054506C6EFD08FA48145B3
:10592C0013050010EFD02F8F8D453965EFD00F99EF
:10593C0089450D45EFC04FD90145653D2937B2402A
:10594C001145410141B5411122C437E404008327BC
:10595C00040806C617050000130545F0829797E763
:10596C00FF1F2387A790032384052244B24013060C
:10597C002003854541010283411126C2AE848D4529
:10598C0022C406C62A84EFD06F93B717004099C87B
:10599C0003A5C70C418D23A6A70CB2402244924408
:1059AC004101828003A5870C418D23A4A70CF5B778
:1059BC008347050003471500A207D98FC2076177FB
:1059CC00C187130727206397E70083452500370518
:1059DC0004005DB7828097E7FF1F9387E791184219
:1059EC009C4383D645000345070083C5C700035677
:1059FC0046006396A50083D5E700638DD50201119F
:105A0C0006CE2386A7002397D700B705CF00DC4B23
:105A1C009385757D05077D162EC2230001003AC4BF
:105A2C002316C1002317D10099C30A858297F2402F
:105A3C00056182808280DC4DDC4B81CFB7E70400AE
:105A4C00904503A38705914517E5FF1F0345058B7B
:105A5C00028382806D713C083EC6B707E5002322A5
:105A6C0091103EC8AA843C083285232611103ECAE8
:105A7C0023248110232021112E89EF20F06C2A84FD
:105A8C009755010093858545174501001305C57C85
:105A9C00EF207164A2851755010013052554EF20E2
:105AAC0091632945EF207167B705CB009385757D10
:105ABC006800EF100049A2856800EF20905E014756
:105ACC0081467000CA852685EF10206815C52A848A
:105ADC009755010093858540174501001305C5773F
:105AEC00EF20715FA285175501001305E54FEF20DC
:105AFC00915E2945EF2071628320C110032481102F
:105B0C0083244110032901105161828097D7FF1F14
:105B1C009387877E18429C43797122D406D603481A
:105B2C00070083C807012A8483D645000355460025
:105B3C006396080183D82701638DD8022388070157
:105B4C0005072399D7003708CC00DC4B1308787D68
:105B5C003ACC1307F5FF42CA23080100231EE100CB
:105B6C00231FD10099C7080832C62EC4829732462B
:105B7C00A2452285C535B2502254456182806D7193
:105B8C003C083EC0B707E5003EC23C083EC4232695
:105B9C0011102324811023229110231701002318A4
:105BAC00010023190100231A0100231B010097D7C0
:105BBC00FF1F83D7274199E3C167FD172316F10017
:105BCC0097D7FF1F83D7274091EB97D7FF1F93875A
:105BDC00A7729C439C43DC4783D7070017D4FF1F55
:105BEC001304443E584C2317F10083574400484B90
:105BFC002318F10005ED97550100938525351745C0
:105C0C00010013056565EF20114D175501001305B3
:105C1C002535EF20514C2945EF2031508320C11000
:105C2C0003248110832441105161828097D7FF1F78
:105C3C0083C7B73989EBB7E70400BC5782975C4C34
:105C4C0023AA0700E1BFFD1797D6FF1FA38FF636D7
:105C5C0003560701834704014C470A85230BF100C7
:105C6C00EF20504297D7FF1F938707699C4301474A
:105C7C00814688430A866C00EF10204DAA841DC90A
:105C8C00975501009385852C174501001305C55CBC
:105C9C00EF207144A685175501001305252DEF2023
:105CAC0091432945EF207147584CB7E70400BC5786
:105CBC00484B69B797D7FF1F83C73731F5D7B7E77D
:105CCC000400BC4F1044854517D5FF1F03450563E1
:105CDC008297A9B75C4EDC4BA9CBA1C9411122C458
:105CEC0017450100130545572E84975501009385E0
:105CFC00252406C6EF20313EA28517550100130559
:105D0C002529EF20513D2945EF203141B7E704000B
:105D1C002244B24003A3870517D5FF1F0345055E38
:105D2C00130640069145410102838280411122C431
:105D3C0017D4FF1F130404271C4C06C689C7DC4369
:105D4C0099C34C488297584CB7E70400BC57484B52
:105D5C0082975C4CB240224423AA07004101828006
:105D6C0017D7FF1F1307D750834707009306F00B75
:105D7C00850793F7F70F63E9F60097D6FF1FA38902
:105D8C00F64E034507008280930700F8FDB7835752
:105D9C0045006386070E01114AC817D9FF1F130966
:105DAC00692252C4032AC90106CE22CC03274A0118
:105DBC0026CA4EC656C2F15721EF1307D00DFD5718
:105DCC006368C704B7E9040083A709072A8413058D
:105DDC00860042054181B284AE8A8297232AAA00AA
:105DEC000325C9015C499DEF975501009385451228
:105DFC001745010013054546EF20F12D17550100FD
:105E0C0013054521EF20312D2945EF201131DD57A8
:105E1C00F2406244D2444249B249224A924A3E85F7
:105E2C000561828093874400B705CF002319F500E4
:105E3C009385757D3105EF10C0100325C90183458D
:105E4C0064003105EF20F0250325C9012686D6858F
:105E5C003105EF2030237146A2854A85EF20511C75
:105E6C00504419CA83A78905854517D5FF1F0345DB
:105E7C00E5488297814769BFEFF07FD0E5BFFD57BA
:105E8C003E858280411126C297D4FF1F93848413D0
:105E9C00D84C22C437E404003C54484B06C68297C5
:105EAC00DC4C0323C4052244B240924423AA0700CD
:105EBC0017D5FF1F034585448545410102834111D8
:105ECC0026C297D4FF1F938424439C4006C622C449
:105EDC004AC0C9CBDC43D9C75CC12300B5002A84B6
:105EEC0097550100938505FE174501001305C5362E
:105EFC00EF20711E2945EF2051229C4023A407005E
:105F0C0023A2070097D7FF1F9387C709DC4FDC4BF1
:105F1C0081C72955EFF09FE197D7FF1F9387870A19
:105F2C00DC4FDC4B91C3B93F37E904008327C9052B
:105F3C00894517D5FF1F0345653C82978327C90503
:105F4C00914517D5FF1F0345653B82979C4003A3E2
:105F5C0047016309030022852244B240924402495E
:105F6C0041010283B24022449244024941018280A1
:105F7C000111328506CE22CC26CA2E84EF20D01CED
:105F8C00AA8497550100938525F717450100130541
:105F9C00A52CEF205114030784000356640083558D
:105FAC004400A6861755010013058500EF20B11299
:105FBC002945EF20911697D7FF1F83C707FF6398DA
:105FCC0097000145EFF09FD681450A85CD3DF24003
:105FDC006244D244056182806D7123248110232692
:105FEC0011102322911093F745002E84638507121C
:105FFC003C083EC0B707E5003EC23C083EC4231730
:10600C0001002318010023190100231A0100231B8E
:10601C00010097D7FF1F83D7E7F899E3C167FD17F6
:10602C002316F10097D7FF1F83D7E7F791EB97D78C
:10603C00FF1F9387672C9C439C43DC4783D7070047
:10604C0017D7FF1F130707F62317F100544F835779
:10605C0047002318F100DC4A95EF97550100938512
:10606C00E5ED174501001305251FEF20D106175547
:10607C0001001305E5EEEF2011062945EF20F1098B
:10608C00134544008320C110032481108324411044
:10609C005161828097D7FF1F83C737F12555ADCB50
:1060AC00FD1717D6FF1FA302F6F003D60601834790
:1060BC000701CC460A85230BF100EF20A07C97D773
:1060CC00FF1F938767239C4317D7FF1F130787ED89
:1060DC0097660100938646C488430A866C00EF10CD
:1060EC00C006AA8451DD97550100938525E5174517
:1060FC00010013056516EF20017EA68517550100DA
:10610C001305C5E6EF20217D2945EF2011012685D9
:10611C00EFF0DFC1B5B793F725009DC3B7E70400D7
:10612C00BC4741468145280882972555EFF01FC092
:10613C0028089305F00FEFF09FD81345240099B76A
:10614C0093F7150001459DDFEFF07FA31345140075
:10615C0015BF5C4D411106C688C317D7FF1F232DF1
:10616C00F718B7E7040083A7070817050000130505
:10617C00E5E68297B24097D7FF1F2381A718014508
:10618C004101828001119307700F2316F10006CE96
:10619C0097D7FF1F83C757178DE7B7E7040083A76F
:1061AC00870D17D6FF1F0346260D6C0017D5FF1F52
:1061BC000355C51582973335A00097D7FF1FA385CC
:1061CC00A714F2400561828041119397050122C406
:1061DC0006C626C2C1872E8463D40702B7E4040026
:1061EC00FC5417D5FF1F03452509829719C1BC54D0
:1061FC0082972165218DB2402244924441018280D4
:10620C0093F715008DC7B7E7040083A7471A17D675
:10621C00FF1F130626DD97F5FF1F9385E57E17D527
:10622C00FF1F03456505829713451400E9B793F7E3
:10623C00250099CFB7E70400BC4F130600648945CD
:10624C0017D5FF1F0345450382971345240065B7F7
:10625C0093F785009DC7B7E7040003A8871A1307B7
:10626C00401F97D7FF1F83C727018146130640069F
:10627C00994517D5FF1F03556509029813458400EE
:10628C009DBF93F745000145BDD7B7E4040083A734
:10629C00041817D5FF1F035565078297BC4C1306CE
:1062AC000064914517D5FF1F034505FD82971345E3
:1062BC00440091B797D7FF1F83D747056396A70272
:1062CC0017D7FF1F2315B70417D7FF1F2312C704B7
:1062DC0017D7FF1F231FD7022E8617550100130552
:1062EC0025E9BE856F20215F175501001305C5E90F
:1062FC006F20217303574500011106CE22CC97D78E
:10630C00FF1F83D7A700175501001305E5E763109E
:10631C00F706C167F91717D7FF1F2329F7FE37E4D4
:10632C00040097D7FF1F23A507FE7C4C894517D582
:10633C00FF1F034565F482977C4C914517D5FF1FD1
:10634C00034585F3829797D7FF1F83C757F995C7E6
:10635C008547A307F100832744171306F1008545F1
:10636C0013055030829717550100130565D7EF20A0
:10637C00416BF24062440561828097D7FF1F83C74F
:10638C0027F617550100130565DAF5F38547A307C2
:10639C00F100832744171306F1008545130550308F
:1063AC008297175501001305E5D5D1B77D15954793
:1063BC0063EFA71817570100130747CF0A053A9543
:1063CC001C41011122CC06CE26CABA972E84828794
:1063DC00175501001305C5DBEF20A16405A203C707
:1063EC0025009947631CF7002E85293783456400E7
:1063FC00175501001305C5DAEF20E14D97D7FF1FA4
:10640C00238F07EC17550100130545DBF1B703C7C4
:10641C00250095476317F702C16717D7FF1F03576E
:10642C00E7EEF91703D5A5006307F702B7E70400F9
:10643C0083A7C717829717550100130525D9EF209D
:10644C00415E854717D7FF1F230BF7E8175501004F
:10645C00130545DA51B797D7FF1F2399A7EA83D7BE
:10646C00E500B7E40400096617D7FF1F2311F7EA0C
:10647C0083D705011306069017D5FF1F0345C5DF0B
:10648C0017D7FF1F2316F7E883D72501A14517D788
:10649C00FF1F2310F7E8BC4C8297BC4C130600641A
:1064AC00914517D5FF1F034525DD82970356E40060
:1064BC008355A40017550100130585D2EF20A14187
:1064CC0049B7175501001305A5D339B783C5250066
:1064DC009147639AF5028547175501001305C5D3FB
:1064EC00A307F100EF20E153B7E7040083A7471798
:1064FC001306F1008545130550308297F240624433
:10650C00D244056182809947639EF5002285EFF0A5
:10651C007FDE8345640017550100130565C8EF2025
:10652C00813BE9BF9547639FF500834714001755DE
:10653C000100130565CEE39107EA17550100130519
:10654C0065CF59BD17550100130545CFC9BF8280D2
:10655C00411122C417D4FF1F130484AAAA8617560C
:10656C000100130626B62285C14506C6EF2021552B
:10657C000357440097D7FF1F938787A92393E700FE
:10658C00035764002394E700B24022444101828007
:10659C00130101DC232C812237E404008327040837
:1065AC00232E1122232A912223282123232631232F
:1065BC0017050000130585C1829717D9FF1F130912
:1065CC00A9CB994785442300A9002318F1029755BC
:1065DC000100938525B89307400617450100130564
:1065EC00A5C72314F112230C910097D9FF1F93898F
:1065FC0069CFEF20412E83D50900175501001305F3
:10660C0025ADEF20412D2945EF20213103D509007F
:10661C0081378327441730088545130550308297FE
:10662C008327441717D6FF1F1306869ECD451305E7
:10663C00703082978327441717D6FF1F1306469B8B
:10664C00B545130560308297832744171018894588
:10665C00130510318297832744173012894513058F
:10666C002031829783274415930500050D458297A9
:10667C008327441593050005114582972306910045
:10668C0023089100230C91002324011223080102FA
:10669C008327841630129145130570408297832707
:1066AC008416700085451305004082978327841655
:1066BC0010088545130510408297832784161018FF
:1066CC00854513052040829783278416300885451D
:1066DC00130550408297832704157D558297832795
:1066EC0044137D5582977D55EFC09F9B8327440CA7
:1066FC008297EFC00FF98327841417D6FF1F130658
:10670C002690D545014582971306700F81450818D0
:10671C00EFB02FDF894755468145280823089102A1
:10672C002306F100EFB0EFDD8D471306700F8145A6
:10673C002812230CF100EFB0CFDC91472304F112A7
:10674C0097D7FF1F9387C7B3984383C74700101889
:10675C009305700F01453AC8230AF100EFC07F9BE7
:10676C00700085450545EFC0DF9A3008D5450945D1
:10677C00EFC03F9A30129305700F0D45EFC07F9913
:10678C00100895451145EFC0DF98C16717D7FF1F5B
:10679C001307C7B7F9171CC32322070017D5FF1F10
:1067AC00130545ADEFC0DF958327C41D17D5FF1F1B
:1067BC00130505B582973C4803450900854582972A
:1067CC008320C12303248123832441230329012310
:1067DC008329C1221301012482800111C16726CAB9
:1067EC0006CEAA8422CC17D5FF1F035525B2F91764
:1067FC006306F50437E40400832784122E862315E0
:10680C00B10001478146ED4582977C440356A100B7
:10681C002AC6A68582972C0017D5FF1F035505AFF6
:10682C00EFC09F9A01CD175501001305A593EF20DA
:10683C00411F8327C412ED4528008297F240624421
:10684C00D24405618280397126DA06DE22DCB284FC
:10685C0009C989476303F502F2506254D25421618D
:10686C008280175501001305659F2E84EF20611B54
:10687C00A6852285EFE0EFA3C5B7B7E70400FC4778
:10688C002808829703448101834791011755010021
:10689C001305859D22045D8CEF20A118B1679387A9
:1068AC00C7556319F40297D7FF1F83C767A381CF1E
:1068BC008347C1010345B1012686A2072C085D8DD3
:1068CC00EFE0FF8851BF174501001305E551EF209C
:1068DC00411559B7AD679387B755631FF4008347CC
:1068EC00D1018345C101174501001305A550A2072D
:1068FC00DD8DEF10517E8DB7B5679387D755E30DBE
:10690C00F4F4A9679387A7556317F40017450100A2
:10691C001305854F6DBFB9679387E755631EF40860
:10692C008D47E3FB97F20344B10197D4FF1F83C457
:10693C00149B9755010093852591B337800017D789
:10694C00FF1FA30EF79809C49755010093858590F6
:10695C001755010013050592EF10F17797D7FF1F1C
:10696C0083C7F79763849700EFE0FFC497D7FF1FA7
:10697C0083C7F7969DC385472302F100B7E7040050
:10698C0083A747175000854513055030829717553C
:10699C0001001305258FEF20C1089967938757EEE7
:1069AC002312F1009145854748002303F100A3030E
:1069BC008100EFF09FE24DB5BD671387F755631A61
:1069CC00E4049967D5172312F10097D7FF1F93871B
:1069DC00279183C70700480095452303F10097D7FB
:1069EC00FF1F83D72790A303F100A1832304F10099
:1069FC00EFF0BFDE17D6FF1F0356C68E97D5FF1FCD
:106A0C0083C5058E1755010013054589EF10B16C30
:106A1C00A1B59387F766631CF4049D67D9172312FD
:106A2C00F10097D7FF1F83C7A78B2303F1009DC7E6
:106A3C00B7E70400FC4741469385412A13057100D2
:106A4C008297CD454800EFF05FD997D5FF1F83C5DE
:106A5C002589175501001305658761BDB7E704004B
:106A6C00BC4741468145130571008297D9BFA68565
:106A7C00280809B5011106CE22CC2DC9854717C7A8
:106A8C00FF1FA30CF75697C7FF1F2389075637E440
:106A9C000400832784179305F10013055030829767
:106AAC008347F100A9CBA3070100832744171306E2
:106ABC00F10085451305503082978327441717C67C
:106ACC00FF1F1306E652B5451305603082978547C4
:106ADC00A307F100832744171306F100854513051E
:106AEC0050308297F24062440561828097C7FF1F45
:106AFC00A385075049BF8327441717C6FF1F1306EA
:106B0C00264FB54513056030E9BFC16717C5FF1F98
:106B1C000355C57FF9176307F500B7E7040003A316
:106B2C00C7170283828001118547A307010017C78D
:106B3C00FF1F230BF77CB7E7040083A7471706CE8C
:106B4C001306F1008545130550308297F24005611C
:106B5C008280EFB26F962A8408452E89B28909C9C2
:106B6C0000C1970500009385C5746105EF00810194
:106B7C0081447D5AEF10C00963C3A4048144EF1013
:106B8C00200A63C6A40497F7FF1F9387A7E89C43CA
:106B9C00DC47B307F94091872302F40063810904B1
:106BAC008327C900B307F4409587A302F4001C4C5B
:106BBC0089C79C4799C3228582976FB02F935C44F9
:106BCC00139714008504BA972390470165B71C48A6
:106BDC00139714008504BA97239007004DB78327A9
:106BEC0089000547B307F4409587A302F400835747
:106BFC000400638EE7028DC309476384E7040D47E5
:106C0C00E397E7FA97570100938787C01CCC9757F7
:106C1C0001009387E7C011A8975701009387C78697
:106C2C001CCC97570100938727875CC849B79747B7
:106C3C000100938767721CCC974701009387C7723A
:106C4C00EDB797570100938767C11CCC975701008C
:106C5C009387C7C1D9BF85E1EFB2AF87004618440F
:106C6C008347940075839D8B6315F700EF00501CD0
:106C7C0048C46FB04F888280EFB20F8413893500FF
:106C8C00C16442094111AA890144F1141359090143
:106C9C00054A2EC6EF00D077B2456346A4000145E5
:106CAC0041016FB0AF8483A7090013171400BA9782
:106CBC0083D707006388B7006394970063742A0135
:106CCC000504C1BF0545E9BFEFA23FFEAA892E8985
:106CDC00328BB6843A8ABE8AEF80204C55C1268509
:106CEC00EF1030368D4763E5A7007D556FA07FFF11
:106CFC0083DB4400EF00D0772A84EF00B078930751
:106D0C00740031443305850263C5A702EF00507649
:106D1C00EF0010762A84EF00F0769307740031446C
:106D2C003305850263CDA702EF00907493074500ED
:106D3C0019A8EF003075330585021307F017930778
:106D4C00C017E357A7FC2D55E3C277FB63000B027A
:106D5C00D6865286A6854A85EFE0106341BFEF00C8
:106D6C007072330585029307C5FFF1BF8327490075
:106D7C001385C90083D52700EFF01FF071F9B5B763
:106D8C006955ADB797F7FF1F2398A7C897F7FF1F53
:106D9C00938747C8904381470C463307F500420759
:106DAC0041836393B700828054461398470085074C
:106DBC00C2962390E600D5B797F7FF1F938787C538
:106DCC009C4303C58700828017F5FF1F0355C5C47C
:106DDC008280EFA21FF0C1671387D7FF6307E5021C
:106DEC006368A700F117630EF50001456FA0BFF0B3
:106DFC001387E7FF630EE500FD171D8D1335150096
:106E0C00F5B7EF40003D7D15D5BFEF40801AE5BFCB
:106E1C00EF40E018CDBFEFA2DFEB4111AA84014493
:106E2C002EC6EF00F05FB2456346A4000145410158
:106E3C006FA07FEC9C48131514003E9583570500FA
:106E4C00E387B7FE0504E9BF03485500814693F775
:106E5C00F60F63E5070181473E858280584593977D
:106E6C005600BA9703D727006316B70003D707005D
:106E7C00E304C7FE8506E1BF8346450001479377CF
:106E8C00F70F63E4D700814711A81C451316570070
:106E9C000507B29703D60700E313B6FE3E85828042
:106EAC00EFA29FE193170501C18797FAFF1F938A01
:106EBC006AB66355F00883A70A00C0479C4703577E
:106ECC000400198D420541816366F5000144228559
:106EDC006FA0DFE112052A94DDBFDC471394490053
:106EEC00014A3E94834744006341FA02014A8347B6
:106EFC0054006347FA028509C20993D9090183A793
:106F0C000A009847E3EBE9FCD1B71C4413195A006B
:106F1C00A6853E994A85EFF01FF011ED050AD9B709
:106F2C005C4413195A00A6853E994A85EFF0BFEED2
:106F3C0019E1050A6DBFE30009FC51BFAA84814920
:106F4C007DBFEFA21FD91C452A8481E79307C5009A
:106F5C001CC51C44231204001CC09307F00F63E9EA
:106F6C00B70093F5F50F2285EF10B0136FA0BFD8C3
:106F7C0093940501C167C18063F7F500A68522854E
:106F8C00EF10D015E5B7C18193F5F50F2285EF1001
:106F9C005011A6852285EF101012C9BF97F7FF1F5D
:106FAC00938747A7884382801C4599C797F7FF1F93
:106FBC0023A2A7A6014582807D55828097F7FF1FEB
:106FCC00938747A5984383474500484792073E95CA
:106FDC008280EFA21FD0617100451C183EC6B70716
:106FEC0080013EC81C183ECA8357440002CE02D012
:106FFC0002CC231EF100834784002A8902D223018C
:10700C00F1023C083ED402D6EFF05FFB835705003B
:10701C002316F102EF30706B2307A1025C4003557D
:10702C006400F18313F717008347F1025205518175
:10703C00F99BD98FA307F102EFE0702639C5AA841A
:10704C0003550500EF80401683D704002AD2680050
:10705C00231CF10083D72400231DF1001C4803D608
:10706C0047008C43EF1010028347B400CA861746C2
:10707C0001001306E6278117A305F4006C004810E5
:10708C00EFE090305D616FA01FC72155E5BF1C4537
:10709C00B1CF03C5A700894613576500630BD70210
:1070AC008D46630ED70285466300D7021307400650
:1070BC003305E50203C7B700418B15CB83C7B70077
:1070CC00BD8B3355F54082801375F5031307803E55
:1070DC00C5B709671375F50313070771D1BF3727B8
:1070EC0009001375F5031307077CD9B70145828096
:1070FC00EFA23FBE03A98500630509048347B900CD
:10710C00AE8493F7070E91CF0345990093052003A6
:10711C000D810505B305B50288446105EFF0B03269
:10712C000DA02E85EFF0BFF62A8401CD1123832507
:10713C00C900B307B54063F887002E94B305A4408B
:10714C00E1FD6FA05FBB8545C1BFEFA29FB82A844C
:10715C0003D50500011132C636C43AC22EC002CA8C
:10716C0002CC02CEEF80400482452ACA22852ECC66
:10717C00EFF0DFE403570500231EE100EF30F0547D
:10718C00A24632469247230FA10036874C08B2869E
:10719C0022850146EFF05FB305616FA0DFB5EFA26A
:1071AC005FB361711C183EC6B70780013EC81C183E
:1071BC003ECA3C0800453ED4AA8402CC02CE02D082
:1071CC0002D202D6EFF09FDF835705003559231604
:1071DC00F102EF30904F2307A10209C483574400FA
:1071EC0091E721594A855D616FA0FFB0035564009A
:1071FC0052055181EFE0B00A2A8965D58347B40066
:10720C0093F7070E89C713058401EFF050258357B8
:10721C004400231EF100834784002301F1025C40EB
:10722C0003550900D98313F7070883471102231C60
:10723C00A10093F7F707D98FA300F1028357290018
:10724C00231DF1005C40F18313F717008347F10213
:10725C00F99BD98FA307F102EF7010752AD251D187
:10726C00834794006800139757008347B400FD8B45
:10727C00D98FA305F4001C4803D647008C43EF10AC
:10728C006060A68717470100130787067400054640
:10729C004C102685EFF05FA32A8929D58347B400CB
:1072AC00A685FD8BA305F400EFF09FE425BFEFA2AC
:1072BC005FA2832485FE2A8441112685EFF03FDDF1
:1072CC00834734FF93F7070E9DC32AC62685EFF03C
:1072DC005FD019C9834734FFB245FD8BA309F4FE77
:1072EC0081C52285EFF0301641016FA0DFA06DDD66
:1072FC008327C4FF2685829765F9834734FF93F76C
:10730C00070E81C72285EFF09015032584FEEFF060
:10731C001FE9D9BFEFA2FF989C4141112A8903C7ED
:10732C00070089472E8493566700638CF6020D463E
:10733C006382C6049307F0076302F7022E85EF10F1
:10734C00A060AA848149C16B130C490097E7FF1F09
:10735C009387476C9C43984763ECE90241016FA00B
:10736C001F9803D745008547E3FAE7FE2E85EF10FB
:10737C008061C1BF03D74500E3F2E7FE2E85EF1015
:10738C00A05CAA842285EF10805DC204C98C5DBF0D
:10739C00DC470355A900139A49003E9A931705013F
:1073AC00C187635DF00083570A006395A70263E50C
:1073BC0074038327CA00034D5A001DA0A1672167DF
:1073CC00A98F1307F7EFE374F7FE63950900EFF04D
:1073DC005FA071FD85099DBF83278A00034D4A007C
:1073EC00835DA90003576900216A138BC7003AC655
:1073FC00814A33CA4D01631E5D0197E7FF1F9387D6
:10740C00E7619C43E1DBA2866286814526858297F3
:10741C00D1B7A1679387F7EF930C4BFF63F047034A
:10742C00B2455A85EFF05F8519CD03278B001047C5
:10743C0019CA10436380C4023107D5BFEE85668537
:10744C00EFF07F9D71FD93861A0093FAF60F130BE4
:10745C000B0255B7835644005C43E3EDF6F62285E8
:10746C003AC6EF10603DA1679387D7042A8A035D63
:10747C004400324763E897008347D90093E707F845
:10748C00A306F9001C4766852286E2858297C167B0
:10749C000844FD17337AFA00529508C02312A40150
:1074AC0015BF97E7FF1F9387E7569843814715C38E
:1074BC001447814763FFD500939745004C47BE9511
:1074CC0019C903C7550081476375E600DC451606EC
:1074DC00B2973E85828003C745008147E37BE6FE79
:1074EC0016069C45F5B7EFA22FFDAA892E8A81447A
:1074FC0097EAFF1F938A0A5283A70A00984763E40E
:10750C00E4006FA0AFFEDC471394440001493E94A5
:10751C0013BB140083474400634BF900014913BBB0
:10752C00140083475400634FF9008504F1B70844F5
:10753C00931759005287DA860146A2853E958299A7
:10754C000509C9BF4844931759005287DA86054686
:10755C00A2853E9582990509E9B7EFA28FF781457F
:10756C0017F5FFFF1305255F97E7FF1F2396074AC3
:10757C00EFF07FF76FA02FF897E7FF1F93878749EE
:10758C009C4381CFEFA2EFF4814517F5FFFF130564
:10759C00855CEFF05FF56FA00FF68280EFA2CFF164
:1075AC0037E404008327841241112315E100AE89CE
:1075BC003289368A3A8681460147ED45AA848297FC
:1075CC002AC621C50356A100D285EF106125832759
:1075DC00C413CE8526858297058915C58327440D4E
:1075EC002314210101462C00268582972A8401C987
:1075FC00B7E7040083A7C712ED45280082972285C0
:10760C0041016FA0AFEE4944E5B76554CDBF5C4175
:10761C00FD175CC18280EFA2CFEBB7E70400FC5FE3
:10762C00829795473305F50281450D816FA0AFEC2C
:10763C00EFA22FEAB7E70400FC5F8297954733056A
:10764C00F5020D816FA02FEBEFA2AFE8B7E70400B6
:10765C0083A7870B0355050082976FA0CFE9EFA294
:10766C004FE7035505003287AE8617C6FF1F03563A
:10767C0046A097E5FF1F9385A53AEFF03FF26FA068
:10768C008FE7EFA20FE5B7E7040083A7C717829730
:10769C006FA06FE6EFA2EFE3B7E7040083A78713B1
:1076AC0097E5FF1F9385C537829701456FA0AFE41F
:1076BC00EFA22FE2B7E7040083A7C71F814517C5C8
:1076CC00FF1F0355059782976FA0EFE2EFA26FE0C3
:1076DC00B7E7040083A7871397E5FF1F938545350C
:1076EC00829701456FA02FE1EFA2AFDEB7E7040050
:1076FC0083A7C71F814517C5FF1F0355859982971F
:10770C006FA06FDFEFA2EFDC2E85EF600055EF600E
:10771C00900D6FA04FDEEFA2CFDBEF60D0176FA004
:10772C008FDD5C49E1175CC95CC583572501A10756
:10773C002319F50083570501A1072318F500828052
:10774C00F1473305F50297E7FF1F938767309C439A
:10775C003E9582808D476317F60603D74600854712
:10776C0063F2E706EFA2EFD6368536842E89EF104A
:10777C00A01D39C18357440093140501C18063EDEA
:10778C0097022285EF10401CFD14231294009307DE
:10779C00A002630EF5009307B0026301F502930794
:1077AC009002631BF5002285EFC0B07E31A001462C
:1077BC00CA852285EF80000F6FA0EFD32285EF00E2
:1077CC001059DDBF828097E6FF1F9386A6289C4246
:1077DC00014599CF9843D44217E6FF1F232CE62688
:1077EC006396D70097E6FF1F23A8E6261385C7FEEE
:1077FC008280EFA20FCEE9267144330585029145B4
:10780C00EF70606201E565556FA0EFCE97E7FF1F43
:10781C0023AEA7227526330585029145EF70A06033
:10782C007DD197E7FF1F23A5A722592E97E7FF1FAE
:10783C002398A720712697E7FF1F2394A72097472B
:10784C000100938727B017E7FF1F232FF71E970719
:10785C000000938747ED17E7FF1F2325F71E01450F
:10786C0065B7EFA20FC7AA8517E5FF1F1305451DC6
:10787C00EF1060216FA02FC8EFA2AFC5EFF07FFE15
:10788C00EF10E02197E7FF1F9387C71C9C4381CF24
:10789C001387C7FE09CB83D5C7FF17E5FF1F130559
:1078AC00E51BEFF0403A6FA00FC5EFA28FC2EFF0CF
:1078BC009FF119C9834785002A8493F7070499E738
:1078CC000355E500EFF05FFB6FA0EFC28347C500E7
:1078DC009304450117E9FF1F1309C91785E3832793
:1078EC0009005CC997E7FF1F23A697168327490059
:1078FC00E1FF97E7FF1F23A19716F9B7FD172306A2
:10790C00F5006105EF60E07E8307840063CB07041C
:10791C008347840093E707F82304F400B7E70400D7
:10792C009C5F82974205A94741813375F5028347D5
:10793C00840093F707FCC98F2304F4008347D40019
:10794C003E951C402318A40089CF984319CB83473C
:10795C00C4005040814585073305F502420541813D
:10796C000297832709005CC897E7FF1F23A4970E93
:10797C008327490089E797E7FF1F23AF970C8347BD
:10798C00C400B9D38355040117E5FF1F1305050D7A
:10799C00EFF0602B15BFEFA2CFB397E7FF1F9387D4
:1079AC0027319C4701448583858B81EFAE84B2855A
:1079BC003A86EF1020142A8409C5EF10200B82940C
:1079CC0008CC22856FA02FB3EFA20FAF41112E89E7
:1079DC0032C6AA89712C324713060502CA8697054E
:1079EC000000938525D617E5FF1F13056505EFF0FD
:1079FC009FFA2A8429CD9304C50065261946AA85C9
:107A0C002685EF00306885452685EF001065174503
:107A1C0001001305E5904E95834505002685EF0082
:107A2C0050685C4831468145A1075CC85CC48357EB
:107A3C002401E1172319F40083570401E1172318DB
:107A4C00F4001C4C3E85EFA0CFABA304250122858E
:107A5C0041016FA0AFA9EFA2CFA74111AA842EC6F6
:107A6C0032C4EF100003004DB24522468347840018
:107A7C000CC050C093F7F70393E707042304F400FA
:107A8C00231804002685EF00707E83479400A946D6
:107A9C002317A40013D7370005073307D7029D8B94
:107AAC0085072306F400A306E40083C70401D84825
:107ABC008507230FF7FE17E7FF1F1307A7F9584396
:107ACC00232A0400930744011DEB17E7FF1F23250E
:107ADC00F7F817E7FF1F232FF7F617E4FF1F130420
:107AEC00E4F72285EFF0A00B1C44858B5D8D09E536
:107AFC0081452285EFF0201541016FA0CF9F1CC35B
:107B0C0017E7FF1F232AF7F4C9BFEFA28F9C970535
:107B1C000000938565C40145EFF0DFBE01456FA001
:107B2C008F9DEFA20F9BEFF01FBF6FA0CF9C8347E1
:107B3C00C500A1E7EFA2EF992A840355E500EFF009
:107B4C005FD215C98347840093F7F7FB2304F40035
:107B5C001C4091C7DC4381C74C4001458297EFF034
:107B6C009FC617E5FF1F130565EFEFF0400F035598
:107B7C00E400EFF07FD06FA00F988280EFA26F959A
:107B8C0097E7FF1F938707ED97050000938525D294
:107B9C0017E5FF1F130585EC23A0070023A20700A0
:107BAC00EFE0507E6FA02F951C4D91CBDC4381CB29
:107BBC00EFA22F928345070082976FA0CF9382800C
:107BCC0097E7FF1F9387C7EB9C4303C50700828091
:107BDC0097E7FF1F9387C7EA9C4303C51700828072
:107BEC0097E7FF1F9387C7E99C4303C52700828053
:107BFC0097E7FF1F9387C7E89C4303C54700828024
:107C0C0097E7FF1F9387C7E79C4303C53700828024
:107C1C0097E7FF1F9387C7E69C4303C557008280F5
:107C2C0097E7FF1F9387C7E59C4303C567008280D6
:107C3C0097E7FF1F9387C7E49C4303C577008280B7
:107C4C0097E7FF1F9387C7E39C4303C58700828098
:107C5C0097E7FF1F9387C7E29C4303C59700828079
:107C6C0097E7FF1F9387C7E19C4303C5A70082805A
:107C7C0097E7FF1F9387C7E09C4303C5B70011E14B
:107C8C001D45828097E7FF1F938787DF9C4303C5C1
:107C9C00C700828097E7FF1F938787DE9C4303C54D
:107CAC00D700828097E7FF1F938787DD9C4303C52E
:107CBC00E700828097E7FF1F938787DC9C4303D5FF
:107CCC000701828097E7FF1F938787DB9C4303C5DF
:107CDC002701828097E7FF1F938787DA9C4303D5A0
:107CEC004701828097E7FF1F938787D99C4303D571
:107CFC006701828097E7FF1F938787D89C4303D542
:107D0C008701828097E7FF1F938787D79C4303C522
:107D1C00A701828097E7FF1F938787D69C4303C5F3
:107D2C00B701828097E7FF1F938787D59C4303C5D4
:107D3C00C701828097E7FF1F938787D49C4303C5B5
:107D4C00D701828097E7FF1F938787D39C4388577F
:107D5C00828097E7FF1F9387A7D29C4303D5C70266
:107D6C00828097E7FF1F9387A7D19C4303D5E70237
:107D7C0019E11305800C828097E7FF1F938747D08A
:107D8C009C4303C50703828097E7FF1F938747CF68
:107D9C009C43C85B828097E7FF1F9387E7CD88439E
:107DAC00828097E7FF1F938767CD8843828019E114
:107DBC007D558280F5DE984265DFFDD917E7FF1F00
:107DCC00130707EF1847AA877155058B631907220C
:107DDC0003C507001547E37DA7FC03C73700130550
:107DEC00F0057D171377F70FE364E5FC03C3570029
:107DFC00E30003FC83C86700E38C08FA03C7770031
:107E0C00494579171377F70FE364E5FA03C7A70021
:107E1C0011481305F7FF1375F50FE36BA8F803CEA4
:107E2C0097000D481305FEFF1375F50FE362A8F8D4
:107E3C0003C8B7006309080065181378F80F130519
:107E4C00600DE36705F703C5C7007948791513750D
:107E5C00F50FE36FA8F403C8D7000D457D18137810
:107E6C00F80FE36705F503D80701930E4017511877
:107E7C00420813580801E3ED0EF303C8E7007D1820
:107E8C001378F80FE36605F303C827017D18137800
:107E9C00F80FE36F05F103C88700C54E751813780A
:107EAC00F80FE3E70EF103D86701856E938EBEE001
:107EBC006D18420813580801E3EC0EEF03D8470184
:107ECC006D18420813580801E3E40EEF03D887013C
:107EDC007918420813580801E36C05ED03C8A70193
:107EEC007D181378F80FE36505ED03C5B7011D4840
:107EFC007D151375F50FE36DA8EA03C5D70171481D
:107F0C0079151375F50FE365A8EA03D5E701130896
:107F1C00E00F7D1542054181E36CA8E803C507021B
:107F2C00494879151375F50FE364A8E8C85301C9DE
:107F3C0037C834005915130858BFE36BA8E603A8DB
:107F4C00870237C53400130555BF5918E36205E79E
:107F5C0017E5FF1F2324C5B203C6050117E5FF1F54
:107F6C002320F5B20545E375C5E403D82501D049B6
:107F7C0033760603E31E06E203C61501E30A06E2A6
:107F8C0017E6FF1F232AB6AE83C527000146638779
:107F9C00A50003C61700F1453306B60283C70703D5
:107FAC009305C00272971A071307C70516031A9791
:107FBC0096084697B387B70241553E9732974207CA
:107FCC004183636EE802EF92DFD03685EF60D06FAD
:107FDC00EFD0B0212A84EF80B01D2A94EFC09025F9
:107FEC002A94EF7040072A94EFF0BF802A94EF2078
:107FFC0050632A94EF50406622956F90DFCF8280B9
:10800C00EF923FCD4111A307A100EF80801E930595
:10801C00F10017050000130565B9EFF0CFCC014551
:10802C0041016F905FCDEF925FC817E4FF1F1304FF
:10803C0024C80328840079599368180097E4FF1F1B
:10804C0023AC14C713781800631E0800BA84BE89C9
:10805C00368B328A2E89AA8AEFE01FD67D1526959B
:10806C0009E531594A856F90DFC7EFE0FFD47D15E4
:10807C002695A167E357F5FE97E7FF1F938747FA0D
:10808C0098433E8C814B11C70145EFC0B03E933BEA
:10809C0015004A85DA865686D285EF7070372A89A4
:1080AC0011CD1C44F99B17E7FF1F2327F7C083272B
:1080BC000C00CDDBE3880BFA82976DB7268597E72A
:1080CC00FF1F23A907BEEFE0FFCB4146CE8517E586
:1080DC00FF1F130565C7EF00A174EFA070080325FF
:1080EC00040BEFA0700A0545EFA070100545EFF0EA
:1080FC003FF18DBF97E7FF1F938787BB9C47858B0D
:10810C00D5C7EF921FBD17E5FF1F130525C297E7D3
:10811C00FF1F23AF07B897E7FF1F23AD07B897E7FB
:10812C00FF1F23AB07B8EFE09033EF40C002EFE046
:10813C00F00AEFE0700F97E7FF1F9387E7B59C43BA
:10814C0081C70545EF60B03397E7FF1F9387879E84
:10815C009C4389C741657D15EF50A06BEFC0703A09
:10816C00EFA0F00097E7FF1F938787C99C431397F5
:10817C00170163540700EFC0A04597E7FF1F23A525
:10818C0007BC97E7FF1F23A307BC97E7FF1F23A19B
:10819C0007BC97E7FF1F23AF07BAEFF09F9849235F
:1081AC00EFF0AFBBEFC080676F90FFB4828097E7B2
:1081BC00FF1F9387E7AF88438280EF929FB1EF60F8
:1081CC00B07EEF7080006F901FB3EF92FFAE2A84E9
:1081DC009304140201112E85B289A685214636C658
:1081EC003A89EF0081611DE1B24638082686CE85BA
:1081FC0013059404EF40604321462C084A85EF0098
:10820C00C15F1335150005616F905FAE0145E5BF89
:10821C00EF923FAC9305450617E5FF1F13058586C6
:10822C00EFE070226F903FADEF92BFAA41112EC6C6
:10823C00EFF00FC0B24588C141016F90DFABEF92F8
:10824C00BFA7AA842E84EF605078AA898545228521
:10825C00892D83C7E4011389940899E313890403D6
:10826C00CE8522853D2D2146930519022285192D97
:10827C0097E7FF1F9387C7A38C432285EF00E06825
:10828C002146938584022285F52B6F903FA6EF92B1
:10829C00DFA13971EFC0E04E9305400645EDEF606C
:1082AC00D06F630E051097D7FF1F83C7677F13B777
:1082BC00170097D6FF1F2385E67E014489CFC16442
:1082CC0017E9FF1F1309C99E9309400EFD14EFF027
:1082DC003F986348A408EFF0AFB54169B72909008E
:1082EC00096AFD7A2A8B81447D199389F97B130ADB
:1082FC000A71938A8AC7EFF0BF9563D5A40413045F
:10830C00400EB387840217E7FF1F1307679A0324F5
:10831C00070B3E948357C401638627091840330723
:10832C00EB4063EAE900834744008507B3874703C2
:10833C00D6976369F706014681450945EFF0CFE80A
:10834C00AA8B29E1EF20105A8547631FF504896534
:10835C009385057117D5FF1F1305C572EFE0B00E9D
:10836C00A1A8B30734030327090BBA9703D7C70196
:10837C006308970003C75700A38207002382E70016
:10838C000504B1B79305C5002285EFF05FEB5E8560
:10839C002286973501009385E5F9EFF0CFEB5E85EA
:1083AC00EF00E06F850481BF97E7FF1F938747902D
:1083BC009C478D83858BC1FF21616F909F920146F5
:1083CC008545094502D002D202D402D6EFF0CFDFA8
:1083DC00AA847DD1EFC0203A1389C4002A84814538
:1083EC004A85C1210C4041464A85692983294400AC
:1083FC00638809084E8502D802DA02DC02DEEF003F
:10840C0041732ACE141005462C0808184ECCEF40A8
:10841C0060191375F50F2DE58355840093E5250040
:10842C004A856D2911460C104A85A92901469735B4
:10843C0001009385A5F02685EFF0EFE12685EF008E
:10844C0000665C40B5DB014685450D45EFF0CFD7A6
:10845C00AA843DD148401389C400EF00816D2AC61F
:10846C004A85C5263246636AC5004C404A8519299F
:10847C00014681452685EFF00FDE26850D252DBFA3
:10848C008355840071BFEF92DF8497E7FF1F9387BA
:10849C0027829C4719CD93E7870017D5FF1F13053B
:1084AC00655E17E7FF1F2329F780EFE060786F9078
:1084BC009F84DD9B17E7FF1F2320F780EF2090425E
:1084CC007DF517D5FF1F1305E55BEFE04079C5B7C8
:1084DC00EF92AFFD4169AA892E8AB28A368BBA8B8C
:1084EC00814417DCFF1F130CAC7C930C400E7D19E0
:1084FC00EFF00FF663C4A40001442DA03384940361
:10850C0083270C0B3E948357C401638027055A873D
:10851C00D6865286CE8513050403EFF01FCB11C50A
:10852C0023800B0022856F90CFFB8347F40191CF02
:10853C005A87D6865286CE8513059408EFF0FFC86D
:10854C0009C585472380FB00F1BF850455B78357C8
:10855C004500638D0716EF922FF601112A84ED2644
:10856C0019C58547630AF50405616F902FF8EFC0B4
:10857C0040217DF9835744004947ED9BE396E7FE84
:10858C00C14522854524AA842285F52E0357440033
:10859C0002CE91472A896317F700228539293C08B6
:1085AC002ACC3ECEEFC0201D5C55DDDF74084A8618
:1085BC00A685054582974DBF03574400D147E3F587
:1085CC00E7FA032A0400C169014997DAFF1F938A6D
:1085DC002A6E130B400EFD19EFF08FE76344A90CC4
:1085EC002285032A04008D26A1452A8922851D2C6B
:1085FC00AA842285D92614402A86AA897808268539
:10860C00CA85EFF0FFECAA8425D103C7F401894792
:10861C006315F7008347C101A1DB5546D28513854D
:10862C006400EF00E11F0145EF60103801C583D7EE
:10863C00C401B1EB97D7FF1F938787679C4793556E
:10864C001900858913D73700058B11CB8983858B4E
:10865C006397B70001452EC6EFF0FFE2B2454E8599
:10866C00EF60703C0346C1012A849375190026857E
:10867C00EF70703131C92685EF607037268511C0D7
:10868C000145EF60D061EF20F0258547E31EF5EC46
:10869C0083C754001307F00FE388E7EC8507A38228
:1086AC00F400D9B5B304690383A70A0BBE9483D72E
:1086BC00C401638937015546D28513856400EF00E8
:1086CC00C11371D1050909BF5DDC5DBF8280EF92DA
:1086DC00AFDEEF60902C11CDC164014417D9FF1FA0
:1086EC001309095D9309400EFD14EFF06FD6634A30
:1086FC00A40017D5FF1F1305E538EFE060536F900A
:10870C00EFDE330534038327090B3E958357C501F0
:10871C006386970023120500EF60702D0504F1B7F6
:10872C0097D7FF1F9387C7589C478D83858B99EBF1
:10873C00EF922FDA17D5FF1F1305C534EFE0205247
:10874C006F906FDB8280EF92CFD8970500009385F6
:10875C0045B417D5FF1F1305E532EFE0A0426F902B
:10876C008FD9EF920FD78841B7E70400BC5B0505A2
:10877C0042054181829709C585472300F50005050F
:10878C006F906FD783C7F5FF2E858507A38FF5FEF6
:10879C00828083C7F5FFFD1793F7F70FA38FF5FEC4
:1087AC0099EBEF920FD3B7E70400BC571385F5FF95
:1087BC0082976F904FD482801C41035745008D8F58
:1087CC00BA951CC12312B5003E85828093D78500D3
:1087DC00A2051441DD8D835745001387E6FF18C1B0
:1087EC0089072312F50013D685004111238FB6FE9D
:1087FC00A38FC6FE4101828018419307F7FF1CC16D
:10880C008357450085072312F500A30FB7FE82801E
:10881C00835745008D8F2312F5001C41BE950CC16A
:10882C002E858280AA8703D7470008410D8FAA9511
:10883C002392E7008CC38280184108453305A7407A
:10884C00828083574500035765001D8F1C410845E6
:10885C003385A7403305A7408280EF928FC7411123
:10886C002EC62A84EFF0FFFDB2456373B50001A05C
:10887C00835744000840BE952312B4003E95410135
:10888C006F906FC7EF92EFC441112E84B28532C640
:10889C00EFF0BFFC3246A285EFF0907841016F906B
:1088AC008FC5EF920FC32E848545EFF01FFB23007D
:1088BC0085006F904FC4EF92CFC141112317B100C7
:1088CC008945EFF09FF98347E1002300F5008347CA
:1088DC00F100A300F50041016F90EFC1EF926FBF63
:1088EC0093D78500A2054111DD8D2317B100894571
:1088FC00EFF0BFF68347E1002300F5008347F1005A
:10890C00A300F50041016F900FBFEF928FBC13973E
:10891C00850193D78501C166938606F0D98F13D74D
:10892C008500758FD98FA2053707FF00F98D41118E
:10893C00DD8D2EC69145EFF05FF26C001146EFF025
:10894C00306E41016F902FBBEF92AFB81C41854543
:10895C0003C40700EFF0DFEB22856F90CFB9EF92E5
:10896C004FB71C414111894503C7070083C7170046
:10897C002307E100A307F100EFF09FE90355E100A5
:10898C0041016F904FB7EF92CFB41C414111894513
:10899C0003C7070083C717002307E100A307F100F3
:1089AC00EFF01FE78357E100410113D58700A207C1
:1089BC005D8D420541816F900FB4EF928FB10C41E8
:1089CC0041112A8411466800EFF09065914522858B
:1089DC00EFF01FE4B247C166938606F01397870148
:1089EC0013D58701598D13D78700758F598DA20721
:1089FC003707FF00F98F5D8D41016F90CFAF1C459C
:108A0C00BE950CC18280AE87944391E6584101EF2C
:108A1C000CC15CC1828003C7570013671700A38287
:108A2C00E700B687D5B70CC3EDB7AA87084119CDB7
:108A3C001841D44398C36313D500D8C32A8703467F
:108A4C0057009376160081E623200700828094431A
:108A5C0081CA8C4203A847008CC363930601CCC324
:108A6C00799A14C3A302C7003687D1BF1C45DC47D3
:108A7C001D8DB777DBB6938777DB09853305F50258
:108A8C00420541818280F147B385F50248452E9518
:108A9C0082808347450085072302F5008280EF9290
:108AAC004FA32A8419E06F900FA583474400E5DF9C
:108ABC00FD1793F7F70F2302F400F5F71C4403D7C7
:108ACC00270005072391E700DC4399C32285829791
:108ADC004C4889CD83475400898B99E71C442285E7
:108AEC009C479C439C478297232A040000402320E8
:108AFC0004004DBFEF92EF9D8357250041112EC608
:108B0C0091E70144228541016F90EF9E03570500C8
:108B1C008147F146E307F7FEB385D7024045850749
:108B2C002E948345440008C4F5F5B247AA8481E726
:108B3C00232A040009A81C456C0022859C439C43F5
:108B4C00829748C85DDD85472312F400B247232085
:108B5C000400231804002319F4005C485CC483D778
:108B6C002400FD172391F40071BFEF928F9697D7D5
:108B7C00FF1F938727F38843232605002324050032
:108B8C004105EFE0C00D6F900F97EF928F9417D4C3
:108B9C00FF1F130424F11C40411189CF9C47230073
:108BAC00B5002AC65CC1EFF05FFC1C40DC4399C3E6
:108BBC003245829741016F900F94034745001DEB9E
:108BCC00584DAA877D550DCBEF92AF901CC3DC4757
:108BDC0097D6FF1F23A8E6ECF15613050701239047
:108BEC00D7009705000093858501EFD0B07901453A
:108BFC006F906F907D5582808280EF928F8D0111E6
:108C0C00614681452800EF90CF8F97D7FF1F938740
:108C1C0067E99C4328009305F00FDC473EC6EFF054
:108C2C00DFF605616F902F8D97D7FF1F938787E72E
:108C3C009C43D847A1679387C7026312F70A39711F
:108C4C0006DE22DC26DA80004AD84ED652D456D222
:108C5C003285B284EFF05FCFAA892685EFF03FD042
:108C6C002318A4FC2685EFF09FCF2319A4FC26859E
:108C7C00EFF0FFCE83D744000A8A231AA4FC858325
:108C8C0093F7F70F230EF4FC8607BD0793F7073F06
:108C9C003301F1408A8A01498347C4FD6365F902B7
:108CAC00CE85130584FC232C54FDEFF01FEE52816E
:108CBC00130104FCF2506254D2544259B259225A54
:108CCC00925A216182802685EFF07FC99317190093
:108CDC00D69705092390A7001379F90F75BF8280E9
:108CEC0097D7FF1F938707DC9C43D847A1679387CF
:108CFC00A7026310F70A397106DE22DC26DA80003F
:108D0C004AD84ED652D456D23285B284EFF0DFC355
:108D1C00AA892685EFF0BFC4FD572318A4FC26852D
:108D2C002319F4FCEFF0BFC383D744000A8A231A3B
:108D3C00A4FC858393F7F70F230EF4FC8607BD077D
:108D4C0093F7073F3301F1408A8A01498347C4FDF9
:108D5C006365F902CE85130584FC232C54FDEFF0DA
:108D6C00DFE25281130104FCF2506254D254425996
:108D7C00B259225A925A216182802685EFF03FBE69
:108D8C0093171900D69705092390A7001379F90FAB
:108D9C0075BF828097D7FF1F9387C7D09C43D84756
:108DAC00A16789076318F708397106DE22DC26DA19
:108DBC0080004AD84ED652D456D232853289EFF042
:108DCC00BFB8AA894A85EFF09FB9835749000A8A30
:108DDC002318A4FC858393F7F70F230CF4FC860768
:108DEC00BD0793F7073F3301F1408A8A81448347DB
:108DFC0084FD63E5F402CE85130584FC232A54FD1F
:108E0C00EFF0BFD85281130104FCF2506254D254DB
:108E1C004259B259225A925A216182804A85EFF006
:108E2C001FB493971400D69785042390A70093F44E
:108E3C00F40F75BF828097D7FF1F9387A7C69C43FB
:108E4C00D847A1679387E7046312F70A397106DEE6
:108E5C0022DC26DA80004AD84ED652D456D232853D
:108E6C00B284EFF07FAEAA892685EFF05FAF2318AE
:108E7C00A4FC2685EFF0BFAE231AA4FC2685EFF0E8
:108E8C001FAE83D744000A8A2319A4FC858393F769
:108E9C00F70F230EF4FC8607BD0793F7073F33014A
:108EAC00F1408A8A01498347C4FD6365F902CE8586
:108EBC00130584FC232C54FDEFF03FCD528113019C
:108ECC0004FCF2506254D2544259B259225A925A6A
:108EDC00216182802685EFF09FA893171900D69701
:108EEC0005092390A7001379F90F75BF828097D7D6
:108EFC00FF1F938727BB9C43D847A1679387C70461
:108F0C006310F70A397106DE22DC26DA80004AD8B3
:108F1C004ED652D456D23285B284EFF0FFA2AA8933
:108F2C002685EFF0DFA3FD572318A4FC2685231A12
:108F3C00F4FCEFF0DFA283D744000A8A2319A4FCC7
:108F4C00858393F7F70F230EF4FC8607BD0793F781
:108F5C00073F3301F1408A8A01498347C4FD6365A9
:108F6C00F902CE85130584FC232C54FDEFF0FFC1D0
:108F7C005281130104FCF2506254D2544259B2593A
:108F8C00225A925A216182802685EFF05F9D9317B9
:108F9C001900D69705092390A7001379F90F75BF0F
:108FAC00828097D7FF1F9387E7AF9C43D847A16771
:108FBC00DD07631BF702EF82DFD1797132853284D2
:108FCC00EFF09F982AC62285EFF07F992311A1021A
:108FDC002285EFF07F97B2452300A1022808EFF01D
:108FEC00DFBA45616F803FD1828097D7FF1F93878F
:108FFC0067AB9C43D847A16793878704631BF70231
:10900C00EF823FCD797132853284EFF0FF932AC61F
:10901C002285EFF0DF942311A1022285EFF0DF927D
:10902C00B2452300A1022808EFF03FB645616F80DE
:10903C009FCC828097D7FF1F9387C7A69C43D847A6
:10904C00A1679387A704631CF700EF829FC80111E7
:10905C0028008145EFF07FB305616F80DFC9828006
:10906C0097D7FF1F938707A49C43D847A167938783
:10907C0057026311F702EF82DFC501113285EFF061
:10908C00BF8C2308A10081452800EFF01FB00561BB
:10909C006F807FC6828097D7FF1F9387A7A09C43C2
:1090AC00D847A1679387E702631FF702EF827FC25D
:1090BC00011132853284EFF09F8AAA842285EFF069
:1090CC001F8A854719E52285EFF01F884205B337C3
:1090DC00A00028008145231891003ECAEFF0FFAA9A
:1090EC0005616F805FC1828097D7FF1F9387879B35
:1090FC009C43D8479947631FF704EF829FBD797152
:10910C0032853284EFF05F842AC62285EFF03F85EA
:10911C002310A1022285EFF03F832301A1022285B7
:10912C00EFF09F82A301A1022285EFF0FF812302C1
:10913C00A1022285EFF05F812313A1022285EFF0BB
:10914C00BF80B2452314A1022808EFF01FA445618B
:10915C006F807FBA828097D7FF1F9387A7949C4319
:10916C00D847A1679387C703631FF704EF827FB6C5
:10917C00797132853284EFF02FFD2AC62285EFF00B
:10918C000FFE2310A1022285EFF06FFD2311A10227
:10919C002285EFF06FFB2302A1022285EFF0CFFABC
:1091AC00A302A1022285EFF02FFA2303A10222854C
:1091BC00EFF08FF9B245A303A1022808EFF0FF9C52
:1091CC0045616F805FB38280EF82BFB001112A844A
:1091DC00EFF08FF7AA842285EFF06FF82285EFF07D
:1091EC000FF8035744008D4763F5E7002285EFF035
:1091FC000FF72285EFF0AFF62800A685EFF0FF9869
:10920C0005616F805FAF97D7FF1F9387A7899C433A
:10921C00D847A167FD076319F700EF829FAB328532
:10922C00EFF09FFA6F803FAD828097D7FF1F938737
:10923C0067879C43D847A167E5076311F706EF8260
:10924C005FA9797132853284EFF00FF02AC622853E
:10925C00EFF0EFF02285EFF08FF02310A1022285C2
:10926C00EFF0EFEF520551812311A1022285230269
:10927C000102EFF06FEDA302A1022285EFF0CFEC1B
:10928C002303A1022285EFF02FECB245A303A10228
:10929C002808EFF09F8F45616F80FFA5828097D7DC
:1092AC00FF1F938727809C43D847A1679387E703C9
:1092BC006319F700EF82FFA13285EFF0FFF06F80AA
:1092CC009FA3828097C7FF1F9387C77D9C43D84776
:1092DC00A167938747046314F702EF829F9F79710C
:1092EC0032853284EFF04FE62AC62285EFF02FE765
:1092FC00B2452808EFF07F8945616F80DF9F82803F
:10930C0097C7FF1F9387077A9C43D847A16793871A
:10931C0087026316F702EF82DF9B79713285328404
:10932C00EFF08FE22AC62285EFF00FE2B245230060
:10933C00A1022808EFF07F8545616F80DF9B82805A
:10934C00EF823F990111EFF02FE0AA852800EFF092
:10935C00DF8305616F803F9A97C7FF1F93878774E0
:10936C009C43D847A167D1076319F700EF827F961A
:10937C003285EFF0FFFC6F801F98828097C7FF1F2C
:10938C00938747729C43D847A167C5076319F700B9
:10939C00EF823F943285EFF0BFFA6F80DF958280C9
:1093AC0097C7FF1F938707709C43D847A167B907DE
:1093BC006319F700EF82FF913285EFF07FF86F8031
:1093CC009F93828097C7FF1F9387C76D9C43D84795
:1093DC00A167AD076319F700EF82BF8F3285EFF0FD
:1093EC003FF66F805F91828097C7FF1F9387876BD3
:1093FC009C43D84789476310F702EF829F8D011178
:10940C00328532C8EFF04FD4AA852800EFF0EFF781
:10941C0005616F805F8E828097C7FF1F9387876877
:10942C009C43D847A1678D076317F702EF827F8AA9
:10943C00011132853284EFF02FD113066100AA841A
:10944C004C002285EF20D00C2800A685EFF0EFF31E
:10945C0005616F805F8A828097C7FF1F9387C764FF
:10946C009C4381CBDC4391C7EF82BF8682976F8090
:10947C009F888280EF82FF8579713C08AE843ED252
:10948C00A165B7070A002A843ED448103C08DD05C4
:10949C003ED636C432C63AC2EFD0BFAA12474810E5
:1094AC00BA85EFF00FC032464810B285EFF0AFC06E
:1094BC00A2464810B685EFF0CFBE5010014781464A
:1094CC00A6852285EFD07FC845616F80DF82EF8251
:1094DC005F8001117C000329C501AE843ECAA165E1
:1094EC00B70707002A843ECC48087C00C5053ECE51
:1094FC00EFD03FA58345D9004808EFF08FBA50084C
:10950C0001478146A6852285EFD03FC405616F8057
:10951C008FFEEF820FFC83C7950093F7F707A384A8
:10952C00F500EFF0DFFA6F800FFDEF828FFA7971A3
:10953C003C08AE843ED2A165B70709002A843ED40C
:10954C0048103C08938545043ED632C636C4EFD04D
:10955C005F9FA2464810B685EFF0AFB43246481074
:10956C00B285EFF04FB5501001478146A685228594
:10957C00EFD0BFBD45616F800FF8EF828FF583C7C9
:10958C00950041112A8493F7F707A384F5003285DF
:10959C002EC6EFF0CFBC85672AC4637CF500EF5074
:1095AC00B0402246B24509E9114781462285EFF0C9
:1095BC007FEC41016F802FF401478346F501FDB725
:1095CC00EF828FEF01113C003ECAB7070A003ECC78
:1095DC003C003ECE83C79500AA89328593F7F707E6
:1095EC00A384F5002E84EFF08FB785676371F504C3
:1095FC00A165AA84938585044808EFD09F9426859D
:10960C00EF50903A2A891DE591454808EFF06FA973
:10961C00A6854808EFF02FAACA854808EFF06FA876
:10962C00014781465008A2854E85EFD01FB20561D7
:10963C006F80CFEB81454808EFF0AFA603490902D4
:10964C00C1BFEF826FE779711C103ECAB7070F00DC
:10965C003ECC404D1C10AA84AE894808994532C6B0
:10966C0036893ECEEFD0FF8D32464808B285EFF0FA
:10967C004FA363040902A5454808EFF00F9E254649
:10968C00CA85EFF0E019500801478146CE85268542
:10969C00EFD0BFAB45616F806FE58355C4024808BE
:1096AC00EFF06FA10355E402814515C1854785454F
:1096BC00630FF500C167FD179305F00F6309F50003
:1096CC007D15EF5020749305150093F5F50F4808A0
:1096DC00EFF02F9D834504034808EFF08F9C8345E2
:1096EC0014034808EFF0EF9B835524034808EFF070
:1096FC008F9C835544034808EFF0EF9B69B7EF82CA
:10970C004FDD83C795008146014693F7F707A38485
:10971C00F500EFF01FF36F800FDEEF828FDB7971B6
:10972C003E841C103ECA2E89B7070F00A1653ECCA3
:10973C00FD051C10AA84480842C03AC23ECE36C46D
:10974C0032C6EFD01F8032464808B285EFF06F95D5
:10975C00A2464808B685EFF00F9612474808BA851E
:10976C00EFF06F9502486304080291454808EFF04A
:10977C00CF8E1146A285EFF0A00A50080147814612
:10978C00CA852685EFD07F9C45616F80CFD68945F1
:10979C004808EFF08F8C834704002300F5008347C3
:1097AC001400A300F500D1BFEF820FD183C7950041
:1097BC0001112A8A93F7F707A384F5003285AE844A
:1097CC0032C6EFF0CF9932462A893285EFF0CF9727
:1097DC008567637FF900AA894A85EF50F01C2A84BB
:1097EC0019E9114781464A86A6855285EFF09FC834
:1097FC0005616F80AFCF9387E9FF93F7F70F0547AC
:10980C00E368F7FE8347F50195E78947E382F9FEA4
:10981C008346F401528501474A86A685EFF09FC521
:10982C00A167D90748083ECC230A010002CEEFF00D
:10983C00BFC27DBF639CE7008947639CF900930717
:10984C001020231FF500EF50901AD9B70947E39168
:10985C00E7FC8D47E39EF9FA2285EF50D03B97C782
:10986C00FF1F938767439C4399E797C7FF1F938715
:10987C00672C9C4389C703D50400EF60300C231F71
:10988C0004002285C9B7EF82CFC401113C003ECA47
:10989C00B7070B003ECC3C003ECE83C795002A890F
:1098AC00328593F7F707A384F500AE84EFF02F8B86
:1098BC0093170501C187635EF004A1652A84938523
:1098CC00E5024808EFD0EFE7A2854808EFE0BFFEBD
:1098DC0097C7FF1F938707269C439DEF0144937501
:1098EC00F40F4808EFE0FFFB9355844093F5F50F18
:1098FC004808EFE01FFB9355044193F5F50F48081A
:10990C00EFE03FFA014781465008A6854A85EFD023
:10991C00DF8305616F802FBE416585460546A285B4
:10992C007D15EF3070675DD95105EFD040271304DA
:10993C0040063344850265B7EF82AFB90111B70712
:10994C0006003EC683C7950021642A8993F7F70762
:10995C00A384F500AE8428009305A4040AC40AC8A5
:10996C00EFD02FDE300001478146A6854A85EFD027
:10997C00CFFDEFE02FF813049404480822CC230AFF
:10998C00010002CEEFF05FAD05616F80CFB6EF82C4
:10999C00AFB2C1642A89014497C9FF1F9389493129
:1099AC00130A8002FD14EFE0AFAB6345A400014540
:1099BC006F80CFB3B307440303A7C90ABA9703D781
:1099CC0007006306970083D72700638427010504EB
:1099DC00D9BF0545F1BFEF822FAE2A8A2E8999C1D6
:1099EC0023A005008149814497CAFF1F938A0A0C62
:1099FC00614BEFE02FAD63C5A4004E856F800FAFB8
:109A0C003384640383A70A003E948357040099E7C8
:109A1C0063040900232089008504E1BF4146D285F7
:109A2C0013054400EFE0705D65F9A289F5B7EF828C
:109A3C00AFA839717C083ED4B7070A003ED67C0823
:109A4C003ED883C795002A8A328593F7F707A384FB
:109A5C00F5002E8932C6EFE09FF085676373F5063B
:109A6C003246AA843285EFE03FEE8547AA8963EA45
:109A7C00A704A165938585042810EFD08FCC26858B
:109A8C00EF5080722A8429E191452810EFE07FE1A4
:109A9C00A6852810EFE03FE2CE852810EFE07FE0AE
:109AAC00014781463010CA855285EFD00FEAA16775
:109ABC009387770448183EDC230A010202DEEFF09C
:109ACC00BF9921616F808FA281452810EFE07FDD67
:109ADC00A6852810EFE03FDE97C7FF1F938707543A
:109AEC009C4391C7228563870900EFB0600C8345C6
:109AFC00040265B7EFB0200BDDBFEF82EF9B83C78D
:109B0C0095004111AA8993F7F707A384F5003285D4
:109B1C00AE84328AEFE0BFE48567637BF5022A8965
:109B2C00EF5080682A84914621C18347F50105478F
:109B3C006383E70291C70D47636EF702AD462DA014
:109B4C009305050303250A004146EFE0104B1DE188
:109B5C0041016F80AF999305950803250A00414692
:109B6C00EFE0B049814679F94A86A6854E85EFF03B
:109B7C00DF9BF9BF83250A0013059408EF60600191
:109B8C0019C1C146D5B797C7FF1F9387E7109C43F0
:109B9C0099E797C7FF1F9387E7F99C4389C72285ED
:109BAC00EF60A05479FD8547A30FF4002285EF8068
:109BBC00B05D2285EF50A0634E8581464A86A6850E
:109BCC00EFF0BF96A1679387570448003EC4230269
:109BDC00010002C6EFF05F88A5BFEF820F8D83C72F
:109BEC0095004111AA8993F7F707A384F5003285F4
:109BFC002E89B28AEFE0BFD685676370F50CAA8414
:109C0C00EF50805A2A841DE9416B014A97CBFF1F04
:109C1C00938B0B0A130C400E7D1B19A833048A037B
:109C2C0083A70B0B3E948357C401638D6703050A0E
:109C3C00EFE00F82E344AAFE954639A88357C5018D
:109C4C00639297029305050303A50A004146EFE0D2
:109C5C00D03A994611E181462686CA854E85EFF0A9
:109C6C00DF8CA1A883A50A0013050403EF507072C2
:109C7C00C1467DF12285231E9400EF80F050228591
:109C8C00EF50E05697C7FF1F938747399C438DCB06
:109C9C00230004022285EFA090614E858146268622
:109CAC00CA85EFF09F88A1679387070448003EC4DC
:109CBC002302010002C6EFF02FFA41016F806F8280
:109CCC0089472300F402D1BF397106DE22DC4AD861
:109CDC00800052D456D25AD026DA4ED65ECE2E8A78
:109CEC0032892A8BEFD0DFF30605710541998A8AF8
:109CFC003301A140232224FC231404FCEFD05FF297
:109D0C0083479A000605350593F7F7072315A4FC3E
:109D1C00A304FA004A85232624FCEFE05FC49317C2
:109D2C000501C1876340F0025681130104FCF25017
:109D3C006254D2544259B259225A925A025BF24B93
:109D4C0021618280AA844A85EFE07FC1AA894A8575
:109D5C00EFE0FFC0A1659385C5022A89130544FC79
:109D6C00EFD02F9E2685EFD0AF93854501C94A864B
:109D7C00CE85EFD06F8DAA8B15ED8945130544FC6C
:109D8C00EFE03FB2A685130544FCEFE0DFB2CE85D1
:109D9C00130544FCEFE03FB2CA85130544FCEFE029
:109DAC009FB101478146130644FCD2855A85EFD0FA
:109DBC00CFB99DBF8145130544FCEFE09FAEA6854E
:109DCC00130544FCEFE03FAFCE85130544FCEFE0F8
:109DDC009FAECA85130544FCEFE0FFAD8144EFD084
:109DEC003FE4E3D0A4FC83A70B0113971400BA97AC
:109DFC0083D5070089C5130544FCEFE0DFAB850470
:109E0C00F9BF797106D622D44AD000184ECE52CC66
:109E1C0056CA26D25AC8AE893289AA8AEFD05FE0D8
:109E2C000605690541990A8A3301A140232A24FCBD
:109E3C00231C04FCEFD0DFDE83C7990006052D053B
:109E4C0093F7F707231DA4FCA384F9004A85232E5E
:109E5C0024FCEFE0DFB093170501C187634FF000DE
:109E6C005281130104FDB250225492540259F2490A
:109E7C00624AD24A424B45618280AA844A85EFE00D
:109E8C001FAEA1659385A5022A89130544FDEFD069
:109E9C004F8B2685EFD0CF80854519C5CA85EFC07D
:109EAC00BFFD2A8B0DE98945130544FDEFE07F9F2B
:109EBC00A685130544FDEFE01FA0CA85130544FDDC
:109ECC00EFE07F9F01478146130644FDCE85568502
:109EDC00EFD0AFA771B78145130544FDEFE07F9C30
:109EEC00A685130544FDEFE01F9DCA85130544FDAF
:109EFC00EFE07F9C8144EFD0BFD2E3D5A4FC832755
:109F0C000B0113971400BA9783D5070089C5130565
:109F1C0044FDEFE05F9A8504F9BFEF729FDB834746
:109F2C004500404DD5E7FD574DC083469400094789
:109F3C00636DD7080346B400854663E8C6088306FC
:109F4C00E40063C406085C45F9562390D70097C714
:109F5C00FF1F83C7E7B599E3A304E40097C7FF1F6E
:109F6C00938747BD9C4381E78947A306F40097C7B5
:109F7C00FF1F9387A70A9C4381E789472306F400B8
:109F8C009705000093854505AA8413050401EFC0CD
:109F9C00703FFD57231AF40281471CDC014897C718
:109FAC00FF1F23A387B097C7FF1F938727B0232ECC
:109FBC00040304C08043EFD0FFD061463306C502D2
:109FCC0081452285EF70FFD381473E856F70BFD2EC
:109FDC00FD57E5BFEF72FFCF2A8403554502EF50C2
:109FEC00A01C09E5231E04006F70FFD08357E40109
:109FFC00E5DF930504FF171501001305E56DEFB0C0
:10A00C001063DDB7EF72FFCC2E89A16541119385EA
:10A01C00E5032A8436C432C6BE843AC2EFC07FF24E
:10A02C0012472285BA85EFE0DF8732462285B2855A
:10A03C00EFE07F88A2462285B685EFE0DF87630DCF
:10A04C00090091452285EFE05F811146A685EFE07E
:10A05C00207D41016F703FCA89452285EFE0EFFFFB
:10A06C0083C704002300F50083C71400A300F50088
:10A07C00CDB7EF721FC683C79500444D054793F7C4
:10A08C00F707A384F5001C42411183C70700636DD9
:10A09C00F7042E842A8985CC03C7D4006309F70200
:10A0AC0017C7FF1F130707A9184301CFA386F40096
:10A0BC00EF80902B83C7D40089E741657D15EF3085
:10A0CC00407583D72403918B99C3EFB0B0624A8556
:10A0DC00A285EFF0CFBFA167C10748003EC42302A1
:10A0EC00010002C6EFF04FB741016F70DFC0EF7295
:10A0FC005FBE03D745008D47AA8441112E84328957
:10A10C002E8563EDE700EFE09F85AA85230009000B
:10A11C002685EFC07FD641016F70FFBDEFE03F8415
:10A12C002AC62285EFE0BF83B24585472A862300E5
:10A13C00F9002685EFC05FD1F9BF397106DE22DC4C
:10A14C0026DA80004ED652D456D24AD85AD05ECE99
:10A15C00AE89B284AA8AEFD0BFAB060513052502DF
:10A16C0041990A8A3301A140232224FC231404FCC4
:10A17C00EFD01FAA83C7990006054D0593F7F70783
:10A18C002315A4FCA384F9002685232624FCEFE0E8
:10A19C000FFD93170501C1876340F0025281130133
:10A1AC0004FCF2506254D2544259B259225A925A77
:10A1BC00025BF24B21618280AA8B03AB0400EFC0DF
:10A1CC003FCE35E983D7440001498544F11793B755
:10A1DC001700A301F4FC834734FCA165BDC793852C
:10A1EC00E504130544FCEFC0DFD5A685130544FC3C
:10A1FC00EFE02FEBDE85130544FCEFE0CFEB83475C
:10A20C0034FC114691E30946DA85130544FCEFE072
:10A21C006FE7814463080900416B7D1BEFD05F9FA2
:10A22C0063C8A40201478146130644FCCE855685BB
:10A23C00EFC0BFF1A5B7A685130634FCEFF03FEBDA
:10A24C00933415002A89860479B79385C50451BFC8
:10A25C008327C90013971400BA9783D50700638628
:10A26C006501130544FCEFE00FE5850445BFEF7273
:10A27C00DFA379711C103EC4B7070F003EC61C103B
:10A28C003EC883C79500AA8A328593F7F707A38443
:10A29C00F500AE893284EFE08FEC93170501C1878E
:10A2AC006350F0062A8A2285EFE06FEB2A895285EB
:10A2BC00032B0400EFC0DFBE39E583574400814413
:10A2CC000544F11793B71700A303F1008345710000
:10A2DC00DA872287CA8652862800EFF0BFD2014760
:10A2EC0081463000CE855685EFC03FE6A167938747
:10A2FC00D70348083ECC230A810026CEEFF0CF9539
:10A30C0045616F701F9EA28513067100EFF03FDE52
:10A31C00AA84094445DD3544E30A55FB4A85EFF030
:10A32C000FE70D4445D50144EFD09F8E634BA4003D
:10A33C00C16B0144FD1BEFD0BF8D634EA4001544CF
:10A34C0071B7DC4413171400BA9783D707006381E5
:10A35C0027030504D1BFD84493171400BA9703D729
:10A36C00070063197701239027012685EF80C054DD
:10A37C000144A9BF0504C1B7EF721F9483C79500B0
:10A38C0041112A8A93F7F707A384F50032852E89A9
:10A39C003284EFE0CFDC93170501C187635BF004D7
:10A3AC00AA892285EFE0AFDB2311A1004E85832A19
:10A3BC000400EFC0FFAE29E18357440085440144FB
:10A3CC00F11793B71700A300F100034811000357CE
:10A3DC002100D6875285CE862686CA85EFF0EFB34C
:10A3EC00A167F10748003EC42302910022C6EFF09A
:10A3FC00AF8641016F709F8FA28513061100EFF09D
:10A40C001FCF2A84894471D1835721001167854459
:10A41C00BA97C2071167C1831307F7EFE367F7FA1F
:10A42C0097C7FF1F938747879C4391C785451305A3
:10A43C002100EF40300E8355210022858144EFC06E
:10A44C009F9D41D5231005002285EF808048B5BF24
:10A45C00EF72BF8583C7950041112A8B93F7F707DD
:10A46C00A384F50032852E8A3284EFE04FCF931708
:10A47C000501C1876359F004AA8A2285EFE02FCE2B
:10A48C002A895685832B0400EFC09FA121E18357B5
:10A49C00440081440544F11793B71700A301F10060
:10A4AC0003483100DE875A854A87D6862286D285B4
:10A4BC00EFF0AFA6A167ED0748003EC42302810070
:10A4CC0026C6EFE07FF941016F70BF81A2851306AC
:10A4DC003100EFF0DFC1AA84094479D19167CA97A2
:10A4EC00C2071167C1831307F7EF0544E36AF7FA54
:10A4FC00CA85EFC05F92014445F58149EFD04FF218
:10A50C0063DBA900984893971900BA9703D7070003
:10A51C0015E723902701EFD0AFF01544E382A9F89B
:10A52C002685EF80003B97B7FF1F9387E7769C4308
:10A53C000144BDD74A85EF4040769DB785097DBF64
:10A54C00EF728FF779713E847C083EC82E8AB7076C
:10A55C001400A1653ECAE5057C08AA89080836C422
:10A56C00428932C6BA8AC6843ECCEFC09F9DCA854A
:10A57C000808EFE00FB332460808B285EFE0AFB33E
:10A58C00A246630E09029D450808EFE00FAD1D467B
:10A59C008145EF700FF763870A0691450808EFE0D5
:10A5AC00CFAB1146A685EFE0A027100801478146E6
:10A5BC00D2854E85EFC07FB945616F702FF3B6859C
:10A5CC000808EFE04FAF1C400808D8439355C7016B
:10A5DC00858912075183B205D98DEFE0CFAD1C40B0
:10A5EC00080883C58700EFE0CFAB1C40080883C583
:10A5FC00A700EFE00FAB1C40080883C59700EFE005
:10A60C004FAA51BF89450808EFE02FA583C7040066
:10A61C002300F50083C71400A300F50079B7EF728F
:10A62C00AFE983C795004111AA8993F7F707A38473
:10A63C00F5003285AE843284EFE06FB293170501DA
:10A64C00C1876357F0042A89032A0400EFC05F8591
:10A65C0019E9835744000548F11793B71700A3076E
:10A66C00F100814621A81306F100A285EFF03FA866
:10A67C001DC11C459DC383D6470001480347F1000B
:10A68C0093078500D2884A86A6854E85EFF05FEB4E
:10A69C0041016F70AFE50948E9B71D48D9B7EF72B2
:10A6AC00AFE165715C083EC4B7077B013EC65C0830
:10A6BC003EC883C795002A8A328593F7F707A3848F
:10A6CC00F500AE89EFE04FA88357E100C5C389457B
:10A6DC002800EFC01F8781452800EFE08F9CEFC05A
:10A6EC00FF8B97C7FF1F938767939C4317B4FF1F7C
:10A6FC000344043CAA843334800099C313642400BB
:10A70C0097B7FF1F938707439C4399C31364440077
:10A71C0097B7FF1F938747589C4399C313648400D2
:10A72C0083D5040028000149EFE0EF9883D524007D
:10A73C002800EFE04F9883D544002800EFE0AF9756
:10A74C00EFD00FC993150501C1812800EFE0AF963A
:10A75C00A2852800EFE02F969C44636CF90001471A
:10A76C0081463000CE855285EFC03F9E59616F7097
:10A77C00EFD7DC441314490028003E94EFE06F8CB3
:10A78C00834744000347540089070607BA97860796
:10A79C00E36EF5FC835524002800814AEFE0AF916D
:10A7AC00834544002800EFE0CF8F834554002800F8
:10A7BC00EFE02F8F8347440063C9FA00814A834737
:10A7CC00540063CFFA00050941BF1C4413975A008B
:10A7DC002800BA9783D50700850AEFE0CF8DD9BF43
:10A7EC00032BC40093975A0028003E9B83552B00E3
:10A7FC00850AEFE04F8C83550B002800EFE0AF8B00
:10A80C007DBFEF720FCD5C4993E717005CC9EF80F9
:10A81C0020336F704FCEEF72CFCB2E848145EFF08B
:10A82C008F9B05C183570500FD172310F50009C444
:10A83C00835725002310F400EFF0BFFC01456F7027
:10A84C008FCB31456DDC23100400D5BFEF72CFC622
:10A85C0083C7950041112A8A93F7F707A384F50063
:10A86C0032852E893284EFE08F8F93170501C187D3
:10A87C00635EF004AA89C1452285EFD0BFFA2A8B0A
:10A88C004E85832A0400EFC0AFE121E583574400D5
:10A89C00231101000544F11793B71700A300F10031
:10A8AC0081440348110003572100D6875285CE8678
:10A8BC002286CA85EFE07FE6A167938717024800DE
:10A8CC003EC42302810026C6EFE01FB941016F7020
:10A8DC00EFC113061100A285EFF07F81AA8409E570
:10A8EC0023110100094475BF930521005A85EFF02F
:10A8FC009FF2835721002A84CDD797B7FF1F9387E8
:10A90C00A7399C4391C7854513052100EF40804032
:10A91C008355210026853144EFC0EFCF59D1231048
:10A92C0005002685EF70F07A0144A5BFEF726FBA6F
:10A93C0041112E896C00AA8402C6EFF0CF8909CD93
:10A94C000357050005072310E500EFF09FEB814747
:10A95C003E8541016F702FBA3247954775DBCA852A
:10A96C002685EF20D008C147E34405FE32448547D5
:10A97C0041462310F40083570900A68513054400B3
:10A98C002311F400EFD0D0692285C1B7EF72CFB29A
:10A99C0083C795004111AA8A93F7F707A384F500A2
:10A9AC003285AE893284EFD09FFB93170501C187A6
:10A9BC00635EF0042A8AC1452285EFD0BFE6AA84E3
:10A9CC005285032B0400EFC0AFCD21E58357440023
:10A9DC00231101008544F11793B71700A300F10070
:10A9EC0001440348110003572100DA875685D286AB
:10A9FC002686CE85EFE07FD2A167938707024800B9
:10AA0C003EC42302910022C6EFE01FA541016F70E6
:10AA1C00EFADA28513061100EFF06FED2A8409E566
:10AA2C0023110100894475BF268593052100EFF0A1
:10AA3C00FFEFAA845DF5835521002285EFC0AFBDE1
:10AA4C004DF10149EFD0CF9D635DA90018489317D4
:10AA5C001900BA9703D707001DE70357210023906D
:10AA6C00E700EFD0EF9B6302250397B7FF1F938797
:10AA7C00A7229C4389C703552100EF400022228561
:10AA8C00EF703065B9BF050975BF954499BF05C115
:10AA9C009307F00F630FF500C547630CF5009307A0
:10AAAC00F5FF05453315F5004205418182800145CE
:10AABC00828041657D158280B9E1EF728FA10345DB
:10AACC0006033284EFF0BFFC9305803EB305B5025C
:10AADC00C205C18191C90357E402854763F6E700BB
:10AAEC0013050401EFC020168357E40241677D175C
:10AAFC006385E700FD172317F4026F70CF9F8280E8
:10AB0C00EF72AF9A004283C79500444D034914007D
:10AB1C0093F7F707A384F500834704002209116714
:10AB2C003369F900A167B347F90041112A8BAE8A4A
:10AB3C0063ECE70C834724001307C00EB91793F797
:10AB4C00F70F6371F70E03473400C14763ECE70C52
:10AB5C00834744001307E00793C707086373F70A9A
:10AB6C008349840083477400A209B3E9F90085671F
:10AB7C0063F9F908034A6400834754004E85220A9E
:10AB8C00336AFA00EF40406245C123962403834B9D
:10AB9C003400137AFA00239A34032388740323991C
:10ABAC00440393890401631A090023A60402239821
:10ABBC0004024E85EFC0A00A1DA0034924004A855B
:10ABCC00EFF0FFEC2397A402834744004E85A38843
:10ABDC00F402E3810BFEE30F09FCEFC06005EF709C
:10ABEC00907981460146D6855A85EFE09FA5A167ED
:10ABFC00938797033EC423020100480002C6EFE08E
:10AC0C00BF8541016F70EF8D8544A2862686D6855F
:10AC1C005A85EFE01FA3A167938797033EC42302D5
:10AC2C009100E1BFBD44D5B79144C5B7EF72CF8851
:10AC3C0001111C08404D3EC2B7070F003EC41C0852
:10AC4C003EC62A89AE89EFC01F9D585C1C5C634CC4
:10AC5C00B70A6394E50063E8A70A3385A740B3B746
:10AC6C00A700B305B7401306803E81469D8DEFD0FB
:10AC7C00407B93140501C180A1659385C5034800F1
:10AC8C00EFC02FAC81454800EFD0BFC18355040401
:10AC9C004800EFD05FC2835524044800EFD0BFC1F9
:10ACAC00814599C8C167FD179305F00F6386F400C1
:10ACBC002685EF402015AA854800EFD09FBE03558E
:10ACCC004404814511C9C167FD179305F00F630555
:10ACDC00F500EF402013AA854800EFD09FBC8345B8
:10ACEC0064044800EFD0FFBB834574044800EFD0E8
:10ACFC005FBB500001478146CE854A85EFC0EFC44B
:10AD0C0005616F60BFFE814485BFEF629FFC83C706
:10AD1C00950093F7F707A384F500EFF03FF16F6010
:10AD2C009FFDEF627FF983C795004111404D93F76A
:10AD3C00F707A384F5002A8A3285B284AE89EFD056
:10AD4C001FC22A8B2685EFD09FC12A892685EFD07A
:10AD5C00BFBF93170B0163CA0702E177CA97C207FB
:10AD6C00C183116763E3E70293070910C207C1832C
:10AD7C001307B00F637BF70093170901C187AA8AE9
:10AD8C006348F000C54763FA570141016F601FF635
:10AD9C00EFC08F83E31B25FFF5B763060B0263043B
:10ADAC000902814463870A02B7077F0023106405F8
:10ADBC00231124057CC05685EFF07FCD9304803E93
:10ADCC00B304950239A0B7077F00232004047CC08C
:10ADDC00814403552404EFB0101095CCEFC0BF8311
:10ADEC00269593D7F44133379500AE97BA9708DC84
:10ADFC005CDCCE855285EFF07FE399E023220404DE
:10AE0C00A1679387B70348003EC42302010002C622
:10AE1C00EFE08FE49DBF814701481CDC232E040327
:10AE2C00C9BFEF621FEBEFC0FFE9E1473305F50245
:10AE3C009145EF30507FE55711C597B7FF1F23A7FA
:10AE4C00A7C681473E856F601FEB854717B7FF1F6D
:10AE5C002300F7C68280EF62DFE797B7FF1F938767
:10AE6C00A7C480432DC083570404639EA704835753
:10AE7C002404639AB7043689B284EFC0CFF95C5CC2
:10AE8C0063C3B7046395B7001C5C63EEA7028347EA
:10AE9C00640463F3F400A6872303F4048347740467
:10AEAC0063F39700A687A303F40483574404416714
:10AEBC007D176385E70085072312F4043C4481C7A2
:10AECC00CA85268582976F601FE397B7FF1F93870C
:10AEDC00A7BD9C43014599C303C587008280EF62DF
:10AEEC005FDF0111B70707003EC683C79500584DB9
:10AEFC000AC493F7F7070AC8A384F5002A89AE841D
:10AF0C0001CB1C4283C707002304F700EF70D04528
:10AF1C002164930554022800EFC0AF82EFF0FFFAD2
:10AF2C00AA852800EFD0FF97300001478146A685FF
:10AF3C004A85EFC08FA113044402480822CC230A8F
:10AF4C00010002CEEFE04FD105616F60DFDAEF62F6
:10AF5C005FD801117C003ECAB70707003ECC7C00CD
:10AF6C003ECE83C795002E84AA8493F7F707A3845B
:10AF7C00F500A165938555024808EFB09FFCEFF0F2
:10AF8C00DFF4AA854808EFD0DF91500801478146CD
:10AF9C00A2852685EFC06F9B05616F60DFD597B7E3
:10AFAC00FF1F938767B09C43094599C303C597005E
:10AFBC00828097B7FF1F938727AF9C43094599C39E
:10AFCC0003C5D700828097B7FF1F9387E7AD9C43DB
:10AFDC00014599C303C5A7008280EF62FFCD011123
:10AFEC00B70708003EC683C79500404D0AC493F7C7
:10AFFC00F7070AC8A384F5002A89AE8429C0144235
:10B00C00854703C7060063EEE706834794000946AD
:10B01C008149638EC700B307F740A304E400B3393A
:10B02C00F00083C716002305F400EF70F0330357CC
:10B03C002403058B09C763840900EFA0B06B21645E
:10B04C00930584022800EFB0DFEFEFF05FF5AA85DF
:10B05C002800EFD01F85EFF01FF7AA852800EFD04E
:10B06C005F84014781463000A6854A85EFC0EF8D8D
:10B07C0013047402480822CC230A010002CEEFE02C
:10B08C00AFBD05616F609FC6EF62BFC401117C004C
:10B09C003ECAB70708003ECC7C003ECE83C7950065
:10B0AC002E84AA8493F7F707A384F500A1659385F2
:10B0BC0085024808EFB0FFE8EFF07FEEAA8548085C
:10B0CC00EFD02FFEEFF03FF0AA854808EFD06FFDD0
:10B0DC00500801478146A2852685EFC00F87056180
:10B0EC006F607FC197B7FF1F9387079C9C430145F7
:10B0FC0099C303C5B7008280EF62BFBD0111B707CA
:10B10C0007003EC683C79500404D0AC493F7F70766
:10B11C000AC8A384F5002A89AE8405C41C420547DD
:10B12C0083C70700636AF7040347B400630BF70097
:10B13C00A305F400EF7050238347B400A9C3EFD0EC
:10B14C000FD921649305B4002800EFB09FDFEFF016
:10B15C007FF9AA852800EFD0CFF401478146300053
:10B16C00A6854A85EFB07FFE2904480822CC230A25
:10B17C00010002CEEFE04FAE05616F60DFB7EFD09C
:10B18C002FDAC1B7EF62FFB401117C003ECAB707DA
:10B19C0007003ECC7C003ECE83C795002E84AA844B
:10B1AC0093F7F707A384F500A165AD054808EFB048
:10B1BC005FD9EFF03FF3AA854808EFD08FEE500827
:10B1CC0001478146A2852685EFB03FF805616F6087
:10B1DC009FB297B7FF1F9387278D9C43094599C34F
:10B1EC0003C5C7008280EF62DFAE01117C00AE8424
:10B1FC003ECAA165B70707002A843ECCD1057C0066
:10B20C0048083ECEEFB0FFD3EFF0BFFCAA8548084C
:10B21C00EFD02FE9500801478146A6852285EFB073
:10B22C00DFF205616F603FADEF62BFAA83C7950087
:10B23C0093F7F707A384F500EFF0FFFA6F60BFAB4D
:10B24C00EF629FA783C795000329C501411193F7AE
:10B25C00F707A384F5001C4283C90700854763ECFC
:10B26C00370597B7FF1F938767DB9C432E84AA840F
:10B27C0095C7EFF01FF689476302F50263000902D8
:10B28C008347C900638C370123063901EF70D00D59
:10B29C0083572903898B99C3EFA0D0452685A285B6
:10B2AC00EFF07FF4A167CD0748003EC423020100F4
:10B2BC0002C6EFE06F9A41016F605FA397A7FF1F73
:10B2CC009387877E9C431D4599C303C5E700828005
:10B2DC00EF623FA00111B70707003EC683C7950078
:10B2EC00584D0AC493F7F7070AC8A384F5002A89B6
:10B2FC00AE8405C71C4283C7070093968701E1867D
:10B30C0063C8060485466385D7048346E7006386D5
:10B31C00F6002307F700EF70300521649305E40075
:10B32C002800EFB01FC2EFF07FF9AA852800EFD0FC
:10B33C004FD7014781463000A6854A85EFB0FFE024
:10B34C003504480822CC230A010002CEEFE0CF904E
:10B35C0005616F605F9AEF62DF9701117C003ECA56
:10B36C00B70707003ECC7C003ECE83C795002E84E9
:10B37C00AA8493F7F707A384F500A165B9054808DB
:10B38C00EFB03FBCEFF09FF3AA854808EFD06FD128
:10B39C00500801478146A2852685EFB01FDB056169
:10B3AC006F607F95EF625F91AA84014417A9FF1F1C
:10B3BC001309C96FE149EFC0FF906344A400014534
:10B3CC0019A833053403832709003E9583572500BC
:10B3DC006395970011056F607F910504E9BF032EFB
:10B3EC00850063040E1017B3FF1F1303E38A0323B6
:10B3FC000300631503002943639A060E03234E01D1
:10B40C00631503001D436393070EEF621F8AC68901
:10B41C00428A3E89BA8AB684328BAE8B2A84A1E9E1
:10B42C0003554E0009E501431A856F609F8BA16798
:10B43C00A98F116763F7E700EFF0DFF68145EFF0B6
:10B44C008FBD0844B70700E05841F98F18455CC11F
:10B45C00B707001FF98F1CC55C4981C76105EFB0A8
:10B46C001000E38209FC2285EF70606E6DBF32859F
:10B47C00EFA0E0620D434DD91C44116703D5470082
:10B48C00A167A98F63F7E700EFF0DFF18145EFF0DB
:10B49C008FB80323840093164B01D1828347B300EA
:10B4AC00035663008588FD8BA305F300FD777D8E25
:10B4BC00558EFD76FD16B204F18E83274301C58EA1
:10B4CC00231273012313D3002304530123052301F7
:10B4DC00A3044301D9D72285EFB07FBBAA850844CA
:10B4EC00B5DD6105EFB02076ADBF1D431A858280B6
:10B4FC00EF628FFC0569AA84AE89328A0144FD5A39
:10B50C007D19EFC0EFF06345A40001456F600FFE9D
:10B51C00D84493171400BA9703D70700631B37035B
:10B52C002390570163050A002685EF70E0389C4490
:10B53C008DC383D76700B3F72701639C3701D2888B
:10B54C000148814701478146014681452685EFF038
:10B55C001FE905047DB7EF622FF679711C103EC40C
:10B56C00B7070F003EC61C103EC883C79500AA8AB9
:10B57C00328593F7F707A384F5002E893284EFD038
:10B58C000FBE93170501C1876350F006AA89228567
:10B59C00EFD0EFBC2A8A4E85032B0400EFB05F90EE
:10B5AC0039E58357440081440544F11793B71700DC
:10B5BC00A303F10083457100DA872287D2864E8679
:10B5CC002800EFE03FA4014781463000CA8556852C
:10B5DC00EFB0BFB7A1679387F70348083ECC230AA7
:10B5EC00810026CEEFD05FE745616F602FF0A2851A
:10B5FC0013067100EFE0BFAFAA84094445DD528504
:10B60C00EFE0EFB80D445DD50546D2852685EFF009
:10B61C003FEE2A8445B7EF62CFEB83550700034614
:10B62C00270041112A842E8532C62EC4EFE02FB696
:10B63C0011C53246A2452285EFF09FEB41016F60A8
:10B64C008FEBEF628FE683C795004111AA8A93F7BF
:10B65C00F707A384F5003285AE893284EFD02FB082
:10B66C0093170501C1876357F008C1452A8A2285C3
:10B67C00EFD04F9B2A8D2285EFD06FAE2A89228581
:10B68C00EFD08FAC930705F893F7F70F1307E0078C
:10B69C00AA8B6371F7062285EFD00FAB2A8C22851B
:10B6AC00EFD08FAAAA8C5285032B0400EFB04FFF6A
:10B6BC0029E583574400231101008144F11793B706
:10B6CC001700A300F1000544034711008356210025
:10B6DC00938784005685DA8822885286CE85EFE0DF
:10B6EC003FE6A167E90748003EC42302810026C655
:10B6FC00EFD09FD641016F60CFDE13061100A285FB
:10B70C00EFE0FF9EAA8409E52311010009446DBFF7
:10B71C00930521006A85EFF06FA12A8455F58355B6
:10B72C0021009356C9001316490185486688E287A3
:10B73C005E87858A51822685EFF07FCA2A8469B795
:10B74C00EF62AFD683C7950041112A8B93F7F707A9
:10B75C00A384F5003285AE893284EFD04FA09317C5
:10B76C000501C1876352F0082A8A2285EFD02F9FEA
:10B77C00AA8A2285EFD0AF9E2A892285EFD0CF9C52
:10B78C00930705F893F7F70F1307E0072A8C637DEF
:10B79C00F7042285EFD04F9BAA8C2285EFD0CF9A4D
:10B7AC002A8D5285832B0400EFB08FEF29E183574C
:10B7BC00440085440144F11793B71700A301F1002D
:10B7CC0003473100930784005A85DE882688D68685
:10B7DC005286CE85EFE0DFD68D4748003EC423026B
:10B7EC00910022C6EFD05FC741016F608FCFA28559
:10B7FC0013063100EFE0BF8F2A84894471D1935630
:10B80C00C9001316490185486A88E6876287858ACC
:10B81C005182D685EFF0BFBCAA845DB7EF62CFC969
:10B82C002A8981440144617A916A17ABFF1F130B7B
:10B83C00AB46EFC0EFBE63C5A40022856F600FCB93
:10B84C008327090093991400CE9703D5070033077B
:10B85C004501420741836362570311CD03270B0057
:10B86C0009C785453E85EF30E04A8327090005046A
:10B87C00CE972390070085046DBFEFF0BFB28327EE
:10B88C0009000504CE972390070075D58145EFE09C
:10B89C009FF8D5B7EF624FC283C7950041112A8A32
:10B8AC0093F7F707A384F50032852E893284EFD005
:10B8BC000F8B93170501C1876354F004AA89832A5F
:10B8CC000400EFB0EFDD21E18357440085440144CF
:10B8DC00F11793B71700A301F10003483100D68785
:10B8EC0052850147CE862686CA85EFD01FE3A16715
:10B8FC00F50748003EC42302910022C6EFD0DFB505
:10B90C0041016F60AFBEA28513063100EFE02FFE40
:10B91C002A84894479D197A7FF1F9387E7379C43E3
:10B92C0081CB0449EFC0CFAFAA852685EF30803E8E
:10B93C0013050401EFF09FEE2285EF6090798144AE
:10B94C0069BFEF628FB683C795004111AA8A93F73E
:10B95C00F707A384F5003285AE89328423110100E8
:10B96C00EFC0FFFF93170501C187635CF0042A8ABF
:10B97C00C1452285EFC01FEBAA8B5285032B040017
:10B98C00EFB00FD231E18357440085440144F117E5
:10B99C0093B71700A300F1000348110003572100CF
:10B9AC00DA875685D2862686CE85EFD01FD7A1673B
:10B9BC009387270248003EC42302910022C6EFD091
:10B9CC00BFA941016F60EFB1A28513061100EFE032
:10B9DC000FF22A84894469D197A7FF1F9387C72B3D
:10B9EC0098433E8901CB0449EFC08FA3AA852685D5
:10B9FC00EF30403213050401EFF05FE2EFC04FA2CD
:10BA0C00954459D9930521005E85EFE03FF2AA8455
:10BA1C0041F51C480357210022852390E700EF6075
:10BA2C00506B83270900ADDB03552100EF30E02676
:10BA3C00A5B7EF628FA783C795004111AA8A93F728
:10BA4C00F707A384F5003285AE893284EFC03FF14D
:10BA5C0093170501C1876359F0042A8A2285EFC028
:10BA6C001FF02A895285032B0400EFB06FC321E12C
:10BA7C008357440085440144F11793B71700A30181
:10BA8C00F10003483100DA8756854A87D28626862C
:10BA9C00CE85EFD09FC8A167F90748003EC42302AA
:10BAAC00910022C6EFD05F9B41016F608FA3A285EE
:10BABC0013063100EFE0AFE32A84894479D1916712
:10BACC00CA97C2071167C1831307F7EF8544E36A6E
:10BADC00F7FA97A7FF1F9387271C9843BE8B01CBC0
:10BAEC000449EFC0EF93AA852685EF30A0221305F9
:10BAFC000401EFF0BFD2EFC0AF92954459D11C486E
:10BB0C002285814423902701EF60B05C83A70B0052
:10BB1C00ADDB4A85EF306018ADB7EF628F9B2A849E
:10BB2C004105B284EFF09FCF01C52285EF60705ABA
:10BB3C0081460146A6852285EF70C00B1C4C89C737
:10BB4C00DC4799C3228582976F60EF9A97A7FF1FF6
:10BB5C00938787F59C43014599C313850701828020
:10BB6C0097A7FF1F938747F488438280EF626F96F5
:10BB7C009317C600DD8DC2054111C1812A8432C6DE
:10BB8C00EFC07FD33246228511829375F60FEFC03A
:10BB9C005FD141016F602F96EF620F9279713C0873
:10BBAC003ED2B7070C003ED43C083ED683C7950066
:10BBBC00AE842A8993F7F707A384F500A1659385D2
:10BBCC0035044810EFB0EFB7C165FD15014417AA55
:10BBDC00FF1F130AEA0D930A400EAE892E8B2EC658
:10BBEC00EFC00F874205931704014181C183B24511
:10BBFC0063E3A702C167FD176385F5004810EFC02A
:10BC0C009FCB501001478146A6854A85EFB0EFD3F4
:10BC1C0045616F60AF8D3307540383270A0BBA97C6
:10BC2C0003D6C70163083601638835014810EFF06D
:10BC3C00FFF3DA85050465B7B285EDBFEF62EF86D9
:10BC4C0079717C083EC8B70711003ECA7C083ECC0F
:10BC5C0083C79500AA89328593F7F707A384F5006B
:10BC6C002E89EFC0DFCF8567637EF502A165AA84BC
:10BC7C0089050808EFB0EFAC2685EF30E05213349D
:10BC8C0015000A04A2850808EFC0BFC1A6850808E4
:10BC9C00EFC07FC235C0014781461008CA854E856A
:10BCAC00EFB0AFCA45616F60CF83B307540303276E
:10BCBC00CA0ABA9703D70700631A970003D627005E
:10BCCC00638A65030808EFF07FEADE8505042EC65B
:10BCDC00EFB01FF94205931704014181C183B245AE
:10BCEC00E3E5A7FCC167FD17E387F5FA0808EFC089
:10BCFC009FBC55B7B285D9BFC165FD15014417AAC4
:10BD0C00FF1F130AEAFA930A80022E8BAE8BC1B77F
:10BD1C00EF523FFC18418347170083460700A207E8
:10BD2C00D58FD207D1832390F50083472700034793
:10BD3C0017008D45A207D98F91832310F600EFC011
:10BD4C003FAD6F505FFBEF523FF7C164014417A941
:10BD5C00FF1F1309E9F593098002FD14EFB05FF0A2
:10BD6C006345A40001456F507FF8330534038327E6
:10BD7C00C90A3E9583570500E38797FE0504F9BF72
:10BD8C00EF529FF32A8AAE89B284B68AEF30C04153
:10BD9C0009E591473E856F507FF52A894E85EF90D6
:10BDAC0010502A84638A0A048D476DD50357050009
:10BDBC00C547E31147FF0347F9018546AD47E31B30
:10BDCC00D7FC8347450091CB4146A6855D05EFC066
:10BDDC00D022814761D1AD4775BF1309650123029C
:10BDEC00E500CA852685EF10202D15CDA547E383E8
:10BDFC000AFA2302040079BF11CD83570500E39A98
:10BE0C0047F94146A6851905EFC0301F814759D126
:10BE1C00994749B74E85EFF01FF32A8495473DD9D2
:10BE2C00130955007DBF4146A685231044012311FB
:10BE3C00340113051900EFC0B01E2285EF60B03C31
:10BE4C00814789BFEF52FFE879717C003ECCB70780
:10BE5C000A003ECE7C003ED083C79500B2842E846F
:10BE6C0093F7F707A384F5001306A1002A892C0089
:10BE7C002685EFF0FFE9A16528088D05EFB06F8CE2
:10BE8C0090408355A100035581008546EFF05FEF8C
:10BE9C00AA84AA852808EFC0DFA00356A100835509
:10BEAC0081002808EFF09FCC300801478146A2851D
:10BEBC004A85EFB08FA9854748103ED423029102E2
:10BECC0002D6EFD06FD945616F50FFE2EF527FE0A1
:10BEDC0079717C003ECCB7070A003ECE7C003ED088
:10BEEC0083C79500B2842E8493F7F707A384F500DB
:10BEFC001306A1002A892C002685EFF07FE1A165AD
:10BF0C0028088D05EFB0EF8390408355A1000355B1
:10BF1C0081008146EFF0DFE6AA84AA852808EFC0ED
:10BF2C005F980356A100835581002808EFF01FC4C9
:10BF3C00300801478146A2854A85EFB00FA1481011
:10BF4C002302910202D402D6EFD00FD145616F507B
:10BF5C009FDAEF521FD8EFF0BFE26F50DFD997A7EF
:10BF6C00FF1F9387A7B488438280EF529FD68357D5
:10BF7C0025004111AE842A842307B10017F5FFFF79
:10BF8C001305A5696C002316F100EFB0CFD581C461
:10BF9C002285EF60B02DFD572310F400130620020C
:10BFAC00814513055400EF50DFD541016F50BFD4CC
:10BFBC00EF529FD079717C003ECCB7070A003ECE81
:10BFCC007C003ED083C79500AA89AE8493F7F7070F
:10BFDC003285A384F5001306A1002C00EFF05FD38B
:10BFEC00035581001144EF30201C15C10355A100ED
:10BFFC000144EF90D02A01CD0357050083578100EF
:10C00C0045446316F7008545EFF03FF6014421697E
:10C01C00930539002808EFA0DFF2A2852808EFC0AD
:10C02C005F880356A100835581002808EFF01FB4E8
:10C03C00300801478146A6854E85EFB00F91481018
:10C04C004AD42302810202D6EFD00FC145616F5052
:10C05C00FFC9EF527FC697A7FF1F9387E7A42A84D7
:10C06C0088432E8915C1035745038357C401631DAB
:10C07C00F70023260502231805024105EFA0303EE8
:10C08C0063040900EF60302F814497A9FF1F938947
:10C09C0029C2130A8002EFB0BFBC63CCA40297A7DD
:10C0AC00FF1F938727A99C4389C70355C401EF1031
:10C0BC004076630509002285EF6050031306400E9D
:10C0CC0081452285EF50FFC3FD57231EF4006F50AE
:10C0DC00FFC13385440383A7C90A3E950357050066
:10C0EC008357C4016315F700CA85EFF01FE8850478
:10C0FC005DB7EF527FBC83C795004111AA8993F7B6
:10C10C00F707A384F5003285AE84EFC05F858567A1
:10C11C006370F5042A89EF302009014411C983D7D3
:10C12C0004003144638627018545EFF09FF20144FA
:10C13C004E85A2864A86A685EFD02FBFA16793872E
:10C14C00170448003EC42302810002C6EFD0CFB0D2
:10C15C0041016F50BFB9EF523FB697A7FF1F9387AE
:10C16C00A79480431DCC0145EFA0E05681470148C0
:10C17C00C1641CDC232E04032320040417A9FF1F15
:10C18C00130909B301449309400EFD14EFB05FACE1
:10C19C00634BA40081451705000013054598EFB0CB
:10C1AC008FB46F50BFB4330534038327090B3E950E
:10C1BC008357C501638597008545EFF09FE905041A
:10C1CC00F1B79357050113D78700A380F500931798
:10C1DC000501C183A1832380E5002381F500A381A0
:10C1EC00A5008280EF52FFAE2300050083C7150027
:10C1FC00A300F50083C725002301F50083C7350094
:10C20C00A301F50083C745002302F50083C7550041
:10C21C00A302F50083C7650093059500A3030500F1
:10C22C002303F500230405003285EFF09FF96F50CE
:10C23C009FACEF527FA84111E9541DC995C993F9E0
:10C24C00C5FF2E842A89AA84338AA900B7EA040080
:10C25C0063149A020D88854401CCB7E704009C5FF7
:10C26C0082972AC622866C0033053901EFC0405BE9
:10C27C00268541016F509FA783A78A03910482975B
:10C28C0093170501C183A183A38EF4FE9357050177
:10C29C00238FF4FEA183238EA4FEA38FF4FE4DBF47
:10C2AC0063E0D502EF52FFA2B28741113686BE85FC
:10C2BC0036C6EFC0E056B246410136856F50BFA37B
:10C2CC00814636858280838705001387F5003D05FE
:10C2DC00FD8793F77708834607007D158606B58F93
:10C2EC00A300F5006307B7007D17834717009D83F4
:10C2FC00DDB78280EF52FF9DB7E7040083A70709E3
:10C30C0032872A863A858297133515006F50BF9E67
:10C31C0001CD814799C9EF52DF9B4146EFC0405098
:10C32C0085473E856F503F9D81473E8582801DC568
:10C33C00EF523F9A414681452A84EF509F9C4146DB
:10C34C00814513050403EF50DF9B0147C16723228E
:10C35C00040438C87CC805456F50FF99014582809C
:10C36C00814729CDA1CDEF52DF96B2842E891306D9
:10C37C00800581452A84EF50DF98CA8524C4268520
:10C38C00EFF01FF9414681452285EF509F973044CD
:10C39C00A2852285EFF01FF693040401A285268561
:10C3AC00EFF07FF2A68513050402EFF0DFF1228592
:10C3BC00EFF0FFF785473E856F50FF933E858280F7
:10C3CC00EF529F8F4111E9541DC995C993F9C5FFCF
:10C3DC002E842A89AA84338AA900B7EA04006394BC
:10C3EC0044030D88814401CCB7E704009C5F82971D
:10C3FC002AC622866C0033053901EFC060422685BF
:10C40C0041016F50BF8E83A78A03910482979317C3
:10C41C000501C183A183A38EF4FE93570501238FDD
:10C42C00F4FEA183238EA4FEA38FF4FE4DBF71CD29
:10C43C00EF529F88B28401E605456F503F8B2A84EA
:10C44C002E890145FDD93C487848B3E6E700F5D67E
:10C45C009386F7FFB3B7F6007D17032A4404BA9707
:10C46C0034C87CC8630F0A04C14913050A03B38995
:10C47C0049412295637B3601B2862E86A685EFF064
:10C48C003FE27C40BE9464C045BFCE862E86CE85EE
:10C49C00EFF01FE1C114D2944E9923220404A28719
:10C4AC009306040103C7070003C607038507318FF2
:10C4BC00A38FE7FEE398F6FE3044A2852285EFF0C9
:10C4CC007FE32699C1493306994063EA9900ADD4BC
:10C4DC00A686A68513050403EFF09FDC6DB7814794
:10C4EC00B306F4003307F6000347070083C50600C4
:10C4FC0085072D8F2380E600E39437FF3044A28517
:10C50C002285EFF03FDFC1147DBF0145828019C940
:10C51C00EF522FFC130680058145EF508FFE054529
:10C52C006F506FFD0145828081473DC9B5C9EF52FF
:10C53C004FFAFC4141462E84AA846393C7041386A8
:10C54C000501A2878146C14503C7070003C5070340
:10C55C008507298F3305D600034505008506298FED
:10C56C00A38FE7FEE392B6FE3044A2852685EFF05A
:10C57C007FD82285EFF0BFF985473E856F50AFF726
:10C58C00138507031D8E81452295EF508FF77C4054
:10C59C00130700F813060402A2972388E70255B785
:10C5AC003E858280EF52EFF26D712E84B284AA85A3
:10C5BC00901028003689EFF0BFDA19E9D55705A09D
:10C5CC0050400C402800EFF09FE66DD9FD1421047B
:10C5DC00E5F82C004A85EFF03FF5814765D13E85A3
:10C5EC0051616F504FF1EF52CFEE41112EC432C654
:10C5FC002C000546EFF01FFB41016F50CFEFEF52BF
:10C60C004FED01112A842EC602C802CA02CC02CEFA
:10C61C00EFC02052B2462A86A2850808EFF0BFFC74
:10C62C001375F50F05616F500FEDEF528FEA7971AD
:10C63C00B2872A8421462308B10013051101BE8557
:10C64C003AC436C6EFC0C01DB2469305910136857B
:10C65C00EFF03FB72285141035460C08EFF0BFF809
:10C66C002A84224711E521460C103A85EFC0401B65
:10C67C00228545616F502FE8EF52AFE57171AE84A2
:10C68C00AA850A853284EFF0BFC801C90A86A6853F
:10C69C002285EFF03FC6814711E1C5473E854D61CC
:10C6AC006F506FE5EF52EFDF1D712A8AB289BE849D
:10C6BC0035468547130511012E8CB68A3A8BC28CF0
:10C6CC00468D2308F100EFC0A01510100C08528500
:10C6DC00231F0100EFF05FFA2A842DE9A147631BA9
:10C6EC00FD069307900591E0E5473546E285130575
:10C6FC00110113990A012308F10013590901EFC024
:10C70C0020121357890093978A00D98F90080C0830
:10C71C005285231FF100EFF03FF62A8405E9A1E0D2
:10C72C009387FA0091831379F9003EC663130900CD
:10C73C004149668B8144C14B854DB2476397970C39
:10C74C006A868C0033855C01EFC0800D22852561E3
:10C75C006F50EFD893079004C9F8A54779B7834772
:10C76C0001050947C14B2308F10083471105A58F2B
:10C77C00A308F10093872400814463EFFB02014777
:10C78C0014083386E6008C08B386E400BA95DA9672
:10C79C0083C6060083C505000507AD8E2300D600B1
:10C7AC00E390E7FE41476398E70490080C08528534
:10C7BC00EFF09FEC35D535A8B3069B00BA8710086F
:10C7CC00B305F60090083E9603C506000346060026
:10C7DC0085078506298E2380C500E39277FF998F04
:10C7EC0090080C085285BE94EFF01FE98947014769
:10C7FC0049D52A84A1BF90083E960346060014082A
:10C80C00BE962380C600850779BFB2478504638B2B
:10C81C00971281471808B306F70098083E9733869D
:10C82C00F90003470700034606008507318F238074
:10C83C00E600E39177FF90080C085285EFF0DFE3F8
:10C84C004DF93546E285130511012308B101EFB00E
:10C85C00307D139704014183939784002183D98FF2
:10C86C0010180C085285231FF100EFF0FFE051F176
:10C87C00814710183387F9003E960347070003469B
:10C88C000600B306FB008507318F2380E600E39298
:10C89C0077FF75A01808B306F70098083E97338603
:10C8AC00F90003470700034606008507318F2380F4
:10C8BC00E600E3E127FFCA876398770990080C0824
:10C8CC005285EFF07FDB15F581479800B306F70032
:10C8DC00900818103E973E96034707000346060043
:10C8EC008507318F2380E600E39177FF3546E2859B
:10C8FC00130511012308B101EFB0907213970401D5
:10C90C004183939784002183D98F10180C0852858A
:10C91C00231FF100EFF05FD6E31D05EC81471018E3
:10C92C003387F9003E960347070003460600B3061B
:10C93C00FB008507318F2380E600E3E227FFC10966
:10C94C00410BE5BB8147B5B79408BE9683C606007C
:10C95C0018083E972300D7008507B9BF638E062CB5
:10C96C00EF522FB459712A84BE89B28B8547354654
:10C97C00130511022E8B468C4289BA8A368A230003
:10C98C00F102EFB0F06910180C1022852317010288
:10C99C00EFF09FCE631E0510A1476319FC069307A9
:10C9AC00900563930900E5473546DA8513051102B6
:10C9BC0093140A012300F102C180EFB07066931743
:10C9CC008A0013D78400D98F90080C102285231766
:10C9DC00F102EFF07FCA69ED639009049307FA0046
:10C9EC00BD88918391E0C144C207C183DE8C814A2A
:10C9FC003EC6414DB24763EAFA0C6286B3854B01E1
:10CA0C008810EFB0905F4DC53D555DA09307900425
:10CA1C00E39C09F8A54749BF834701050947C14C69
:10CA2C002300F10283471105B3C7F900A300F102FB
:10CA3C0093872900814963EFFC0281461810330665
:10CA4C00D7008C083387D900B69556970347070053
:10CA5C0083C5050085062D8F2300E600E390D7FEE5
:10CA6C004147639AE70490080C102285EFF0DFC071
:10CA7C0035D53DA8B3863A01BA871010B305F60038
:10CA8C0090083E9603C506000346060085078506FA
:10CA9C00298E2380C500E39297FF3387EC409008E2
:10CAAC000C102285BA99EFF03FBD8947014741D55B
:10CABC0065616F50CFA290083E9603460600141095
:10CACC00BE962380C600850769BFB247850A939935
:10CADC000A01939D8A0093D909016399570D8547E3
:10CAEC003546DA85130511022300F10293D989002A
:10CAFC00EFB01053B3ED3D0190000C1022852317BD
:10CB0C00B103EFF07FB74DF58147A68963E6970631
:10CB1C0026860C084A85EFB0B05081471810B30632
:10CB2C00F700100898083E973E9603470700034607
:10CB3C0006008507318F2380E600E3E197FE639DB5
:10CB4C00A90590080C102285EFF01FB335F1814731
:10CB5C009810B306F700900818183E973E960347B6
:10CB6C000700034606008507318F2380E600E3911A
:10CB7C00A7FF4109C10CBDBD18089000B306F70012
:10CB8C003E963387FC0003470700034606008507E3
:10CB9C00318F2380E60095BF98084E970347070016
:10CBAC001C10CE972380E700850951BF8547354679
:10CBBC00DA85130511022300F10293D98900EFB035
:10CBCC003046B3ED3D0190000C1022852317B103C4
:10CBDC00EFF09FAAE31E05EC814718089000B306FE
:10CBEC00F7003E963387FC00034707000346060018
:10CBFC008507318F2380E600E391A7FF41460C089F
:10CC0C004A85EFB0F04181471810B306F7001008C1
:10CC1C0098083E973E960347070003460600850793
:10CC2C00318F2380E600E391A7FF90080C1022853A
:10CC3C00EFF09FA41DDDADBD7D558280EF526F8955
:10CC4C0001112A842E8593055100328902C002C23B
:10CC5C0002C402C693047400EFF0AFD61D46A6853D
:10CC6C0013059100EFB0D03B10088A854A85EFF090
:10CC7C00BFA019ED93071400180883C607000346DC
:10CC8C00070085070507B18EA38FD7FEE397F4FE47
:10CC9C0005616F504F86EF522F822E848C414111CB
:10CCAC00AA89838715003289914463D30700A14474
:10CCBC009797FF1F938787369C43B1C3B5CE8D479B
:10CCCC002310F10083C725004A852301F10083C797
:10CCDC003500A301F10083C745002302F10083C78F
:10CCEC005500A302F10083C7650093059100A303CF
:10CCFC0001002303F10023040100EFF08FCC0C4062
:10CD0C004A860A85EFF00FCE0328040083564400B0
:10CD1C00A6881D0881470147E51642868A854E85FF
:10CD2C00EFF05F982A8909E5A6852285EFB0FFB25E
:10CD3C004A8541016F409FFB4A860A85EFF08FCAF6
:10CD4C007DBFEF427FF72E848C414111AA898387E6
:10CD5C0015003289914463D30700A1449797FF1FB4
:10CD6C009387C72B9C43B1C3A5CE8D472310F100ED
:10CD7C0083C725004A852301F10083C73500A30131
:10CD8C00F10083C745002302F10083C75500A302BD
:10CD9C00F10083C7650093059100A30301002303F1
:10CDAC00F10023040100EFF0CFC10C404A860A8544
:10CDBC00EFF04FC383564400032804008A85858E08
:10CDCC00C2061D08C1822312D400A68881470147E0
:10CDDC00E51642864E85EFF07FB841016F401FF19A
:10CDEC004A860A85EFF00FC0C9B7EF429FEEB33504
:10CDFC00B000011185052A891315F601336515015B
:10CE0C002308B1009305110136843AC632C03EC4E2
:10CE1C0042C2EFF00FBBA2471248425593D687008F
:10CE2C00230BF1009305910193578800A30AD100BD
:10CE3C00A30BF100230C0101EFF0AFB8324702460F
:10CE4C0003280400B337E000835644009207914452
:10CE5C0011C2A1444A85A68842860C08EFF09F8433
:10CE6C002A8909E5A6852285EFB03F9F4A85056191
:10CE7C006F407FE8EF425FE401113EC68647B33551
:10CE8C00B0008505AA891315F6015D8D2308B10044
:10CE9C009305110136843A89B28442C446C2EFF03C
:10CEAC004FB222489248164593578800A30AF100C6
:10CEBC009305910193D78800230B0101A30BF1007B
:10CECC00230C1101EFF0EFAF3247104083564400B2
:10CEDC00B337E000920703280900914891C0A1489C
:10CEEC000C084E85EFF09FA7AA8411E583554400EA
:10CEFC004A85EFB09F96268505616F403FDFAA9566
:10CF0C009307F00F17F70000130787806317B5001E
:10CF1C0013C5F7FF1375F50F828005058346F5FFE2
:10CF2C00B58FBA9783C70700D5B70357450014418F
:10CF3C009307F00F17E600001306867D369742071D
:10CF4C004183139506014181631BE500AD8FB297B8
:10CF5C0003C50700130515F31335150082808506EC
:10CF6C0003C5F6FFA98FB29783C70700D9BFEF425D
:10CF7C005FD6B28736842E86BA86AA853E85BA8459
:10CF8C00EFF06FE6634B05002285EFB0903A2A86EE
:10CF9C00A686A2852685EFF00FE56F40DFD5EF4220
:10CFAC00BFD15D712A8BAE8A17E500001305C573DE
:10CFBC002C00B284368ABA893E89EFF04FE42A8479
:10CFCC0059E534104146DA852800EFF0CFE12A8488
:10CFDC003DED8547A303F100A6C293077100240819
:10CFEC00BEC4A68685470D462C18281002DC02DE2E
:10CFFC00D6C0BEC6EFF00FDB2A8431E9834771023D
:10D00C00A6860D4693F7F7072300FA00C1473EDECC
:10D01C002C188947281026DCA303F100EFF08FD8D9
:10D02C002A8415E54146A6854E85EFB0607F8D4775
:10D03C00A6860D462C182810A303F100EFF08FD60E
:10D04C002A8411E54146A6854A85EFB0607D22858C
:10D05C0061616F40BFC9EF42DFC797D7000093876C
:10D06C00A715984383C7470079712A89AE8417E5C1
:10D07C0000001305E5670C083AC42306F100EFF035
:10D08C000FD82A8415E514104146CA850808EFF01C
:10D09C008FD52A8411ED140815462C000810EFF0DA
:10D0AC008FD42A8411E521462C082685EFB04077D1
:10D0BC00228545616F403FC4EF42BFC197D7000046
:10D0CC009387870F9C477971AA842E8417E50000FB
:10D0DC00130585620C083EC6EFF06FD20DE51410F7
:10D0EC004146A6850808EFF00FD011ED1408114643
:10D0FC006C000810EFF02FCF19E58347F10193F77F
:10D10C00F7032300F40045616F40FFBEEF427FBC84
:10D11C003688A14881470147E546EFF0AFD86F400C
:10D12C009FBDEF421FBB3688A14881470147E546AA
:10D13C00EFF0DF826F403FBCEF42BFB901112A8490
:10D14C002E850C0832C6EFF08FCB19E9324797E6E3
:10D15C0000009386E6581008C1452285EFF03FE1A8
:10D16C0005616F405FB9EF42DFB64111C1472EC078
:10D17C0032C48A8509463EC23EC6EFF0AFC24101B9
:10D18C006F407FB7EF42FFB44111AE861306100912
:10D19C00AA850A8502C002C202C402C6EFF0AFC45F
:10D1AC0041016F405FB5EF42DFB2328797E6000076
:10D1BC00938606552E8693050002EFF05FDB6F40D9
:10D1CC009FB3EF421FB17971C1472ACC2ED032D414
:10D1DC002C080D4628003ECE3ED23ED602C402C6D6
:10D1EC0002C802CAEFF00FBC45616F40DFB0EF42DE
:10D1FC005FAE0111AA842E8417E500001305C550FB
:10D20C008A85EFF0CFBF05E514084146A6850A854F
:10D21C00EFF06FBD09ED8347E1010347F101A20770
:10D22C00D98FCA07C9836177D98F2310F4000561A0
:10D23C006F407FAC05C9EF42DFA99797FF1F93871B
:10D24C00678B90439795FF1F9385058B1795FF1F51
:10D25C0013054586EFB080091795FF1F13058585CB
:10D26C006F407FA91795FF1F1305C58482809DC54C
:10D27C00EF423FA69797FF1F9387C78794430111EF
:10D28C002E840A869795FF1F93850587EFB0800A39
:10D29C000A850294014505616F40FFA57D5582808A
:10D2AC00EF423FA3EFB080149797FF1F23A4A784EE
:10D2BC0017F5FFFF130525F8EF90D0406F40BFA383
:10D2CC001797FF1F130747859317150008433E95C3
:10D2DC00FD572310F5008280EF42BF9F2A8408403F
:10D2EC0019E16F405FA11C4158401CC06313E5005D
:10D2FC005CC08347550023200500F99BA302F50071
:10D30C00EFB0EFF9E9BFEF423F9B9797FF1F938771
:10D31C00A78298432A8411CB8347350093F70702E1
:10D32C0089C7035505008945029713054401EF9001
:10D33C001013835504000355E400EF20701B48586C
:10D34C0009C5EFB0CFF5232A040213058403EFF0CF
:10D35C00BFF88144B149EFA0FF9A63C5A40283478B
:10D36C0034002320040493F727FCA301F4000048A5
:10D37C00EFA05F9A1316150081452285EF407F9828
:10D38C006F40DF96B38734030329040385043E9969
:10D39C004A85EFF07FF42304090075BF83473500FD
:10D3AC0093F7070299E3014582808357E500E39CDC
:10D3BC00B7FEC167FD176316F6000545828005456B
:10D3CC00B9A0EF421F9193170601C187B2842A843A
:10D3DC0001496359F002835705008DCB0145636702
:10D3EC00F600034584003E953325A6001375F50F12
:10D3FC0039A81C4813171900BA9783D70700E38084
:10D40C0097FC0509EFA01F91E345A9FE01456F406C
:10D41C009F8EEF427F8AAE89AA84EFA07F852A84F3
:10D42C00EFD0BFAAAA860147130684019705000016
:10D43C00938545E91785FF1F1305456EEFA0AFD502
:10D44C002A8921CD8C441304C50022859E0593F5B1
:10D45C000508EFB00FC5CC4083877400E18163D120
:10D46C00070493E505082285EFB0AFC30D469385FD
:10D47C0044002285EFB00FC183D504002285EFB0A4
:10D48C00EFC583D524002285EFB04FC503D64900E4
:10D49C0083A509002285EFB0EFBE4A856F401F853A
:10D4AC0093F5F507C9B7EF42DF8201112A84328563
:10D4BC0032C6EFB06FB4EF903F91835704001787DB
:10D4CC00FF1F1307E77E3246231BF100930700F87A
:10D4DC00A30DF1001C471843231AA1008983858BE7
:10D4EC00B307F740B28548083ECE231C0100230D3C
:10D4FC000100EFF01FF205616F40EFFFEF42CFFB31
:10D50C000041014529CC9304C40026853289AE899B
:10D51C00EFB08FB295452A8A2685035B0401EFB0E4
:10D52C002FAF2685EFB02FC68D45AA8A2685EFB082
:10D53C002FAE2685EFB02FC55C48420A135A0A015C
:10D54C00D2975CC423186401814763983A0146055D
:10D55C004D81330625419337160013F5F70F6F40B5
:10D56C00EFF8EF428FF489692A8BAE8B328AB68A38
:10D57C0081440144314CFD19EFA0CFF863C9A400DC
:10D58C00EFA04FFB018D33B5AA006F408FF53389A7
:10D59C00840383270B003E9963170A008347890095
:10D5AC0085043E94D1BF03560A00DE854A8533F6C6
:10D5BC00C900EFF0BFF47DD10545C1BFEF426FF15B
:10D5CC0001112A847C000355E5003ECAB707070009
:10D5DC003ECC7C003ECEEF10303D2A898545480874
:10D5EC00EFB0EFC199454808EFB02FA7AA844A8540
:10D5FC00EF10B03D2380A4009787FF1F9387476BE4
:10D60C009C434166130606F09396870113D7870156
:10D61C00558F93D68700F18E558FA207B706FF0062
:10D62C00F58FD98F11462C00138514003EC4EFB032
:10D63C00201F5008A382040089452285EFF0BFE625
:10D64C0009C9AA8513058403EFB0EFBB3C408507DD
:10D65C003CC005616F402FEAEF42AFE7EFA08FEDC2
:10D66C002A840504EFA00FEC3305A402F147914581
:10D67C003305F502EF10207B01E565556F40AFE7F0
:10D68C009787FF1F23A2A74AEFA0CFEA2A8405049D
:10D69C00EFA04FE93305A40289450605EF10A078E9
:10D6AC0069DD9787FF1F23A9A746EFA0AFE82A845F
:10D6BC000504EFA02FE73304A4029787FF1F239FD5
:10D6CC008744EFA02FE72A84EFA0CFE5930714003F
:10D6DC003385A7029787FF1F2393A74497E7000082
:10D6EC00938747C61787FF1F232EF742014579B74B
:10D6FC00EF428FDCAA842E8901449789FF1F9389FE
:10D70C00295B130A8006EFA0EFE16345A4000145F5
:10D71C006F40CFDD3305440383A709024A86A685F3
:10D72C003E95EFF0BFC719E10504F1BF0545CDB734
:10D73C00EF42AFD7AA8A2E8BB28B368C3A8A8144B1
:10D74C0001448149978CFF1F938C8C56130D8006D6
:10D75C00EFA04FDD63C7A40011E085494E856F40F3
:10D76C004FD83389A40383A70C025E86D6853E99D5
:10D77C004A85EFF0BFC219CDEFA0CFDB0544636B38
:10D78C004501D2866286DA8513050903EFF07FDD49
:10D79C0011C1854985046DBFEF420FD2C16441119F
:10D7AC002A8901449789FF1F93898950130A80069F
:10D7BC00FD1436C632C42EC2EFA0CFD692452246F7
:10D7CC00B2466346A400014541016F402FD2330598
:10D7DC00440383A709023E9509C683473500C18BD4
:10D7EC009DC791C68347350093F707028DC3630627
:10D7FC0099008357E500639C27010357050001CB73
:10D80C0063E7E50083478500BA97E3CFF5FA050493
:10D81C004DB7EF426FCAC1642A8901449789FF1F33
:10D82C0093890949130A8006FD14EFA0AFCF634416
:10D83C00A4006F40AFCB3305440383A709023E9588
:10D84C008357E5006388970063049900639427016C
:10D85C00EFF07FAB0504D1BFEF42AFC489692A8AD0
:10D86C00AE8A328BB68B8144178CFF1F130C4C4441
:10D87C00930C8006314DFD19EFA0CFCA63C4A400F0
:10D88C006F40EFC53389940383270C028355CA017B
:10D89C005A863E994A85EFF07FB005CD814D05A0A3
:10D8AC003384AD038327090303D60B00D68533F6E7
:10D8BC00C9003E942285EFF07FC419E5850DEFA0D9
:10D8CC006FC4E3CFADFC31A02285EFF0FFA02304A1
:10D8DC000400850455B7EF424FBD4169AA8A014A3D
:10D8EC00178BFF1F130BCB3C7D19C14B054CEFA0C5
:10D8FC006FC36344AA006F40CFBE93098006B30781
:10D90C003A0383290B02BE9983D7E900638C270164
:10D91C0063842A016398570103A4890311E44E859B
:10D92C00EFF0DFC9050AE1B7835704016399770764
:10D93C009304C4002685EFA03FF085452A8D2685EB
:10D94C00835C0401EFA0DFEC2685EFA0FFFF6205EE
:10D95C006185635F05028D452685EFA07FEB8945C8
:10D96C002685EFA0FFEA89452685EFA07FEA85454D
:10D97C002685EFA03FEB83470500094793F7F70790
:10D98C006398E70099452685EFA0DFE9A30285019E
:10D99C004848337D2D01231894016A9548C40040F2
:10D9AC00B5BFEF420FB337E404008327041D829701
:10D9BC009787FF1F83C7C71C1755FF1F1305C57219
:10D9CC00A300F5008327441C82978327841C81467F
:10D9DC001306F00F8145014582976F40CFB1178731
:10D9EC00FF1F1307E70918439785FF1F83C54519C8
:10D9FC009787FF1F93874717834687030346970331
:10DA0C006397D5009787FF1F238CC716828083C529
:10DA1C0087010347A7036317B6009787FF1F23816E
:10DA2C00E716828003C687016317C7009787FF1F1D
:10DA3C002388D714828083C6870113075002631989
:10DA4C00D700930760021787FF1F230BF712828002
:10DA5C0083C68701130660026315D6009307700214
:10DA6C00DDB783C7870155BF9787FF1F9387C70F04
:10DA7C00D44B09476385E608EF42AFA51789FF1F12
:10DA8C001309C90B3E8483470900918B9DCFB7E4E2
:10DA9C00040083A7041D829783A7441C1785FF1FCE
:10DAAC001305450A829783A7841C81461786FF1F9E
:10DABC000346460B81450145829721C183470900E6
:10DACC00ED9B1787FF1F230BF7068347040093F783
:10DADC00F70F85C791471787FF1F2321F70AEFF030
:10DAEC005FECEFF0DFEFB7E70400BC4F4146914528
:10DAFC001785FF1F0345C50782976F40CF9F828014
:10DB0C00EF422F9D8D4741116304F504C547630611
:10DB1C00F50285476310F5029787FF1F2384A7063C
:10DB2C00B7E70400BC4B930500101785FF1F034596
:10DB3C002504829741016F400F9C85471787FF1F73
:10DB4C002302F704B7E70400BC4B93050020F1BF98
:10DB5C009787FF1F93874701D44B1147638DE600CE
:10DB6C00B7E7040083A7071D8297B7E70400BC4BF7
:10DB7C00930500045DBF05491787FF1F232027016C
:10DB8C0083C7070032C62E8493F7F70FC5D7B7E4C7
:10DB9C00040083A7041D7D141374F40F8297E3769D
:10DBAC0089FCB245994703C61500E3F0C7FCFC4459
:10DBBC0009061785FF1F130525FD8297BC489305A1
:10DBCC0000081785FF1F0345A5FA829779BFEF421E
:10DBDC004F901787FF1F130727F94047184B1C401E
:10DBEC009786FF1F23A8F6F86316E4001787FF1F1C
:10DBFC002324F7F8130584FEEF907FF3035564FF9D
:10DC0C00EF903FC6EFA0BFE96F40EF8EEF426F8CF5
:10DC1C009787FF1F938747F5D84BDC4799C3EFF0E5
:10DC2C001FFB85471787FF1F232AF7F49787FF1FD2
:10DC3C00938707E59C43930500021785FF1F034557
:10DC4C0025F383C787031787FF1F230BF7F2B7E76B
:10DC5C000400BC4B82976F400F8A9787FF1F23A746
:10DC6C00A7F08280EF424F8537E404007C4CA1453D
:10DC7C001785FF1F0345C5EF82977C48A145178583
:10DC8C00FF1F0345E5EE9784FF1F9384E4ED829715
:10DC9C00DC4489E7EFF05FDD6F404F8503D567FF0C
:10DCAC00EF903FBCAA897DD5D84891476310F70205
:10DCBC007C4C91451785FF1F034585EB82977C486B
:10DCCC0091451785FF1F0345A5EA829703A94901D2
:10DCDC0003D409018947B7E904001787FF1F232FD5
:10DCEC00F7E883A7091D21044204829783C78401A6
:10DCFC001755FF1F1305453F61191757FF1FA30544
:10DD0C00F73E83A7491C418082979787FF1F238B7F
:10DD1C0007E683A7C91C814609469375F40F4A850B
:10DD2C00829711E99787FF1F83C707F689C797501A
:10DD3C00FF1FE78080ADB7E70400BC4F2146A1452B
:10DD4C001785FF1F0345C5E28297B9B7EF327FF8FD
:10DD5C0093F7052001112E8481CBEFF03FEB134597
:10DD6C00042005616F303FF993F70510A9CB978418
:10DD7C00FF1F938464DFDC48EFF07FC61787FF1F1B
:10DD8C00130707D0184383C784010347870363161F
:10DD9C00F700DC4499C3EFF09FE385471787FF1F1B
:10DDAC00232EF7DCB7E70400BC4B93050002178564
:10DDBC00FF1F0345E5DB8297134504105DB793F70E
:10DDCC000508ADC79787FF1F83C717DCE9171946EE
:10DDDC009785FF1F938565DB1305D10093F4F70F2F
:10DDEC001789FF1F034949DAEFA090239397040189
:10DDFC00C1831787FF1F1307A7D9231DF100231C0D
:10DE0C00F1009787FF1F938727D63ACE3ACAD8439B
:10DE1C002306010009CBDC439315890154080D46F8
:10DE2C00E185680082971345040825BF93F7250008
:10DE3C00B1CF9787FF1F938727D3D84B89476306AA
:10DE4C00F7029787FF1F83C767CF13F7270011EFE0
:10DE5C00918B99CFB7E70400BC4F1306000A894594
:10DE6C001785FF1F0345C5D0829713452400D5BDE8
:10DE7C009787FF1F9387C7C09C4383C78703178768
:10DE8C00FF1F230FF7CEEFF0FFDDC5B793F70502A9
:10DE9C0091C7EFF03FDD13450402E1B593F7850020
:10DEAC0091C7EFF0BFD61345840065BD93F71500FD
:10DEBC0091C7EFF07FBB1345140065B593F7450090
:10DECC0091C7EFF07FBA1345440061BD93F7050489
:10DEDC0085C39787FF1F83C727C981CBEFF07FAC22
:10DEEC0091471787FF1F232BF7C81345040495BDD3
:10DEFC0093F705010145E38607E69787FF1F938794
:10DF0C00A7C6D84B91476310F7049787FF1F9387D9
:10DF1C00E7C29C4313D727008583D98F858B91E764
:10DF2C00B7E7040083A7071D8297B7E70400FC4FEF
:10DF3C0091451785FF1F0345A5C382978547178712
:10DF4C00FF1F232DF7C21345040121BD9787FF1F27
:10DF5C00238CA7D28280EF32DFD79787FF1F23ABAA
:10DF6C0007C09787FF1F23A907C085471784FF1F8A
:10DF7C00130404B11787FF1F2322F7C01C4083C76B
:10DF8C0087031787FF1F230DF7BEEF90FFDF39C103
:10DF9C009757FF1F23AEA7141C401705000013054D
:10DFAC0025DB83C787031787FF1F230BF7BC175786
:10DFBC00FF1FA30BF7129787FF1FA38707BAB7E7BB
:10DFCC00040083A7070882979787FF1F2382A7BAAD
:10DFDC006F307FD2B7C7898E938767ED1757FF1FB6
:10DFEC002328F71055BF1787FF1F0347E7B779554D
:10DFFC0055E39787FF1F938727B703C717000507BC
:10E00C009786FF1FA382E6B603C717008D463377AA
:10E01C00D7029786FF1FA389E6B483C6170017871C
:10E02C00FF1F1307E7A5184393F6F60FA9EA8347DA
:10E03C0087031787FF1F2305F7B485471787FF1F33
:10E04C002304F7B29787FF1F938747AF9C43014583
:10E05C00998BA9E3EF32FFC737E404007C48C14534
:10E06C001785FF1F0345C5B082973C48854517852A
:10E07C00FF1F0345E5AF829701456F30DFC783C7AC
:10E08C00170085466395F600834797035DB7834772
:10E09C00A70345B782809787FF1F83C7E7ACA1CB47
:10E0AC00EF323FC337E404009787FF1F238E07AA84
:10E0BC007C4885451785FF1F034585AB82977C4CB3
:10E0CC0091451785FF1F0345A5AA82977C4891456A
:10E0DC001785FF1F0345C5A982973C48C145178585
:10E0EC00FF1F0345E5A8829701456F30DFC07955C6
:10E0FC008280EF321FBE2A84035565FFEF906FF6C6
:10E10C009787FF1F938747A6D847BE841DEBEFA0C8
:10E11C005F989C48232004008DEB9787FF1F23AD4D
:10E12C0087A49787FF1F23A787A4B7E70400BC4BDE
:10E13C0089451785FF1F0345A5A3829701456F30BD
:10E14C009FBB630A87001843D1B780C39787FF1F13
:10E15C0023A487A2D9BF7955DDB7EF329FB7978734
:10E16C00FF1F9387A7B288432326050023240500AD
:10E17C005105EF80D02E6F301FB8EF329FB517844A
:10E18C00FF1F1304A4B01C40411189CF9C472302EC
:10E19C00B5002AC61CC1EFF05FFC1C409C4B99C318
:10E1AC003245829741016F301FB5EF329FB241115A
:10E1BC00444D328532842EC6EFA00FF92AC4228535
:10E1CC00EFA0EFF903A84400630C0800B245835795
:10E1DC0044001840224683D54500AA86268502981D
:10E1EC0041016F305FB1EF32DFAE404D1DC408C04E
:10E1FC00970500009385E50213054401EF80901804
:10E20C009787FF1F938787A89C43014589E79787CA
:10E21C00FF1F23AD87A66F301FAE7D55EDBFEF32CC
:10E22C005FAB011168009305F00F02C602C802CA69
:10E23C0002CC02CEEFF07FF405616F30DFAB978735
:10E24C00FF1F9387A7A49C43D847A1679D07631121
:10E25C00F702EF321FA801113285EFA0EFEE230A6F
:10E26C00A10081456800EFF05FF105616F30BFA838
:10E27C0082809787FF1F938767A19C43D847A1672C
:10E28C00938777036311F702EF32BFA40111328534
:10E29C00EFA08FEB230AA10081456800EFF0FFEDA2
:10E2AC0005616F305FA582809787FF1F9387079E5C
:10E2BC009C43D8479547631CF702EF329FA101118D
:10E2CC0032853284EFA04FE8230AA1002285EFA00B
:10E2DC000FE983574400231BA10081453ECC1C4011
:10E2EC0068003ECEEFF07FE905616F30DFA08280E1
:10E2FC00930785FF89CF8327C5FF91CBDC4B81CB5F
:10E30C00EF323F9D032585FF82976F30DF9E828021
:10E31C00EF323F9C2A843285EFA00FE3BD4763EBBD
:10E32C00A70018449377F5000345B70041995D8D1C
:10E33C00A305A7006F303F9CEF32BF9901117C0001
:10E34C003ECAB70707003ECC7C003ECE5C4D8DCF5D
:10E35C002A8413858700AE84EF807004A1652A8916
:10E36C009D054808EF80FFBD9305803EB345B9027B
:10E37C00480893F5F50FEFA0CFD20147814650081E
:10E38C00A6852285EF807FDC05616F30DF96EF324A
:10E39C005F94EFF07FFA6F301F96EF329F9301116D
:10E3AC007C00AE843ECAA165B70707002A843ECC28
:10E3BC0048087C00938575033ECEEF809FB81C44C3
:10E3CC00480883C5B700BD89EFA0AFCD5008014701
:10E3DC008146A6852285EF805FD705616F30BF919E
:10E3EC00EF323F8F2A84AE84EFF09FF2A685228510
:10E3FC00EFF0BFFA6F303F90EF32BF8DEFF0FFF9C7
:10E40C006F307F8FEF32FF8C0329C50141116304FC
:10E41C0009022A843285B284EFA00FD32AC626853E
:10E42C00EFA0EFD3832749002A8691C7DC4781C729
:10E43C00B2452285829741016F30FF8BEF327F8985
:10E44C00444D81CC2A843285EFA06FD1DC40AA8563
:10E45C0089C79C4799C3228582976F30DF89EF3239
:10E46C00BF85032AC501411163030A062E89AA84BC
:10E47C00954532853284EF80DFAC85452285EFA04F
:10E48C00CFBDAA89CA852285EFA0EFC283274A0097
:10E49C009DC7DC438DC72285EFA0AFBA83274A0006
:10E4AC00104083564400DC437115A307A100B296BB
:10E4BC001307F1004E86CA852685829701C52380F5
:10E4CC00090031A08345F1002285EFA00FB941016D
:10E4DC006F30DF81EF32EFFF65711C083EC2B7076A
:10E4EC0080013EC41C0832893EC62A84AE84EFF0FB
:10E4FC007FF14A85EFA0AFC68357A10089CFAA85CB
:10E50C0050002285EFF0BFF5014781465000A685EB
:10E51C002285EF809FC359616F30EFFDEF32CFF949
:10E52C0065711C088329C5013EC2B70780013EC432
:10E53C001C082A84AE8432893EC6EFF03FF0638417
:10E54C0009024A85EFA0AFC18357A100AA8581CFEC
:10E55C0050002285EFF0BFF0014781465000A685A0
:10E56C002285EF809FBE59616F304FF8EF326FF606
:10E57C0065711C083EC2B70780013EC42A841C0882
:10E58C0032853EC6AE84EFA08FBD8357A10089CFE4
:10E59C00AA8550002285EFF09FEC01478146500080
:10E5AC00A6852285EF807FBA59616F30CFF4EF32A8
:10E5BC004FF2444D91E88347450093B71700B307DA
:10E5CC00F0403E856F302FF31845FD577DDB9707E4
:10E5DC000000938707032A845CCB97050000938582
:10E5EC0065D113858400EF80E05980C00347440057
:10E5FC00814761FB1777FF1F232C9768D9B7EF3240
:10E60C00AFEB8329C5014111032985008147638B39
:10E61C0009080324090191452A8A2285EF807F92FB
:10E62C0085452285EFA06FA38945AA8A2285EFA094
:10E63C00CFA2AA84EF809F9683A749002A8B9DC7FF
:10E64C009C438DC72285EFA0CF9F83A74900A306CB
:10E65C00A1001040835644009C431307D100B2968E
:10E66C00D6851306E1005285829709CD83570B009E
:10E67C002380F400A183A380F40023800A00A30666
:10E68C00010029A88357E10022852380F4008345EB
:10E69C00D100A183A380F400EFA02F9C8347D1006D
:10E6AC00B337F0000347B900920701453D9BD98F62
:10E6BC00A305F90041016F306FE3EF328FE1411197
:10E6CC001DE99777FF1F9387A75C804305C804401B
:10E6DC00130984009DC55C4099C79C4B89C726854E
:10E6EC002EC68297B2459307803EB385F5024A85C4
:10E6FC00EF80605521A0404DAA8479F841016F301C
:10E70C008FDF4A85EF80A0555C40EDDBDC4BFDD7FD
:10E71C0026858297E5B7EF32CFDB2A843285EFA0CE
:10E72C00AFA2AA852285EFF05FF96F30CFDCEF3214
:10E73C004FDA2A84AE84EFF01FFEA6852285EFF017
:10E74C00BFBF6F304FDB08413355B5000589828060
:10E75C00EF322FD81774FF1F130484551C5C011162
:10E76C00231701008D83858BA303F1008327040BF2
:10E77C00231801002319010003D7C7013ECA3C002E
:10E78C002314E1007D572315E1000357C4023ECC4E
:10E79C0002CE2316E100EF802FE38357E101231E05
:10E7AC00A10093F707E093E71710231FF100977769
:10E7BC00FF1F83C7875285C305470145638AE7005E
:10E7CC008347840393E727001777FF1F230EF75027
:10E7DC0005616F304FD2814717D70000130787129E
:10E7EC0085461306710085454808EF70E04B6DF1C6
:10E7FC0083478403F59B1777FF1F2307F74E854745
:10E80C001777FF1F230BF74CE1B7EF328FC9977DBA
:10E81C00FF1F938DED4903A6CD0639712A898147D7
:10E82C008144930600023357F600058B01C785041B
:10E83C0093F4F40F8507E398D7FE83A70D0B2317EA
:10E84C0001022318010203D7C7013EDA3C1023143E
:10E85C00E1027D572315E10203D7CD023EDC2319DB
:10E86C0001022316E10202DEEF800FD68357E1038B
:10E87C00231EA102014593F707E093E71710231F0E
:10E88C00F1029777FF1F83C74745A9EF9777FF1FC3
:10E89C0083C797453EC69779FF1F93896941014409
:10E8AC00014D9D4A054B954B177CFF1F130C8C4754
:10E8BC00977CFF1F938C8C4603DAC90563090A0009
:10E8CC00EA85631459036685EFF0FFE71DC1050D5A
:10E8DC00A1478909E312FDFE2DE09777FF1F23A1C5
:10E8EC000744014521616F308FBF6285EFF0BFE5B2
:10E8FC0079DD3247B3878400E3F0E7FE9C00130612
:10E90C00140006043E9413178A0093578A00D98F7B
:10E91C00C207C183A30EF4FCA183230FF4FC03A74D
:10E92C000D07B317AB01D98F1777FF1F232AF73EBB
:10E93C0063047601328461BF15449777FF1F83C748
:10E94C00A739138717009776FF1F2387E63893168E
:10E95C001400230EF10017D700001307A7FA814704
:10E96C0085067008CA854818EF700034E34705F631
:10E97C008347C10105451777FF1FA30FF73497771E
:10E98C00FF1F238C2735B9BFEF320FB30111AA89B2
:10E99C002E84EFD0EF9C2A899774FF1F9384443107
:10E9AC006399090A9C5C414793F707036393E70A51
:10E9BC001777FF1F0347B732894763ECE70883A734
:10E9CC00040B231701002318010003D7C7013ECA0B
:10E9DC003C002314E1007D572315E10003D7C4024A
:10E9EC003ECC231901002316E10002CEEF80CFBDEF
:10E9FC00231EA100EFC06FCD8357C101230FA100CF
:10EA0C00914613D78700A207D98F2312F10097776D
:10EA1C00FF1F83D7872D13D78700A207D98F231306
:10EA2C00F10017D70000130767ED8147500095459B
:10EA3C004808EF70602705889317240003C48403EB
:10EA4C006D985D8C9777FF1F2380872A05616F3047
:10EA5C00EFA9EF70B0781775FF1F13056529EF80CC
:10EA6C00002083A7040B9775FF1F83D5252703D59B
:10EA7C00C701EF10E0279777FF1F83C7E72693F6B0
:10EA8C000702014789E61777FF1F0357272597765B
:10EA9C00FF1F239DE6241777FF1F1307272018431A
:10EAAC0009CBC18B99C789451775FF1F03550523E2
:10EABC0002979777FF1F23A307229777FF1F238EB9
:10EACC0007209777FF1F23AB07249777FF1F23A9F6
:10EADC0007249777FF1F23A7072483D7840393F773
:10EAEC00270C93E717001777FF1F231FF71E835779
:10EAFC002903A18B99C3EF70E03F11C49777FF1FD7
:10EB0C0023AA071CA1B78D471777FF1F2324F71CD7
:10EB1C00EF902FA59305803EB305B5021775FF1F27
:10EB2C001305051DEF80201215B79777FF1F9387EC
:10EB3C002718D85325C791C99777FF1F238F07181C
:10EB4C009777FF1F23AE071C8280EF328F9883C705
:10EB5C00F70241112EC685071777FF1FA301F7187F
:10EB6C009777FF1F2395A7189D471777FF1F232320
:10EB7C00F716EF900F9E2A84EF90AF9DB24501E5FA
:10EB8C00EF902F9DAA85B305B4401775FF1F130591
:10EB9C002516EF80400B41016F30EF9582809777FF
:10EBAC00FF1F9387E710D85331C7EF328F9203C7FB
:10EBBC00F70205079776FF1FA383E61211CD8C5F32
:10EBCC000D470145898185899776FF1F23A4E6109F
:10EBDC00EFF09FDB6F302F9285479305C04417757C
:10EBEC00FF1F1305E5101777FF1F2325F70EEF8086
:10EBFC008005CDB78280EF32CF8D1777FF1F03478B
:10EC0C00C70D8547631EF7009777FF1F9387470A49
:10EC1C0083C7870393C787001777FF1F2306F70C5B
:10EC2C001775FF1F1305C50CEF806003EF807FEF96
:10EC3C0099471777FF1F232FF7089777FF1FA3809C
:10EC4C00070A9777FF1F238A0708EF90AF8F930768
:10EC5C0040063305F5029777FF1F23A3A7086F30F3
:10EC6C008F899777FF1F83C72708C18B99C7EF320E
:10EC7C004F86EFF0FFAD6F300F8869558280977724
:10EC8C00FF1F9387E702DC5381CBEF328F848545DE
:10EC9C00EFF09FCF6F302F8682801777FF1F1307FF
:10ECAC00270101468146BA852148631E06019DCA8B
:10ECBC002390A60083C7850393E717001777FF1FE0
:10ECCC002304F70205A08357C705631DF502F85905
:10ECDC008547B397C70093C7F7FFF98F1777FF1FC7
:10ECEC002322F7049C5D9183858B85C79777FF1F43
:10ECFC0083C7A7FE99EFEF22DFFD1D45EFF0FFB0B4
:10ED0C006F207FFF81E699E39306C7050506090787
:10ED1C0069BF8280EF227FF98605AA84B309B5000A
:10ED2C00977AFF1F938A8AFF054B977BFF1F938B64
:10ED3C002BFF214C639434039777FF1F938747F77E
:10ED4C009C5F9183858B89CB9777FF1F83C7E7F8EF
:10ED5C0081E72145EFF07FAB6F20BFF803DA0400A9
:10ED6C00630B0A041779FF1F130989F40144CA8C39
:10ED7C008357C905639D4703A2855685EFF0BF9C59
:10ED8C0011E5A2855E85EFF01F9C05C903A74C0712
:10ED9C00B3178B00D98F1777FF1F2325F7F883C77D
:10EDAC008C0393E717001777FF1F230FF7F2050467
:10EDBC000909E31F84FB8904B5BF231E0904C5BFE1
:10EDCC001777FF1F034767F18547631AF700EF2298
:10EDDC005FF0EFF05FE2EFF0BF976F20DFF1828022
:10EDEC00814785451306000293861700B397F500FB
:10EDFC00E98F13F7F60F89E7B687E397C6FE01474D
:10EE0C003A858280FD4785457D56B396F50013877C
:10EE1C001700E98E1377F70F89E6FD17E397C7FE06
:10EE2C0001473A85828089E901473A85828001470A
:10EE3C003A8541016F203FECEF22BFE941112AC610
:10EE4C002E852EC4EFF0DFF9A2457D158547B397CB
:10EE5C00A700E39EF5FC32469377360099C3719A6E
:10EE6C0011069777FF1F938767E494433E871778C3
:10EE7C00FF1F1308E8E289EA832708009107F19B3A
:10EE8C009776FF1F23A4F6E2032588001843B307E7
:10EE9C00A700B3F7B702B387F540FD15FD8D8327A7
:10EEAC004800AA95B306B600E3F3F6F8E371D5F87B
:10EEBC002E979777FF1F23A9D7DE3DDB3A85814537
:10EECC00EF203FE42A87ADB718419777FF1F938750
:10EEDC0027DD23A4070098C35841D8C39777FF1F99
:10EEEC0023A607DC8280EF223FDDAA840144177938
:10EEFC00FF1F1309E9DB9309400EEF807FD56345B3
:10EF0C00A40001456F209FDE330534038327090BD2
:10EF1C003E958357C501E38797FE0504F9BFEF22A1
:10EF2C00DFD89779FF1F9389A9D83E84BA84834789
:10EF3C00060003A7090041119D83058B3D8F83C7F4
:10EF4C004401AE8A2A89F99BD98F238AF4001C4488
:10EF5C00B685231204001CC02285328A36C6EF9077
:10EF6C00DF8FB246D2853686EF90900BDC4883A5B6
:10EF7C0009000840858B56869D8DEFD03FCC61E90A
:10EF8C0018407D558347570003476700A207D98F68
:10EF9C00C207C1872394F4006358F00A83C7440165
:10EFAC0093F70703B5CBD0489377160003A6090057
:10EFBC001D8E9777FF1F938767069C43ADEB8146A9
:10EFCC0041A003A70B0093172A00BA97184094434B
:10EFDC00834757008345670033F65601A207CD8F50
:10EFEC006311F602834737000346470003472700A7
:10EFFC00A207D18F4207D98FBD82B3F76701638A0D
:10F00C00F604050AEF80DFC3420593170A0141811C
:10F01C00C183E3E8A7FA41BFA16A370B0200014A9A
:10F02C00977BFF1F938B8BD6FD1A7D1BE1BF83C78C
:10F03C00440113070003854693F70703E391E7F8B0
:10F04C00A2854A85EFD0FFCF41016F209FC9615542
:10F05C00E5BF7955D5BFEF223FC69774FF1F938448
:10F06C0064AD9C40D9EF9777FF1F9387E7C29C4311
:10F07C006399070CEF80DFBE930780023305F5021E
:10F08C008945EFF05FDA41C99777FF1F23A8A7CC1A
:10F09C00EF801FBC9307400E3305F5029145EFF04E
:10F0AC009FD835C99777FF1F23ACA7CAEF805FB2F3
:10F0BC0001CDEF80FFB191450E05EFF0DFD621CDEC
:10F0CC009777FF1F23A0A7CAEF801FCB11CDEF802E
:10F0DC00BFCAD9473305F5028945EFF0DFD405CD1A
:10F0EC009777FF1F23AAA7C6EF809FB591450A0506
:10F0FC00EFF07FD30DC19777FF1F23A9A7C8014558
:10F10C0021A8EF803FC2930780063305F502914595
:10F11C00EFF07FD101E565556F205FBD9777FF1F3D
:10F12C0023A8A7BA0144130A80061779FF1F1309F5
:10F13C0029B8B14AEF801FBF6364A4029C40E384EA
:10F14C0007F2EF803FBE9307A0043305F502894513
:10F15C00EFF07FCD69D19777FF1F23ADA7C219BF01
:10F16C00EF805FBB89450605EFF0FFCB4DD5B309AA
:10F17C004403032709024E9708CBEF80BFB8330531
:10F18C0055039145EFF03FCA59D583270902050471
:10F19C001374F40FCE9788DB71BF9777FF1F93879B
:10F1AC0027B1884705898280C167FD176319F5006F
:10F1BC009777FF1F9387C7AF03A5070B8280EF22BA
:10F1CC005FB1EFF05FD26F201FB3814709C5834752
:10F1DC00E501B337F0001777FF1F130767AD18472A
:10F1EC000983058B19C393E727003E858280EF22A4
:10F1FC005FAE2A84EFF07FFD8347E401AA851305F7
:10F20C00940899E3130504039776FF1F938646AA87
:10F21C009442130615021307840213059504EFD0CC
:10F22C00CFC06F205FADEF223FA99774FF1F93846F
:10F23C0024A898442A892E840983058B9C4019C7DD
:10F24C006314F5006380050E014401A2E3FEA7FEE2
:10F25C001387A702E36AA7FE850763FCA70883A9A7
:10F26C00440BEF80FF961316350081454E85EF2039
:10F27C005FA99777FF1F23AD27A39777FF1F23ABBA
:10F28C0007A249CC9C4493E747001777FF1F23251F
:10F29C00F7A29777FF1F238907A8630F040C9777B2
:10F2AC00FF1F23A727A101440549EF807F926341EB
:10F2BC00A40AEF80FF9493050006B3C5A502B7F727
:10F2CC003600938707E81775FF1F130525A64169BC
:10F2DC0001449309400E7D19B385F502EF70B01609
:10F2EC00EF801F97634FA4080145EF304070054431
:10F2FC00A9A86398A7029DE583A9440BEF805F8DB5
:10F30C001316350081454E85EF20BF9F9777FF1F61
:10F31C0023A0279B9777FF1F23AE07989C44ED9B58
:10F32C00ADB785C51777FF1F034707A09307F005F7
:10F33C00E3FCE7F021F8EF60F03C6DD19C4493E7DF
:10F34C0007021777FF1F2329F79622856F201F9A34
:10F35C0083A7440B131534003E958357050081CBCE
:10F36C008347250099C721468145EF209F990504C5
:10F37C002DBF23012501E5BF9777FF1F23AC079213
:10F38C000DBF3305340383A7040B3E958357C5018A
:10F39C0063842701EFF0BFE5050499B7EF227F9353
:10F3AC00EF801F86130400063345A4029774FF1FD9
:10F3BC009384049083C784073E951375F50F977754
:10F3CC00FF1F2383A7969307F00563E7A702054564
:10F3DC00EF30E061EF80DF823345A402B7F53600F1
:10F3EC00938505E8B305B5021775FF1F1305059442
:10F3FC00EF7070056F203F909C4405458983858B89
:10F40C0081CBEF904F8888408145EFF0DFE1DDB78D
:10F41C00EF30E05DC5B7EF223F8A130495082A89C7
:10F42C0013069005A28513050503EF90603F1306A4
:10F43C00900581452285EF20DF8C4A85EF30C05442
:10F44C008144177AFF1F130AAA86930A8002EF8061
:10F45C003F8163C4A4006F207F89338454038327C6
:10F46C00CA0A3E94035704008357C9016317F70275
:10F47C00834744009DC3930964014546CE8513051B
:10F48C005400EF90E039454681454E85EF207F874B
:10F49C00228523020400EF30005785044DBFEF2274
:10F4AC005F839767FF1F9387E7689C432A8491C704
:10F4BC000DC50355C501EFE00FC29777FF1F93876A
:10F4CC00E7B59C4389CBEFB0DFD085476315F500DA
:10F4DC002285EF50C05D6F201F8241657D15E1BF15
:10F4EC00EF222FFF1764FF1F1304847C4440938783
:10F4FC0014001767FF1F232FF77AEF30605E1C4450
:10F50C008983858B9DE75840B7E7B00093870750F8
:10F51C0063F1E7020145EFF01F9D01CD0545EF803A
:10F52C009FF6084085450505EFF0FFCF0145EFF04C
:10F53C001FF726856F202FFCEF220FF8A1642A8974
:10F54C0001449779FF1F93896984FD14338AA500C0
:10F55C00EF800FEF6344A4006F204FF903A709005D
:10F56C0093172400BA979843658F42074183634CE5
:10F57C002701635A470123800700A38007002381DA
:10F58C000700A38107000504E1B7EF228FF183592F
:10F59C004500C547411163F537310441C1E5338559
:10F5AC003401834785FF034795FF0348B5FFA20746
:10F5BC00D98F0347A5FFC207220733670701D98FED
:10F5CC000347C5FF0348D5FF2207336707010348EC
:10F5DC00E5FF0345F5FF420722083365A800498F74
:10F5EC00B98F1767FF1F130727781768FF1F1308BA
:10F5FC00A8793A85832807006384172B1107E31B2E
:10F60C0007FF1767FF1F13072778184313182700E6
:10F61C0042951CC10507A1473367F7029767FF1F87
:10F62C0023A4E77693F735001397470083474601E9
:10F63C00C16B368993F7F7FCD98F32842E8A230A53
:10F64C00F600814A176CFF1F130C8C66FD1B976C20
:10F65C00FF1F938C2C4E176DFF1F130DAD73EF8096
:10F66C002FDF63C7AA00E154268541016F202FE7E5
:10F67C001308400EB3870A0303280C0BB30DF800D4
:10F68C00638E0D2083D7CD01638A772183A70C006D
:10F69C00014B639707169767FF1F9387E75F9C43A0
:10F6AC006390071683C7040003C70D0493F7F7078D
:10F6BC00631BF71ACA872287CE86268693859D06FA
:10F6CC0013851D04EFF0BF85631F051883D7CD018B
:10F6DC00032709002320B4012312F400FD57231340
:10F6EC00F4008347170093F6F7078347D40093F78A
:10F6FC0007F8D58FA306F40093F7F707B337F0009C
:10F70C00B307F0402307F400834717009D839396BB
:10F71C00370083474401DD9BD58F230AF4008347D0
:10F72C00370083464700A207D58F83462700C206C1
:10F73C00D58F1CC88347770003478700A207D98F52
:10F74C002315F4000D476304EA00BD5491DF938741
:10F75C000710C207C1831307B00FBD54E376F7F04F
:10F76C00EF800FC98144E31105F09766FF1F83C634
:10F77C002662938716001767FF1F230BF760176726
:10F78C00FF1F1307A760231BD40093972600144375
:10F79C0003578400E175BE96A1671386F7FFB37714
:10F7AC00C70098426D8FD98F9CC21848F18F3E07C5
:10F7BC00D98F9CC2EF80CFC89767FF1F83C7475D67
:10F7CC0033F5A7029767FF1F2384A75C71BD9307CE
:10F7DC00A004B308FB0283270D00BE9803D70800D2
:10F7EC0083D7CD01631DF70083C7040003C78800CE
:10F7FC0093F7F707630BF70083C7FD019DEB050B30
:10F80C00EF804FD2E345ABFC71BD93859801138516
:10F81C009800CA872287CE86268646C6EFF02FF040
:10F82C00B24879F98347440193E74700230AF4006F
:10F83C0071BD83C7040003C7980293F7F707E31061
:10F84C00F7FCCA872287CE8626869385A803138564
:10F85C00A802EFF0CFEC45F58347440193E727006E
:10F86C00230AF400C1B783C7FD018DCB83C7040005
:10F87C0003C79D0993F7F7076312F702CA8722871C
:10F88C00CE86268693852D0C1385AD09EFF02FE9D6
:10F89C0011E58347440193E7270049BF850AC1B3AB
:10F8AC00FD54D9B3EF226FC0797183544500AA8BF4
:10F8BC002E84B28AEF80CFBB590563499504B7E417
:10F8CC00040003A90407EF80AFBA59054205418132
:10F8DC0002992A8905CD2AC623180100EF804FB959
:10F8EC0059052319A1006146814528089769FF1F16
:10F8FC009389093C4ACAEF20CFC02302810203A49A
:10F90C008900058819E4BC544A85829745616F20AB
:10F91C004FBD74003008D6855E85EFF01FC765F5C6
:10F92C006800EF807FF1176AFF1F130A2A6F832785
:10F93C000A00AA84035B010189CB89476397FA000B
:10F94C00835501025E85EF50203003552102EF7084
:10F95C004FC819E503552102EF708FD43334A00042
:10F96C00931764000344C1022C0868001374F4FB61
:10F97C005D8C23068102EF60B056E9576314F502E3
:10F98C008356E1029767FF1F938747409C43139769
:10F99C0026006176BA979843718F98C39767FF1FBB
:10F9AC002388D73E831721026345F0008547639671
:10F9BC00FA00B25793F7070C95E7D247C2040347F6
:10F9CC00C102C180BE9426C62318610113770703B8
:10F9DC00C147631DF70083475102054793F7F707AB
:10F9EC006390E704B7E70400BC5739BF925705444E
:10F9FC00A18393F7F707E377F4FE15C78347C1029A
:10FA0C001307000293F707036397E700EFB06FFC4F
:10FA1C008547E319F5FC8347C10293F7070389CFA8
:10FA2C00EFB0AFCA21A8EFB08FD7E30985FCEFB0D8
:10FA3C004FFAE31985FAD9B7EFB0EFD8AA8501468A
:10FA4C000545EF707FF82A8451DD8347C102414799
:10FA5C0093F707036384E70232478347170093F752
:10FA6C0007F8A300F7003247925783461700A1838B
:10FA7C0093F7F707FD17D58FA300F7000356010185
:10FA8C00B245130BC4005A85EF80DFDFE24A130640
:10FA9C0090058347C10283C4EA01918BB384C402ED
:10FAAC0013851404569595C35444B3879A0083C7A1
:10FABC00070403C70600137707F82380E6005844B1
:10FACC0083460700D58F2300F700B25703A6090021
:10FADC008146858B1D8EDA85EFD0EF9B15E9B257E9
:10FAEC0083A50900484413869406858B56969D8DF4
:10FAFC00EFD0CF9411ED83270A0099EFB257054749
:10FB0C0091838D8B6387E7049DCF09476389E70455
:10FB1C002285EF80DFF8F9B5EFB0AFEB85476309CD
:10FB2C00F5008347C102414793F70703E398E7FCCD
:10FB3C00835521025A85EF40907C69D183172102AD
:10FB4C00E35EF0FAF1B7EFB08FC57D1513351500F4
:10FB5C0061D1014681452285EF70FFEF55BFEFB0B3
:10FB6C004FE7E5B7EF22EF969764FF1F9384C41518
:10FB7C002685EF809FEB2A8419E16F20CF97130520
:10FB8C00C40005468145EFF0FFD12285EF803FF19F
:10FB9C00C5B7EF220F944111AE842A8493079503C5
:10FBAC00130715019306F10005466C002685230604
:10FBBC000100EFD0CFBE1DEDA68541462285EF801A
:10FBCC0030468347F1009305140226852308F40080
:10FBDC00EFD06FC805E19767FF1F938727449C43BD
:10FBEC0089EF1306940497C50000938525D22685CA
:10FBFC00EFD08FD441016F200F901306940297C55C
:10FC0C000000938525D12685EFD00FD379D9DDB7A8
:10FC1C00EF228F8A9767FF1F938747178043AE8425
:10FC2C00B289368AAA8AEF80AF81131625008145E6
:10FC3C002285EF200F8D9767FF1F238B0714976783
:10FC4C00FF1F9387E70603A4070B13F714003E89E5
:10FC5C00230FE400CE8525C713059408EFF07FF33E
:10FC6C0001C555556F208F888947A30FF4009767FE
:10FC7C00FF1F9387A73A9C4303278900858093B77E
:10FC8C00170086072300F402231E54019767FF1FF9
:10FC9C0023A0470385889377B7FF99C093674700E4
:10FCAC001767FF1F232AF7002285930700061767A3
:10FCBC00FF1F230BF706EFF08FD3014565B7130534
:10FCCC000403EFF01FED45D569BFEF228F80FD5780
:10FCDC002310F50023110500231205002313050042
:10FCEC001306200481452105EF20AF816F20AF80E2
:10FCFC00EF129FFC4111AA8401441769FF1F1309DD
:10FD0C0069099309A0042EC6EF80CF81B2456344E4
:10FD1C00A40061550DA033053403832709003E95DB
:10FD2C0083572500639CB7008357050063989700A1
:10FD3C00EFF0BFF9014541016F105FFB0504E1B71E
:10FD4C00EF129FF79767FF1F938707F59C434111AD
:10FD5C00AA842E84B28903592500C1C39767FF1F5B
:10FD6C0083D7C7F7639B2707EF700F862A8903D5C4
:10FD7C00240093051002B305B40285472302F10059
:10FD8C0093578900A302F10093578500A303F10058
:10FD9C0083D744002304A100254613D787002305ED
:10FDAC00F10083D76400A304E1004E8513D78700CC
:10FDBC00A305E1002306F1001387950093879501B5
:10FDCC00A105B386B400A6974C0026972303210106
:10FDDC00EFD0EF9C41016F107FF1EF60FFFE51BF40
:10FDEC00EF129FED4111AA8401441769FF1F1309FB
:10FDFC0069FA9309A0043AC636C432C22EC0EF7019
:10FE0C007FF282451246A24632476344A4006155F4
:10FE1C0099A0B307340303250900AA9703D8070058
:10FE2C0003D5C4016310A80495E91DEE91CA03C65D
:10FE3C00E401930510023306B60225063E9690C2E5
:10FE4C00014511CB83C6E40113061002B386C6022A
:10FE5C00E506B6971CC341016F105FE903D5270077
:10FE6C00E305B5FC050441BF83C5E401130510028D
:10FE7C00B385A502BE9583C585002300B6007DB76A
:10FE8C00EF129FE35C4141112A8403DA2700C1671A
:10FE9C00FD17AE843289630CFA002685EF807F9AB9
:10FEAC008D4763EDA7007D5541016F103FE42E8512
:10FEBC00EF803F999D47E3E2A7FEF5B75C402685AE
:10FECC0083D54700EF809F90835584002685EF8073
:10FEDC00FF8F8D452685EF803F8EAA89EFF04FE08E
:10FEEC00935705012380F90093578500A380F900EF
:10FEFC002381A9005840C167FD178345A7006314EF
:10FF0C00FA0093E505082685EF801F8F9767FF1F82
:10FF1C00938787D89C430840D9CF8347B400858BFF
:10FF2C00D9CB78003400130671008145EFF05FEBFC
:10FF3C001DC98347B400184093069005F99BA3058F
:10FF4C00F4008347E701B387D702B306F70083C6F3
:10FF5C000604A303D1009386170493879706BA96D9
:10FF6C00BA9736C43EC61764FF1F130464D41C44EE
:10FF7C000C4026858983858B9D8D834771009E055A
:10FF8C00DD8D93F5F50FEF803F871C441040224523
:10FF9C008983858BCA861D8EA685EFC0DFCFE315BE
:10FFAC0005F01C440C40324689838840858B9D8D1E
:10FFBC00EFC0DFC8D5BD8347B40013079005F99B8C
:10FFCC00A305F4008347E501B387E7023307F50087
:10FFDC0003470704A303E1001387170493879706CD
:10FFEC002A973E953AC42AC6BDBFEF12FFCC032A0E
:04FFFC004500930722
:020000021000EC
:10000000F00FAA840347AA00AE89328436896316AA
:10001000F700EFB06FAB2305AA00938AC900014631
:10002000D6852685EFF09FE62A8A21E51767FF1F10
:10003000130787FF1843DC4039C383C6A700054771
:10004000638FE60283D547005685EF40102C05C923
:10005000DC40839747006354F00201CC1C4089C701
:100060004A868145014582975C4081C7CA85014522
:1000700082974E85EF807FA352856F10FFC7DC40CB
:1000800003D54700EF60BFD501E9DC4003D5470049
:10009000EF60DFE181471DCD19C41C4089C74A8646
:1000A0008145014582974E85EF807F9FAA85176520
:1000B000FF1F130525C2EF80DF9511C45C4081C787
:1000C000CA85014582971765FF1F1305E5BFEF60DD
:1000D000F0368547D84085460346A700E30BD6F89F
:1000E000031747006353E000C9F74A86A2854E858F
:1000F000EF703F97BDBFEF12FFBCAA8401441769A0
:10010000FF1F1309E9C99309A004130A9508EF70AA
:100110003FC26344A400014535A03305340383275F
:1001200009003E958357250099E30504CDB7035791
:10013000050083D7C401E31AF7FE52868545EFF028
:10014000FFC065D56F105FBBEF12DFB7AA84014413
:100150001769FF1F1309C9C49309A004EF705FBD9D
:100160006344A4006F105FB933053403832709008B
:100170003E958357250081CF8357050063999700EB
:1001800093059502130610022105EF80206A0504ED
:10019000F1B7EF12DFB40347E5012A848347F50185
:1001A0006307B70089E781452E856F109FB5230F40
:1001B000B400054781C9E398E7FE8947A30FF4001F
:1001C0008545DDB7638BE7020947E39FE7FC22859E
:1001D000EFF02FA59767FF1F9387C7AC9C4399E764
:1001E0009767FF1F9387C7959C4389C70355C40131
:1001F000EFF09FF5A30F0400E1B755D6C9BFEF128A
:100200007FACEFA0FFEE85476312F508EF80EFCCDF
:100210001764FF1F130444E11C4081CBEFA03FFC97
:1002200089476304F5001C4082979767FF1F9387F7
:1002300067A79C43B9CF82979767FF1F9387479023
:100240009C4391C382971764FF1F130424A783273D
:10025000040B83D4C701EF60FFB78327040BAA8583
:10026000144003C6E7011C448983858B99C3136638
:10027000260026854169EF40C03D8144D9497D195A
:10028000EF705FB063CAA4006F101FA7EF800FCAA2
:1002900041B7EF705F884DB7B38734030327840AF3
:1002A000BA9703D527006308250103C6470183D504
:1002B0000700EF40A03B8504E1B7EF12BFA0014467
:1002C0009764FF1F9384849F1309400EFD59EF70BC
:1002D000FF98634FA40401449764FF1F9384049E16
:1002E00013098002FD59EF707F98634CA404014408
:1002F0009764FF1F9384849C5949FD59EF709FA810
:10030000634AA40497F5FFFF9385450A1765FF1F0D
:10031000130585A2EF60D0079705000093858585BA
:100320001765FF1F1305459AEF6050056F10DF9C9E
:100330003307240383A7040B0504BA97239E3701D0
:1003400079B73307240383A7C40A0504BA97239017
:10035000370151BF3307240383A7840A0504BA97E2
:100360002391370161BFD441038735008547335658
:10037000F5026377E600A54899E7238006008280AE
:10038000B387E702EDB73358F502038735003375BD
:10039000F502B3D7E7021307000363DA080103C6C7
:1003A000050013077003118A19E21307700585060B
:1003B0004297A38FE6FEC9B718451C416376F70044
:1003C0005C41BA972380B7001C4585071CC5828015
:1003D000EF12FF904111AA872E85B285368636C668
:1003E000829763480500B246158D3335A00033056A
:1003F000A04041016F10FF90EF12DF8C05694111A1
:100400002A8A2320060001448149976AFF1F938AA4
:10041000AA9B056B7D1932C62EC4EF703F85AA8456
:10042000EF70DF832695A24532466346A4004E85D1
:1004300041016F107F8C03A70A0093171400BA972D
:1004400003D707003377670101E71CC20504E1B752
:1004500003D707009356D700858AE39946FF337781
:100460002701E315B7FEBE89D5B7EF125F870111EB
:100470002EC6B2843689EFB02FEE2A84615501C8AA
:10048000B24589E9232E04002320040201450561B9
:100490006F103F87A1463008CA852685EFF05FF3CD
:1004A0007DF5835781010357A101231EF400835773
:1004B000C1012310E4022311F4028357E101D207A2
:1004C000D1832312F4028357E10113973701635656
:1004D0000700FD57231FF4005DBF231F040045BF25
:1004E000EF124FFE1754FF1F1304447D8327040BA4
:1004F00003D7C701C167FD17630EF7109767FF1F8A
:100500009387C7B29C4381C70545EF406077C169B7
:100510000149930A400EFD19176BFF1F130BCBB057
:10052000EF70CFF3634BA90E1767FF1F0347878058
:100530009307F00563E4E702EF704FED93050006C3
:10054000B3C5A502B7F73600938707E81755FF1F15
:100550001305857EB385F502EF60A06F8145170511
:10056000000013058520EF60DFF8EFB0EFDE01CD6E
:100570000357C50109CB0357E50111C7834705029E
:1005800099C3EF60A06BEFB06FDE31C51767FF1F37
:10059000034707879767FF1F938787860DCF03C79A
:1005A00017002304E50003C72700A304E50003C7E1
:1005B00037002305E50003C74700A305E50003C78F
:1005C00057002306E50003C7670083C77700A3062B
:1005D000E5002307F5001C4493E717001757FF1F9A
:1005E0002322F76E5C4085E7EF708FEF0DC1EF704F
:1005F0002FEF44402A89EF70AFEE33F5A4025C4040
:10060000FD17CA97898F1757FF1F232BF76A0145DC
:10061000EF70DF9F01456F102FEEB304590383275E
:10062000040BBE9483D7C40163883703138A040381
:10063000D2855285EFF0AFD605E183C7F40199CF9B
:10064000938594082E85EFF08FD509C91306900580
:1006500081455285EF10AFEB0509D9B583270B0013
:10066000268593B7170086072380F402EFE0FFB8D2
:10067000E5B7854763F8A7009307F5FFBE953305F7
:10068000A040E98D2E8582809841C167BA9713D723
:1006900007016304A7009CC182804207998FE5BFD0
:1006A000EF12EFE341112EC63284B684EFB00FCCC7
:1006B000E15701C9B24591E99757FF1F238207749B
:1006C00081473E8541016F10CFE39D461756FF1FBE
:1006D00013061673A6852285EFF09FCFAA8775F1C2
:1006E00005479756FF1F238DE670E1BFEF128FDDA0
:1006F000411191E99757FF1F23A4075C014422850C
:1007000041016F106FDFB68532858D467000EFF0C6
:100710003FCC2A846DF58347D1000347E100175988
:10072000FF1F1309A959A2074207D98F0347C10028
:10073000D98F1757FF1F2325F758EF706FDA61D154
:10074000EF700FDA83244900AA89EF706FD933F56F
:10075000A40283274900FD17CE97898F1757FF1FE3
:100760002320F75669BFEF128FD71C45AA8491CF7B
:10077000D84B01CF83D7470089CBEF601F92AA8562
:1007800009C588446105EF60C04C9757FF1F9387E8
:1007900067519C43014489EF6F10AFD69C481317F3
:1007A0001400BA9703D5070019C1EFE0CFCF0504B5
:1007B000EF70CFC7E344A4FEC5B7EF124FD20111CB
:1007C00085E9EF605FDA01449757FF1F23A40758BC
:1007D0009757FF1F23A207589757FF1F23A00758BB
:1007E0009757FF1F23AE0756228505616F106FD103
:1007F000B6873285C9467000BE85EFF07FBD2A847A
:1008000065F541469305E1001755FF1F1305855413
:10081000EF80C0010355C100EF608FD7F1B78DE1C4
:100820009757FF1F23AC07489757FF1F9387074928
:100830009C470145ED9B1757FF1F2325F7488280F2
:10084000EF12EFC94111B685328595463000EFF0C1
:100850003FB815EDA2471757FF1F2321F7469757BB
:10086000FF1F9387A7459447B24713F7B6FF13F6C8
:10087000170019C213E74600858393F7F7079756C9
:10088000FF1F23A1E6441757FF1F2305F74A410125
:100890006F102FC7EF120FC303841500DC412A89A4
:1008A000AE8485070387F7FF19C36340800C8387F5
:1008B000240091C7635580007D14620461849C40CC
:1008C000370700FF0907F98F370700100907639200
:1008D000E70A6355800079146204618483C70400C9
:1008E000858B95E39379F40F4E8A93178A01E187FC
:1008F000634AF008A2876353040081473384F940B8
:100900007D14620461848385240081C54A85EFF0EB
:10091000BFAA9C40370700FF0907F98F370700106F
:100920000907639AE706930500034A85EFF0DFA8FD
:1009300083C7040093058005918B99E39305800795
:100940004A85EFF07FA783C70400858B81CB1374A2
:10095000F40F93178401E1876347F004C040050456
:100960008305F4FFA1E96F102FB97D14620461843F
:100970000DBF370700080907E392E7F6E35080F65A
:100980007D1499BF930500024A857D1AEFF0DFA21E
:10099000137AFA0F99BF370700080907E395E7FABA
:1009A0009305000371BF930500034A85EFF0DFA0B4
:1009B0007D1471BF4A85EFF03FA055B7EF122FB2FB
:1009C000EF70CFAA2A84EF706FA92295894506059A
:1009D000EFE02FC6E55711C59757FF1F23A6A73E87
:1009E00081473E856F10EFB1930700026306F50063
:1009F0005D1513355500828005458280EF128FAC5E
:100A00004111AA892A89130419008304F4FF32C60C
:100A10002EC42685EFF05FFDA245324659E19307CB
:100A2000D0026392F40883040400054813042900EB
:100A30009377F6FEC9E793070003639FF40E8307DD
:100A400004001307800593F7F7FD6399E706830415
:100A5000140041460904B70600806314080093C6D9
:100A6000F6FFB3FEC6028147254F654EFD5F33D3C7
:100A7000C602138704FD6368EF06BA8463D5C40811
:100A8000630DF5017D55636AF3006394670063C6E7
:100A90009E000545B307F602A69705048304F4FFFC
:100AA000C9BF22898DB79307B0020148E392F4F8D9
:100AB000830404002A88130429009DBF01CA8947C2
:100AC000E31BF6F893070003E397F4F883070400A9
:100AD0001307200493F7F7FD639BE70483041400D6
:100AE000094609048DBF13E704021307F7F9636C85
:100AF000EE009388F4FB1307700363741E01130761
:100B00007005998CA5BF7D576300E502630408005A
:100B1000B307F04091C519C19309F4FF23A0350133
:100B20003E8541016F104F9DB687FDF5D5BF9304FB
:100B3000000315F2214605B719FE294629BFEF1219
:100B40006F98011161540DC53284AE8941468145CB
:100B50003689EFF0BFEA93140501C180639E090056
:100B60002685EF30102B014401C58145EF2050163A
:100B7000228505616F104F982285CD467000CA8589
:100B8000EFF01F852A846DF52685EF30902809E95E
:100B90000356C1008345E1012685EF20500B01C9B2
:100BA00041469305E1001105EF705048D1B75D54FF
:100BB000C1B7EF122F910111E15401CDB284AE897A
:100BC000414681453689EFF07FE32A846397090027
:100BD0008144268505616F102F922685D1467000CD
:100BE000CA85EFF0EFFEAA846DF58357C100EDD3FF
:100BF000EF700F8E4205931704014181C18363F9A1
:100C0000A702EFB08FB64204E14741803304F402FB
:100C100041460C082A9413054400EF703041835775
:100C2000E1002311F4008357C1002310F40055B7ED
:100C3000E55445B7EF120F897971E15415C5328437
:100C4000AE8941468145B684EFF05FDB131905019B
:100C500013590901639E09004A85EF4010658144DC
:100C600001C58145EFB02FB1268545616F10CF8852
:100C7000A6859306300270002285EFF06FF5AA84F6
:100C800065F54A85EF4070622A8411E54A85EFB028
:100C90004F8C2A8431C58357C10023112401930945
:100CA00064002310F4008347E1009305F1004146FE
:100CB0002302F4004E85EF7070371309740141462A
:100CC0009305F1014A85EF707036930554004E8507
:100CD000EFC04FBF930564014A85EFC0AFBE69B74F
:100CE000DD5459B7EF021FFE797111E5E1542685F5
:100CF00045616F106F80B284AE8941468145368967
:100D0000EFF0DFCF131A0501135A0A015285EFE005
:100D10006FCA2A846398090071D98145EFB02FB456
:100D20008144F1B72685930610027000CA85EFF062
:100D30002FEAAA844DFD31C8B2479305D100414640
:100D4000858B230FF400B24713050403858393F7C3
:100D5000F707A30FF400EF70702D41469305D10102
:100D600013059408EF70902C59B73304690383A7D7
:100D70000A0B3E948357C401638337030509EF6070
:100D8000FFEDE344A9FEDD549DB7C1690149975ABF
:100D9000FF1F938AAAF2130B400EFD19CDB7231E35
:100DA000440159BF49CDEF02FFF14111B289AE8430
:100DB00041468145368AEFF07FC4931A050193DAE4
:100DC0000A010149175BFF1F130B4BEFEF601FE197
:100DD000634AA9000145ADCC81441759FF1F13098F
:100DE000E9ED81A883274B0B131439003E948357F8
:100DF0000400638857050509D1BF8327490B139465
:100E000034003E948357040085E723105401914633
:100E10007000D2854E85EFF0AFDB1DE9B247139726
:100E20008700E1832183858B58C02301F4000DA046
:100E30008504EF60BFDAE3C2A4FC5D5511A86155DB
:100E40008280F1F4214681452285EF005FEC014567
:100E500041016F007FEA1971D2C4130AC10686CE20
:100E6000A2CCA6CACAC8CEC6D6C2B6D6BAD8BEDA30
:100E7000C2DCC6DE52C463810524FD151C102ACCD9
:100E80002ECA02CE3EC89304B0021549A949830573
:100E90000600130416009DE1F2465247E24763FB49
:100EA000E620B697238007007245F6406644D64494
:100EB0004649B649264A964A0961828093075002FC
:100EC0006386F5004808EFF02FCFF5A88357C100DF
:100ED00023070100014593F7C70F2316F100814551
:100EE00001480147014681469308D00213030003DD
:100EF000130E300205048307F4FF99C7638C97042F
:100F000063C3F404638BC70501CA0346C100858A25
:100F1000799AD18E2306D100630908008346C10067
:100F2000098BF59A558F2306E10019C12307B100FB
:100F3000138707FD1377F70FA54663E2E6068146A0
:100F4000A545294535A0E38717FBE39F67FA0546CA
:100F5000FD564DB70545854571BF05487D5759BFBD
:100F6000B386A60205048307F4FFBA96E206E1867B
:100F700013F7F70F130607FD1376F60F63E5C500A9
:100F8000138707FDF1BF1306F7F91376F60F636EAB
:100F9000C902138797FAE30537FDA306D1001307AB
:100FA00090066385E704634BF706130780056384A7
:100FB000E70A6345F702E38107EE13075002930542
:100FC0005002E381E7F02286D9B51307F7FB1377C8
:100FD000F70FE364E9FC138797FC75BF130730062E
:100FE0006386E70A13074006E39FE7FC03250A0030
:100FF000A947A307F100930A4A0063580500930725
:10100000D0023305A0402307F1006C00EFF0AFB52C
:101010006C004808EFF01F88568A75B71307300731
:10102000638EE7066341F7021307F006638EE70459
:1010300013070007E399E7F80347C1001367270088
:101040002306E10009A813075007638BE702130783
:101050008007E39AE7F6938787FA414793B717002B
:10106000A307E100139727008347C100ED9BD98FA9
:101070002306F100930A4A006C0003250A0079B7A1
:10108000A947A307F100FDB7A147E5BF83050A0003
:101090004808930A4A00EFF02FB2BDBF83270A0029
:1010A0006C0048083EC8EFF0EFFE1C10930A4A009F
:1010B0003EC89DB7BA97FDB30145C5BBEF023FC21D
:1010C0002A88368583464800BA8703475800A20617
:1010D000D98E328717B600001306C68689E517B683
:1010E00000001306E686BE85EFF0FFD66F007FC1D5
:1010F0009757FF1F938747D09C4381CFEF023FBE96
:10110000D843B2862E861847AA853E8502976F007F
:101110005FBF61558280EF029FBC83570500397124
:101120002A84231EF100834745009305650041464C
:101130001305F101230FF100EF70406F9305740167
:1011400041461305F102EF70606E8356240017B616
:10115000000013062688E5450A85EFF0DFCF6C080E
:10116000130630020A85EFF0BFF821616F007FB9E6
:10117000EF02FFB639712A84930505034146130532
:10118000D101EF70A06A9305940841461305D1027E
:10119000EF70C0698347E4010347F4018356C4013B
:1011A000858B0607D98F17B6000013066683E545C1
:1011B0000A85230EF100EFF01FCA6C081306100217
:1011C0000A85EFF0FFF221616F00BFB3EF029FAF1E
:1011D00037040001B70400FF0111814A1759FF1FAE
:1011E0001309C9AD7D149389F4FF17BA0000130ADF
:1011F000AA83EF60BF9E63C5AA0005616F00DFAFE1
:101200008327490B13973A003E978347370095CFC2
:101210005C43A30107005286B3F687008247E54589
:101220004800E58FD58F3EC083462700B3F73701CE
:10123000858AE206D58F835607003EC0EFF0BFC116
:1012400011468A854800EFF0BFEA850A5DB7EF02D4
:101250001FA901468145EFF0BFE96F009FAA8357A0
:101260006500638E071A1D71A2CCA6CACAC886CEB5
:10127000CEC6D2C4D6C2DAC05EDE801013F7170025
:101280003289AA8431CBF99B2313F500EF601F99B3
:1012900006053D0541990A8BC16A3301A1408A8B3D
:1012A0008149014AFD1AEF607F97634CAA0C794788
:1012B000930604FB17A6000013060676CA8526854A
:1012C000EFF0DFDF638F090C13961900DE8513053D
:1012D00004FBEFF0FFE15A8183D7640013F7270086
:1012E00021CBF59B2393F400EF605F9406053D0549
:1012F00041998A8A3301A1400A8B8149014AEF60F2
:10130000FF926345AA0A6547930604FB17A60000EF
:1013100013060671CA852685EFF05FDA6387090A2E
:1013200013961900DA85130504FBEFF07FDC568174
:1013300083D7640013F7470005CBED9B2393F4009C
:101340006547930604FB17A600001306A66DCA8521
:101350002685EFF0BFD69C4481C703D747003DEBFD
:10136000130504FBEFF0BFEE130104FAF6406644E8
:10137000D6444649B649264A964A064BF25B256151
:101380008280DC4413171A00BA9703D7070063085A
:10139000570193971900DE972390E7008509050A06
:1013A00019B7130504FBEFF09FEA35B79C481317F4
:1013B0001A00BA9703D7070019C793971900DA974D
:1013C0002390E7008509050A1DBF130504FBEFF014
:1013D0001FE8B1BF2314E4FA03D767008326C4FAD9
:1013E0002146520751832315E4FA370700F0758F21
:1013F0009447930584FA130504FB92069182558F56
:101400002326E4FA83C7770013F707018347F4FA2A
:10141000BD9BD98FA307F4FAEFF09FCDB1B78280BF
:10142000EF027F891754FF1F130444890444797124
:1014300093F7F4FB1757FF1F2326F78893F704044D
:10144000A1C78588A1E097A900009389E95DEF60B5
:10145000EFF863DBA4028327440B139934003E9911
:101460008356090091CE4E86E5454808EFF0BF9EB1
:101470004808EFF0DFDD214681454A85EF003F89CE
:101480008504F1B7EFF09FD41C4413F7F7F7975694
:10149000FF1F23A9E68293F707086397071E1C44E2
:1014A00013F7F7EF9756FF1F23AEE68013F70710E9
:1014B0006318071E18449377F7DF9756FF1F23A37F
:1014C000F6809376072095C6058B630A072018409F
:1014D0008983858B3ACA0347840715464C0806075B
:1014E000D98F17A500001305E550230CF100EFF08C
:1014F0003FC01C4413F7F7BF9746FF1F23A4E67CA9
:1015000093F707408DC3835744000D464C08231AB8
:10151000F1008357640017A500001305E54D230B68
:10152000F100EFF0FFBC1844FD749387F47FF98F4E
:101530009746FF1F23A8F6789317470163DF07003C
:10154000EFA08FE119C98356C5016391061A17A54B
:1015500000001305E54AEFF09FCF1C447D777D170F
:101560007D8F9746FF1F23AFE67413973701635AA9
:101570000702858B6388071CEFA04FDF1DC118454C
:101580008347E5001D463ACA0357C5004C0817A516
:10159000000013056547231CE100230DF100EFF067
:1015A0003FB51844F977FD17F98F9746FF1F23AB16
:1015B000F6709317270163D90700814517050000CE
:1015C000130525CAEF50FFF21844E177FD17F98F94
:1015D0009746FF1F23A8F66E9317070163D30702F0
:1015E000EFA0BF982A84814417A90000130949423B
:1015F000EF600FEE939704014205C183418163EAD6
:10160000A71445616F00AFEE83A70A009314190079
:10161000BE9483D7040033F767011DCF13961701DB
:1016200033F77701B3F637016352060417A60000BB
:101630001306463A09E717A600001306663AE54581
:101640004808EFF05F814808EFF07FC083D70400BF
:10165000B3F747012390F4000509EF602FE1AA8456
:10166000EF60CFDF2695E341A9FA15BD368519C78E
:10167000EF40A04361DDEFF01FAAC9BFEFD09FB3D9
:1016800071D5EFF0FFAED9B785697D7A0149974AE8
:10169000FF1F938A6A73056B896BFD197D1A75BFED
:1016A000858B9DC7EF500FF3231AA1004146974544
:1016B000FF1F9385256A13056101EF7020174946C6
:1016C0004C0817A5000013056532EFF07FA2DDB3CB
:1016D00017A5000013058531EFF07FB7E1BB17A513
:1016E000000013052531EFF09FB621B50357E50142
:1016F000C17785073E978357A101FD141337170063
:101700003207E58FD98F231DF100231AD1008356AC
:101710000502035725022146231BD100231CE100AB
:10172000035745028566FD16758FFD76F58FD98FB7
:101730004C0817A500001305A52C231DF100EFF0A0
:101740003F9B21BD17A500001305052CEFF03FB00E
:1017500089BD5C4813F7E7FF58C8858B89CFA686FB
:101760004A86C9450A85EFF00FEF8357040099E7D1
:101770000A85EFF0DFAD850461049DBD231AF100F9
:10178000835724009305440041462808231BF10099
:10179000EF70C00951464C080A85EFF07F95E1BF14
:1017A000EF02EFD385473395A7009747FF1F938735
:1017B000E7509C47411181455D8D9747FF1F23A34B
:1017C000A7509377057085E393576500858BA1CB70
:1017D000C167938707887D8D05EDEF606FD1930515
:1017E000803EB305B5021745FF1F1305255E2EC6C3
:1017F000EF50A03BB24519C16349B50085C51745F7
:10180000FF1F1305A55CEF50C04441016F006FCF6F
:10181000EF600FCE2A84EF60AFCEE360A4FCEF60F0
:101820002FCE75BF0145EFF0BFBFC5B7EF022FCB7D
:101830007971AA8601441749FF1F1309294836C642
:10184000EF60CFB9B246635CA4028327490B9314BF
:101850003400BE9483D704006396D70285C617A6CA
:1018600000001306661CE5454808EFF0CFDE480887
:10187000EFF0FF9D214681452685EF004FC9456168
:101880006F002FC8050465BF19C2232006008147D9
:1018900001C59306D00389E53E858280850505054F
:1018A000838705000307050099CF6394E700E3975A
:1018B000D7FE8147D5B79306D0038547E30ED7FC03
:1018C00093371700D1BF9307F002E316F7FE854761
:1018D00061D6050508C2C9B799C123A00500814793
:1018E0000DC11308D0031306F0023307F500830679
:1018F000070081CA638706016397C60099C105077F
:1019000098C13E8582808507CDB731C9EF02AFBA55
:1019100041112E8A6C002A89368BB28A97A4000066
:1019200093844404EFF05FFB2A8C0144A689B14BF9
:1019300088406286CA85EF70A02101ED0E044E94A6
:101940005C403245DA865686D285829741016F0027
:101950000FBA0504A104E31D74FD6155C5BF7D5593
:10196000828099E561558280615505616F00CFB82D
:10197000EF024FB52E8A2A8401118145B284528527
:101980004146BA893689EFF06F8793150501C18109
:101990001376F50FA1812285EF507FB12A8469D596
:1019A00052854C08EFF05FF3524A2A8BE30E0AFA95
:1019B0002A8697A50000938525065285EF70401969
:1019C000AA8A0DED7D5AEF606FA563C5AA0099E85C
:1019D000014561BF5C4413971A00850ABA972390AA
:1019E0004701D5B74C442EC6EF604FA3B24513163E
:1019F00015004E850299E34DA0FC85BF5A8697A538
:101A000000009385E5015285EF7080140DE1032AF3
:101A10000401EF60AFA11316150081455285EF0058
:101A20000FAFDDD40C482EC6EF604FA0C1B75A8669
:101A300097A50000938505FF5285EF70601141E185
:101A40001C44A5CF81ECD443370700E0758F944741
:101A5000D8C33707001F758F98C701BFA14630084C
:101A6000CE854A85EFE0DF96E31105F018448357F1
:101A700081017D762312F7008357A10193964701D8
:101A800083576700D182F18FD58FF2467D767D1620
:101A9000F182858AB206F18FD58F2313F700834731
:101AA000E1018356C1012305F7008347B7002314E2
:101AB000D700FD8BA305F7004DBD7D557DB55A863A
:101AC00097A50000938585E95285EF706008E31DB6
:101AD00005E81C4CE38A07E89C43E38707E8CE86C9
:101AE0004A86A6852285829749B5EF024F9F3687A1
:101AF000B2862E86AA850545EFF0BFE66F006FA07F
:101B0000EF02EF9D3687B2862E86AA850145EFF05B
:101B10005FE56F000F9FEF02EF9A411199C123A07B
:101B200005009747FF1F9387272C804381441DC8DA
:101B30002E89AA8931141DC40C4070004E85EFF027
:101B4000BFD419CD81E8A284630C0900B2472320D9
:101B5000F90039A08C4008400146EFF0FFD265F54E
:101B6000404869F8268541016F000F99184111CB53
:101B7000EF02EF96AE873E85B285368602976F00FC
:101B80004F9835558280EF028F958357C50013D744
:101B90000501C205B387E7021841C1814849BA95DA
:101BA000BE95EFF0BFFC6F00CF95584111CBEF020F
:101BB0000F93AE873E85B285368602976F006F948D
:101BC00035558280184509CBEF026F91AE873E856F
:101BD000B28502976F00EF92355582805C4599C7B8
:101BE000EF02EF8F2E8582976F00AF91355582807F
:101BF000EF024F8D83290500035AC5002A84484906
:101C0000AE848145EFF09FFD2A890DE193D5040153
:101C1000B38545030356C4004848CE95EFF09FFABC
:101C20002A8909E548488545EFF05FFB4A856F0042
:101C3000AF8CEF022F892A890441035BC500484914
:101C400079712E848145B28A368AEFF03FF941E1FD
:101C500093590401B3896903420441802694A299EF
:101C600003440901330480403374440111CC03253B
:101C70004901A2865686CE85EFF03FF3AA8431E172
:101C8000330A8A40A299A29A8144630C0A025286BE
:101C9000D685080803244901EF60503983460901BD
:101CA0001C089305F00F338646413385470136C63D
:101CB000EF00EF85B2461008CE852285EFF0FFEEEB
:101CC000AA84032549018545EFF05FF1268545612A
:101CD0006F008F82EF02AF802E864C41A1462A848E
:101CE000EFF03FF5AA8403450401A145EFE07F989A
:101CF0005C403385A74048C026856F008F808147B0
:101D000097A60000938606C36393C700828033873B
:101D1000F500034707008507398D135745003697AF
:101D2000034707001205398D1375F50F135745004A
:101D30003697034707001205398D1375F50FE9B77C
:101D4000EFF2FEF92A84AA851D461305F00FEFF085
:101D50001FFB834774003385A7403335A0006FF025
:101D60005EFAEFF2DEF74111A1463000EFF0BFE17D
:101D700009ED03578100C167FD1705456317F7009B
:101D80002800EFF0FFFB3335A00041016FF07EF734
:101D9000EFF25EF3AE848C414111A1462A890344DF
:101DA0000501EFF05FDEAA8939E9A1452285EFE060
:101DB0005F8C9C400357C9002A8AAA979396070113
:101DC0009CC0C182098F639CE602C16513D70701DD
:101DD000B385B74011E78355E900FD15C205BE95EF
:101DE0008CC0A1460A864A85EFF0FFD9AA8901E98D
:101DF0000A85EFF0FFF401C9832749009CC04E8596
:101E000041016FF07EEF0357C900835721008040E6
:101E10003307474163DBE70033FA470363170A00E0
:101E20004177798C3E9480C0D9BF03450901A14513
:101E3000417AEFE01F84098CAA8A80C0337A44017A
:101E4000417B63648A0081495DBFA1463000A28561
:101E50004A85EFF05FD3AA895DF12800EFF05FEECD
:101E600011E98357A1000357C100337A6A0180C08A
:101E7000BA973E9A33045441E9B7EFF25EE62A84FA
:101E8000AA851D461305F00FEFF07FE7A303A4001A
:101E90006FF03EE7EFF23EE22A84034505015D71F3
:101EA000A145EFE00FFD5C402A8B0355E40041792A
:101EB000B3F727016C003EC6EFE00FFD8355C40069
:101EC000B247A1463008BE95B385654122852EC82C
:101ED000EFF07FCBAA84634B05002808EFF05FE6A4
:101EE00011C9B2452285EFF0BFD0AA842685616171
:101EF0006FF0FEDFC2470357A101417C338B67417E
:101F0000B3F72701BA973EC810100C082285C24BC0
:101F1000EFF01FE8AA8479F90810EFF07FE22DE9CD
:101F20005C403ECA30104C0822855249EFF05FE613
:101F3000AA844DFD03578102835701026316F700FF
:101F40002810EFF0FFDF09C55840D247E31CF7FC2B
:101F500063902B058357410285CF83572102B3FA43
:101F60008B010810BE9A1C442311F102EFF0FFF020
:101F700083490401035A4102B309304193F909022C
:101F8000631B0A000C102285EFF0DFD4AA8439FD10
:101F9000E31C7BF7B9B74E8963733A015289CA864D
:101FA0001018D6852285EFF01FBEAA8421F163099F
:101FB00009000C44CA8610182285EFF09FC7AA8436
:101FC00003450401CA85EFE0CFEA1C443E9508C4EE
:101FD000E39E04F0330A2A41CA9A5DB7EFF29ECE1F
:101FE000411191E5FD54268541016FF0FED0C449B1
:101FF00083D725014CC904C12316F50003C7050189
:102000002A842317E50003C515019316070113075A
:1020100000022308A400C182E366A7FCE1D7B3E471
:10202000F402E9F08547E3FFD7FAA145EFE06FE45A
:10203000AA89014A01498357C400931509012285E1
:10204000BE95B38535412EC2EFF0BFD119ED0355D2
:10205000E4004C00050AEFE02FE39245420A228596
:10206000135A0A01EFF0FFCF09E905098357E4008D
:10207000420913590901E360F9FC8357E4006394B2
:102080004701D1548DB7639427039245A146300090
:10209000B38535412285EFF01FAF35E12800EFF021
:1020A0003FCA11C50355E4004C00EFE0EFDD924755
:1020B000C17A3387374158C04177F98F1CC44C40EF
:1020C0001C4463EEF500A14630002285EFF0BFAB63
:1020D0001DE52800EFF0DFC6032A44001DC15C4067
:1020E0000355E4004179B3F727014C003EC2EFE00D
:1020F000AFD992452285EFF0DFC6635C0502AA8462
:10210000DDB512450359A100035BC10033F5AA00F8
:102110002A9903450401DA85EFE0AFD54A9508C452
:102120006314450163130B04330A3A41232244012B
:1021300079B709C58547A308F40075B54C402285D9
:10214000EFF01FAB4DFD48408357C400860933753F
:10215000A9003E953305354148C03375250108C4B3
:102160002285EFF03FD379D559BF4D5549BF8347FD
:102170001501C9CFEFF23EB42A8403450501411190
:102180002E8AA145BA893689328BEFE08FCE8357EC
:10219000C4000605898F7D5563E727075C408144AD
:1021A0003EC230004C002285924AEFF07FBE21ED06
:1021B000835B810063994B012800EFF07FB801E554
:1021C0008504C204C18058409247630BF702E3FACA
:1021D00099FC8356C10061559DC663E63403C17501
:1021E000B3FABA006373D900CA868355A1005A8630
:1021F0002285D695EFF03F9919E50355C10021A03E
:102200006155E3884BFD41016FF07EAE49558280F8
:10221000EFF2FEAC0147EFF09FF56FF09EAEEFF2EC
:102220001EAC3284B2862E86835545000841EFF0FD
:102230003FFE635385002A8422856FF09EACEFF247
:102240001EA7834715013971C954BDC7034B05014A
:102250002EC62A84A1455A853689328AEFE06FC19D
:102260000D473307E5028357C400AA8DFD54998FAB
:1022700063E427056304090063000A045C403ECA66
:1022800030084C082285524DEFF09FB0AA8945EDE9
:102290008357810132476397E7002808EFF05FAA70
:1022A000630605105840D247E31CF7FC8144631BCA
:1022B000090019A0814499E7268521616FF0FEA2EB
:1022C000E35CA0FE5A85CA85EFE0AFBA014B11C5A9
:1022D000330BB501420B135B0B01014D7D5CC17BE0
:1022E000930C44008357E4006380A70D1C444440D2
:1022F0003307FB0063EBE40432472311F1020810BB
:10230000FD572310E102231221032303F102EFF012
:10231000DFB6630909000C44CA8652862285EFF0B5
:102320005F91AA8903450401CA85EFE08FB41C447C
:102330003E9508C4639909000C102285EFF09F991F
:10234000AA89CA8435D9CE8485BF03450401A14535
:10235000EFE02FB2B387A4002311F1028357C4002A
:10236000B3F4740123108103BE94898C44C0081017
:1023700023120102EFF07FB00C102285EFF09F9541
:10238000AA840355E400E685EFE00FB05C40B3F7A4
:1023900077011CC4E39204F22285EFF0BFAFAA8458
:1023A000E31C05F0050D3DBFC15439B78357C1018A
:1023B000E30209F0E39827F1C177034C0401B377F6
:1023C000FD00035DA101330C8041137C0C023E9D96
:1023D000D28ACA8CE28B63F38C01E68BDE86101006
:1023E000EA852285EFF02FFAAA84E31B05EC5E86CE
:1023F0000C105685EF602041AA84E31505ECB38CE0
:102400007C415E9DDE9AE3970CFC7DB5EFF23E8D3C
:1024100081460146EFF0BFE26FF0BE8E638C050E81
:10242000EFF27E895D71054D19C213BD1600035987
:102430000502B68B328B05094209135909012E8A10
:102440002A84CA89216C930A8500E15C9304F9FF10
:10245000C204C180638F84059306A0045000A68542
:102460005685EFF0FFDA6357050063139501A689DF
:102470002689E9BF9C083E95230A05FA4C0052853F
:10248000EFF07E9375F563040D088357040263959E
:1024900097089387F4FF2310F40289461306040279
:1024A000A1655685EFF0BFD96358050661616FF0ED
:1024B0001E840145E31C0DFE0549B1675D55E387A8
:1024C000F9FE9165CE9593048400C205DE865A8696
:1024D000C1812685EFF0BFD6630D09005285EF60FC
:1024E0000066AA865286CE852685EFF05FD5E34F3B
:1024F00005FA8357040263FF370323103403894628
:1025000013060402A1652685EFF07FD325A0A689D6
:10251000014965B77D558280A6855685EFF01FEF8E
:10252000E34605F89165FD15CA95C205C18156853A
:10253000EFF0DFEDE35CA0F601458DBFEFF2AEF703
:1025400003540502916A1D71050442042A89AE896B
:102550004180A16B130A8500FD1A130B0502930439
:10256000F4FFC204C180639D7405916B2164130A5A
:102570008900850B170C0000130CACCA83570902A5
:1025800093041400C204C18085076383F40E5E9433
:102590009306A0045008A68552854204EFF05FC759
:1025A0004180AA8A854613067100A2855285EFF004
:1025B0003FC62A8B634750076347A00626847DBF2A
:1025C00056949306A0045008A68552854204EFF065
:1025D0003FC441802A8C854613067100A28552852E
:1025E000EFF01FC3634C8003E351A0F88357090247
:1025F000E39D97F69387F4FF2310F90289465A86E4
:10260000A1655285EFF0BFC3A6855285EFF01FE0AC
:10261000A2855285EFF09FDF268491B7E358A0FC96
:10262000A9B7634BA000A6855285EFF03FDEA285D7
:102630005285EFF0BFDD59B79C10BE9A238A0AFA83
:10264000639109022C004808EFF0EFCC25D91C4516
:10265000224552C62318810074006286DA8582976B
:10266000B1BF0146CE854808EFF00FA261FDB9B7B2
:10267000014525616FF0AEE7EFF26EE69737FF1F79
:10268000938787768043814409C42A893114814421
:1026900001E426856FF0EEE6631809005C4481EFE3
:1026A000404865D83114EDB708400146CA85EFF0BF
:1026B000AF9D6DF5F5B78297E5F4AA84D5B7EFF233
:1026C0000EE29737FF1F9387A7728043AA8409EC15
:1026D0002685EFF07FFAAA840144EF502FD0636C77
:1026E000A40026856FF0EEE15C402285A6859C4320
:1026F00082970040E9BF05041374F40FF9BFEFF2AD
:102700000EDE0145EFF0BFFB6FF0AEDF9737FF1F26
:102710009387076E23A0070023A207008280EFF2B1
:102720000EDC9737FF1F9387276C23A0070023A297
:102730000700EFF0BFFD6FF0CEDCEFF24EDA411193
:10274000130985002A84EF50CFE5AA854A85EFF06A
:10275000FF88AA8419ED89461306E100A1654A8520
:10276000EFF01FABE177634405008357E1002310CE
:10277000F402268541016FF0CED89737FF1F93876B
:10278000276790430147B28691EE05E3DC4310C111
:102790001737FF1F232EA76485EF9737FF1F23AB43
:1027A000A764828036879442C5B7144385E2DC4330
:1027B0002320050091EB9737FF1F23ADA7629737C2
:1027C000FF1F23A7A762828088C3C1BF14C108C3AB
:1027D0008280EFF2CED01734FF1F1304A45C228551
:1027E000EFF0BFF5AA8405E5179900001309891DCC
:1027F00022859737FF1F23A9275BEFF01FF8973734
:10280000FF1F23A3275B9737FF1F23A7875E26851C
:102810006FF02ECF9737FF1F83C7475E795599EF2B
:10282000EFF2EECBEFF0BFEFEFF0BFFA11E5854727
:102830001737FF1F2304F75C6FF0AECC8280EFF2F6
:102840000ECA9737FF1F9387275A80432A89BE8471
:1028500019C0311415E0D840232A09009307490113
:1028600005E71737FF1F2323F7581737FF1F232DBF
:10287000F75601456FF0EEC80C4003250900EFF054
:102880008ED309C94048E9B71CC31737FF1F232F50
:10289000F754C5B75955F9BFEFF26EC497F5FFFF6E
:1028A000938545B81735FF1F13054552EF40402E5D
:1028B000EFF05FF61715FF1F1305C585EFF03FF822
:1028C0006FF02EC4EFF2AEC18357650093E7170097
:1028D0002313F5003545EFE0BFEC6FF08EC2EFF249
:1028E0000EC08357650093E727002313F500354595
:1028F000EFE01FEB6FF0EEC0EFF26EBE8355C50147
:1029000001112A840A860145EFD01FAF19C98357E8
:1029100005001167D98F2310F5001D45EFE05FE832
:1029200005A002478356C40119EF1796000013064D
:10293000260BE5454800EFE00FD24800EFE03F915D
:1029400005616FF00EBC93974601835607007D76B4
:10295000D183F18EDD8E93D7860093F7F70823108D
:10296000D70093E70705A300F70045BFEFF22EB7A6
:102970002145EFE0FFE26FF0CEB8EFF24EB6214511
:10298000EFE01FE22545EFE0BFE13145EFE05FE119
:102990006FF02EB7EFF2AEB48355C50141112A8412
:1029A00070000145EFD05FA501CD83570500717719
:1029B0007D17F98F2310F5001D45EFE07FDE31A074
:1029C000B24699E62285EFE0AFFA41016FF06EB3AF
:1029D0008357C4017D761397470183D7060051833F
:1029E000F18FD98F13D787002390F6009377F708DC
:1029F00093E70701A380F600C1B7EFF24EAE2A8439
:102A00002545EFE0FFD901E42945EFE07FD96FF0DC
:102A10004EAFEFF2CEAC8355250041112A847000F1
:102A20000545EFD07F9D01CD8357050071777D1758
:102A3000F98F2310F5001D45EFE09FD631A0B24677
:102A400099E62285EFE02FED41016FF08EAB8357C1
:102A500024007D761397470183D706005183F18FB9
:102A6000D98F13D787002390F6009377F70893E761
:102A70000703A380F600C1B7EFF26EA683552500C9
:102A800001112A840A860545EFD01F9719C983577B
:102A900005001167D98F2310F5001D45EFE05FD0C9
:102AA00005A002478356240019EF1796000013066D
:102AB00066F2E5454800EFE00FBA4800EFE02FF975
:102AC00005616FF00EA493974601835607007D764B
:102AD000D183F18EDD8E93D7860093F7F70823100C
:102AE000D70093E70707A300F70045BFEFF22E9F3B
:102AF000EF500F9F11E52945EFE09FCA6FF06EA0E0
:102B00009737FF1F9387871BC043EF506F9D337527
:102B1000A40275D1E5B7EFF28E9C2A84EF500F8D99
:102B200085476307F500A301F4001945EFE05FC78F
:102B30006FF02E9DEFF2AE9AEF504F8B85476305F5
:102B4000F5001945EFE0DFC56FF0AE9BEFF22E996F
:102B50003D45EFE0FFC46FF0CE9AEFF24E988357F9
:102B6000650093E747002313F5003545EFE05FC3A9
:102B70006FF02E99EFF2AE963145EFE07FC26FF025
:102B80004E98EFF2CE952D45EFE09FC16FF06E9716
:102B9000EFF2EE948357250079712A842314F10013
:102BA000834745019305450041461305A100230DC8
:102BB000F100EF50B047835604001796000013064B
:102BC000A6D6D1456808EFE00FA92C004D4668084D
:102BD000EFE00FD245616FF0CE92EFF24E90835648
:102BE0000500011117960000130606D4D1456800B0
:102BF000EFE06FA66800EFE08FE505616FF06E9083
:102C0000EFF2EE8D01113684B28479478A861796E9
:102C100000001306A6D4EFE06FCA09C82286A68575
:102C20000A85EFE0EFCC05616FF0AE8D0A85EFE02D
:102C30000FE2D5BFFD571707FF1F230DF74E828008
:102C4000EFF24E8841112A892EC6B289EF40CFB5E6
:102C5000B2451304F9FF2E944DC593170901C1879E
:102C6000AA847D55635CF0024204418093170401FD
:102C7000C1876355F0029DC1EF40CF95636AA406FA
:102C80009C4481443E95420541819307F5FFC2076C
:102C9000C18363E0270763960900695541016FF01E
:102CA000AE852390A900D5BF3387640383A78A0A22
:102CB0003E97835727006386470383570700636265
:102CC000F40203474701BA97C207C1831387F7FF8E
:102CD0004207418363672701E38109FC2390F900E0
:102CE0006DBF8504EF500F8AE3C0A4FC01457DB79A
:102CF0008144416A973AFF1F938A4AFC594B7D1AD7
:102D0000D5B77D5561BFEFE29EFD1734FF1F130459
:102D1000E40F9734FF1F938424100325C41419CDA6
:102D2000184D2326041411048347870093F7F7FBFB
:102D30002304F700EF507FD7E31194FE6FE07EFC91
:102D4000EFE2FEF91735FF1F1305C521EF30F071D3
:102D5000EFF07FFB6FE0FEFAEFE27EF893054006AE
:102D60001735FF1F13050520EF30B06E6FE07EF9B9
:102D7000EFE2FEF67D56B5450145EF40BFC56FE079
:102D80005EF8EFE23EF4EF40DF891734FF1F1304D3
:102D9000E4072320A4142322B41481440D49970985
:102DA000FF1F9389A9380325C41419CD8504014652
:102DB0006386240183270415814591E3CE85EF4086
:102DC0005FCA1104E39124FF6FE01EF3EFE29EEF70
:102DD00041112A84AE8932C6EFF09FF6EFF05FF919
:102DE00029C99737FF1F9387670283A5C7129304EA
:102DF000C5002A892685EF501FB281452685EF50F0
:102E00001FAB9315240093E5350093F5F50F268548
:102E1000EF50FFA93246CE852685EF507FA7973722
:102E2000FF1F23AB2713EFF0DFF5014541016FE0F2
:102E3000BEEC6555E5BFEFE29EEAAE8495452A8477
:102E4000EF50BFBCA6852285EF507FA66FE07EEBDA
:102E5000EFE27EE6BD652A84938505A61735FF1F40
:102E600013054512EF30F05E9737FF1F9387071C5D
:102E70009C439734FF1F938464F9268989CBC8400B
:102E800019C522868D45EF10903F6FE05EE6EFF0AA
:102E90003FEBEFF0FFEDAA846555E5D80327090065
:102EA0009737FF1F83C7070B9316170163D7060CCD
:102EB0001307F0076388E70085071737FF1F230B09
:102EC000F70829A09737FF1F238607088325C91213
:102ED0009389C4004E85173AFF1F034AAA07EF5093
:102EE0009FA3D2854E85EF509F9C83474400514756
:102EF0008145637CF7009385C7FE93F5F50FDD47A9
:102F0000B3D5F502850593F5F50F8A0593F5C50F41
:102F10004E85EF50DF99835544004E85EF50DF9C7E
:102F2000834544000840EF905FFEAA854E85EF5030
:102F30001F98835544009737FF1F23AF9700D14751
:102F400063F3B700D145939405010C40C1802686F8
:102F50004E85EF50FF93A6852285EF503F8C173B9F
:102F6000FF1F130BABEA814AA14B5D4C8357440012
:102F700085E3EFF01FE1014509BF1387F7FF1377E2
:102F8000F70F9306D00FE3F9E6F2930700F835B791
:102F900063967A01EFF03FD73955C5BDEFF05FDD9D
:102FA000110B910A09E5EFF01FD66555F9BD835560
:102FB00044002326AB146373BC00DD4593990501DF
:102FC0008325C9129304C5002685EF50DF94D2856E
:102FD0002685EF50DF8D93E52A0093F5F50F2685C2
:102FE000EF50FF8C0C4093D909014E862685EF5097
:102FF0003F8ACE852285EF507F828DBFEFE23ECEA5
:1030000001117C003ECAB70707003ECC81457C0019
:1030100048083ECEEFF03FE29735FF1F83C505E03D
:103020004808EF50DF88D247480883C71700173792
:10303000FF1F2301F7E6EFF0BFE111E585471737E2
:10304000FF1F230FF7DE05616FE0BECBEFE23EC945
:1030500001117C003ECAB70706003ECC91457C00BA
:1030600048083ECEEFF03FDD4808EFF07FDE9547A1
:103070001737FF1F2306F7DC05616FE09EC8EFE2FC
:103080001EC601117C003EC083450500B707110034
:103090003EC27C003EC42A8481C50145EFB0AFE248
:1030A0008347040085450A851737FF1F2304F7DE91
:1030B000EFF07FD8EF301FD1AA850A85EF502FFFA0
:1030C00085450A851734FF1F130404EEEF50DF8196
:1030D0001C400A8583C5C700EF506FFD1C400A8560
:1030E000CC4BB335B000EF508FFC1C400A8583C534
:1030F0009701EF50CFFB1C400A8583D5A701EF5005
:10310000AFFE1C400A8583C5C701EF504FFA1C4033
:103110000A8583D5E701EF502FFD82452D461735EF
:10312000FF1F130535D78505EF5040700A85EFF076
:103130003FD211E589471737FF1F2303F7D00561F9
:103140006FE03EBC9707FF1F83C7C7FE6387A706D4
:10315000EFE25EB72A84EFF0BFC1AA8429CD17073A
:10316000FF1F034727FD9307F00F8149631AF700FC
:103170009707FF1F238087FC979900009389099088
:103180009737FF1F938787C883A5C7121389C40089
:103190004A85EF504FF8A2854A85EF504FF185459B
:1031A0004A85EF50CFF026850146CE85EF407F8BD4
:1031B0002685EF509F8F6FE03EB48280EFE23EB2F3
:1031C00079713C083EC6B70716003EC899453C08D1
:1031D00068003ECAEFF03FC641469735FF1F938512
:1031E00065C76800EF50CFEA6800EFF07FC605E1E1
:1031F0009737FF1F938787C19C4313971701994700
:10320000634307009D471737FF1F230BF7C2456134
:103210006FE03EAF9387F501FD15FD1703C717005B
:103220000505A30FE5FEE39AB7FE8280EFE23EAB11
:103230000547411132846304E504AA8719C9094787
:10324000630EE5060D477D556385E71A41016FE082
:103250005EAB33E4C5007D5575F89737FF1F23A398
:1032600007C09737FF1F23A107C09737FF1F23AF62
:1032700007BE9737FF1F23AD07BE0145C1BF33E42B
:10328000C5007D5561F49737FF1F9387E7D18043D1
:1032900041499734FF1F9384E4BC034684014C48A2
:1032A0003305C9402695EF50605803468401814597
:1032B00026853306C940EFE09EA5C1B791477D55ED
:1032C000E3E6B7F8978700009387877ABE9583C4B3
:1032D0000500ADDC1739FF1F130909CD03270900CD
:1032E0008357A701E58FBDD383479701E3E0C7F676
:1032F0009737FF1F938787B19C4313971701635834
:10330000070093E707081737FF1F2321F7B0C147CE
:103310006397F406A2854800EF904F8B58008144D4
:1033200013064002A545639B84021C08A697238AC6
:1033300007FE9737FF1F9387E7B226864C003E852E
:10334000EF50C04E4146058E81452695EFE03E9CEC
:10335000832709004800DC538297CDBD83470700CF
:10336000B3F7C7029386770363E4F50093860703F8
:1033700085042300D70093F4F40F05076DB791453A
:103380004800EF90AF847D141316240017840000CA
:103390001304446F32941C4092452685B3F5F50220
:1033A00093D7050113D787009736FF1F2382E6AC1A
:1033B0001737FF1FA30EF7AA139705014183218337
:1033C00093978500D98F1737FF1F2314F7AA9737D4
:1033D000FF1F23A907A89737FF1F23A707A8973721
:1033E000FF1F23A507A8832709002EC29C5382979D
:1033F000B1BDE3EDB7E4978700009387E767BE951B
:1034000083C70500E38407E41737FF1F1307C7B915
:1034100018438356E701FD8EE38A06E28346C7011F
:10342000E3E6C6E29736FF1F9386469E9042A1458B
:10343000936606026394B70093660604185717361E
:10344000FF1F2325D69CA2853E85029701B5EFE29A
:103450007E8741112E89B28935C501462A84EFF055
:103460002FFE634F05048144173AFF1F130A0A8594
:10347000D94AEF403F9163D5A40433855403832791
:103480008A0A3E9583570500B1E323108500230A7D
:1034900025012311350141016FE01E8663124503AA
:1034A0000354E1008504EF40FF8D05056349950055
:1034B0001306E100CA852285EFF08FF865F145F427
:1034C0000145D1BF81440544695AF1BF850455B710
:1034D000EFE24EFF2A84AE8983454501035505007E
:1034E0000149EFC02F86834744016341F902638598
:1034F00009002285EFF06FEE23100400414681455C
:1035000013054400EFE0BE806FE00EFF035504009A
:1035100093140901C180269542054181EFE00FB166
:10352000035504000509269542054181EF30804B83
:1035300003550400269542054181EF30C04A65B726
:10354000EFE2EEF91735FF1F1305C5A3EF30E07169
:103550009737FF1F83C7079489C781450145EFB09F
:103560008F961734FF1F1304648A1C4013971701AA
:1035700063570700084401C58145EFF07FF5973791
:10358000FF1F9387A7AA9C4389C7484019C1EF40F2
:10359000CF88EFF0EFFA1306801581451735FF1F2E
:1035A0001305C586EFE0AEF6FD571737FF1FA307DB
:1035B000F7989737FF1F9387E79E9C4395C39847DB
:1035C0002392070098C31737FF1F232DF796054551
:1035D000EF901FC7814711E1C9573E856FE06EF23A
:1035E000EF1040489737FF1F23AEA794CDB7EFE207
:1035F0000EEF41112AC6EFF0BFF49737FF1F9387F4
:10360000A79A9C439C5F81C7B245054582974101BB
:103610006FE02EEFEFE2AEEC8347550085462E8734
:1036200089836382D70C91C789466389D7106FE07D
:103630004EED9726FF1F9386667D9C42B6841396B7
:103640001701E34606FE83D545003D46E371B6FE0D
:103650008983858B2A848DC303A7C6121C41E31876
:10366000F7FC9727FF1F83C7A77DF1F3014681452C
:103670000545EFF0AFF565BF9737FF1F9387C792FA
:1036800003A907000843414683250900EF50A0170E
:1036900059FD8327490399C3054582971C40BD65A1
:1036A000938505A61737FF1F2328F7889C401735F9
:1036B000FF1F1305258D93E747001727FF1F2327BB
:1036C000F77483A7841398472392070098C3EF30B9
:1036D0004058014681450545EFF04FEF9727FF1F02
:1036E00023800776A9B79727FF1F938727729C43EC
:1036F00093961701E3DD06F203D745000DFB13F7A0
:10370000870001CB93E787001727FF1F2320F7705F
:1037100039BFBD9B93E787001727FF1F2328F76E4C
:10372000EFF00FE29737FF1F938707889C43DC5B1E
:1037300099C305458297EFF07F8CD5BD9727FF1F72
:103740009387C76C9C438983858BE38207EE83D77D
:103750004500E38E07EC9C4103C50700EFF03FE90D
:10376000F9B5EFE22ED61724FF1F1304246A1C407C
:1037700013D72700058B35CF9183858B9304007D6C
:1037800081E79D6493840453EF30BFE90327041459
:10379000832744143307E5409D8D3335E500898D3B
:1037A00093D7F44163C9B7046394F50063E5E40477
:1037B0009724FF1F9384846501440D499709FF1FD7
:1037C0009389C99603A5C4140DC51C4D050483C770
:1037D000870093F7070499EB01466306240183A74A
:1037E0000415814591E3CE85EF40AFA79104E31B1B
:1037F00024FD6FE06ED01C409183858B91CB832795
:10380000C4140145DC4703C757008D476313F70015
:103810002545EFF0DFDDF1BFEFE26ECC9727FF1F0C
:103820009387C75E9C434111A307A10013E70701DB
:103830009726FF1F23ACE65CC18B99E705469305ED
:10384000F1000945EFF08FD80347F100A547631455
:10385000F700EFF0FFCE8345F10091C99727FF1FD6
:10386000938787749C439C5F99C305458297410168
:103870006FE02EC9EFE2AEC61724FF1F13040459F0
:103880001C4001111397170163570700EFF0DFF891
:1038900005616FE00EC77C003ECAB7070700AA8427
:1038A0003ECCA5457C0048083ECEEFF0CFD8A6859B
:1038B0004808EF40DFFF4808EFF08FD91C4093E73E
:1038C00007101727FF1F2323F754D9B7EFE22EC1A4
:1038D0001724FF1F1304845383278413BD65938526
:1038E00005A69C431725FF1F1305C56983C4070060
:1038F000EF302036032584139725FF1F83C54564C9
:10390000EF906FE305C91725FF1F03452563EFF00F
:103910007F83834704131727FF1FA301F7629727AD
:10392000FF1F238D07601C40A183858B91C70D4528
:10393000EFF05FF46FE0EEBCA54763F49700094534
:10394000C5BF6388F4009727FF1F83C7674FE390C5
:1039500097FE9787000093876718032784138E04C8
:10396000BE9483D74400835647008507E399D7FC6C
:1039700008439C400505829775BFEFE24EB683462B
:1039800045001727FF1F0347775B834755006317E1
:10399000D7003A85EFF00FFB6FE0AEB61726FF1F9A
:1039A0000346C6599724FF1F938444466304D602F6
:1039B0000507E393E6FE1727FF1F2301D75803A748
:1039C000841314472312070014C37D579726FF1F43
:1039D0002397E65613D427009727FF1F83C7375630
:1039E00063F687000945EFF0FFE87DB76391870232
:1039F000A557B307F40203A78413034747008D07B5
:103A0000BA9703D7450093F7F70FE39DE7FC972795
:103A1000FF1F83C7C752B3D78700858BB5DF5D45CE
:103A20009307F4FFB387A70203A7841303D64500C7
:103A30008C410843D1073E95EF40505F03C72413E4
:103A40008547B397870093C7F7FFF98F1727FF1FA5
:103A50002307F74EB1F3EFF07FE73DBFEFE2AEA5EE
:103A600059711C083ECCB70706002A843ECE581870
:103A70001C08978600009386E6041726FF1F13068E
:103A8000764A930500021725FF1F130565393ED0BE
:103A9000EF90AFCE19C11D4589A0D80897860000C8
:103AA0009386C6021726FF1F1306D647930500020A
:103AB0001725FF1F1305C536EF902FCC69FD35463E
:103AC000930571054810EF407056D40822864C10BB
:103AD0004818EF90CFE509C51945EFF0BFD9D9A82F
:103AE000D800978600009386E6FE1726FF1F130670
:103AF0007643930500021725FF1F13056532EF90EB
:103B0000CFC751F9034661062808A14583494106FC
:103B1000034B510632C603447106834C81060349A8
:103B20009106034CA106034AB106834BC106EFF090
:103B30008FB02808EFF0CFB135EDFD571727FF1FE5
:103B40002300F7309727FF1F9387074E9843BE8ABD
:103B50008144324611CF9727FF1F9387274D9C43FF
:103B600081CB9727FF1F9387672AC443B334900004
:103B70002204336494012209220A4204B3668901B3
:103B800093958900DC0033677A01C18EB3E5650146
:103B9000C808EF400FCA19ED83A70A0081C799C072
:103BA000EF1020069305007D1725FF1F1305853DA7
:103BB000EF30200A65616FE08E93EFE24E9219714B
:103BC000AA84AA8534101726FF1F1306A6291725D5
:103BD000FF1F1305252BEF90CFD919C11D4519A83B
:103BE00041469725FF1F9385E5252810EF40B041FA
:103BF00009C51145EFF01FC8A5A21724FF1F130424
:103C0000E4201C409725FF1F9385C52413971701B7
:103C100063470700A6859724FF1F9384A423972654
:103C2000FF1F9386363026861725FF1F1305852430
:103C3000EF90EFD945F51C40139717016355071214
:103C4000BC083EC6B70727003EC83818BC08978690
:103C50000000938626E71726FF1F1306B62C930550
:103C600000021725FF1F1305A51B3ECAEF90EFB0FA
:103C700035F5B80097860000938646E51726FF1FA6
:103C80001306562A930500021725FF1F1305451931
:103C9000EF90AFAE21F535469305B1042808EF400B
:103CA000F0381844978600009386C6E21726FF1F57
:103CB000130656271107930500021725FF1F13054A
:103CC0002516EF908FABE31B05F01C4403D52700AE
:103CD000EFB04FCEAA84E30305F09D456800EFF0F6
:103CE0008F9583C5E401930790054146B385F5029E
:103CF000680093850503A695EF409FB91C446800B2
:103D000083D52700EF405FBE2685EFB0CFCCAA85D4
:103D10006800EF40DFB99727FF1F938727FA8C438E
:103D20006800EF405FBF1C44680083D50700EF4088
:103D3000BFBBA1456800EF401FB3B2462C0828184E
:103D400085063686EF904FBD19C1194565B56800E7
:103D5000EFF00F9011E5A1471727FF1F2302F70E81
:103D600009616FD01EFAEFF06FC5DDBFEFD23EF7ED
:103D700079713C083EC6B70716003EC89725FF1F5D
:103D80009385450F3C081725FF1F1305A5103ECA54
:103D9000EF900FC019C51D45EFF0DFAD45616FD045
:103DA0005EF61726FF1F1306E60D9725FF1F938566
:103DB000650C1725FF1F1305A506EF908FBF61FD4A
:103DC000C1451725FF1F1305E508EF802FE061F5BA
:103DD00095456800EFF02F86C1456800EF40BFA809
:103DE000AA861726FF1F1306E6079725FF1F938550
:103DF00065061725FF1F1305E508EF908FB741FDF6
:103E00006800EFF0EF8459F99727FF1F93870700A9
:103E10009C43B983858B93B7170095071727FF1F1E
:103E20002300F702A5BFEFD29EEBAA8541461725D6
:103E3000FF1F13052501EF40701F9727FF1F938772
:103E4000E7FC9C431397170163560700EFF00FB789
:103E50006FD03EEBEFF09FF1E5BF9727FF1F9387F1
:103E6000E7FA9C4313F7F7F79726FF1F23A0E6FA1C
:103E700013F7070809CB858B99C7EFD25EE6EFF001
:103E8000FFEE6FD01EE88280EFD27EE59724FF1F01
:103E90009384C4F780403971AA859317140163D4C1
:103EA000070613641400130600041725FF1F1305EB
:103EB00075039727FF1F23AB87F4EF403017EFE020
:103EC0003FE89C401724FF1F1304D40113971701E8
:103ED000634607001724FF1F1304D4FCA2850A853C
:103EE000EFF04FB3930504020810EFF0AFB297055F
:103EF0000000938505140A85EF902FB81DC91D4554
:103F0000EFF05F973DA0130600041725FF1F130570
:103F100075F9EF40B01193579400858BC5DF935727
:103F20001400858BC5FB136414009727FF1F23AF74
:103F300087EC21616FD0FEDCEFD27EDA1D713C0888
:103F40003EC6B70746003EC801453C083ECAEF9052
:103F50002FAF19E51D45EFF0FF9125616FD07EDA97
:103F60002A848D456800EFE01FED9305000268008C
:103F7000EF407F8FA285EFF0EFA993050002680064
:103F8000EF407F8E93050402EFF0CFA81724FF1FA8
:103F90001304C4E71C40B24513060004139717012D
:103FA00085051725FF1F1305F5EF63460700172545
:103FB000FF1F130535F3EF4070076800EFE05FE97E
:103FC00049FD1C408566138706805D8F1726FF1FFD
:103FD000232EE6E21727FF1F13074705184301CFDB
:103FE000584011CB7D771307F77FF98FD58F1727AF
:103FF000FF1F232DF7E01C4013971701635B070099
:10400000A583858BB9FB8D471727FF1F230AF7E28E
:10401000A9B713D757009983D98F858B1307F00F52
:1040200091E315479727FF1F238CE7E03DB7EFD2B9
:104030001ECBAA851725FF1F130585DEEFF08F9D88
:104040009727FF1F938787DC9C43139717016352C1
:10405000070413D7670093D65700558F058B11EBD4
:1040600013D77700058B01CB91471727FF1F230933
:10407000F7DC6FD01EC91397370163550700EFF0C7
:10408000FFCEC5BF0967D98F1727FF1F2320F7D899
:10409000CDB713D79700058B05C715479726FF1F88
:1040A0002380E6DA856613F7F7F7558F9726FF1F0B
:1040B00023AEE6D493F70708CDDFEFE03FF955BF15
:1040C000EFF09FE77DB7EFD29EC11724FF1F1304C7
:1040D000E4D38327C4149DCF034745009727FF1FD0
:1040E00083C747E76318F7021C409183858B99E3E8
:1040F000EFE01FC51C4013971701635F070013F71C
:10410000F7BF9726FF1F23A3E6D093F7074089C781
:10411000EFF09FE26FD0FEBE1840FD779387F77FE8
:1041200013164701F98F8566634706001727FF1F9F
:10413000232EF7CCC5B7D58F139617016347060218
:104140001727FF1F2324F7CC1C4013971701E343C5
:1041500007FC13F7F7F79726FF1F23A9E6CA93F783
:104160000708CDDBEFE09FEE75B7F5779387F77F14
:10417000F98FD58F9726FF1F23AAF6C8931727011B
:10418000E3D407FCEFF09FBEC1B7EFD25EB5834723
:10419000050091C70945EFF0EFED6FD09EB683475C
:1041A00015002A8413F7E70F75F71727FF1F13076A
:1041B000A7DF18430346C700E31EF6FC9727FF1F3F
:1041C0009387C7C4944393F7F6DF19C293E7062099
:1041D0009726FF1F23ACF6C2A583858B81C71C4B96
:1041E00091C382971546A2851725FF1F130545CB5E
:1041F000EF40C0638D471727FF1F2303F7C4034613
:1042000044008345340003452400EFF02F82E35639
:1042100005F849B7EFD23EAA172BFF1F130B0BBFB0
:1042200003270B0001119317170163D007023C000D
:104230003ECAB7070B003ECC3C003ECE834705008C
:104240002A8499E70945EFF0EFE205616FD03EAAB5
:104250008347150083462500A207D58FC207C18773
:104260008546E391D7FE83463500E3EDD7FC972AD8
:10427000FF1F938A6AD383A70A0001499C5BADCFD5
:10428000A5CE13670720834444009727FF1F23AF61
:10429000E7B68547E3E897FA034C5400A147E3E308
:1042A00087FB8349640003457400A209B3E9A900B0
:1042B00013F709FE41FB834B8400E3E577F9034ADA
:1042C00094000345A400220A336AAA0093770AFFE8
:1042D000B5FB834504001726FF1F035606B41725B8
:1042E000FF1F035565B3EFF08F969727FF1F23A39A
:1042F000A7B211E5154581BF1377F7DF69B783A72B
:104300000A0091C403C7870119C3D84B61EF83C466
:10431000970163F39B00DE8483D7A70193F4F40F26
:1043200013F7070101C713778A0059EBBD8BD1CF73
:1043300013757A0059C9EFA0BFAD83A70A007D1598
:10434000937BF50F03D5A701A94C3D89EFA05FAC86
:104350007D15137AF50F03A70A008347C70163731E
:10436000FC00E28713FCF70F8357E70113F7870080
:1043700001C713F7090131EF9D8BADC313F5F900A8
:1043800031CDEFA0FFA883A70A007D159379F50F23
:1043900003D5E7011D89EFA0BFA77D151379F50FA0
:1043A000A947B307FC0233879403636AF70C638C55
:1043B0000C0C639C040C81490149814B014A3DA0CE
:1043C000930C4002114A8D4B79B7814C014A814BC5
:1043D00059B7930740020D499149E1B78147014917
:1043E0008149C1B781448149854B054A2D46A28543
:1043F0001725FF1F130515AAEF40404389454808BC
:10440000EFE07FA381454808EF406FCA83250B008A
:104410004808A5818589EF408FC9DE854808EF40AF
:104420000FC9CE854808EF408FC8A6854808EF40E1
:104430000FC8D24515461725FF1F130565A685052C
:10444000EF40C03E4808EFE0BFA0E31005E026863D
:10445000CA855285EFE09FDD01C50945EFF08FC1A8
:1044600083270B00A583858B89C783A70A009C5BE4
:10447000829783274B0099CFEFF01FACF9B3E2840A
:10448000894B0D4AA5B781443DB7DE8952898D4BD2
:10449000094AA9BF83270B0093E707401727FF1F8F
:1044A0002326F7965DB3EFD2FE81834745002A8924
:1044B0001725FF1F034595A86316F500EFE09FC879
:1044C0006FD09E831724FF1F130444948329841301
:1044D0002E85AE84EF40EFCB2392A900834749009D
:1044E00026851727FF1F230BF7A4EF40AFC697279A
:1044F000FF1F2387A7A48327841303D7470009E757
:104500000945EFF02FB76DBF83D76700E3EAE7FEF9
:1045100083475900898381C7D146E3F3E6FE172715
:10452000FF1FA30EF7A01725FF1F034545A1137713
:1045300015009307F00F05C31345F5FF1375F50F2D
:10454000EFA01F8D7D159377F50F1727FF1F0347EA
:10455000179FE367F7FA1727FF1F0347479E11C30B
:10456000BA8703455900098113071500054533151E
:10457000E5007D157D8D9727FF1F2382A79C83274C
:10458000841303D644008C408843EF40202A83479D
:10459000241393F7E70F1727FF1F2302F79A8DF3D2
:1045A000EFF0CFB231BFEFD28EF303450500EFF04D
:1045B000AFA66FD00EF5EFD28EF22A89AE840144F9
:1045C000EFA05FF8634494006FD0AEF33305890029
:1045D00042054181EFD08FA50504EDB7EFD22EF053
:1045E00001449714FF1F9384646D5949EF308FF98C
:1045F0006344A4006FD0EEF03305240383A7840A3C
:104600003E958357050081C78545EFE07FEC0504A3
:10461000F1BFEFD22EEBAA8401441719FF1F130933
:10462000E969D949EF300FF66345A40001456FD021
:10463000AEEC330534038327890A3E950357050002
:1046400063E7E40083474501BA97E3C2F4FE05043B
:10465000D1BF9727FF1F938727959C43DC5F91C7A6
:10466000EFD2EEE782976FD0CEE982809727FF1FC7
:10467000938787939C43BC4391C7EFD24EE68297C2
:104680006FD02EE882809717FF1F93872778984373
:104690009316170163D30608EFD26EE480470149F1
:1046A0008345440103550400EFA0DFE9834744013B
:1046B000634BF9022285EFE0AFCD9717FF1F23ABC5
:1046C0000774FD5701451717FF1F230BF776EFF00F
:1046D000AF94034644018355040003552400EFF0D2
:1046E000FFF86FD00EE20355040093140901C18056
:1046F000269542054181EFD06F93035504000509CB
:10470000269542054181EF20E02D035504002695B2
:1047100042054181EF20202D51BF82809727FF1F46
:1047200023A2A7888280EFD28EDB9717FF1F938783
:10473000E76DDC436D54639FA700EFE07FE09727B0
:10474000FF1F938767869C432A849C5F81C78145AE
:104750000945829722856FD0CEDAEFD24ED89717CF
:10476000FF1F9387A76AC84309C5EFF0DFFB6FD02F
:104770004ED925459717FF1F2383077CEFF0CF897C
:10478000FDB79727FF1F938727828843828097175B
:10479000FF1F9387A7678843098105898280EFD22D
:1047A0000ED441112A84EFF09FFE2DC90357440017
:1047B000954763F8E7062285EF40EFA02AC42285DB
:1047C000EF404F992306A1002285EF40AF9897173D
:1047D000FF1F9387A7639843A306A1000983058B56
:1047E00011C783A6C712A247639DF6020D8997776A
:1047F00000009387272B0E05B386A700835544003E
:1048000003C6560063EFC50001E703C7460011EB7E
:10481000AA979C43A2852800829721A0EFA0BF9869
:1048200051D541016FD0EECD9717FF1F9387C77702
:104830009C43FC4391C7EFD28ECA82976FD06ECC57
:104840008280EFD2CEC997F5FFFF9385C5F117158A
:10485000FF1F13052571EF20A0336FD08ECA15C539
:10486000EFD2EEC72A8497050000938545EF171510
:10487000FF1F13052571EF20A0319717FF1F23A5F8
:104880008772EFE0FFCB6FD0CEC77D558280A9E164
:1048900082808327090013171400BA9783D7070073
:1048A000638697020504EF306FB9E344A4FE014428
:1048B000EF30CFB8635CA4000327090093171400FE
:1048C000BA9703D7070019EB239097006FD06EC3F8
:1048D000EFD2EEC02A89AE840144F1B70504C9BF06
:1048E000EFD2EEBF4111AA8401442EC6EF300FB5BE
:1048F000B245635CA400984093171400BA9703D79D
:1049000007006317B7002390070041016FD06EBF07
:104910000504E1BFEFD2AEBC9717FF1F9387477026
:104920009C432A87AE86328889CF9718FF1F9388C9
:10493000E86E03A3080089486315130182976FD0BE
:104940004EBC9717FF1F9387676E9C430145E5DBBD
:104950009717FF1F9387876C90438547E311F6FEF7
:104960004286B6853A85EF205FD0D1BFEFD28EB5B3
:104970002E8A3284AA89EF20FFCD75158357440013
:1049800093140501C1801379FA0363FE9700CA8569
:104990002285EF303FE7035644000C404E85EFF090
:1049A0007FF76FD06EB5936509042285EF309FE5E0
:1049B0000C4026864E85EFF0FFF5A6852285EF3068
:1049C000FFE5136909088357440099CF850763DF22
:1049D000970093650A0C2285EF30DFE2035644000E
:1049E0000C404E85EFF01FF3014565BFCA85228557
:1049F000EF305FE10C4026864E85EFF0BFF1A685D3
:104A00002285EF30BFE1C1B7EFD26EAD79713C08BE
:104A10003EC6B70717002A84AE843EC868003C082B
:104A200085453ECAEF307FFE6C002685EF30FF8162
:104A3000700085452285EFF07FF345616FD06EAC45
:104A4000EFD2EEA9EF308F9F89450605EFA06FBE2C
:104A5000E55711C59717FF1F23AAA75681473E8523
:104A60006FD02EAA9717FF1F93870756985B239640
:104A700007021715FF1F1305A55798D78280171730
:104A8000FF1F1307675418436316A7021717FF1F6A
:104A90000347075475179387D5FF1337170093B74C
:104AA0001700FD566319F700EFD26EA3EFF01FEC6D
:104AB0006FD02EA5ED5636858280EFD2AEA005EDE3
:104AC000C16401441719FF1F1309491F9309400EC0
:104AD000FD1421A8330534038327090B3E95835722
:104AE000C50163839700D13F0504EF302F97E3435F
:104AF000A4FE6FD06EA09717FF1F9387E74CAA857F
:104B0000884365D9EFF05FF0EDB7EFD2AE9B7971D6
:104B10001C083EC2B70720003EC41714FF1F130431
:104B2000A44A1C083EC61C40D9C31717FF1F0347E1
:104B3000274A8947AE842A896315F704814911A859
:104B40005C4013971900BA9783D7070063819706D3
:104B50008509EF30AF8EE3C5A9FE85454800EF30EB
:104B6000DFEA03564900832509004800EF305FD291
:104B7000084050008145EFF09FF0054545616FD03A
:104B8000AE97C167FD17E38AF5FC85476311F7020D
:104B9000814911A85C4013971900BA9783D7070081
:104BA000E38D97FA8509EF306F89E3C5A9FE0145CA
:104BB000F1B723000502232205028280EFD22E9254
:104BC00085472300F5022A84EF205FA79717FF1F70
:104BD0009387C70E83A7070B48D01715FF1F130530
:104BE000E53C1D8CB7F723B8938797E0098433041D
:104BF000F4029717FF1F23A78742EF2020046FD0EE
:104C00004E90EFD22E8CEFA00FDAE95705C1C164A8
:104C100001441719FF1F1309690A9309400EFD1477
:104C2000094AEF30AF836346A40081473E856FD0C9
:104C3000AE8C330534038327090B3E958357C5019A
:104C4000638897008347050263844701EFF01FF7ED
:104C50000504C1BFEFD2AE88834705FE8546639841
:104C6000D7001305C5FDEFF09FC26FD08E8989462E
:104C7000E39DD7FEFDD91305C5FDEFF07FC6F5B75F
:104C80009717FF1F9387873998433DCF8546F15784
:104C9000631DD706EFD2AE849717FF1F9387C732E5
:104CA0002A8788433E8405C99716FF1F83C646326C
:104CB0008D476392F60239E39717FF1F93870737F3
:104CC0009C4395EB9717FF1F238407301C4003D5A7
:104CD0000700EF20FF9CEF207F9E1715FF1F130595
:104CE000E52C9717FF1F23AB0732EF101078814791
:104CF0003E856FD00E81EFF01FA3E9B70355050085
:104D0000CD45EF20DF98D9B7F9573E8582809717B8
:104D1000FF1F9387A7309C437955BDC30947715541
:104D20006383E7008280EFC29EFB1714FF1F13040A
:104D3000A429184015C3834784008546FD1793F7BF
:104D4000F70F63EBF60003550700CD459717FF1FDC
:104D500023800728EF20BF931C4003D50700EF20D6
:104D6000BF97EF203F991715FF1F130525249717AD
:104D7000FF1F23A5072AEF10506F01456FC07EF873
:104D8000828015C1EFC2BEF51C41AE842A8489C75A
:104D90002E860145814582975C4081C7A6850145E5
:104DA00082976FC01EF68280EFC27EF39767000085
:104DB0009387075A9C43AA8501459C4782976FC0F9
:104DC0005EF4EFC2DEF12A84034585019307F00FFC
:104DD0006314F500EF604FCF930720033305F5020E
:104DE0000328C40181460147930500029307650922
:104DF000034574017D8905053356D800058A01C62F
:104E000005071377F70F8506E398B6FE198D13078C
:104E100040063305E5023E959307C0126354F50042
:104E20001305C0126FC0FEEDEFC2DEE91C4D035446
:104E30008500B28995834E04858B4111AA842E8901
:104E40004D80314691C321463307260383D7440161
:104E5000998F6344F60013F6F70F83C564014E85FE
:104E600032C6EF30DFA49C4C935564004E85860714
:104E700093F70708DD8DEF309FA30A04935539009F
:104E8000C18D93F5F50F4E85EF307FA29C4C9315A5
:104E900059004E85FD8BDD8D93F5F50FEF303FA169
:104EA000DC40931529003246BE958C414E85EF308B
:104EB0003F9E41016FC05EE4EFC2DEE0AE8A8345F3
:104EC000A5002A84B28905450146368A3A8BEF202F
:104ED0007FB03DC19304C5002A89A5452685EF30E2
:104EE000DFB2630D0B0483450B0093F5F5072685B0
:104EF000EF30FF9B03D64A0083A50A002685EF30DA
:104F00003F999717FF1F9387A7C39C43C9C750407A
:104F10001C40835584000356460003D5C70105474E
:104F20008146EF80BF8115E95C4083974700635459
:104F3000F0064A85EF307FB76555A1A85C4005476C
:104F4000814583D727008D07C207C183E371F7FA34
:104F50000C44E98193E5050459BF9717FF1F938718
:104F6000E7BD83A807000548A68705478146014697
:104F700081452285829805C15C4083974700635C28
:104F8000F0004A85EF307FB24E85D285EFF07FDFAB
:104F900001456FC07ED6D2864E86CA852285EFB087
:104FA0008F85C5BFEFC21ED22A84130545022E8904
:104FB000EF10B04B9717FF1F938787B89C4395CB93
:104FC0008307740163D707020346740105458145D1
:104FD0007D8A0506EF30E0425C4C7D15638BA700AF
:104FE0000356240183550401084093068400EF8092
:104FF0007F8781445840939924004E97084319C5F0
:10500000EFF09FDA5C40CE9723A00700834774013E
:105010008504FD8BE3D097FE8347740193F7F7FB7C
:10502000A30BF400630B090081470148232004000F
:105030001CC423260401232804006FC0FECBEFC24A
:105040007EC89C45AA842E84B289239205009CC107
:105050000149DC4013172900BA97D8488C43A1476F
:105060009316270063C30600B1473387270303D68F
:105070004401198E63D3C7003E862285EF305F81DD
:1050800083C774010509FD8BE3D527FD83C7740130
:1050900093F7070291EB835744002147639309007C
:1050A0001147998F2312F4006FC01EC5EFC23EC393
:1050B0002A83084103DE050041110355C50163132E
:1050C000AE0603454301098911C503C54500138E8A
:1050D000650119E1138E550083450E001377F70320
:1050E0007D55639EE502BE85B687832643014285D2
:1050F000468713F816009716FF1F938626BC944226
:105100008358A30032C0B38606410358830036C2D9
:105110002E86AA86814513051E00EF707FD64101B9
:105120006FC03EBE7D55E5BFEFC2DEB92A84035590
:1051300085004111BE89AE8A328AB6843A89EF1061
:10514000FFD6E15739E103558400EFF08FCCFD57CE
:105150000DCD5C488358A4004E8713F817009717AD
:10516000FF1F9387A7B59C43CA8656C0B3870741E4
:10517000035884003EC22686D28785451105EF700C
:105180003FD03335A000B307A0403E8541016FC03A
:10519000BEB6EFC2DEB42A8413058502EF10F02CF0
:1051A00081471CC483578401014823200402C60799
:1051B000C58323220402232004002326040123287C
:1051C0000400231CF40081448347A4019DC7584078
:1051D000139924004A97084301CDEFF0FFBC5C40CF
:1051E000CA9723A007008347A401FD17230DF400ED
:1051F0001C4C8504FD8BE3D997FC1717FF1F130781
:10520000E7AB1C47230D040093F6F7FD1716FF1FAD
:10521000232AD6AA93F7070289CB08438145EFA03A
:105220004F8101C50145EFA04FA86FC09EADEFC2F1
:105230009EA8832A0502032A4502AA84AE89014951
:105240000144171BFF1F130B2BDF930B8004EF2070
:105250003FA5634BA90201CC835784018145130507
:105260008402C607C583231CF400EF10901E268518
:10527000EFF03FF263880A0083A74A0081C7D28516
:105280004E8582976FC0BEA6B307790303270B0034
:10529000BA97638DF402039787016359070283D697
:1052A000070103D704016393E60283D6270103D7DE
:1052B0002401639DE60009CC5444D847636AD700B3
:1052C0006396E600144498476364D700050941B724
:1052D0003E84EDBFEFC21E9F184179712310010279
:1052E0008357C701231101023AD2231CF1008357CF
:1052F000850103476501231F0100EA07FD87231D80
:10530000F100835725010A07231EF100930700F8D7
:10531000A300F1028347B5012301F1023C083ED40A
:10532000835705012316F102834775012307F10214
:105330001C4D9D83858BD98FA307F1028347D5012F
:1053400095CBF1742A84176900001309297E938490
:10535000F40F184C9357870093F7F7037D8B637115
:10536000F7028357840171771307F70FF98F231C16
:10537000F400A5A0A555EFF09FEB45616FC0DE9747
:1053800058408A07BA979C43D1C3834574010146AC
:105390000545EF202FE4AA8929C11306C5003285EF
:1053A000A54532C6EF306FE60C4C32462285A1810E
:1053B00093F5F503EFF05FA78347C401A2864A8601
:1053C0008507230EF400CE854810EFA0DFC21DCD67
:1053D0008347C401FD17230EF4008347C4018DE306
:1053E0008317240113058402930520036358F000FA
:1053F0008347B401B385B70293850519EF10700593
:105400008347D401FD17A30EF40085BF1C4C03573E
:105410008401A183850793F7F703A207658FD98FCE
:10542000231CF4003DB7EFC29E8B130585FDEFF002
:105430007FEA6FC01E8D0347A50139CF0347C50121
:10544000AA877D171377F70F230EE50031E7EFC228
:105450001E8983162501634AD0000347D50111E751
:105460008145EFF0DFDC6FC0DE8903D6870111676D
:10547000130707F0718F13858702814519EB930598
:1054800020036358D00083C7B701B385B702938563
:105490000519EF10007CC1BF8280EFC25E842E85AB
:1054A000EFF07FF96FC0FE85EFC27E8383578601E0
:1054B000AE84328413971701634E07001C5299CBB8
:1054C0009C4389CB50528297835784011167D98FAF
:1054D000231CF40081C42285EFF0FFF56FC07E82AB
:1054E000EFC26EFDAA8413F5F507328915CDA947E1
:1054F000630BF51883C74401014493F707049DCB60
:105500009707FF1F9387476398436306071C970716
:10551000FF1F9387A77A9C5F9183858B639D071AF2
:10552000A68502972A8439A003574600954763E66B
:10553000E7007D5422856FC08EFB3285368AEF30BE
:105540004FC59317150193D937019707FF1F93870D
:10555000275F9C43935AF500C20A93DA0A018DCB68
:105560008387440163D60702DC4813F717009707C7
:10557000FF1F9387A7749C43998F13D78700E20777
:10558000B3E737012320FA002322EA0001445DB784
:105590004A85EF304FC3096B83DB84002A8981443D
:1055A000171CFF1F130C4CA9930C80047D1BEF20CC
:1055B0002FEFE3D0A4F83384940383270C003E94A8
:1055C00018445444B3776701639037058357240127
:1055D000638D7701638A0A021C4C0346A401FD8B8C
:1055E00085076313F6022319740183172401E3521C
:1055F000F0F42320EA002322DA0063190900A955F8
:105600002285EFF0DFC259B7850455B74A85EF9080
:105610003F801C4C7D15FD8BE3CDA7F01305840264
:10562000370A0040EF1060647D1A854A4A85EF9082
:10563000EFFB01E98347A401A9C72285EFF09FC9C9
:10564000B1B75840B30745018A07BA979C43930402
:10565000F5FF8DC393F9F40F8A094E970843EFF0D5
:10566000AFF45C40BE9923A009008347A401FD1755
:10567000230DF40033959A001345F5FF3379A90003
:1056800075B78145B5BF035746008947E3F3E7EA9D
:1056900003D7A4009717FF1F83D787990144E31B03
:1056A000F7E83285EF300FABAA894A85EF306FAE4D
:1056B000D04493F9F907AA8621829377F607054625
:1056C0001D8E83D5A40003D584004E961376F60F65
:1056D000EF502FF985B59707FF1F9387675C9C43B1
:1056E0006154E38907E44A86A685829725BDEFC207
:1056F0000EDC7971AA8A2E8A32C0368B3A848144B4
:10570000014D01499719FF1F93890993930B800459
:10571000EF200FD963CCA414F15463050D1403A634
:105720004A00630504188347040093E707F8230B36
:10573000FD0083D78A0003574A00B3358000231841
:10574000FD0083574600A1492319FD009307F7FF89
:1057500011E0B149B3C7370383568D011705FF1F09
:105760001305C555231AED00819A9605FD8BDD8E34
:10577000231CDD008507230DFD001C450328450083
:10578000898313F717001C41998F13D78700E2070D
:10579000B3E707012324FD0083A70A002326ED00B9
:1057A00023226D032320FD0082472320FD0293075F
:1057B0000040231EFD0083C7AA00A30BFD0003A722
:1057C0008A004D839377070413F7F6FB5D8F231C44
:1057D000ED0083C7BA001377F7F79316F900858BAE
:1057E0009E075D8F93171701C583D58F13D7870049
:1057F000231CFD0093770708A30CFD0083578D0140
:105800001307F00F93F7F7FDCD8F231CFD0083479F
:10581000A6002AC2639DE70AEF501FABA30DAD009F
:105820009704FF1F9384C4319C40130C8D00638840
:10583000071683270D0003278D0103562D0183D5FD
:105840008A0003D5C7017D8B0507E286EF701FEF45
:105850006317051483172D016353F0146A85EFF065
:105860005F93E554268545616FC02EC8B3877403E6
:1058700003A70900BA9703C7A7010DC703D68A007B
:1058800083D607010147631BD60003A74A0083D7CD
:105890002701035747001D8F133717003369E900AD
:1058A0008504BDB5E31E0DFE3E8DDDBF835726008A
:1058B00005478D07C207C1836365F700930700F8AA
:1058C000BDB583A78A00E98393E707FC8DB5A30DD7
:1058D000FD00B9B73247035CA10063F3E7003E8CDB
:1058E00083A70C00420C135C0C019C4362D0014660
:1058F0000C1001458297AA8935D1E2855285EF20A7
:105900003FF36286AA854E85EF20507283274D00B3
:10591000131C2400E29723A037019C40A1CF1C1048
:105920003ECAB70710003ECC50081C10A2856A85FD
:105930003ECEEFF06FCF03278D0109467D8B6303C9
:10594000E400054603AE0D0005485C080507DE8649
:1059500081455685029E19CD83A74A00839747004B
:10596000635AF0004E85EFF02FC483274D003E9C14
:1059700023200C0005041374F40F83574A00B9FB6D
:105980009C40A9C383274D009C438DEF6A85EFF0AF
:105990005F800245DA85EFF0CFBE8144E1B5814BEF
:1059A00011E0E28B93970901C18301442315310172
:1059B0003EC6976C0000938CAC99970DFF1F938D9A
:1059C000ED1765BF63050900EF905FB2F9B76A850F
:1059D000EFF05F909707FF1F9387C72C9C4381448C
:1059E000E38207E892479C5F9183858BE38C07E60F
:1059F000EF90EFA785BDEFC28EAEEF206FAA9307A1
:105A000080043305F502A145EF90AFC201E565556D
:105A10006FC02EAF9707FF1F23A0A7620144970412
:105A2000FF1F9384646113098004EF206FA76369EB
:105A3000A402EF20EFA7A1451A05EF908FBF61D90F
:105A40009707FF1F23A8A75E0144B1441709FF1F52
:105A50001309495EEF20CFA56364A40201454DBF41
:105A6000EF200FA391450A05EF90AFBC4DD133074E
:105A700024039C4005041374F40FBA97C8C375B788
:105A8000EF200FA4335595029145420541810A0547
:105A9000EF902FBA2DDD832709001317640005044A
:105AA000BA97C8C31374F40F75B7EFC2AEA1C1643F
:105AB0002A8901449709FF1F93894920130A80020C
:105AC000FD14EF20AF9A6345A40001456FC0CEA23C
:105AD0003305440383A7C90A3E95835705006386AF
:105AE000970083572500E38327FF0504D9BFEFC242
:105AF0000E9FC167BA841387E7FF41113684639B09
:105B0000E500238004009707FF1F9387A7241CC08C
:105B100081471DA8F5172A896391F50432852EC6A1
:105B200032C4EF10AFB871FD9707FF1F9387072EA0
:105B30009C432246B24513971701635007023285F2
:105B4000EFE03FAD11E5FD573E8541016FC06E9B13
:105B5000110508C02380040065BFE30609FE2E85F9
:105B6000EFF0BFF4E1576DD10347F9018947631D99
:105B7000F7008347450089CB930775011CC0834715
:105B800065012380F40069B7930765001CC0834753
:105B90005500C5BF83D7450099E77D5582807D5567
:105BA00005616FC06E95EFC2EE91130700182A844D
:105BB00001112D55E366F7FE2E85B6893289AE8434
:105BC000EF20FFC88D47E3FCA7FC03DA4400EF2079
:105BD000EF8A11055C406358450103C797001367BE
:105BE00007F8A384E70003D6470083D527000840C1
:105BF0001307B1017408EFF09FEF5DF18347B10126
:105C0000139727008347B4008D8BD98FA305F40029
:105C10005C408387970063D907002685EF203FC348
:105C200013358500134515008347B40006059166BA
:105C3000F59B5D8D5C40A305A400014703D547009B
:105C4000A167A98F63F5D700EF508FF62A875C40D4
:105C50009706FF1F9386860683A8060083D5270034
:105C600003D847009C4610448D058983858BB387F4
:105C7000F8403EC0C20583A84600835784007245A1
:105C80006582C181A686058A93B52500EF70AF961F
:105C9000E31805F05C400147CE86838797004A866B
:105CA000A685228563D50700EFF07FA4D5BDEFF070
:105CB000AFA0FDB5EFC2AE8232883A8613970601D7
:105CC00001114183A307B100231CE100231DE10062
:105CD00042CA42CEAD45584163F8D500834597008E
:105CE00093E505F8A304B700FD562311D700030779
:105CF0009700635B07001307F100BE864C08EFF0C6
:105D00001F9F05616FB0FEFF1307F100BE864C08B0
:105D1000EFF08F9AFDB7EFB2FEFA3E848357C501CC
:105D20000111231901002314F100FD572315F1007F
:105D30003C002ACA23170100231801002316C100C2
:105D40002309D10002CE3ECC2E89BA89C2842E8589
:105D500063040800EF100F88231EA100EF50AF97D7
:105D60009707FF1F938787F59C5F230FA1000145CD
:105D70009183858BADE3420913590941635D200589
:105D800003D709001398F40099464E0745833368FA
:105D90000701931788004208135808011358880018
:105DA00033E807019357040113D78700A301F100DB
:105DB000931784004204418021805D8C2301E1001F
:105DC000814701470A8681454808231001012312B3
:105DD0008100EFF03FEE05616FB01EF2EFB23EF0D2
:105DE0002A849304C5FDEF107F858327C4FF1D8D92
:105DF000BD67938707A663F8A70081452685EFF066
:105E00006F9A6FB01EF0032804FF8355E4FE8327CA
:105E100084FF834644FF0356C4FE0325C4FD135884
:105E2000F801130744FEEFF01FEF2685EFE07FF93E
:105E3000AA852285EF00F061E9B7EFB25EEA0111B1
:105E40002E89AA84EF509FD22A84FD572315F10092
:105E50008357C40203554503231901002316F1009B
:105E60008347140323170100231801002309F100BD
:105E70002314A10002CA02CC02CEEF90AFB32ACA0B
:105E800008403C003ECCEF102F9483570500231EA2
:105E9000F100EF504F848357C402230FA100B1CF0C
:105EA000834714032302F100EF502F907D15133424
:105EB0001500EF50CFB285476314F500136424003A
:105EC000EF50EF8F85476314F50013644400970784
:105ED000FF1F9387A7DE9C5F9183858B99C3136413
:105EE0008400CA8726878D465000A9454808A3022A
:105EF000010023038100EFF0FFDB05616FB07EE05E
:105F0000EFB2FEDD81450145EFF03FF36FB07EDF7C
:105F1000EFB2FEDC01449704FF1F9384E4111309E0
:105F20008004EF10FFD76345A40001456FB07EDD0C
:105F3000330724039C40BA9783C7A70199E305045C
:105F4000CDB70545E5B7EFB29ED9AA84014417093C
:105F5000FF1F1309A9D6EF107FC86353A40283273C
:105F6000490B131534003E9583570500639C970039
:105F7000231005002322050023010500EFC0BFB94F
:105F80006FB03ED80504C1BFEFB2DED32A842E899C
:105F9000EF10DFC619C1014565A0834744014147A1
:105FA00093F60703E389E6FE93F70704EDD7EF10B6
:105FB000FFC275D181448149170AFF1F130A0AD015
:105FC000EF10DFC163CCA900EF105FC1639BA90E86
:105FD00081449709FF1F938969CE89A883274A0BBB
:105FE00093943900BE9403D7040083578400E30DD3
:105FF000F7FC8509F1B783A7490B139534003E954B
:10600000835705009DE3630509002320A90061B7BC
:10601000835784002310F5001C485CC15C48858BC5
:106020002301F500EFC03FAFBDB78504EF101FBBE4
:10603000E3C3A4FCEF109FBB85476305F50005454E
:106040006FB09ECB9704FF1F83D4A4FE1707FF1FDA
:106050001307C7C6939734008324470BBE9403D518
:106060000400EFB0AFFC03D50400EFF0DFED630CEC
:106070000902232099009707FF1F83D787FB850715
:106080001707FF1F2317F7FAEF105FB542059707B1
:10609000FF1F83D707FA4181E3EFA7EE9707FF1FA2
:1060A000239907F8CDBD8357840026852390F400FB
:1060B0001C48DCC05C48858B2381F400EFC0BFA581
:1060C0005DBF8347440103C72400858B99C725DB47
:1060D000D8401C48E375F7F611A07DDB6305090085
:1060E000232099004DBD8357840026852390F4001A
:1060F0001C48DCC05C48858B2381F40025B7EFB2D7
:106100001EBB03584500217102D29147832B050025
:1061100063E707017D594A8539616FB01EBD2E8442
:106120002A8A4C102285BA8DB689328CEFF0DFE5D1
:1061300075F185455285EF206FEE5285EF207F8502
:10614000131935000981896442054181938CF4FF5C
:10615000B37495015285EF20EFFF137989019357AE
:1061600055003369F900137DF5011379F90F137B9D
:10617000FD0FE3612BFB5C481848970AFF1F938AC9
:10618000EAB393F6170083A70A00B3049740B3F469
:106190009401958F93D68700B3049740E207DD8C76
:1061A00023A2D90023A09900930C1B0023809D01FA
:1061B000814636CEEF10DFAFF2461708FF1F1308F7
:1061C00068E763D0A6048327080093946600BE9412
:1061D00098481C446316F706D84483A749008C44AA
:1061E00003A609006366F7006390E74863FEC546AF
:1061F00083C7740193F70704A1C785452685EFE09F
:106200007FDA5C4821478D83858B91E33147B30466
:106210006703EF10FFAA63C4A40403284401834664
:10622000E400035684008355A40008401358780006
:106230001378180081474E87EFF0FFAD2D59E1BD6F
:10624000850685BF835784002310F5001C485CC178
:106250005C48858B2301F500EFC0FF8B49A19707B0
:10626000FF1F9387E78D9C4381EF814DEF105FA463
:106270009707FF1F938707DC63CBAD045D5961BDB2
:106280005C481307000893F7070CE390E7FE1C40F7
:1062900003C70D000356A4008355840003D5C7012E
:1062A000CE86EF70AFC971F1032844018346E40044
:1062B000035684008355A4000840135878001378CF
:1062C000180081474E87EFF01FA56559A9B598437F
:1062D00093946D00BA9403C774019376070499C22E
:1062E000850D69B713670704A38BE4001C409CC0AD
:1062F0005C488A0793F607029377F7FDD58FA38B47
:10630000F40003A6090083A64900819BB3E7A70117
:10631000A38BF40090C4D4C403C70B0093F7F70712
:10632000238BE4000347E400238CE400035784003C
:106330002398E4000357A40023AE04002399E4004B
:10634000584813770708D98FA38BF400DC4CB3D7D8
:106350002701858B63950738DC4803574A00F5838E
:10636000858B6317690B93160901C182214691E35E
:106370003146B387C6023E97239AE400EF100FAC74
:10638000138D440288D06A85EF00300209ED83A79F
:106390008A039183858B81EB2685EFE09FA2AA85F6
:1063A0006A85EF00100B5C4821478D83858B91E354
:1063B0003147DC40BAC017570000130767F918438C
:1063C000931D2900130B01041843EE970146DA854B
:1063D00001453ECE0297F24788C3DC40BE9D03A52F
:1063E0000D000DED032844018355A4008346E4000D
:1063F000035684000840135878001378180081472A
:106400004E87EFF05F9185452685EFE0BFB975BDFA
:10641000A14691E3B146E383E6F6EDB903564A009F
:1064200083250A00054A33192A01EF202040DC4C5D
:10643000668605453369F90023AE24018145EF10D6
:10644000507C7D156306A90023204C010149E1B170
:10645000125509CD835784002310F5001C485CC1F8
:106460005C48858B2301F500EFC0EFEA89472320C4
:10647000FC006A85EF00607F03A84401DC4C834682
:10648000E400035684008355A40008404E87135847
:10649000F801EFF05F888347440113F7870005CBCD
:1064A000B707000101464C1826853EDC5ADA5ADE51
:1064B000EFE0FFB883C50B00CE8650182285EFF0C1
:1064C0002F822A8981452685EFE0DFADA9B183C9F6
:1064D0001B0003AA84003707800183CC0B00220A2B
:1064E0003AD693D979005AD45AD8135A8A0083D607
:1064F000440125476393090015477D59E3C4E6FC31
:1065000017F7FE1F1307C763184311C793F7070454
:1065100099E3014945BF0355A400A1671167A98FFD
:10652000814B63F5E700EF40BFE8AA8B93D76C007F
:10653000858BBDCF114C63830900214C420C135C49
:106540000C01014B130D8002EF104FF293170B015A
:106550004205C1834181E3FEA7FA03A3CA0AB30D32
:10656000AB034E862C1026851ACEEFE05FADA25706
:1065700083A5CA0A930841033EDE3EDA83D744016D
:10658000130881026687B3878741231DF102DE86E7
:10659000CE875286EE952285231C0102EFE01FB1C3
:1065A0002A89050B55F172439A9D83D72D0075A05A
:1065B0009707FF1F938787859C43139717016350A5
:1065C00007044E862C102685EFE07FA7A2572147AF
:1065D0003EDE3EDA83D74401639309001147998F69
:1065E000231DF10238105C18CE865E86D285228586
:1065F000231C0102EFE05FB32A89F55739CD4E869F
:106600002C102685EFE0BFA3A25721473EDE3EDADD
:1066100083D74401639309001147998F231DF10229
:106620005C4852C0341013F7170083A70A004E8647
:106630008545998F3EC28358A40003588400DE87A5
:10664000581817F5FE1F1305E570231C0102EF60B3
:106650003F832A89F957E31705E62313F4004C1802
:106660002285EF00FFCBB9BDE3E6E7AA6314F7008C
:10667000E362B6AA03C70B0083C76401E31CF7A853
:1066800003AD440193578D01FD8BE39567A95C48E9
:106690001357DD01058B8D83858BE31DF7A683C71B
:1066A000740193F70704E39307CADC4C668605453B
:1066B00081453ECEEF10F054F2477D15E39CA7A430
:1066C0008346E400035684008355A4000840135811
:1066D000FD014E87EFF02FE41255E31505B6795909
:1066E0001DBC9707FF1F2395A7948280EFB22EDC75
:1066F0003971FD5717FAFE1F130A8A443ED68327C5
:106700000A007D573AD402D2A3010102AA842E8442
:10671000638707109C4183D5A50003D5C701EF60AF
:10672000FFFD834744011E0593F7F707C98F230A2E
:10673000F400A5452685EF206F8E97FAFE1F938AF9
:106740006A5683A70A008DC717F7FE1F130707575E
:106750001C5F9183858B89CF8347440193F60703A0
:1067600081EA5453214769596397E60A918BC5C75B
:106770002685EF202F8D9C40AA8B03DC4400838765
:10678000070063D3070A5C48014993F7070CC1C7A8
:106790001307310234105010A2852685EFF03F9682
:1067A0002A8983A70A0085C317F7FE1F130707511D
:1067B0001C5F9183858B81CB5853A1476315F700EC
:1067C0002285EF80AFE09C44C20B93DB0B01BE9BA4
:1067D00083270A0023A07401239284018DCF8307AD
:1067E000440163DA07026318090297F7FE1F9387D3
:1067F000E73483A80700A257FD561256034731021B
:106800000148639ED71CB256639BF61CA68781463F
:10681000A285014582984A8521616FB00ECD83C75C
:10682000450193F7F70721B78547A301F1026314E8
:106830000C007D59BDB781452285EFF0EFF475F965
:106840002685EF202F9183474401AA8CA18B81CB11
:10685000AA85341026862285EFE09FC891B75C4850
:10686000014993F7070C95DF37EB040083290B07E9
:10687000EF10CFC01105420541818299AA89630EAC
:1068800005142ADA231C0102EF104FBF03D744007E
:106890001105231DA1024EDE914763E7E700832720
:1068A0008B064E85829771B783270A0099CB834761
:1068B000440193F7070491E783278B064E8582975F
:1068C000CDB50355A400A1671167A98F014B63F5EE
:1068D000E700EF40FFAD2A8B83D74400F1172392E6
:1068E000F40093D76C00858BE1E797F7FE1F938741
:1068F000E7519C431397170163510702F2570C4865
:1069000026873EDA81465C185A862285231C0102BE
:10691000EFE09F812A89F55739C5F2578358A400C3
:10692000035884003EDA5C48A686014613F7170038
:1069300097F7FE1F938787389C43854517F5FE1F01
:1069400013054541998F3EC21C485818231C01026B
:106950003EC0DA87EF60CFD22A8909C5B7E70400C5
:10696000BC57A9BFF9572313F4004C182285EF0038
:106970003F9BEDB793078002B387FD02032ECD0A3C
:1069800010489308410326886687DA862285231CEF
:106990000102850D3E9EF257F28572CE3EDA8147A6
:1069A000EFE0CFF02A8911E9724E83572E0065BFC0
:1069B000814D17FDFE1F130D6D30EF102FAB4205FB
:1069C00093970D014181C183E3E6A7FAB7E704007D
:1069D000BC574E8501498297E9B35D59D9B3A68763
:1069E00034103DB582808280EFB26EAF014497F4DF
:1069F000FE1F93842464EF10AFAB6344A40297F7A7
:106A0000FE1F9387A72B03A4470BEF102F9D131690
:106A1000350081452285EFB08EAFEFC0AF916FB0EA
:106A20004EAE88409317640085453E95EFE08FD7C2
:106A30000504D1B7EFB2AEAA014497F4FE1F9384C8
:106A4000A45F13098004EF10AFA56344A4006FB0E6
:106A50004EABB3072403884005043E95EFE06FF387
:106A6000DDB7EFB22EA6014497F4FE1F9384C45CF9
:106A70001309800497F9FFFF9389299BEF104FA218
:106A80006341A402014497F4FE1F9384A45A17F9AA
:106A9000FFFF1309E934EF10AFA1634EA4006FB0FC
:106AA000AEA5B30724038840CE8505043E951305A3
:106AB0008502F928E1B7884093176400CA853E959E
:106AC00013054502F1200504F9B7EFB24EA11C45AC
:106AD0002A84858BA1CF97F6FE1F938626569C426B
:106AE000014795C36311F4041C40D4420DE717F726
:106AF000FE1F2325F7546316D40017F7FE1F23212A
:106B0000F754232004001C44232C04000145F99B66
:106B10001CC46FB00E9F1CC3E315D4FE97F7FE1F75
:106B200023A0E752F9BF3E879C4365BF3105392654
:106B3000D9BF8589B1C1EFB28E9A17F4FE1F130435
:106B4000E44F08401DC51C4117F7FE1F2328F74ED0
:106B500058406316E50017F7FE1F2323F74E1C4528
:106B6000584193F6E7FF14C5858BE1DF79DB029787
:106B7000C9BF01456FB0EE9801458280EFB22E96F5
:106B80002E8431468145EFB08E9840C16FB06E972C
:106B9000EFB2EE942A84EFF07FFE23260400232830
:106BA0000400232C04006FB0CE95EFB24E93310554
:106BB000CD2295473305F502A1473345F5026FB065
:106BC0004E949C4513E7170098C5858B8DE7EFB26F
:106BD0000E915C4123A0050081EF4CC10CC1B7E7C9
:106BE0000400BC4B03458500854582976FB06E91CC
:106BF0008CC34CC1EDB78280EFB2CE8C3559634A5D
:106C000006009C4DB2842E84AA8999C731596387A6
:106C1000A7004A856FB04E8E014919E52285EFF035
:106C2000DFEA2A89E34705FE8E049545B3C5B40221
:106C3000232C34011305C400612AE1BFEFB22E8A70
:106C4000AA8517F5FE1F1305653FEFF09FF76FB09C
:106C50004E8BEFB2CE882E86AA8517F5FE1F130540
:106C6000E53DEFF07FF96FB0CE891C4D99C7EFB2CB
:106C70000E87EFF09FE56FB0CE887D558280EFB232
:106C80000E86B7E7040083A7070817050000130561
:106C900085EA829797F7FE1F9387473A2384A700D8
:106CA00023A0070023A207006FB0AE8597C7FE1F81
:106CB0009387874888436313F50001458280EFB2CC
:106CC0000E82EFF0BFFEFD5711C11C453E856FB02F
:106CD0004E83EFB2CE80EFF07FFDAA87014589CFCA
:106CE0008047B7E70400BC53854517F5FE1F0345F1
:106CF000A53582973305A4406FB0AE80EFA23EFE6B
:106D000037E404007C4C41112AC6854517F5FE1F67
:106D10000345853382977C48854517F5FE1F03455B
:106D2000A53282973246634A060017F5FE1F0345D7
:106D3000A53119E63C488545829741016FA07EFC4C
:106D40003C4C85458297D5BFEFA27EF9930545FF60
:106D50004845EFF01FE76FA0DEFA85898DC9EFA2E5
:106D60001EF8EFF0BFF409CD54411841232405006B
:106D700098C254C32320050023220500EFF0DFFC56
:106D8000EFF0FFF3EFF09FF701456FA09EF701458D
:106D900082801C4185CFEFA29EF4AA84EFF01FF100
:106DA00097C7FE1F93874739DC43014419E5EFF08D
:106DB0005FF23305A4406FA0DEF418453A94E3086F
:106DC00095FE75D5E305F5FE0841CDB701458280F6
:106DD000EFA2FEF00CC52A84EFF0BFEFAA84EFF01B
:106DE000FFEC01C51C45858F1CC5EFF03FEC97C734
:106DF000FE1F93876734D04311E950C01CC0DC43A9
:106E000080C397C7FE1F23AB873229A814451844B7
:106E10006350D7025C413387E64018C55CC008C0A8
:106E200080C340C1EFF0BFE9EFF05FED6FA07EEDF2
:106E3000158F18C4E303A6FC08417DBFEFA23EEA0C
:106E40001C41FD54B1C72A84EFF05FE62A89014551
:106E500063142401EFF0FFE717C7FE1F1307C72DC8
:106E600058431C406308E40091C71844098F8847C1
:106E70003A9588C7584081441CC3D8C323200400D6
:106E80002322040063162401EFF07FE3EFF01FE7F5
:106E900026856FA01EE7EFA29EE4B7E7040083A754
:106EA000070817050000130585EB829797F7FE1F6B
:106EB000238CA7186FA0FEE411E282807D16B387B1
:106EC000C50003C70700B307C5002380E700EDB77F
:106ED00097F7FE1F23ACA7168280EFA25EE01C414D
:106EE0002A84B284858B014989CBB2862E86AA85F5
:106EF00097C0FE1FE780A0AD2A89A685228597C08E
:106F0000FE1FE780C0AA630A09008A04F1142694D0
:106F10001C4037070080D98F1CC06FA09EDEEFA2F7
:106F20007EDA039A260093070002AE891304FA0161
:106F30003344F40293844602AA85B28A4E8526869B
:106F4000054962046184A28697C0FE1FE78020A8DD
:106F500011ED931754000149635AFA00D2854E850A
:106F600097C0FE1FE780009B3339A000A2862686CB
:106F7000CE85568597C0FE1FE78060A54A856FA025
:106F8000BED7EFA23ED4011121462E842A8997C094
:106F9000FE1FE780E09C5C54A1460A863EC61C5852
:106FA0008A850A853EC85C5802C402C23ECA1C5C7F
:106FB00002C03ECC5C5C3ECE97C0FE1FE78020A1A5
:106FC000AA84A1460A86CA854A8597C0FE1FE78023
:106FD00000A01C58AA94A1463EC65C580A868A8521
:106FE0003EC81C5C0A8502CE3ECA5C5C3ECC97C0A3
:106FF000FE1FE780C09DAA94A1460A86CA854A85DD
:1070000097C0FE1FE780A09C1C50AA94A1463EC0DA
:107010005C500A86CA853EC21C544A8502CA3EC4D8
:107020001C5C02C802C63ECC5C5C3ECE97C0FE1F14
:10703000E780E0995C50185CAA943EC01C543AC8A2
:10704000585C3EC25C54A1460A863EC45C58CA8560
:107050004A853EC63ECC1C503ACA3ECE97C0FE1F63
:10706000E780E0965C54AA94A1463EC01C580A866C
:10707000CA853EC25C584A8502CA3EC41C5002C83A
:1070800002C63ECC1C543ECE97C0FE1FE780C09780
:107090001C58898CA1463EC05C580A86CA853EC2EF
:1070A0001C5C4A8502CA3EC45C5C02C83EC65C5099
:1070B0003ECC5C543ECE97C0FE1FE780E0945C5807
:1070C000898CA1463EC01C5C0A86CA853EC25C5CB7
:1070D0004A8502CC3EC41C503EC65C503EC81C547F
:1070E0003ECA1C583ECE97C0FE1FE780E0911C5C54
:1070F000898CA1463EC05C5C0A86CA853EC25C5053
:107100004A8502C43EC61C5402CC3EC85C543ECAEA
:107110005C583ECE97C0FE1FE780008F3384A440AA
:1071200097C4FE1F9384040263470402854911E853
:107130002146CA85268597B0FE1FE780A0706307A9
:107140003503A1462686CA854A8597C0FE1FE7807B
:10715000A08B098CE9BFA1462686CA854A8597C0BF
:10716000FE1FE780C0862A94E34704FE05616FA0F6
:10717000BEB8EFA23EB51D712A8432892E8A7146AF
:1071800081454800EFA0BEB8830409008D475286B0
:10719000A686D28508103EC097C0FE1FE780008EED
:1071A0008327C90A0C1022858297A6860A86A285A3
:1071B00022859309490097C0FE1FE780E08409C932
:1071C000A6864E86A285228597C0FE1FE780208076
:1071D000830609005286A285081097C0FE1FE7802B
:1071E000E0898327C90A0C1022858297A686130698
:1071F0004908A285228597B0FE1FE780407D19E9E6
:107200002686A2854E8597B0FE1FE780A06385473E
:10721000630AF500A6864E86A285228597B0FE1FDA
:10722000E780807E25616FA03EADEFA2BEA983847A
:10723000060019712A89AE8A3285A6853284B689FC
:1072400097B0FE1FE780E06A6319052CA686568674
:10725000D685880097C0FE1FE780408283A7C90AB1
:107260008C000A858297838609000A86CA85880071
:1072700097C0FE1FE780808083A7C90A8C00081092
:107280008297838609000A868A85880097B0FE1F48
:10729000E780C07E83A7C90A8C000A85829783860F
:1072A00009002286D685880097B0FE1FE780007D02
:1072B00083A7C90A8C005685829783860900228697
:1072C000A285880097B0FE1FE780407B83A7C90A8C
:1072D0008C0022858297A6862286CA854A85138AD3
:1072E000490097B0FE1FE780806E19E92686CA859F
:1072F000528597B0FE1FE780E0548547630AF5008A
:10730000A6865286CA854A8597B0FE1FE780C06F61
:10731000A6862286A285228597B0FE1FE780206B75
:1073200019E92686A285528597B0FE1FE780805115
:107330008547630AF500A6865286A285228597B006
:10734000FE1FE780606CA6862286CA85228597B0DC
:10735000FE1FE780606B09C9A6865286A28522853A
:1073600097B0FE1FE780A066838609002286CA8543
:10737000880097B0FE1FE780607083A7C90A8C0061
:107380004A858297A6864A86CA85228597B0FE1FBF
:10739000E780E06319E92686A285528597B0FE1F33
:1073A000E780404A8547630AF500A6865286A28593
:1073B000228597B0FE1FE7802065A6862286CA85B3
:1073C0004A8597B0FE1FE780806019E92686CA8546
:1073D000528597B0FE1FE780E0468547630AF500B7
:1073E000A6865286CA854A8597B0FE1FE780C0618F
:1073F00081454A8597B0FE1FE780C05163020512A0
:10740000A6865286CA854A8597B0FE1FE780205C13
:107410002A8BA6854A8597B0FE1FE780405993972F
:107420002400F117CA9788437E0B3365650188C332
:10743000838609004A86CA85880097B0FE1FE780C8
:10744000E06383A7C90A8C0022858297A686101064
:10745000A285228597B0FE1FE780005B09C9A6863A
:107460005286A285228597B0FE1FE7804056A686E9
:107470001010A285228597B0FE1FE780E05809C949
:10748000A6865286A285228597B0FE1FE7802054EB
:107490000C10A68622862E8597B0FE1FE780C05668
:1074A00009C90C10A68652862E8597B0FE1FE7806C
:1074B0000052838609001010CA85880097B0FE1F0D
:1074C000E780C05B83A7C90A8C004A858297A6869D
:1074D0000A86CA850A8597B0FE1FE780E05209C96F
:1074E000A68652868A850A8597B0FE1FE780204EC1
:1074F0002686A2854A8597B0FE1FE78060462686CD
:10750000D685228597B0FE1FE780804526868A852E
:10751000568597B0FE1FE780A04409616FA0CEFD9D
:10752000A6854A8597B0FE1FE780604811B7EFA295
:107530006EF9AE8919712A89B6854E85B284368472
:1075400097B0FE1FE780E03A11C9A2854A8597B03F
:10755000FE1FE780403809616FA00EFA2286CE85B3
:107560000A8597B0FE1FE780A03F2286A6850810F7
:1075700097B0FE1FE780C03EA285880097B0FE1F2F
:10758000E78060358547A2858810BEC097B0FE1F92
:10759000E780603422860C100A8597B0FE1FE780D2
:1075A000602A09E922868C004A8597B0FE1FE78091
:1075B000203B55B78247858B89EFA2850A8597B016
:1075C000FE1FE780C03E2286A6858800EFF0FF9070
:1075D000D1B78257858B99EBA285081097B0FE1F13
:1075E000E780E03C2286A6858810CDB7A286635945
:1075F000A00410108A850A8597B0FE1FE780C0405E
:10760000A2850A8597B0FE1FE780603A22868C101B
:10761000880097B0FE1FE780E022635A05008C00C7
:10762000A28626862E8597B0FE1FE780403A8C0002
:10763000A28690102E8597B0FE1FE780E03C61B7D0
:107640000C100A862E8597B0FE1FE780E03BA285CE
:10765000081097B0FE1FE780803522868C008810C6
:1076600097B0FE1FE780001E635A05008C10A286AB
:1076700026862E8597B0FE1FE78060358C10A28687
:1076800090002E8597B0FE1FE7800038A1BFEFA2C3
:107690000EE2038C070069712AC2B28D0809628666
:1076A0002E8D36C63E84BA8B97B0FE1FE780402BE6
:1076B00093172C003EC4EA976286BE8588093EC0B7
:1076C00097B0FE1FE780C029B2468304040063849C
:1076D000066C2686B685081897B0FE1FE7804028FE
:1076E00026860C09881897B0FE1FE780602726863B
:1076F0008C09081997B0FE1FE780802683060400D6
:107700001018B285881997B0FE1FE78020378327AD
:10771000C40A8C19880882978306040090080C0913
:10772000881997B0FE1FE78060358327C40A8C193B
:10773000080982978306040010188C08881997B0EE
:10774000FE1FE780A0338327C40A8C19880882971C
:107750008306040090088C09881997B0FE1FE78003
:10776000E0318327C40A8C19880982978327440A49
:10777000A28610188C090809829783060400101845
:10778000B285881997B0FE1FE780402F8327C40A6F
:107790008C19880882978306040090088C18881931
:1077A00097B0FE1FE780802D8327C40A8C198818A4
:1077B00082978306040010188C08881997B0FE1F62
:1077C000E780C02B8327C40A8C1988088297830618
:1077D000040090080C19881997B0FE1FE780002A52
:1077E0008327C40AF91B8C190819C20B829793DBF3
:1077F0000B4113094400854C830404006346705B0D
:1078000081456E8597B0FE1FE780C010B339A00098
:1078100096099C18338A3701933A15001C19960A69
:10782000BE999C18338B5701A6861C195286DA859F
:107830000808BE9A97B0FE1FE780001D09C90C0812
:10784000A6864A862E8597B0FE1FE78040188306DD
:1078500004001008B285881997B0FE1FE780002247
:107860008327C40A8C19080882978306040010082D
:10787000D285881997B0FE1FE78040208327C40A6D
:107880008C1952858297830604001008DA858819BE
:1078900097B0FE1FE780801E8327C40A8C195A8583
:1078A0008297A6864E86D685080897B0FE1FE78089
:1078B000001219E926860C084A8597B0FE1FE7805A
:1078C00060F88547630AF5000C08A6864A862E856F
:1078D00097B0FE1FE7804013A6864E86D685568554
:1078E00097B0FE1FE780401209C9A6864A86D68552
:1078F000568597B0FE1FE780800DA6865286DA85F2
:10790000081897B0FE1FE780201009C90C18A6863A
:107910004A862E8597B0FE1FE780600B8306040021
:107920001018CE85881997B0FE1FE7802015832791
:10793000C40A8C194E858297A6865A86D285081865
:1079400097B0FE1FE780A00819E926860C184A8523
:1079500097B0FE1FE78000EF8547630AF5000C181B
:10796000A6864A862E8597B0FE1FE780E00983062B
:1079700004005686D685881997B0FE1FE780001050
:107980008327C40A8C195A858297A6861018DA852F
:107990005A8597B0FE1FE780200709C9A6864A8648
:1079A000DA855A8597B0FE1FE7806002A6865A8660
:1079B000D285880897B0FE1FE780000509C98C08AA
:1079C000A6864A862E8597B0FE1FE7804000830674
:1079D00004009008D685881997B0FE1FE780000A3A
:1079E0008327C40A8C1956858297A6864E86D6852B
:1079F000568597B0FE1FE780200109C9A6864A86F2
:107A0000D685568597B0FE1FE78060FC830604008C
:107A10001008B285881997B0FE1FE78020068327DB
:107A2000C40A8C19880882978C08A68610182E859F
:107A300097B0FE1FE78040FD09C98C08A6864A86DC
:107A40002E8597B0FE1FE78080F8A68652868C08A8
:107A5000081897B0FE1FE78020FB09C90C18A686FE
:107A60004A862E8597B0FE1FE78060F683060400E5
:107A700010080C18881997B0FE1FE7802000832794
:107A8000C40A8C1908188297A6864E860C184E8553
:107A900097B0FE1FE78040F709C9A6864A86CE85C3
:107AA0004E8597B0FE1FE78080F226868C085285AF
:107AB00097B0FE1FE780C0EAE28690180C0908180C
:107AC00097B0FE1FE78040F409C90C18E2864A8689
:107AD0002E8597B0FE1FE78080EF830604004E8658
:107AE0000C18881997B0FE1FE78040F98327C40A55
:107AF0008C1908188297830604006A860C18881966
:107B000097B0FE1FE78080F78327C40A8C190818F6
:107B100082970C182E85E2864A86EFF05FA18306D5
:107B2000040002460C18881997B0FE1FE78000F584
:107B30008327C40A8C19081882978306040052868A
:107B40000C18881997B0FE1FE78040F38327C40AFA
:107B50008C1908188297830404005A86D285A68659
:107B6000880897B0FE1FE78020EA09C98C08A6861E
:107B70004A862E8597B0FE1FE78060E583060400E5
:107B80009008B285881997B0FE1FE78020EF832701
:107B9000C40A8C1988088297830604009008DA8545
:107BA000881997B0FE1FE78060ED8327C40A8C19FF
:107BB0005A858297830604009008D285881997B069
:107BC000FE1FE780A0EB8327C40A8C195285829799
:107BD000A6865686CE854E8597B0FE1FE780C0E20A
:107BE00009C9A6864A86CE854E8597B0FE1FE780D6
:107BF00000DE830604004E86CE85881997B0FE1FEE
:107C0000E780C0E78327C40A8C19880882978C080C
:107C1000A6865A862E8597B0FE1FE780E0DE09C94A
:107C20008C08A6864A862E8597B0FE1FE78020DA4C
:107C30008C08A68652862E8597B0FE1FE780C0DC92
:107C400009C98C08A6864A862E8597B0FE1FE78054
:107C500000D8A6865A86D285528597B0FE1FE78047
:107C6000A0DA09C9A6864A86D285528597B0FE1F3A
:107C7000E780E0D5830604005286D685881997B040
:107C8000FE1FE780A0DF8327C40A8C1956858297E0
:107C9000A6869008DA85528597B0FE1FE780C0D689
:107CA00009C9A6864A86D285528597B0FE1FE7800D
:107CB00000D2830604005286CE85881997B0FE1F35
:107CC000E780C0DB8327C40A8C194E858297A6867D
:107CD0005686CE854E8597B0FE1FE780E0D209C953
:107CE000A6864A86CE854E8597B0FE1FE78020CEB9
:107CF00026868C08528597B0FE1FE78060C68306F3
:107D000004001018B285881997B0FE1FE78000D7CD
:107D10008327C40A8C198808829783060400900878
:107D20008C18881997B0FE1FE78040D58327C40AB6
:107D30008C19881882978306040010188C088819FB
:107D400097B0FE1FE78080D38327C40A8C19880868
:107D500082978306040090080C19881997B0FE1FBB
:107D6000E780C0D18327C40A8C190819829712456D
:107D700062868C1897B0FE1FE78080BE924722472C
:107D80000C1962863385E70097B0FE1FE78040BD7F
:107D900055616F909EF5A685081897B0FE1FE78085
:107DA00080B385473ED82DBADE856E8597B0FE1F1D
:107DB000E78040B6133A1500B3894C4196099C18E8
:107DC000B38A37011C19160ABE999C18338B4701D8
:107DD000A6861C195686DA8508083E9A97B0FE1FBB
:107DE000E78080C209C90C08A6864A862E8597B00E
:107DF000FE1FE780C0BD830604001008B285881905
:107E000097B0FE1FE78080C78327C40A8C19080833
:107E10008297830604001008D685881997B0FE1F44
:107E2000E780C0C58327C40A8C19568582978306CC
:107E300004001008DA85881997B0FE1FE78000C497
:107E40008327C40A8C195A858297A6864E86D285C6
:107E5000080897B0FE1FE78080B711E926860C0856
:107E60004A8597B0FE1FE780E09D630A95010C08E4
:107E7000A6864A862E8597B0FE1FE780E0B8A686C4
:107E80004E86D285528597B0FE1FE780E0B709C9BC
:107E9000A6864A86D285528597B0FE1FE78020B31A
:107EA000A6865686DA85081897B0FE1FE780C0B50B
:107EB00009C90C18A6864A862E8597B0FE1FE78052
:107EC00000B1830604001018CE85881997B0FE1FF4
:107ED000E780C0BA8327C40A8C194E858297A6868C
:107EE0005A86D685081897B0FE1FE78040AE11E984
:107EF00026860C184A8597B0FE1FE780A094630A77
:107F000095010C18A6864A862E8597B0FE1FE7803D
:107F1000A0AF830604005286D285881997B0FE1F51
:107F2000E780C0B58327C40A8C195A858297A68634
:107F30001018DA855A8597B0FE1FE780E0AC09C9B2
:107F4000A6864A86DA855A8597B0FE1FE78020A864
:107F5000A6865A86D685880897B0FE1FE780C0AAF5
:107F600009C98C08A6864A862E8597B0FE1FE78031
:107F700000A6830604009008D285881997B0FE1FDA
:107F8000E780C0AF8327C40A8C1952858297A686E2
:107F90004E86D285528597B0FE1FE780E0A609C9BC
:107FA000A6864A86D285528597B0FE1FE78020A21A
:107FB000830604001008B285881997B0FE1FE78079
:107FC000E0AB8327C40A8C19880882978C08A686A0
:107FD00010182E8597B0FE1FE78000A309C98C08F2
:107FE000A6864A862E8597B0FE1FE780409EA6860D
:107FF00056868C08081897B0FE1FE780E0A009C9D4
:108000000C18A6864A862E8597B0FE1FE780209C16
:108010008306040010080C18881997B0FE1FE7802B
:10802000E0A58327C40A8C1908188297A6864E8675
:108030000C184E8597B0FE1FE780009D09C9A686E3
:108040004A86CE854E8597B0FE1FE78040982686EB
:108050008C08568597B0FE1FE7808090830404004B
:108060005A86D685A686880897B0FE1FE780C099F5
:1080700009C98C08A6864A862E8597B0FE1FE78020
:108080000095830604009008B285881997B0FE1FFA
:10809000E780C09E8327C40A8C19880882978306CC
:1080A00004009008DA85881997B0FE1FE780009DCC
:1080B0008327C40A8C195A85829783060400900886
:1080C000D685881997B0FE1FE780409B8327C40A96
:1080D0008C1956858297A6865286CE854E8597B096
:1080E000FE1FE780609209C9A6864A86CE854E8526
:1080F00097B0FE1FE780A08D830604004E86CE85D4
:10810000881997B0FE1FE78060978327C40A8C19EF
:10811000880882978C08A6865A862E8597B0FE1FFF
:10812000E780808E09C98C08A6864A862E8597B07E
:10813000FE1FE780C0898C08A68656862E8597B0DC
:10814000FE1FE780608C09C98C08A6864A862E85AA
:1081500097B0FE1FE780A087A6865A86D6855685EB
:1081600097B0FE1FE780408A09C9A6864A86D68551
:10817000568597B0FE1FE7808085830604005686EB
:10818000D285881997B0FE1FE780408F8327C40AE5
:108190008C1952858297A6869008DA85568597B005
:1081A000FE1FE780608609C9A6864A86D685568561
:1081B00097B0FE1FE780A081830604005686CE8517
:1081C000881997B0FE1FE780608B8327C40A8C193B
:1081D0004E858297A6865286CE854E8597B0FE1F25
:1081E000E780808209C9A6864A86CE854E8597A0FB
:1081F000FE1FE780C07DFD1B26868C085685C20BBE
:1082000097A0FE1FE780C07593DB0B416FF0CFDEB8
:10821000EF92FEAC5D713284AA841018A2862E857E
:108220000C082EC432C6EFE09FCF0357240013354D
:1082300015009C080A053E95032685FB05074207A5
:10824000A28741878146930544042685EFF02FC419
:108250008345040026858605E205E18597A0FE1F7B
:10826000E78020691335150061616F909EA9EF9238
:108270009EA42E8BAA84B2855A85328497E9FE1F6C
:108280009389C9DC97A0FE1FE780006A83A70900D5
:10829000B1C7131A5400931B24003305AA40138955
:1082A000CBFF7D5A2699335AAA00930A0004054C45
:1082B00083A70900DE85268582970DC183270900E3
:1082C000A2852685B3F747012320F90097A0FE1F5A
:1082D000E780206219C5FD1AE39C0AFC01456F90F6
:1082E0001EA12286A6855A8597A0FE1FE780C0752D
:1082F000E31385FF0545E5B7EF92DE9CAA892E8939
:10830000B28413040004130A0002930A460203967F
:108310002400D6854A857D0633464603620661867B
:10832000EFF0FFF409C92686CA854E85EFF05FEEAF
:1083300011E57D1469FC01456F901E9C0545EDBF5C
:10834000EF925E9803891600357100102A8B130A8C
:1083500001042285B2894A86B684838A060022CC2B
:1083600052CEEFE07FB513161900DA858810EFE0E2
:10837000BFB4A2852285A6865286EFE05FBA97E752
:10838000FE1F9387A7CC9C432A849DC39317250087
:108390001811BA9783A687F75686938544003685C9
:1083A00036C6EFF0DFECB24609E50D616F90DE9462
:1083B000814603D72400133414001C110A043E9490
:1083C000032684F705078C104207A68741872E8570
:1083D000EFF0EFAB4A868C104E85EFE0FFAD83C522
:1083E000040088108605E205E18597A0FE1FE7805E
:1083F00040501335150055BF17B5FE1F130545D462
:10840000828011CE93070002918F635BF000B395D9
:10841000C500B357F5003316C500DD8D3285828067
:10842000930506FE0146B315B5003285CDBF014860
:1084300063C6050E63DB06003306C040B337C000D9
:10844000B306D0401348F8FF9D8EB6873283AA8EBC
:10845000AE886391061863FCC50C41676361E61E34
:10846000B70700016365F63693568601E147173773
:1084700000001307276C369703470700BA971307C6
:1084800000021D8F19CBB395E500B357F5003313E8
:10849000E600B3E8B700B31EE50013560301B3D7F7
:1084A000C80293160301C18213D70E01B3F5C802A7
:1084B0003385F602C205B3E8E50063FAA8009A988E
:1084C0001387F7FF63E4680063E9A832BA87B388CB
:1084D000A840B3D5C802C20E93DE0E01B3F8C8029D
:1084E000B386B602C208B3E8D80163FBD8009A98F5
:1084F0001387F5FF63E56800F91563E3D800BA85D3
:10850000139507014D8D8145630908003305A0408F
:10851000B337A000B305B0409D8D82803305A040E5
:10852000B337A000B305B0409D8D7D5821B701E65B
:1085300005433353D3024167636AE30EB707000173
:10854000636BF32893568301E14717370000130745
:10855000675E369703470700BA97130700021D8F1F
:1085600065EB93180301B3866540135F030193D84D
:108570000801854513D70E01B3D7E603B3F6E6032A
:1085800033861703C206558F637AC7001A979386FE
:10859000F7FF636467006365C726B687118FB3561C
:1085A000E703C20E93DE0E013377E703B3881603A9
:1085B00042073367D701637B17011A971386F6FFCB
:1085C00063656700F91663631701B28613950701A7
:1085D000558D1DBF63E1D504C16763E1F604B7079C
:1085E000000163E2F61E93D88601614797370000C9
:1085F00093874754C69703C30700930700023A9333
:10860000B3876740E9EB63ECB61C3335C50013450F
:1086100015008145D5BD81450145FDB59307F00F96
:1086200063F2D71C93D886002147C9B71307F00F10
:108630009A86E37C67F093568300A14739B7130706
:10864000F00FB286E375C7E293568600A14705B5E1
:108650003313E30033D6F500135F0301335EE60303
:10866000B396E500B357F500DD8E9318030193D858
:108670000801B31EE50093D50601B377E6033387FF
:10868000C803C207CD8F63FBE7009A971306FEFF6E
:1086900063E3671663F1E716791E9A97998F33D6CD
:1086A000E703139706014183B3F7E7033385C80255
:1086B00093960701D98E63FBA6009A969307F6FF5F
:1086C00063E7661263F5A61279169A9693150E0162
:1086D000898ED18D45B533576600B396F600D98E95
:1086E000B3D8650013DF0601B3DEE803139E06016D
:1086F00033536500135E0E01B395F500B365B30007
:1087000013D705013316F600B3F8E8033303DE038D
:10871000C20833E7E800637B670036979388FEFF63
:108720006369D70C6377670CF91E36973307674088
:108730003353E703C205C1813377E703B3086E0201
:108740004207D98D63FB1501B6951307F3FF63EE5E
:10875000D50863FC15097913B695C20E416FB3EEC7
:108760006E001307FFFFB3F6EE0013D30E01718FF7
:108770004182338EE602B3851541B386C602935813
:108780000E013307E302BA96C6963306C30263F3BB
:10879000E6007A9613D306011A9663E2C502638552
:1087A000C500768581458DB341677D17F98EC20678
:1087B000337EEE00B317F500F296E3F4D7FE13858F
:1087C000FEFF814591B393D80601414705B5935605
:1087D0000601C14769B993560301C147BDB381453D
:1087E00005451DB3B688014711B53A83BDB73E862E
:1087F000F1BDC68E25BF328E55B5F9179A98C1B90D
:10880000F9171A9761BB01476314E600014582809E
:10881000B307E5000507B386E50083C7070083C6F5
:10882000F6FFE383D7FE3385D7408280B3C7A50028
:108830008D8B3307C50081E78D4763EEC700AA879C
:108840006370E50A83C6050085078505A38FD7FEFB
:10885000E3EAE7FE828093763500AA8791CA83C651
:10886000050085078505A38FD7FE93F63700FDB772
:108870009376C7FF138606FE63F0C70683A3050041
:1088800083A2450083AF850003AFC50083AE050119
:1088900003AE450103A3850183A8C5019385450265
:1088A00023A0770003A8C5FF23A2570023A4F70144
:1088B00023A6E70123A8D70123AAC70123AC670099
:1088C00023AE17019387470223AE07FF75B7904188
:1088D0009107910523AEC7FEE3EBD7FEE3E4E7F68D
:1088E000828039713EDA2ED232D436D63AD842DC82
:1088F00046DE97B7FE1F9387279922CC804326CA6E
:1089000006CEAA8409C41C4C99E32285712D0C441F
:1089100054102686228536C6EF00F068F240624485
:10892000D24421618280011197B7FE1F9387C795BA
:1089300022CC804306CEAA8519C41C4C89E72AC6DE
:1089400022859D25B245104422856244F24005618E
:108950006F10A04A011126CA4AC806CE22CC4EC6C4
:1089600052C4AA842E8901C51C4D91E3352D9C4C1F
:10897000804499E326850D2D973700009387872D36
:10898000631CF402C0408357C400A18BB1C71C48CC
:10899000A1C7FD59294A1C4483450900FD17B1E9C7
:1089A0001CC463DE07062286A9452685C12AFD5719
:1089B0006308F502294535A0973700009387872B78
:1089C0006314F4008044C1B797370000938787266B
:1089D000E31BF4FAC04445BFA2852685852455D9FA
:1089E0007D55F2406244D2444249B249224A05616F
:1089F00082801CC4050963D70700184C63CBE700CD
:108A0000638945011C401387170018C02380B700F5
:108A100059B7228626859D22E31F35F7D1B71C4022
:108A20001387170018C029472380E70061B797B75D
:108A3000FE1F93876785AA8588436FF0BFF14111B8
:108A400097B7FE1F9387478422C4804306C61C5CE9
:108A50009DEB6145EF00E07CB737CDAB08DC938739
:108A6000E7301CC1B7176DE6938747235CC1B7E7B2
:108A700005009387C7EE1CC5AD472316F5000547D3
:108A8000814718C95CC9105C3787954CB7F75158B6
:108A9000144A484A1307D7F29387D742B387F6029E
:108AA000B24022443305E5023E95B387E60233B770
:108AB000E6029386170014CA2A9733B5F6003A9552
:108AC00048CA060505814101828035713ECBA6DA90
:108AD00036C73AC942CD46CF97A7FE1F9387C77ABC
:108AE00086DEA2DC844363DB05009307B0089CC0EC
:108AF0007D55F6506654D6540D61828093078020D0
:108B0000231AF1002AC42ACC814799C19387F5FF23
:108B10003EC83ECE7401FD572E8426852C00231BB3
:108B2000F10036C2EF005019FD576355F500930769
:108B3000B0089CC05DDCA247238007005DBFAA8708
:108B4000850703C7F7FF6DFF3385A7407D1582803A
:108B500005C67D160147B307E500B386E50083C768
:108B6000070083C606006396D7006304C7000507A5
:108B7000FDF33385D740828001458280011122CCEC
:108B800026CA4AC806CE4EC6AA842E89328401C59A
:108B90001C4D91E31129973700009387A70B6319A8
:108BA000F406C0401C4C1CC48357C400A18BC9C32D
:108BB0001C48BDCF1C4808409379F90F1379F90F71
:108BC0001D8D5C486346F500A2852685752C2DE534
:108BD0001C440505FD171CC41C401387170018C052
:108BE000238037015C486389A7008357C400858BC5
:108BF00081CBA9476316F900A285268571240DED66
:108C0000F24062444A85D2444249B24905618280B9
:108C100097370000938707066314F400804459B720
:108C20009737000093870701E31EF4F6C0449DBF09
:108C3000A285268521203DDD7D59D9B7411197A711
:108C4000FE1F9387676426C2844322C44AC006C6B7
:108C50002A892E8489C49C4C99E32685B1269737AE
:108C60000000938727FF631CF402C0400317C40071
:108C700093170701C18393F68700B5EE93F60701BA
:108C80009DEEA5472320F900136707042316E4008F
:108C90007D55B24022449244024941018280973777
:108CA0000000938727FD6314F4008044C1B7973711
:108CB0000000938727F8E31BF4FAC04445BF918B6B
:108CC0008DC74C5889C9930744046384F5004A85CD
:108CD0008523232A04028357C4002322040093F728
:108CE000B7FD2316F4001C481CC08357C40093E74B
:108CF00087002316F4001C4881EF8357C400130734
:108D0000002093F707286385E700A2854A85952907
:108D10008357C40013F7170005C75C4823240400D9
:108D2000B307F0401CCC1C480145A5F78317C400CD
:108D300013F7070839DF93E707042316F40089BF08
:108D4000898B014791E3584818C4F1BF83D7C50008
:108D5000011122CC26CA06CE4AC84EC613F7870098
:108D6000AA842E8471EFD841634DE000B841634A74
:108D7000E0000145F2406244D2444249B2490561F3
:108D8000828058547DD703A904009396370123A00D
:108D9000040063DD060670488357C400918B99C7B1
:108DA0005C401D8E5C5899C33C401D8E5C540C5039
:108DB000814626858297FD570357C400631DF50041
:108DC0009440F54763E8D706B70740208507B3D737
:108DD000D700858BA5C31C48232204001CC0931711
:108DE000370163D80700FD576314F5009C4091E3F9
:108DF00068C84C5823A02401ADDD93074404638464
:108E0000F50026853521232A0402A5B70C5001461A
:108E1000854626850297FD572A86E31FF5F69C4076
:108E2000A5DF75476385E70059476394E70423A0EE
:108E3000240181B7136707042316E4007D551DBF85
:108E400083A90501E38709F203A905008D8B23A0FF
:108E5000350133093941014791E3D84918C4E35A30
:108E600020F11C540C50CA864E8626858297634991
:108E7000A0008357C40093E707042316F4007DBFC6
:108E8000AA993309A940E1BF9C49A5C3011122CC8D
:108E900006CE2A8411C51C4D81E72EC63122B2456B
:108EA00097370000938707DB639CF5004C4083975E
:108EB000C5009DC722856244F24005616FF01FE93D
:108EC00097370000938707DB6394F5000C44C5B720
:108ED00097370000938707D6E39BF5FC4C44C1BF4E
:108EE000F240624401450561828001458280411162
:108EF00022C406C62A842316B5002317C5002320E2
:108F0000050023220500232405002322050623282B
:108F10000500232A0500232C050021468145130561
:108F2000C505EF80DEDE971700009387C7F85CD099
:108F300097170000938727FB1CD49717000093878F
:108F400067FF5CD4971700009387270200D01CD8D6
:108F5000B24022444101828097050000938505F3C9
:108F6000B1AA411126C2130680069384F5FFB3848B
:108F7000C4024AC02E8922C406C6938544078D26A2
:108F80002A8401CD2320050023222501310508C4B0
:108F9000138684068145EF809ED72285B240224405
:108FA00092440249410182801C4DB5E7411106C639
:108FB00022C497070000938767FA1CD597370000F3
:108FC0009387C7D69C43232405042326050423281E
:108FD00005046314F50085471CCD2A84352848C054
:108FE00022851D2808C42285052848C4484001461A
:108FF0009145EFF0DFEF08440546A545EFF03FEF60
:1090000048440946C945EFF09FEE85471CCCB24065
:10901000224441018280828041119737000093876A
:10902000E7D026C284434AC006C69C4C22C42A8983
:1090300081E72685EFF05FF7938484048044DC4069
:10904000FD1763D607009C40B9CF8440C5BF031706
:10905000C40039E7C17785072322040623200400D2
:1090600023220400232404005CC423280400232AB0
:109070000400232C0400214681451305C405EF801C
:109080001EC9232A0402232C0402232404042326B9
:1090900004042285B2402244924402494101828064
:1090A0001304840671BF91454A85EFF09FEB88C099
:1090B00049FDB1472320F9000144E1BF797122D471
:1090C0004AD052CC56CA5AC85EC606D626D24ECE12
:1090D0002A8AAE8A130485040149054BFD5B09EC1D
:1090E000B25022544A8592540259F249624AD24AF5
:1090F000424BB24B45618280044483294400FD19F0
:1091000063D409000040E1BF83D7C400637BFB0048
:109110008397E40063877701A6855285829A336935
:10912000A90093848406E1BF1971A6DAAE84839501
:10913000E500A2DC86DE328463DC050083D7C40050
:1091400023A0060093F7070885E7930700401DA0BA
:10915000300836C6EF00F067B246E34105FE7247BD
:10916000BD67F98F7977BA9793B717009CC2F1BFA3
:10917000930700041CC0F6506654D654014509619B
:10918000828083D7C500011122CC06CE26CA4AC8E8
:10919000898B2E8489CF930774041CC01CC8854713
:1091A0005CC8F2406244D244424905618280740046
:1091B0003000AA84EFF05FF7A2452A8926850D22A8
:1091C00001ED8317C40013F7072061FFF19B93E7BC
:1091D00027002316F400C1B797070000938707D82C
:1091E0009CD48357C40008C008C893E70708231617
:1091F000F400A2475CC8B24791CF8315E4002685EE
:10920000EF00506001C98357C400F19B93E717003A
:109210002316F4008357C4003369F9002316240190
:1092200049B797A7FE1F93872706AA8588434DA8AD
:10923000DDC583A7C5FF411122C406C626C213841B
:10924000C5FF63D307003E94AA84EF00306897A758
:10925000FE1F9387E70C9C4391EF2322040097A7FE
:10926000FE1F23AF870A2244B24026859244410163
:109270006F00F065637EF40014403307D4006396FA
:10928000E7009843DC43369718C05CC0C9BFBA8773
:10929000D84319C3E37DE4FE94433386D700631FAC
:1092A00086001040B29694C33386D700E31DC7FAF8
:1092B00010435843B29694C3D8C375B76375C400BE
:1092C000B1479CC04DB71040B306C4006316D70029
:1092D00014435843B29614C058C0C0C369B78280C3
:1092E000011126CA93843500F19806CE22CC4AC8D3
:1092F0004EC6A104B14763FBF404B14463EAB4046D
:109300002A89EF00B05C97A7FE1F938767019843F7
:109310003A8429E897A7FE1F9387C7009C4389EBEF
:1093200081454A85EF00D03597A7FE1F23ACA7FEE5
:10933000A6854A85EF00D034FD59631B3507B14738
:109340002320F9004A85EF00905829A0E3D804FAB9
:10935000B1471CC10145F2406244D2444249B2497E
:10936000056182801C40858F63C10704AD4663F6AA
:10937000F6001CC03E9404C001A85C40631587023F
:1093800017A7FE1F232EF7F84A85EF005054130548
:10939000B4009307440061993307F5404DDF3A94D8
:1093A000898F1CC04DBF5CC3C5B72287404095B7AD
:1093B000130435007198E30085FCB305A4404A8589
:1093C000EF00102CE31935FB9DBF01114AC803A91A
:1093D000850022CC52C45AC006CE26CA4EC656C2FA
:1093E0002E84328B368A63EE260983D7C50013F7A5
:1093F000074851C704408C495848AA8AB389B440E9
:109400008D44B384E4020947B3C4E4021387160011
:109410004E9763F3E400BA8493F70740D9C3A68557
:109420005685EFF0FFEB2A890DE5B14723A0FA003E
:109430008357C4007D5593E707042316F400F240D8
:109440006244D2444249B249224A924A024B0561DF
:1094500082800C484E86EFF06FBD8357C40093F7AF
:10946000F7B793E707082316F4002328240144C81C
:109470004E99B38434412320240104C45289637378
:109480002A01528908404A86DA85EF00903F1C4441
:109490000145B38727411CC41C403E992320240169
:1094A00079BF26865685EF00B0422A895DFD0C48BB
:1094B0005685EFF0FFD795BF83D7C500717126D3CE
:1094C0004AD14ECF06D722D552CD56CB5AC95EC708
:1094D00062C566C393F70708AA892E89B284B9C307
:1094E0009C49A9E39305000436C6EFF07FDF2320F3
:1094F000A9002328A900B24615E1B14723A0F9002D
:109500007D55BA502A549A540A59FA496A4ADA4A95
:109510004A4BBA4B2A4C9A4C4D6182809307000407
:10952000232AF90093070002A30CF102930700031A
:1095300002DA230DF10236CE930B5002972A000077
:10954000938A4A75054C294B26848347040099C3A6
:10955000639D7709B30C9440638E0C00E6862686E3
:10956000CA854E85EFF07FE6FD576304F51AD256A3
:10957000E69636DA83470400638D0718FD57930497
:10958000140002D002D63ED202D4A301010682DC2E
:1095900083C5040015465685EF00102D1384140072
:1095A000825731E513F7070109C713070002A3012A
:1095B000E10613F7870009C71307B002A301E1060C
:1095C00083C604001307A002638BE602B257268409
:1095D000814625460347040093051400130707FD41
:1095E0006374E6068DC63ED61DA00504B9BF3305DB
:1095F00055413315AC00C98F3ED0A28451BF72478C
:1096000093064700184336CE634907023AD603470C
:1096100004009307E002631FF70403471400930755
:10962000A002631BF702F2470904138747009C431B
:109630003ACE63C107023ED235A83307E04093E734
:1096400027003AD63ED0E1B7B387670385462E841C
:10965000BA9749B7FD57C5B7050402D2814681477D
:1096600025460347040093051400130707FD63789C
:10967000E606F1F2834504000D46172500001305A8
:10968000E561EF00701E11CD9727000093870761F9
:109690001D8D93070004B397A700025505045D8D47
:1096A0002AD0834504001946172500001305455F9D
:1096B00093041400230CB102EF00101B25C597770B
:1096C000FEFF9387279495E70257F2471377071019
:1096D00009CF91073ECED257D2973EDAB5B5B387C0
:1096E000670385462E84BA97ADBF9D07E19BA1070E
:1096F000D5B7780897060000938666CD4A860C1089
:109700004E8597000000E7000000FD572A8AE31409
:10971000F5FC8357C9007D5593F70704E39307DEF3
:109720005255C5B3780897060000938646CA4A8604
:109730000C104E853129D1BF1C46FD171CC663DABB
:109740000700184E63C5E700A9476394F5006FF062
:10975000EFC21C422E851387170018C22380B70062
:109760008280011122CC26CA4AC84EC652C406CEF7
:109770002A89AE893284B304D6007D5A63149400DA
:10978000014511A8834504004E864A85EFF0DFFAB3
:109790000504E31545FFF2406244D2444249B24910
:1097A000224A05618280357122CD26CB4AC94EC737
:1097B00006CF52C556C35AC1DEDEE2DCE6DAAA891C
:1097C000AE843289368409C51C4D99E3EFF0CFFD94
:1097D0009727000093870748639DF40C83A44900F2
:1097E00083D7C400A18BE5CB9C48F5C79307000243
:1097F000A304F1029307000302D22305F10222C65B
:10980000930B5002972A0000938ACA48054C294BB3
:109810004A848347040099C36392770FB30C2441B1
:10982000638E0C00E6864A86A6854E85EFF07FF3B0
:10983000FD576307F51E9256E69636D2834704001D
:109840006380071EFD571309140002C802CE3ECAEA
:1098500002CCA309010482D483450900154656852C
:10986000EF00900013041900C24759E913F70701EC
:1098700009C713070002A309E10413F7870009C70A
:109880001307B002A309E104834609001307A002ED
:109890006380E608F2474A84814625460347040070
:1098A00093051400130707FD6379E60AB5CA3ECE97
:1098B00085A8972700009387E73B6395F40083A46E
:1098C000890039BF972700009387C736E39AF4F0E1
:1098D00083A4C90031B7A6854E85EFF02FB619D500
:1098E0007D55FA406A44DA444A49BA492A4A9A4AB2
:1098F0000A4BF65B665CD65C0D618280050411BF85
:10990000330555413315AC00C98F3EC82289A9B72C
:10991000324793064700184336C6634907023ACEDA
:10992000034704009307E002631FF7040347140092
:109930009307A002631BF702B2470904138747008D
:109940009C433AC663C107023ECA35A83307E040CC
:1099500093E727003ACE3EC8E1B7B3876703854651
:109960002E84BA9725BFFD57C5B7050402CA8146A4
:10997000814725460347040093051400130707FD9C
:109980006376E606F1F2834504000D4617250000D4
:109990001305C530D12D11CD9727000093870730CF
:1099A0001D8D93070004B397A700424505045D8D04
:1099B0002AC8834504001946172500001305452EC3
:1099C000130914002304B10245253DC19767FEFF2A
:1099D0009387476395E74247B2471377071009CF4C
:1099E00091073EC69257D2973ED21DB5B387670303
:1099F00085462E84BA97BDBF9D07E19BA107D5B7C9
:109A0000780097060000938606D626860C084E85B9
:109A100097000000E7000000FD572A8AE314F5FCD8
:109A200083D7C40093F70704E39C07EA125555BD9A
:109A3000780097060000938606D326860C084E858C
:109A4000012AD9BF797156CA9C49BA8A984522D44D
:109A500026D24ECE52CC06D64AD05AC85EC6AA8965
:109A60002E84B284368A63D3E700BA879CC003474A
:109A7000340419C385079CC01C4093F7070281C7B3
:109A80009C4089079CC00329040013796900631A6C
:109A90000900130B9401FD5B5C449840998F634C63
:109AA000F9041C408346340493F70702B336D00010
:109AB000A5EB13063404D2854E85829AFD576303C5
:109AC000F5041C4011469840998B54448144639797
:109AD000C700B384E64063D3040081441C441848A3
:109AE0006354F700998FBE94014969047D5B6398C4
:109AF0002405014509A885465A86D2854E85829A55
:109B0000631E75017D55B250225492540259F24998
:109B1000624AD24A424BB24B456182800509ADBFD1
:109B20003307D40013060003A301C70403475404FA
:109B300093871600A2978906A381E7049DBF8546F7
:109B40002286D2854E85829AE30E65FB050945B7CC
:109B5000797122D426D24AD04ECE06D652CC56CADD
:109B60005AC8B68983C68501930790063289AA84AC
:109B70002E8413863504638DF60263E2D7069307BD
:109B800080056388F61863EDD7006381062293078A
:109B90003004638EF60A930A24042301D404C9A076
:109BA000930730066385F60A93074006E395F6FEB1
:109BB0001C40084393F6070893054500C5C61C41A1
:109BC0000CC363D807001307D002B307F040A3010A
:109BD000E404972600009386260D29476DA8930775
:109BE00000076384F61663E5D7029307E006638BEC
:109BF000F6189307F006E390F6FA0C401C4313F8AE
:109C00000508138547006307080608C39C438DA811
:109C100093075007E383F6FE93078007638BF612E2
:109C200093073007E399F6F61C43D04181459386AC
:109C3000470014C383AA070056853D2101C533059B
:109C4000554148C05C401CC8A301040471A81C43D2
:109C5000930A2404938647009C4314C32301F4040D
:109C60008547D5B793F607041C410CC3B9DAC20780
:109C7000C18781BF93F5050408C3C9D983D70700FD
:109C80001307F0066388E60E972600009386C60148
:109C90002947A30104044C400CC463C505000840D7
:109CA0006D9908C099E3B28A91CDB28AB3F5E70203
:109CB000FD1AB69583C505002380BA00B3D5E70227
:109CC00063F0E70CA147631EF7001C40858B91CB26
:109CD00058401C4863C7E70093070003A38FFAFEB0
:109CE000FD1A3306564110C84E87CA867000A285F9
:109CF0002685EFF03FD57D5A631E450B7D55B2504A
:109D0000225492540259F249624AD24A424B456166
:109D10008280A382D504972600009386E6F80C4043
:109D2000084313F805081C411105630D080208C318
:109D300013F7150001C793E505020CC04147B1FBBD
:109D40000C4093F5F5FD0CC0A9B79C4193E70702C1
:109D50009CC193078007A302F40497260000938612
:109D6000E6F575BF13F8050408C3E30308FCC20752
:109D7000C1837DBF97260000938606F3214711BF5C
:109D8000AE872DB794411C43CC4913F806081385C0
:109D900047006306080008C39C438CC301A808C39E
:109DA00093F606049C43F5DA2390B70023280400B9
:109DB000B28A1DBF14485686CA8526858299E30F4C
:109DC00045F31C40898B8DE7B2474844E359F5F2CF
:109DD0003E8535B785465686CA8526858299E30F26
:109DE00065F1050A5C443247998FE345FAFEE9BF05
:109DF000014A930A94017D5BF5B7011122CC06CE8E
:109E00002A8409C91C4D99E732C62EC4EFF0CF99B8
:109E10003246A245972700009387C7E36316F602F0
:109E200050401C46FD171CC663D00704184E63C77C
:109E3000E70093F7F50F29476398E702228562440C
:109E4000F24005616FE09FD397270000938787E278
:109E50006314F6001044F1B797270000938787DD5D
:109E6000E311F6FC504475BF1C4213F5F50F138740
:109E7000170018C22380B700F24062440561828057
:109E8000411122C42A842E8597C7FE1F23A2071CD6
:109E900006C6EF809ED9FD576319F50097C7FE1FD0
:109EA0009387071B9C4391C31CC0B24022444101CD
:109EB0008280411122C42E848395E50006C6AD241C
:109EC000634905007C48AA977CC8B24022444101FE
:109ED00082808357C4007D777D17F98F2316F400A5
:109EE000EDB783D7C500011122CC26CA4AC84EC699
:109EF00006CE93F70710AA842E843289B68991C7BB
:109F00008395E5008946014635228357C4007D7755
:109F10007D17F98F2316F4008315E4006244F240A4
:109F2000CE864A86B24942492685D24405613DA87B
:109F3000411122C42E848395E50006C6E528FD570D
:109F40000357C400631BF500FD77FD17F98F231637
:109F5000F400B2402244410182808567D98F2316E4
:109F6000F40068C8FDB78395E50025A8411122C417
:109F70002A842E85B285368697C7FE1F23AA070C32
:109F800006C6EF801EC8FD576319F50097C7FE1F70
:109F90009387070C9C4391C31CC0B24022444101EB
:109FA0008280411122C42A842E8597C7FE1F23A1D7
:109FB000070A06C6752AFD576319F50097C7FE1FE5
:109FC000938707099C4391C31CC0B24022444101BE
:109FD0008280411122C42A842E85B28597C7FE1F34
:109FE00023A8070606C6692AFD576319F50097C717
:109FF000FE1F9387E7059C4391C31CC0B2402244D7
:10A0000041018280411122C42A842E8597C7FE1FF8
:10A0100023A0070406C6AD2AFD576319F50097C7AC
:10A02000FE1F9387E7029C4391C31CC0B2402244A9
:10A0300041018280411122C42A842E85B285368650
:10A0400097C7FE1F23A6070006C6992AFD57631966
:10A05000F50097C7FE1F9387A7FF9C4391C31CC0C1
:10A06000B24022444101828093F5F50F2A96631491
:10A07000C5000145828083470500E38DB7FE0505D5
:10A08000FDB763F3A504B386C500637FD50293458E
:10A09000F6FF8147FD176393F50082803387F60052
:10A0A000034807003387C7002A9723000701DDB75D
:10A0B0003387F500834607003307F5008507230043
:10A0C000D700E317F6FE82808147E5BF8280828059
:10A0D00081E5B2856FF0CFA0011122CC06CE26CA51
:10A0E0004AC84EC6328401EEEFF08F940149F24027
:10A0F00062444A85D2444249B24905618280AE84B5
:10A10000AA89A9282689E37485FEA2854E85EFF0E9
:10A110002F9D2A8969DDA6852286EFE02FF1A6858D
:10A120004E85EFF0EF90E1B7411122C42A842E85CD
:10A13000B285368697C7FE1F23AC07F006C68D286A
:10A14000FD576319F50097C7FE1F938767F09C437F
:10A1500091C31CC0B24022444101828083A7C5FF45
:10A160001385C7FF63D50700AA959C413E95828061
:10A170009307800517C7FE1F232CF7EC7D558280BF
:10A180009307800517C7FE1F2324F7EC7D558280B7
:10A190009307800517C7FE1F232CF7EA014582802D
:10A1A0009307800517C7FE1F2324F7EA7D55828099
:10A1B0009307800517C7FE1F232CF7E87D55828083
:10A1C0006964363401000000696436016E88FEFF60
:10A1D0009688FEFFBE88FEFFD688FEFFF088FEFF51
:10A1E0000089FEFF2889FEFF5089FEFF6889FEFF77
:10A1F0008289FEFFFE006578706572696D656E7418
:10A20000616C0000626C656465732E636F6D0000A5
:10A210004D6F64656C204E756D62657200000000C4
:10A2200053657269616C204E756D62657200000045
:10A230000E8FFEFF348FFEFF4E8FFEFF688FFEFFF6
:10A24000868FFEFF73696D706C6550726F66696C06
:10A25000655F57726974654174747243420000000F
:10A260004150505F4442472025733E2000000000CB
:10A2700073696D706C6550726F66696C655F57725B
:10A28000697465417474724342206C656E3A20258E
:10A290006400000043483539785F424C455F4C49C3
:10A2A000425F56312E330000686561642066696C38
:10A2B00065206572726F722E2E2E00004C4942206E
:10A2C000696E6974206572726F7220636F64653A9B
:10A2D000202578202E2E2E0A000000002A200000C3
:10A2E00026A0FEFF48A6FEFF32A1FEFF26A2FEFF2B
:10A2F000EAA2FEFFE6A3FEFFC6A4FEFF48A6FEFFFD
:10A300000CA6FEFF48A6FEFF48A6FEFF48A6FEFFDD
:10A3100048A6FEFF48A6FEFF48A6FEFF48A6FEFF91
:10A3200048A6FEFF48A6FEFF48A6FEFF48A6FEFF81
:10A3300048A6FEFF48A6FEFF48A6FEFF48A6FEFF71
:10A3400048A6FEFF48A6FEFF48A6FEFF48A6FEFF61
:10A3500048A6FEFF48A6FEFF48A6FEFF48A6FEFF51
:10A36000169FFEFF8AA0FEFFC6A0FEFF6AA1FEFFA9
:10A370005AA2FEFF2AA3FEFF0AA4FEFF06A5FEFFC7
:10A3800056A5FEFFA4A7FEFF90A8FEFFF6A8FEFFBD
:10A39000AEADFEFFA8A9FEFF4CAAFEFFD6AAFEFFA7
:10A3A0007AABFEFFF2ABFEFF5CACFEFFBCACFEFF87
:10A3B000AEADFEFFAEADFEFFAEADFEFFAEADFEFF3D
:10A3C00060ADFEFF556E61626C652073657420613F
:10A3D0007070206B657900006C636F616C20617038
:10A3E00070206B6579206164646564006C636F61E3
:10A3F0006C20617070206B65792062696E646564A1
:10A400000000000053656C662050726976697369BC
:10A410006F6E696E672028657272202564290000BE
:10A4200044656C657465206E6F6465206661696C57
:10A430006564200044656C657465206C6F63616CB5
:10A44000206E6F646500000044656C657465207360
:10A45000746F726564206E6F646520696E666F202C
:10A46000636F6D706C6574650000000041736B2054
:10A47000737461747573206E6F6465206661696CB6
:10A48000656420004F544120757064617465206ECE
:10A490006F6465206661696C656420005365742093
:10A4A000737562206E6F6465206661696C656420F7
:10A4B00000000000434D443A202578005072697630
:10A4C0006973696F6E696E6720696E666F2064617B
:10A4D0007461206572722100736574206976203082
:10A4E0007825782C20666C616720256420000000A8
:10A4F00061736B20697620307825782C20666C613A
:10A500006720256420000000507269766973696FC6
:10A510006E696E672064617461206572722100004B
:10A52000434D445F44454C4554455F4E4F444520A0
:10A530002578200064656C657465206661696C65CA
:10A540006420256400000000434D445F41534B5F8D
:10A5500053544154555320257820000061736B5F9C
:10A56000737461747573206661696C656420256419
:10A5700000000000434D445F5452414E5346455243
:10A5800020257820000000007472616E7366657289
:10A59000206661696C65642025640000434D445F5A
:10A5A000494D4147455F494E464F202578200000E0
:10A5B000696D61676520696E666F206661696C65AB
:10A5C0006420256400000000434D445F5550444121
:10A5D0005445206C656E3A202564000075706461F6
:10A5E0007465206661696C65642025640000000064
:10A5F000766572696679206661696C656420256498
:10A6000000000000656E64206661696C6564202549
:10A6100064000000434D445F5345545F535542204E
:10A620002578200073657420737562206661696CFB
:10A6300065642025640000006C6F63616C207265A6
:10A64000736574206461746120657272210000007A
:10A650004C6F63616C206D657368207265736574FF
:10A660000000000044656C657465206E6F646520B1
:10A670006461746120657272210000007265636517
:10A680006976652064656C65746520636D642C2053
:10A6900073656E642061636B20616E642073746106
:10A6A00072742064656C657465206E6F64652064E7
:10A6B000656C61790000000073656E642061636BF6
:10A6C000206661696C6564202564000073656E64B2
:10A6D00020746F20616C6C206E6F646520746F2035
:10A6E0006C6574207468656D2064656C65746520A4
:10A6F00073746F72656420696E666F2000000000DD
:10A7000044656C657465206E6F64652061636B20C1
:10A7100064617461206572722100000044656C659B
:10A720007465206E6F646520636F6D706C65746511
:10A730000000000044656C657465206E6F646520E0
:10A74000696E666F20646174612065727221000019
:10A7500061736B207374617475732064617461201C
:10A76000657272210000000061736B207374617464
:10A77000757320636F6D706C657465007472616EC3
:10A7800073666572206461746120657272210000D5
:10A7900052656365697665207472616E73206461C9
:10A7A00074612C206C656E3A202564007472616EB1
:10A7B000736665722072656365697665206461748D
:10A7C0006120657272210000696D61676520696EA4
:10A7D000666F206461746120657272210000000060
:10A7E000696D61676520696E666F2061636B2066C5
:10A7F00061696C656420256400000000696D616713
:10A800006520696E666F2061636B206461746120EE
:10A8100065727221000000007570646174652064C7
:10A820006174612065727221000000004941505F2F
:10A8300050524F4D3A2025303878206C656E3A25BD
:10A8400064200D0A000000004941505F50524F4DF6
:10A8500020657272200D000075706461746520615E
:10A86000636B206661696C656420256400000000EC
:10A870007570646174652061636B2064617461202C
:10A880006572722100000000766572696679206445
:10A890006174612065727221000000004941505FBF
:10A8A0005645524946593A2025303878206C656E15
:10A8B0003A2564200D0A00004941505F564552492F
:10A8C000465920657272200D00000000766572699D
:10A8D00066792061636B206661696C65642025641C
:10A8E000000000007665726966792061636B206400
:10A8F000617461206572722100000000656E642041
:10A900006461746120657272210000004941505FEA
:10A91000454E44200D00000073657420737562205D
:10A920006461746120657272210000007365742097
:10A930007375622061636B206661696C65642025B4
:10A9400064000000736574207375622061636B207E
:10A95000646174612065727221000000496E766145
:10A960006C696420434D4420000000006C636F61FB
:10A970006C20737562206164647220616464656434
:10A98000000000006C636F616C207375622061646D
:10A9900064722064656C6574656400006170705F4A
:10A9A00070726F765F6174746E5F6F6E000000008E
:10A9B0006170705F70726F765F6174746E5F6F66E6
:10A9C000660000006C696E6B5F6F70656E00000062
:10A9D0006C696E6B5F636C6F7365000070726F768D
:10A9E0005F636F6D706C65746500000070726F76E8
:10A9F0005F726573657400006366675F6C6F6361A7
:10AA00006C5F6E65745F696E666F00006366675F9A
:10AA10007372765F7273705F68616E646C657200EA
:10AA20006366675F636C695F7273705F68616E64B1
:10AA30006C65720076656E646F725F6D6F64656CD5
:10AA40005F7372765F7273705F68616E646C65725B
:10AA500000000000626C656D6573685F6F6E5F7308
:10AA6000796E63004170705F50726F6365737345F8
:10AA700076656E74000000004170705F7472616EE4
:10AA8000735F6D6F64656C5F72657665697665642A
:10AA9000000000004170705F7065726970686572D7
:10AAA000616C5F7265766569766564004D65736893
:10AAB0005F53656E645F446174610000D7070000F6
:10AAC0000000000001000000902E0020384200200D
:10AAD0000000000000000000000000000000000076
:10AAE0000000000000000000000000000000000066
:10AAF0000000000000000000000000000000000056
:10AB000048380000DC3D0000163E00000000000058
:10AB1000CE3800006170705F70726F765F61747420
:10AB20006E5F6F66660000006170705F70726F76B6
:10AB30005F6174746E5F6F6E000000004D45534896
:10AB40005F4C49425F56312E37000000556E6162FE
:10AB50006C652073657420636F6E666967757261DA
:10AB600074696F6E20286572723A256429000000AE
:10AB7000496E697469616C697A696E67206D657385
:10AB800068206661696C656420286572722025649E
:10AB900029000000426C7565746F6F746820696EDF
:10ABA000697469616C697A65640000004D65736859
:10ABB000206E6574776F726B20726573746F726547
:10ABC000642066726F6D20666C617368000000001F
:10ABD0004164766572746973696E67206469736134
:10ABE000626C6564202870726F766973696F6E6538
:10ABF00064202B20706F77657220736176696E67B1
:10AC0000206D6F6465290000416476657274697314
:10AC1000696E6720656E61626C65642028444542F8
:10AC20005547206D6F6465206163746976652900FE
:10AC30004D65736820696E697469616C697A6564D1
:10AC4000000000006F70636F646520307825303439
:10AC5000780000004F70636F6465203078253034D1
:10AC6000782C2074696D656F757400007761726E61
:10AC7000696E67206F70636F6465203078253032AD
:10AC800078000000417070204B6579204164646554
:10AC90006400000056656E646F72204D6F64656CD1
:10ACA0002042696E6465640056656E646F72204D63
:10ACB0006F64656C20537562736372697074696F39
:10ACC0006E20536574000000556E6B6E6F77206FB9
:10ACD00070636F64652030782530327800000000A2
:10ACE0000000000000000000000000000000000064
:10ACF0002E3700005C37000073656E642066616962
:10AD00006C65642025640000726561736F6E202598
:10AD100078000000737373737373730073737373CA
:10AD200073737325647373737300000057616974E0
:10AD3000696E6720666F7220707269766973696FD9
:10AD40006E696E67206461746100000000234567CE
:10AD500089ABCDEF0023456789ABCDEF54696D65B5
:10AD60006F7574206F70636F6465203078253032A2
:10AD7000780000006C656E2025642C20646174618D
:10AD8000203078253032782066726F6D203078253B
:10AD9000303478004465627567206D6F6465206C9F
:10ADA0006F616465642066726F6D20666C617368A4
:10ADB0003A2025640A0000004465627567206D6FC3
:10ADC0006465207573696E672064656661756C746F
:10ADD0003A2025640A00000025752C25752C257560
:10ADE0002C25750D0A0000006D6573683A2000007F
:10ADF0004E6F204D6573680D00000000746172672E
:10AE000065745F64657620253034580D0A000000B3
:10AE1000436F6E66696720476174657761790D00DD
:10AE2000434D445F484541443A3078253034580D0D
:10AE30000A00000053746F705F4164767200000076
:10AE40004465627567206D6F646520736176656423
:10AE500020746F20666C6173683A2025640A0000D4
:10AE60006D65736820686561642066696C6520653E
:10AE700072726F722E2E2E00805700009C570000B9
:10AE80005A5700005657000003040010000000004D
:10AE90000A14016000010605140103DD0802020026
:10AEA000C00002003C003C000200020401041E003D
:10AEB00002000000500000002C01000064000A00A5
:10AEC00000000000D6BE898E0310220076656E64F5
:10AED0006F725F6D6F64656C5F7372765F726573BE
:10AEE0006574000076656E646F725F6D6573736183
:10AEF00067655F7372765F636F6E6669726D00007F
:10AF000076656E646F725F6D6573736167655F739D
:10AF100072765F61636B000076656E646F725F6D61
:10AF20006573736167655F7372765F73656E645F87
:10AF30007472616E73000000696E645F7374617295
:10AF4000740000006164765F696E645F73656E64AF
:10AF5000000000006164765F7372765F7472616EE8
:10AF6000735F73656E6400004E554C4C20627566CD
:10AF700000000000556E61626C652073656E642090
:10AF80006D6F64656C206D657373616765202865FE
:10AF900072723A2564290000556E61626C652073F7
:10AFA000656E6420696E64696361746520286572EA
:10AFB000723A2564290000007372633A20307825C4
:10AFC000303478206473743A203078253034782017
:10AFD0007469642030782530327820727373693A4E
:10AFE0002025640074696420307825303278200090
:10AFF000236D6573682D6F6E6F66662053544154E0
:10B0000055533A2073656E642073746174757320B0
:10B010006661696C65643A20256400004E6F2065A6
:10B020006E6F7567682073706163652100000000B2
:10B030004E6F20617661696C61626C6520436F6E52
:10B0400066696775726174696F6E20436C69656EBD
:10B050007420636F6E74657874210000416E6F74A4
:10B060006865722073796E6368726F6E6F75732096
:10B070006F7065726174696F6E2070656E64696E61
:10B0800067000000D707CF0000000000E259000071
:10B09000D707CC0000000000185B0000D707CD00E8
:10B0A000000000007C5F00000000000000000000C5
:10B0B0000000000028B3FEFF36B3FEFF24B4FEFFFD
:10B0C00066B3FEFF1AB4FEFF92B4FEFF574D345F25
:10B0D00025303458000000006D795F6E65745F6143
:10B0E0006464723A2564000052657374617274205E
:10B0F0006164766572746973696E6720284445429D
:10B100005547206D6F646529000000005265737417
:10B11000617274206164766572746973696E672008
:10B12000286E6F742070726F766973696F6E6564D4
:10B130002900000053746F70206164766572746931
:10B1400073696E672028616C726561647920707222
:10B150006F766973696F6E65642900005065726966
:10B1600070686572616C5F496E6974004E6F7469D6
:10B17000667920455252200055706461746520251F
:10B1800078202D20496E74202578200A00000000C8
:10B190004552522E2E000000496E697469616C6937
:10B1A0007A65642E2E000000446973636F6E6E65CD
:10B1B000637465642E2E20526561736F6E3A257834
:10B1C0000A0000004164766572746973696E672EC7
:10B1D0002E000000436F6E6E656374696F6E206DA4
:10B1E00061782E2E2E000000436F6E6E2025782091
:10B1F0002D20496E74202578200A0000436F6E6E62
:10B2000065637465642E2E00436F6E6E65637465AE
:10B2100064204164766572746973696E672E2E00CE
:10B2200057616974696E6720666F72206164766524
:10B2300072746973696E672E2E0000004572726F1A
:10B24000722E2E004572726F722E2E25780A000023
:10B2500044495341424C454400000000454E4142A0
:10B260004C4544005265762043484152310000006D
:10B270005265762043484152332E2E004465627554
:10B2800067206D6F64652025730D0A004164766543
:10B2900072746973696E6720656E61626C65640DB6
:10B2A000000000005175657279204D65736820417A
:10B2B000646472202D2050726F766973696F6E65B9
:10B2C000643A25642C20416464723A307825303425
:10B2D000580D0A005175657279204D657368204BD1
:10B2E0006579202D2050726F766973696F6E656481
:10B2F0003A25640D0A000000626C0000FC7000003A
:10B30000DB2A0000DC2A00000200000010B301006C
:10B3100027180000DD2A0000DE2A000002000000DD
:10B3200024B3010028180000292A2B244D45534836
:10B330005F4C49425F56312E373600000000000056
:10B34000348200001C8200000000000054B30100A1
:10B35000000000006E870000908700009E870000BC
:10B360000000000000000000C68B0000000000008C
:10B37000020000000F000000F49300000B800000AA
:10B3800001000000D09300000E80000001000000CA
:10B39000AC930000118000000100000088930000C1
:10B3A0001480000001000000649300002880000069
:10B3B000020000000C930000448000000300000025
:10B3C000D0920000038000000400000024940000DC
:10B3D0003E80000007000000AA92000019800000D3
:10B3E0000C000000369200001F80000007000000E3
:10B3F000129200003C8000000900000062910000F1
:10B40000060000000A000000F49000002E800000FA
:10B4100005000000A290000025800000010000004F
:10B420006C9000004A800000000000004090000086
:10B430004880000004000000F68F00001780000024
:10B4400004000000AE8F00004C80000005000000EA
:10B45000FA8E00004E80000007000000428E0000BF
:10B460000280000003000000A08D00002A80000080
:10B4700005000000EC8C00002C800000070000009C
:10B48000348C0000000000000000000000000000FC
:10B490000000000000000000269F000000000000E7
:10B4A0000880000001000000AAA6000000000000C3
:10B4B00013000000D8BE00000100000013000000CF
:10B4C00050BE00000080000003000000BCBF000070
:10B4D000018000000200000048BC0000098000005C
:10B4E0000000000090B100000A8000000100000090
:10B4F00004B100000C8000000000000062B30000F6
:10B500000D80000001000000DCB20000128000008D
:10B510000000000034B200001380000001000000B1
:10B520004CB2000023800000000000005AAF000071
:10B530002480000001000000EAAE00002680000028
:10B540000000000094B0000027800000020000000E
:10B55000E6AF000018800000040000002AA60000EA
:10B56000030000000B0000004CB700001A80000030
:10B57000180000004EB600001B800000060000000E
:10B580005CA40000208000001400000098A90000C6
:10B590001C8000000600000084A300002180000041
:10B5A0001400000058A800001E80000006000000E3
:10B5B0003EBA000022800000140000004EB90000D6
:10B5C0001D80000004000000A0B8000029800000D9
:10B5D000040000000E9E00002B800000060000000A
:10B5E000D49C00004080000012000000E69B000098
:10B5F0004580000012000000069B00004180000012
:10B6000002000000FEC000004280000000000000B8
:10B61000A4BB00004680000002000000CC950000A2
:10B6200047800000030000003A9A00003D800000BF
:10B63000060000007AA200003F8000000600000023
:10B6400062B500004B8000000400000046A100002D
:10B650004D8000000600000046A100004980000067
:10B6600000000000449900000F800000000000006E
:10B670001E95000010800000010000007EA0000068
:10B680002D8000000200000092980000158000004C
:10B6900002000000869500001680000003000000F4
:10B6A000B497000038800000000000000A970000F6
:10B6B00039800000090000000CAB00003A80000057
:10B6C0000000000016AD00003B80000005000000F7
:10B6D0002EAD00000000000000000000000000008F
:10B6E000C4AA000000000000696431323801000083
:10B6F000736D6B3200000000736D6B33000000004F
:10B70000736D6B34000000007072636B000000000A
:10B7100076746164000000000091E3720796E4759E
:10B720000E9FED7C0998EA7B1C8DFF6E1B8AF869E1
:10B730001283F1601584F66738A9DB4A3FAEDC4D11
:10B7400036A7D54431A0D24324B5C75623B2C05141
:10B750002ABBC9582DBCCE5F70E1930277E69405F1
:10B760007EEF9D0C79E89A0B6CFD8F1E6BFA8819A1
:10B7700062F3811065F4861748D9AB3A4FDEAC3DD1
:10B7800046D7A53441D0A23354C5B72653C2B02101
:10B790005ACBB9285DCCBE2FE0710392E7760495B1
:10B7A000EE7F0D9CE9780A9BFC6D1F8EFB6A188961
:10B7B000F2631180F5641687D8493BAADF4E3CAD91
:10B7C000D64735A4D14032A3C45527B6C35220B1C1
:10B7D000CA5B29B8CD5C2EBF900173E2970674E571
:10B7E0009E0F7DEC99087AEB8C1D6FFE8B1A68F921
:10B7F000821361F0851466F7A8394BDAAF3E4CDD51
:10B80000A63745D4A13042D3B42557C6B32250C180
:10B81000BA2B59C8BD2C5ECF00000000000000000C
:10B82000F2E100000000000005000000030000003D
:10B83000B4E200000400000003000000B6E10000D4
:10B8400037800000010000007EE200000780000059
:10B85000010000004AE200000000000000000000BB
:10B86000000000000000000000000000BAE5000039
:10B8700000000000318000000200000078E50000B8
:10B880002F8000000200000028E50000308000004A
:10B890000200000048E400003280000003000000C5
:10B8A000E0E40000338000000300000010E400002A
:10B8B000348000000000000004E400003580000037
:10B8C00001000000ECE300003680000001000000F1
:10B8D0001CE3000004800000000000009AE3000068
:10B8E00005800000010000003AE70000068000002B
:10B8F0000100000022E7000000000000000000003E
:10B900000000000000000000AAEB000036EB000081
:10B91000000000006E6B626B000000006E6B696BD4
:10B92000000000002F4E6F64652F25780000000096
:10B9300000070E091C1B1215383F363124232A2D0F
:10B940002F566E642F25782F257300002F536967BB
:10B950002F25782F257300006461746100000000BA
:10B960002CBA0100BA07010030BA01001E0801001C
:10B9700034BA0100EC06010038BA0100A40D010040
:10B980003CBA0100E40C010044BA0100340C01008F
:10B990004CBA01006A04010054BA0100A00601007B
:10B9A00058BA0100001B01005CBA0100EA1A01004C
:10B9B00060BA0100B20B010064BA01003E0B010045
:10B9C0003C250100000000001C24010000000000D4
:10B9D0002F4170704B65792F257800002F4E6574CC
:10B9E0004B65792F257800002F4E6574000000000C
:10B9F0002F4956002F536571000000002F48425018
:10BA0000756200002F436667000000002F56612F0B
:10BA10002578000062696E640000000073756200A2
:10BA2000707562002F52504C2F2578004E657400BF
:10BA3000495600005365710052504C004E65744BDE
:10BA4000657900004170704B65790000484250757F
:10BA5000620000004366670053696700566E640029
:10BA6000566100004E6F646500000000010204088A
:10BA70001000000001020408342C01000000000046
:10BA80000A00000064000000E80300001027000026
:10BA9000A086010040420F008096980000E1F50565
:10BAA000A644010001030000C6400100010000009F
:10BAB0007A39010001000000143601000000000086
:10BAC0007072736B000000007072736E00000000F3
:10BAD0007072646B000000007E3001000100000005
:10BAE000144201000B0000008A4101000500000023
:10BAF000883E0100400000005A3E010000000000A6
:10BB0000263E010010000000BA3B010010000000BA
:10BB10005C3A0100210000008646010000000000A0
:10BB2000A645010001000000A85401009A5401003C
:10BB300000010202030303030404040404040404D4
:10BB400005050505050505050505050505050505A5
:10BB50000606060606060606060606060606060685
:10BB60000606060606060606060606060606060675
:10BB70000707070707070707070707070707070755
:10BB80000707070707070707070707070707070745
:10BB90000707070707070707070707070707070735
:10BBA0000707070707070707070707070707070725
:10BBB0000808080808080808080808080808080805
:10BBC00008080808080808080808080808080808F5
:10BBD00008080808080808080808080808080808E5
:10BBE00008080808080808080808080808080808D5
:10BBF00008080808080808080808080808080808C5
:10BC000008080808080808080808080808080808B4
:10BC100008080808080808080808080808080808A4
:10BC20000808080808080808080808080808080894
:10BC30000000000000000000000000000000000004
:10BC400000000000000000000000000000000000F4
:10BC500000000000000000000000000000000000E4
:10BC600000000000000000000000000000000000D4
:10BC700000000000000000000000000000000000C4
:10BC800000000000000000000000000000000000B4
:10BC9000232D302B20000000686C4C006566674542
:10BCA0004647000030313233343536373839414277
:10BCB00043444546000000003031323334353637D6
:10BCC00038396162636465660000000076312E30A9
:10BCD00000000000262A000076312E30000000000F
:10BCE000272A0000292A00000A180000020000008C
:10BCF000E8BC010076312E3000000000282A000048
:10BD0000E0FF00000200000000BD0100E1FF0000B4
:10BD1000E2FF0000E3FF0000E4FF0000E5FF000099
:0CBD2000E05C0000425A0000EC31002002
:10BD2C00020000000CE0040001000000ECBC01006B
:10BD3C000200000012E00400010000005632002056
:10BD4C0002000000E4BC01000100000004A201009C
:10BD5C000200000012E00400010000005432002038
:10BD6C0002000000D4BC010001000000CCBC0100AA
:10BD7C000200000012E00400010000005532002017
:10BD8C0002000000E0BC010001000000D8BC010072
:10BD9C000200000012E00400010000005F320020ED
:10BDAC0002000000FCBC010001000000F4BC01001A
:10BDBC00C02C000000000000000000000200000089
:10BDCC000CE004000100000004BD010002000000B2
:10BDDC0012E00400010000006032002002000000AC
:10BDEC000CBD010003000000243300200200000001
:10BDFC0016E0040001000000A02D0020020000004D
:10BE0C0012E004000100000061320020020000007A
:10BE1C0010BD01000100000098320020020000005B
:10BE2C0016E0040001000000B42D00200200000008
:10BE3C0012E0040001000000623200200200000049
:10BE4C0014BD0100020000001C34002002000000A0
:10BE5C0016E0040001000000C82D002002000000C4
:10BE6C0012E0040001000000633200200200000018
:10BE7C0018BD010000000000343400200200000056
:10BE8C0018E00400030000009C32002002000000B7
:10BE9C0016E0040001000000DC2D00200200000070
:10BEAC0012E00400010000006432002002000000D7
:10BEBC001CBD010004000000A032002002000000A4
:10BECC0016E0040001000000F02D0020AC2E000054
:10BEDC009C2F000000000000436861726163746570
:10BEEC0072697374696320310000000043686172E9
:10BEFC0061637465726973746963203200000000B9
:10BF0C004368617261637465726973746963203329
:10BF1C000000000043686172616374657269737438
:10BF2C0069632034000000004368617261637465CA
:10BF3C00726973746963203500000000544200205C
:10BF4C0000000C0054420020000000006A3D00007C
:10BF5C0000000000000000000000000000000000D5
:10BF6C0000000000000000000000000000000000C5
:10BF7C000000000000000000000000008A370000F4
:10BF8C00030102010000030000000000000000009B
:10BF9C000000000000000000000000000000000095
:10BFAC000000000000000000000000000000000085
:10BFBC000000000000000000000000000000000075
:10BFCC000000000000000000000000000301000061
:10BFDC00F82E00208C2F0020000000000000000034
:10BFEC000000000000000000042E002000000000F3
:10BFFC000000000000000000000000000000000035
:10C00C000000000000000000000000000000000024
:10C01C00E0AC010000000000000000000000000087
:10C02C000000000000000000000000000000000004
:10C03C000000000000000000000000006C32002036
:10C04C002C420020A0B4010090B40100402E00202E
:10C05C000100000000000000000000006832002019
:10C06C00204200200000000000000000102E0020E4
:10C07C000200000000000000A02E00207032002002
:10C08C004842002074B8010064B80100D42E00208E
:10C09C006042002000004100604200200023456700
:10C0AC0089ABCDEF0023456789ABCDEF00000000D5
:10C0BC000000000000000000FF0000000000000075
:10C0CC00B04900000000D70700000000000000008D
:10C0DC0074320020B442002084B001000000000043
:10C0EC00742F002000000000000000000000000081
:10C0FC000000000000000000000000000000000034
:10C10C00D8590020000000000000000000000000D2
:10C11C000000000000000000000000000000000013
:10C12C00F4590020B863000090610000C062000068
:10C13C000201060302E0FF05FFD707000000000024
:10C14C00574D345F303030300000000000000000EC
:10C15C000909574D345F3030303005120600640049
:10C16C00020A000410041000020000000CE004009D
:10C17C000100000008B301000200000012E00400FE
:10C18C00010000002B3000200200000000B3010071
:10C19C0002000000000000000200000012E0040099
:10C1AC00010000002C3000200200000004B301004C
:10C1BC0000000000000000000200000018E0040075
:10C1CC0003000000285A0020020000000CE00400CC
:10C1DC00010000001CB301000200000012E004008A
:10C1EC00010000002D3000200200000014B30100FB
:10C1FC0002000000000000000200000012E0040039
:10C20C00010000002E3000200200000018B30100D5
:10C21C0000000000000000000200000018E0040014
:10C22C0003000000385A002000000000000000004D
:10C23C0000000000555555000CDB0000000000000C
:10C24C00000000000000000044A8010000000000F5
:10C25C000A190100E00401000000000000000000C9
:10C26C0000000000582D0100FF00000034310020B8
:10C27C003431002008200001FFFFFFFFFFFFFFFF0C
:10C28C00FFFFFFFF000000000000000000000000A6
:10C29C0001000000FFFFFFFF512563FCC2CAB9F388
:10C2AC00849E17A7ADFAE6BCFFFFFFFFFFFFFFFF61
:10C2BC0000000000FFFFFFFF96C298D84539A1F49B
:10C2CC00A033EB2D817D0377F240A463E5E6BCF847
:10C2DC0047422CE1F2D1176BF551BF376840B6CB12
:10C2EC00CE5E316B5733CE2B169E0F7C4AEBE78E0E
:10C2FC009B7F1AFEE242E34F4B60D2273E3CCE3B83
:10C30C00F6B053CCB0061D65BC86987655BDEBB324
:10C31C00E7933AAAD835C65A2A7201007271010005
:10C32C00826F01000000000050BC010070BC0100D5
:10C33C0030BC010000000000000000000000000004
:10C34C0000000000000000000000000000000000E1
:10C35C0000000000000000000000000000000000D1
:10C36C0000000000000000000000000000000000C1
:10C37C0000000000000000000000000000000000B1
:10C38C0000000000000000005060002002020200CB
:10C39C0001D70700001001020A0208100200000079
:10C3AC00FFFF0000FFFF0000FFFF0000FFFFFFFF8B
:10C3BC00FF80000052680000FF000000EC310020FC
:08C3CC0001020304050000005A
:0400000300001000E9
:00000001FF
