:020000040000FA
:040000006FD00400B9
:101000006F00D03E00000000000000009020002093
:10101000A4220020A9BDF9F55C23002000000000F7
:10102000000000005C230020902000200000000051
:101030000000000090200020000000009020002010
:101040000000000090200020902000209020002030
:1010500090200020902000205C2B00209020002079
:101060000000000090200020902000209020002010
:1010700090200020C22300209020002090200020FB
:101080009020002090200020902000209020002020
:101090009020002001A04111B7170040985F3AC688
:1010A000945F3247E39CE6FE3245410182800111A4
:1010B00013078008F337078093F787083EC20100C3
:1010C0000100B7170040930570052380B70413068D
:1010D00080FA2380C7040100010083C6B70493F699
:1010E000F60DA385D704238007049246F3A6068055
:1010F0000100010093760502D5CEF336078093F602
:10110000860836C4010001002380B7042380C70489
:1011100001000100B70614007D89558D88C70100C4
:1011200001000100010023800704A246F3A6068007
:101130000100010073370780137787083AC6010062
:1011400001002380B7042380C704010001000100CF
:1011500001003727004093061005A303D7802380A2
:101160000704B247F3A70780010001009307800836
:10117000F3B7078093F787083ECE01000100B71749
:101180000040130770052380E704130780FA2380CB
:10119000E7040100010003C7B70413670708A3852C
:1011A000E70423800704F247F3A70780010001004A
:1011B0000561828093760504BDC6F336078093F6F9
:1011C000860836C8010001002380B7042380C704C5
:1011D00001000100B7061400938606047D89558D31
:1011E00088C7010001000100010023800704C246F6
:1011F000F3A6068001000100733707801377870884
:101200003ACA010001002380B7042380C70401000B
:1012100001003727004093062005A303D7802380D1
:101220000704D24781B773370780137787083ACC12
:10123000010001002380B7042380C70401000100DE
:1012400098471367070C98C723800704E24719BF24
:101250000111814601468145114506CE812C930737
:101260008008F3B7078093F787083EC601000100A6
:10127000B7170040130770052380E704130780FAAF
:101280002380E7040100010003C767041367170008
:101290002383E70423800704B247F3A707800100F4
:1012A0000100F2400561828041118146014681457D
:1012B0001145ED2A13078008F337078093F7870855
:1012C0003EC401000100B7170040130670052380DB
:1012D000C704930680FA2380D70401000100FD555E
:1012E0002396B70223800704A245F3A505800100D9
:1012F000010073370780137787083AC601000100A1
:101300002380C7042380D7040100010003C76704BA
:10131000136717002383E70423800704B247F3A76A
:1013200007800100010001A0BD473305F50201005F
:101330007D1575FD8280411122C426C206C6AA848D
:10134000014463179400B2402244924441018280D8
:1013500005041305803E4204C13F4180DDB7000013
:101360009305000273A04580824573901534924026
:101370002242B2424243D2436244F2440255925561
:101380002256B2564257D2576258F25806499649E9
:10139000264AB64A464BD64B664CF64C065D965DE1
:1013A000265EB65E465FD65F09617300203041114C
:1013B000B7170040985F3AC6945F3247E39CE6FE59
:1013C000324541018280B71700401307000323888C
:1013D000E7028547171700002326F7EE7300203039
:1013E000411122C406C6370400201C408297F5BF75
:1013F0002303048015472303E48001002302A48013
:10140000828083076480E3CE07FE2303048082800A
:1014100083076480E3CE07FE034544808280830710
:101420006480E3CE07FE2302A4808280411126C49B
:101430004AC24EC006C61377F50BAD47AA892E895E
:1014400095446306F70019456537653F8D444E8521
:101450004537FD59FD1463983401B240A244124946
:10146000824941018280135509011375F50F453FEB
:101470002209CDB7011126CC06CEB704080051379A
:101480001545BD37713769372AC6A53F3245937771
:10149000150089EB136515001375F50FF240E24452
:1014A00005618280FD14E9FC0145CDBF397126DC60
:1014B0004ADA4ED852D656D45AD25ED006DE62CE22
:1014C00066CCB7E700E07D5783AA070022C603AACF
:1014D000470023A0E71823A2E718B7170040130717
:1014E00070052380E704130780FA2380E70483C78D
:1014F0004704930B75FFB684E20793FBFB0F854609
:10150000AA892E8B328937240040E187015763FA7C
:1015100076016308D5008946130700026313D500DE
:101520000157D98F93F7F70FB71C00402382FC04B3
:1015300011472303E4801305F00F5D3D094CD135BD
:10154000636D7C11B7050700DA9537870700795579
:1015500063F2E504B3879500636EF702370B08006A
:10156000A94733EB65016399F90689E48144513D4C
:1015700026850DA0DA850945553D05090345F9FF86
:10158000FD14050B693D81C49377FB0FFDF7DD3535
:1015900069FD7D55B7170040130770052380E704E8
:1015A000130780FA2380E70403C74704418B238293
:1015B000E704F250B7E700E023A0571123A2471138
:1015C000E25432445259C259325AA25A125B825BD7
:1015D000724CE24C21618280A5476395F9068569CA
:1015E0001309F00FB3069900B3742B01B694134995
:1015F000F9FFB3749900856B33796901416B938767
:10160000F9FFB3F7270199E363FC340193D949004B
:10161000C147E3E637FF99BF0569C1697D19D9B7AD
:101620001305800D63886901130500026384790145
:1016300013051008CA85DD3B353D21DD4E99B38485
:101640003441D9B7DA852D45D533CA94E30099F2F0
:1016500005097D3BA30FA9FED5BF9387F9FF93F73B
:10166000F70F6361FC0C83C71C0413073008631F6A
:10167000F70437070800636BEB04B3079B00B7065A
:10168000100063F5D704334BEB0089476393F906E9
:101690008980D549E38C04ECDA850945413B110981
:1016A0000327C9FF91472320E48003076480E34EAA
:1016B00007FE23033481FD17EDFBFD14110B81C4DC
:1016C0009377FB0FE9FF7D3371F5E1B5B717004064
:1016D00003C75704B70708001377070219E3B78752
:1016E00007007955E378FBEA33079B00E3FFE7F84F
:1016F00055B58547E382F9F2DA852D45053B938997
:10170000F4FFE38504E6293393F7390091EB832650
:1017100004800327090093074900E39AE6E43E8921
:10172000CE84F1BFB5476396F9001305900BC9311C
:1017300035BDB1471305B00AE38BF9FE99476391B4
:10174000F904B7050800B365BB002D45C5318144D8
:101750008D4BA1497539639674018327048023203A
:10176000F9008504E39834FF8327048013172B01C5
:10177000635507002312F900D5BB2322F900FDB3FE
:101780009D476399F90281451305B0044531BD4475
:101790002320090023220900FD599D3993F7740085
:1017A000CA9703C70700FD14398D2380A700E3966D
:1017B00034FF6DBBA1476392F9046D398144630D19
:1017C0000B008D479304C0036308FB0093040005DE
:1017D00063048B01930440041375C507E30895D88F
:1017E0001945393139390545213126850D390945E4
:1017F0003D314931E31C05D669BB91476399F90036
:1018000013056006F536F53E130590090DB7E38F15
:1018100009D4F154A9BBBD66014717360000130671
:101820006637938606A685458347060093F7F70F2C
:1018300091C382800507E3F9E6FE97370000238B0A
:10184000B734DDB77D166206618693178601E1879E
:1018500063D4070001458280931726003307F50003
:10186000AE9718439C4363E7E7007D16E37FF7FCE0
:101870007D55828005458280FD15E205E18513973F
:101880008501618793F7F50F63480700FD151397EE
:1018900025002A97584365D713851700620561858F
:1018A00082803308B5021C4283A80600B335B50216
:1018B000C29733B50701AE98469585486367B50072
:1018C0006394A50063E3070181480C43C6950CC3EC
:1018D00088C21CC282808147139787016187634356
:1018E000B7008280139727002A97232007008507D7
:1018F000E5B78147014793968701E18663C5B60046
:1019000013351700828093962700AA969442850784
:10191000558FD5B793D755408A07AA979C4305455D
:101920003315B5007D8D828017F3FFDFE702A33BFF
:101930002A84993705C5931725003E940327C4FFD1
:10194000814711EB7D1516053E954205418517F33C
:10195000FFDF6700833B05838507E5B70145C5BF0A
:1019600081471397870161876343C700828013977C
:101970002700B386E50094422A97850714C3D5B79C
:101980007D1662066186014793178601E18763D55C
:10199000070013351700828093172600B306F50061
:1019A000AE9794429C437D16B58F5D8FF1BF8A053B
:1019B000AA9501476363B500828083A6C5FFF11530
:1019C00093D71600D98F9CC11397F601E5B72A83E8
:1019D0000148014701456343D7008280B387050171
:1019E00083A80700B30706019C43C697AA976384A0
:1019F000F80033B517010507B3080301620723A0F8
:101A0000F80061871108C1BF2A830147814701455A
:101A100063C3D70082803388E50083280800330E33
:101A2000E600032E0E003388A8403308C8416384C3
:101A3000080133B508018507B308E300E20723A0D6
:101A40000801E1871107E9B717F3FFDFE702A329D0
:101A50000111B286B2842E86AA850A8575372A843A
:101A6000A6850A85793533348000060413351500C0
:101A7000018D056117F3FFDF6700232917F3FFDFEF
:101A8000E702E3234111AA89AE8A328BB68402C2EF
:101A900002C402C60144131C8401135C8C416349D7
:101AA0009C02939B1400FD1B0549138CF4FFF15C11
:101AB0003304890162046184634D740592478E0486
:101AC000CE9423AEF4FE410117F3FFDF6700A3229B
:101AD00013192400B30B2B01014A93172A00D69740
:101AE00083A50B0088437800340050005D3B050A55
:101AF00093178A01E187F11BE351FCFE92474E994F
:101B000005042320F900A2473EC2B24702C63EC4E4
:101B100059B7131A8901135A8A41131D24009317C8
:101B20008A01E18763CF970092470A044E941CC054
:101B3000A24705091379F90F3EC2B24702C63EC457
:101B400085BFB3079A0313152A00569508417800FC
:101B500034005000050AEA97DA978C439933C1B7ED
:101B6000197106C212C416C61AC81ECA22CC26CEC5
:101B70002AD02ED232D436D63AD83EDA42DC46DEED
:101B8000CAC0CEC2D2C4D6C6DAC8DECAE2CCE6CE5D
:101B9000EAD0EED2F2D4F6D6FAD8FEDA97050000F3
:101BA0009385C5718841E700050092402242B24208
:101BB0004243D2436244F244025592552256B256F1
:101BC0004257D2576258F25806499649264AB64AB1
:101BD000464BD64B664CF64C065D965D265EB65E71
:101BE000465FD65F09617300203000009721002016
:101BF00093814141175100201301C1C017F5FFFF28
:101C000013058540970500209385C53F17160020D2
:101C10001306C6FD63FAC5008322050023A0550004
:101C200011059105E3EAC5FE17A50100130545025C
:101C300097150020938585FB1716002013068665EF
:101C400063FAC5008322050023A055001105910504
:101C5000E3EAC5FE171500201305C563974500206C
:101C60009385453F6377B500232005001105E36D9B
:101C7000B5FEFD42739002BC8D4273904280B72244
:101C80000000938282887390023097020020938232
:101C9000623793E232007390523097420000938291
:101CA000029B739012346FC0A435730020303971D9
:101CB00001436EC619A0397141536AC866CA62CC25
:101CC0005ECE19A0397101535AD056D252D44ED695
:101CD0004AD826DA22DC06DE3301614082824111D5
:101CE0004AC026C222C406C68282B24D4101024DBC
:101CF000924C224CB24B4101024B924A224AB249C9
:101D00004101024992442244B240410182803D4354
:101D10002A876373C3029377F700BDEFADE593762F
:101D200006FF3D8ABA960CC34CC30CC74CC741078B
:101D3000E36BD7FE11E28280B306C3408A069702A6
:101D4000000096966780A6002307B700A306B70099
:101D50002306B700A305B7002305B700A304B70007
:101D60002304B700A303B7002303B700A302B700FF
:101D70002302B700A301B7002301B700A300B700F7
:101D80002300B700828093F5F50F93968500D58DDB
:101D900093960501D58D61B79396270097020000B1
:101DA00096968682E78086FA9680C1171D8F3E96AA
:101DB000E374C3F8A5B73367B500FD530D8B79E71E
:101DC000B7877F7F9387F7F710419441B372F6008E
:101DD0003363F600BE92B3E262006397720C63183D
:101DE000D6065041D441B372F6003363F600BE927A
:101DF000B3E262006398720A631BD60410459445EF
:101E0000B372F6003363F600BE92B3E262006391F0
:101E1000720A631ED6025045D445B372F60033638E
:101E2000F600BE92B3E26200639A72086311D602B2
:101E300010499449B372F6003363F600BE92B3E2E0
:101E40006200639372085105D105E30FD6F61317AC
:101E5000060193970601631CF7001357060193D7F9
:101E600006013305F7409375F50F91E982804183B0
:101E7000C1833305F7409375F50F91E182801377A5
:101E8000F70F93F7F70F3305F740828003460500FD
:101E900083C60500050585056313D60065FA33057D
:101EA000D640828011059105E312D6FE014582805D
:101EB0002105A105E31CD6FC014582803105B10551
:101EC000E316D6FC014582804105C105E310D6FC2E
:101ED00001458280B717004003C777051A051377BD
:101EE000E70FA38BE70413974500598D1365350061
:101EF0001375F50FA38CA70403C7A705C18991C566
:101F000013672700238DE70482801377D70FDDBF87
:101F1000B717004003C777051377E70FA38BE704D4
:101F2000130700F8A38DE7043D47238CE70413074C
:101F30005003A38CE70403C7A7051377D70F238D9E
:101F4000E7048280371700408347A70593E717000F
:101F5000230DF7048347A705858BEDFF0355C705C0
:101F6000520551818280B717004003C7E7020D89EF
:101F700041111377C70F498F93068008F3B6068087
:101F800093F6860836C6010001009306700523808B
:101F9000D704930680FA2380D70401000100238729
:101FA000E70223800704B247F3A70780010001007E
:101FB0004101828041112A83014E930E407E130F0E
:101FC0000019930F400663E56E129308001913037E
:101FD0004006B3781503854E0D4FA14F337365024C
:101FE0000D891335150063EFBE121308F6FF79460D
:101FF00072984208135808013307C70213D6170016
:10200000BE0732976146B3F6C60213068070B386E8
:10201000C6023697A166F58F42075D8FB71600405E
:1020200083C7F60293F70708A303F1000346710084
:1020300083C7F60293F70708E394C7FE834771004E
:10204000B716004093F7F70F6388071293078008CD
:10205000F3B7078093F787083EC401000100B71764
:102060000040930670052380D704930680FA2380EE
:10207000D7040100010023AA070383C6170393E6D0
:102080000608A388D70223800704A247F3A7078086
:10209000010001001166B71700407D16D45BC85FD0
:1020A00093854703A98EF18EF5FA93068008F3B65F
:1020B000068093F6860836C6010001009306700577
:1020C0002380D704930680FA2380D70401000100FF
:1020D00098C103C7170313670704A388E702238087
:1020E0000704B247F3A70780010001004101828085
:1020F0007D133368E3039308E016630E080033682A
:10210000F3039308D016630808009378330093B85C
:1021100018009388D81633081E01131E0801135E99
:102120000E0155B56393E503054863860800014831
:10213000630303002A8871087298FD15131E0801B5
:10214000C205135E0E01C18179BD13F8150063F459
:10215000BF007908D5B713381800E5BF83C7F6026A
:1021600093F70708A303F1000346710083C7F60243
:1021700093F70708E394C7FE8347710093F7F70FBF
:10218000F1DFE9B531714AD966CB06DF22DD26DB06
:102190004ED752D556D35AD15ECF62CD6AC96EC7DB
:1021A000AA8C02D8EF00501E2A8993078008F3B743
:1021B000078093F787083EDA01000100B717004057
:1021C000130770052380E704130780FA2380E704D0
:1021D0000100010003C7F7021377770FA387E70217
:1021E00003C7F70213678700A387E702238007046A
:1021F000D257F3A70780010001000545AD3313074F
:1022000080C13347E902116A93070AE89306500236
:10221000BD69930BA004814A014B13048008930409
:1022200070057D1AB347F9023307D7023EC0FD8718
:102230003ECC938709A69309803E3347F7023AC202
:102240007D873AC4334739038549B399990193D9B6
:102250003940B306D702B30B7703B3C6F602B3CB4C
:10226000FB0236C6FD8636C893D6FB4136CEB7464E
:102270000F00938606243349D9028566938606FAB1
:10228000B3969601B389E902130760553309D90261
:1022900093060010B389E9023349D902B3C9F902A0
:1022A0009316390036CA37190040FD8636D0930D93
:1022B000090493D7F9413ED2F336048093F6860899
:1022C00036DC01000100930770052380FD009306B2
:1022D00080FA2380DD00010001008346390593F672
:1022E000860FA309D9048346390593E61600A3098E
:1022F000D90423800D00E256F3A6068001000100F8
:10230000130C80FA116DF336048093F6860836DEDE
:1023100001000100930770052380FD0023808D01DB
:102320000100010083463905216693E60602A309F0
:10233000D90483560905B3E6A6012318D9048356A8
:102340000905D18E2318D90423800D00F256F3A677
:102350000680010001008346390593F60602638B6F
:10236000061803463905218A6DDE0818EF00D005EE
:102370007336048013768608B2C201000100238000
:102380009D0023808D0101000100B717004003C6A6
:1023900037051376F60DA389C70403C63705136600
:1023A0000602A389C704835609052166B3E6A60180
:1023B0002318D90483560905D18E2318D904238004
:1023C0000D009646F3A606800100010083463905FC
:1023D00093F606026387061483463905A18AEDFE4B
:1023E00097000020E78020CBAA8636D497000020F3
:1023F000E78060CAA256E30AD5FE83560905425516
:10240000B3E6A6012318D904EF00C07D8346390541
:10241000A18AEDDE035609058346290582473376F6
:10242000CA00B306DA0293D5F641B296B388F640F5
:10243000E24733B8C6002E983308F840A247B3B637
:1024400016013308D84063C70701631DF80092479F
:1024500063FA1701C247634DF80E63950701B2474F
:1024600063E8F80E894663E7660FF2469315180095
:1024700013D3F8015E8613951800B365B30042D6F6
:1024800046D4EF5051763258050B137BFB0F634750
:10249000000163120838A258638F0836130815002C
:1024A000B336A800B69513D6F5013298B336C800F6
:1024B000AE9613581800FE06B3E606017336048084
:1024C00013768608B2C60100010023809D00238098
:1024D0008D01010001000356C902B296C206C182F5
:1024E0002316D90223800D00B646F3A6068001000C
:1024F000010011BDF336048093F68608B6C00100D2
:10250000010023809D0023808D010100010083468E
:10251000390593E60602A309D90423800D008646F7
:102520003DB5F336048093F68608B6C40100010079
:1025300023809D0023808D01010001008346390521
:1025400093E60602A309D90423800D00A6469DBD8B
:10255000E30D0BF0F336048093F68608B6C801004D
:102560000100930680FA23809D002380DD00010096
:1025700001008346390593F5FC0F93F6860FA309F6
:10258000D90483463905CD8EA309D90423800D00D3
:10259000C646F3A6068001000100130580FA034633
:1025A0003905930639051D8A63149629733604800C
:1025B00013768608B2CC01000100130680FA23804E
:1025C0009D002380CD000100010003C606001376A4
:1025D000F60D2380C60003C606001366060223809C
:1025E000C600835609051166D18E2318D904835677
:1025F00009052166D18E2318D90423800D00E646F3
:10260000F3A6068001000100130680FA834639050F
:1026100093F606026388062483463905130C3905B0
:10262000A18AFDDA08184D23F336048093F6860854
:10263000B6D001000100930680FA23809D0023801C
:10264000DD000100010083460C00116693F6F60DD3
:102650002300DC0083460C0093E606022300DC0026
:1026600083560905D18E2318D9048356090521669E
:10267000D18E2318D90423800D008656F3A6068038
:1026800001000100130680FA8346390593F606021D
:102690006385062083463905A18AEDFE9700002058
:1026A000E780609F2A8C97000020E780C09EE30CA3
:1026B00085FF8356090511664255D18E2318D9042A
:1026C00015238346390513063905A18AFDDAF33649
:1026D000048093F68608B6D401000100930680FAC0
:1026E00023809D002380DD00010001008346060059
:1026F00093F6F60D2300D60023800D00A656F3A610
:102700000680010001008356090503462905D247CA
:10271000B376DA003306CA021305800C9355F641EE
:102720003696330DF6408257333CD6002E9C333616
:10273000A601330CFC40330CCC4033088503925681
:102740004E86B335A5033305A503C295EF50B149B5
:1027500063468001631E0C16630C0D1613061500EC
:102760003335A6002E959356F5013696B335D6002F
:10277000AA959396F50105828585D18E6346B000B2
:10278000639D051A638B061A0356C9021582330529
:10279000D6003336C500B2956348B0006391052476
:1027A0001306F00F637DA622894663F3561593073F
:1027B0008008F3B7078093F78708BED601000100B1
:1027C00037170040930770052300F704930780FA3A
:1027D0002300F704010001008356C70289678117AF
:1027E000D58FC207C1832316F70223000704B6570B
:1027F000F3A7078001000100FA506A54DA544A59DD
:10280000BA592A5A9A5A0A5BFA4B6A4CDA4C4A4D20
:10281000BA4D296182801308F5FF3335A800FD15F4
:102820002E951356F5013298B336C800AA9651B1C9
:10283000F336048093F68608B6CA010001002380AF
:102840009D002380AD000100010083463905CD8E37
:10285000A309D90423800D00D646F3A60680010003
:10286000010035BBF336048093F68608B6CE01002E
:10287000010023809D002380CD00010001008346DC
:10288000390593E60602A309D90423800D00F64614
:10289000F3A606800100010095BBF336048093F691
:1028A0008608B6D20100010023809D002380CD0060
:1028B000010001008346390593E60602A309D90405
:1028C00023800D009656F3A60680010001006DBB23
:1028D0009306F5FF33B5A600FD152E959355F5012A
:1028E000AE96B3B5B600AA951396F501858269B583
:1028F000F336048093F68608B6D8010001009306EB
:1029000080FA23809D002380DD00010001008356B2
:10291000C9020566011693F6F60FD18EC206C18272
:102920002316D90223800D00C656F3A606800100A7
:102930000100850A93FAFA0F41B233E6B60045C2A8
:102940000356C9023305D0403338A000B305B04068
:10295000B385054115826345B000D1E16371A608D6
:10296000894663F0560593078008F3B7078093F70D
:102970008708BEDA01000100B71700401307700591
:102980002380E704130780FA2380E7040100010095
:1029900003D7C7027D8B2396E70223800704D6570F
:1029A00081BDF336048093F68608B6DC0100010091
:1029B000930680FA23809D002380DD000100010042
:1029C0008356C9020566011693F6F60FD18EC2062C
:1029D000C1822316D90223800D00E656B9B79307AA
:1029E0008008F3B7078093F78708BEDE0100010077
:1029F00037170040930770052300F704930780FA08
:102A00002300F704010001000356C7029397560004
:102A1000B297C207C1832316F70223000704F657B3
:102A2000C1BB914763EEB702177701001307476CEC
:102A30008A05BA959C41BA978287B717004003A7C9
:102A4000470B1345F5FF698F23AAE70A03A7070B76
:102A5000698F23A8E70A03A7070A798D23A0A70A8D
:102A60008280B717004083A6470B1347F5FFF98E06
:102A700023AAD70A83A6070B558D23A8A70A83A6E6
:102A8000070A758F23A0E70A8280B717004003A7C3
:102A9000470B498F23AAE70A03A7070B1345F5FF46
:102AA00045BFB717004083A6470B1347F5FF758F47
:102AB00023AAE70A03A7070A598D4DB7B7170040A5
:102AC00003A7470B498FEDB7914763EEB70217771E
:102AD0000100130727638A05BA959C41BA9782873C
:102AE000B717004003A7470D1345F5FF698F23AAC9
:102AF000E70C03A7070D698F23A8E70C03A7070CB2
:102B0000798D23A0A70C8280B717004083A6470DBC
:102B10001347F5FFF98E23AAD70C83A6070D558D11
:102B200023A8A70C83A6070C758F23A0E70C82802F
:102B3000B717004003A7470D498F23AAE70C03A747
:102B4000070D1345F5FF45BFB717004083A6470D96
:102B50001347F5FF758F23AAE70C03A7070C598DC0
:102B60004DB7B717004003A7470D498FEDB7B7170B
:102B7000004003D7A70109C5D98D239DB7008280E6
:102B800093C5F5FFF98DD5BFB717004088474205BB
:102B900041819377050491EB9377F5013755E8016F
:102BA000130505803345F50282809377050C1307E2
:102BB00000046397E7009377F50137459C1CCDB778
:102BC0002165130505D0828037E700E01C4354439C
:102BD000A183E206D58F1CC1FD572320F7182322BD
:102BE000F718828013178500B7E700E023A0E710ED
:102BF000618123A2A7108280B7F700E08847CC4705
:102C00008280814737370040A14663C4C7003285C0
:102C100082800345B740E38EA6FE3385F500034569
:102C2000050085072304A740CDB7970700209387A9
:102C300067629C43173700201307C7413E95636EB8
:102C4000E500174700201307E79B6368A7001707F5
:102C500000202321A7603E858280FD57EDBF4111F2
:102C600022C406C62A840D372947B307E502B240BD
:102C70008D83B3D7870222449507B3D7E70237374E
:102C80000040C207C1832316F700410182807165AD
:102C900041111305052006C6D937B7370040130781
:102CA00070F82381E7000D47A381E70013070004B4
:102CB000A380E70005472387E700B24041018280F7
:102CC000CC41411106C6328503C6150083C50500F7
:102CD00022064D8E42068D654186138875A2630CCF
:102CE0000611634BC804138845A26300060D634AAE
:102CF000C800938535A26301B608239006002946D3
:102D00004DA0138855A26305060D938565A2E316B1
:102D1000B6FE8D451D4663E6E5081146198E63F340
:102D2000C7003E86B7E704002390C600FC4797958E
:102D300001009385E5EB9DA0138895A2630306111E
:102D4000634E060D1388A5A263000613938505A59F
:102D5000E315B6FA99451D4663E5E504198E63F35C
:102D6000C7003E86B7E704002390C600FC479705DE
:102D700000209385A54E1DA09D451D4663E3E502F9
:102D80002146198E63F3C7003E86B7E70400FC476F
:102D90002390C600970500209385C54FBA9582976A
:102DA0000146B240328541018280AD451D46E3EACD
:102DB000E5FE3146198E63F3C7003E86B7E704008F
:102DC0002390C600FC47977501009385A536F9B797
:102DD000B1451D46E3E7E5FC3546198E63F3C700B0
:102DE0003E86B7E704002390C600FC4797750100B4
:102DF0009385453565B78D451D46E3E4E5FA1146F3
:102E0000198E63F3C7003E86B7E704002390C6001F
:102E1000FC4797950100938565DE49B78D451D46B2
:102E2000E3E1E5F81146198E63F3C7003E86B7E784
:102E300004002390C600FC47979501009385C5DDEB
:102E4000B1BFA5451D46E3EEE5F42946198E63F3AF
:102E5000C7003E86B7E704002390C600FC4797757D
:102E600001009385652C1DBFB5451D46E3EBE5F2DA
:102E70003946198E63F3C7003E86B7E704002390F6
:102E8000C600FC47977501009385052901BFB7E788
:102E9000040003A3071397060020938626DE41460D
:102EA000A54517050020130565D402832D4559EF6C
:102EB00003C5050009476317E50803A8450041114C
:102EC00006C60347180032850346080022074168FA
:102ED000518F930828FE6308170363E9E80005187B
:102EE000630307052390060029451DA8130648FE25
:102EF000630BC7021518E31707FF15463E87637B70
:102F0000F602154705A83E8691C30546B7E70400BB
:102F1000FC472390C6004206CC454182829701457A
:102F2000B240410182801306700F3E876374F60041
:102F30001307700FB7E704002390E600FC47131651
:102F40000701D9BF23900600054582808280416732
:102F500079176304E504411122C406C685472A8413
:102F6000639FF500B7E7040022852244B24003A323
:102F70008713970500209385A53241010283894775
:102F80006399F500B7E7040083A7070B854582978F
:102F900071D9B2402244410182808280797122D469
:102FA00052CC2E842A8A977501009385E51B1775EC
:102FB00001001305251D06D63AC626D24AD0B6848E
:102FC00032894ECEEF50710DA6851775010013059D
:102FD000651CEF50910C2945EF5071108347840018
:102FE00093F70702F1E38349040089470545324717
:102FF0006396F908544083C7160083C60600A207EB
:10300000D58FC166138616FE638CC7028D16638F3B
:10301000D7068D669386269029456391D706B7E734
:103020000400A285225403A34714B250F249A68695
:103030004A86925402595285624A85474561028305
:103040002D450DEF9307700F354563E99702B7E7FC
:103050000400FC4748441306700FCA8582978149D3
:1030600097070020938787249C43014581CB9C438D
:1030700091C74E852686CA8582970145B250225453
:1030800092540259F249624A456182802D457DF78A
:10309000D5473545E3E497FEB7E70400FC474844CD
:1030A0005546CA8582976DBF2145C9BF411122C4CB
:1030B00037E404008327841326C2AA84416506C628
:1030C000970500209385C51D7D1582978327C40A27
:1030D000170500001305E5E78588829795C003234F
:1030E00004132244B2409244970600209386C6CA35
:1030F0004146C54517050020130505B94101028366
:10310000B2402244924401454101828019C597078B
:10311000002023ADA71801458280454582801147D4
:103120006368A70A977601009386C6020A0536955A
:103130001841411106C63697AE87B285028713073C
:10314000700F6145639DE700B7E70400FC47130675
:10315000700F170500201305251D82970145B24009
:103160004101828005476145E39BE7FEB7E7040024
:10317000FC4705461705002013054512F9BF5547C2
:103180006145E39EE7FCB7E70400FC475546170599
:1031900000201305E528D1B71307700F6145E390B0
:1031A000E7FCB7E70400FC471306700F1705002083
:1031B000130585285DB715476145E392E7FAB7E740
:1031C0000400FC471546170500201305A50D71B72F
:1031D00009458280411126C2B7E4040083A7C413C5
:1031E00022C44AC006C62E84970500209385450B4D
:1031F0002A898297058905C5970700209387C7A864
:1032000083D7A70BA28503A3440D2310F400224407
:10321000B24092444A850249014641010283B240CC
:103220002244924402494945410182809707002087
:10323000238007089707002023AE0706B717004032
:1032400003A7070CB706C0FFFD16758F23A0E70C78
:1032500003A7070DB7064000558F23A8E70C03A767
:10326000070C3D9B23A0E70C03A7070D136707017D
:1032700023A8E70C8280B717004003A5470C83A75B
:10328000470C598113451500C18B058999E31365D6
:1032900025009707002083C7A7016380A70297072F
:1032A00000202387A70011C9970700209387870074
:1032B00003A30700630303000283828011456FE0CC
:1032C0007FEC411193962500AA852D4506C697F0FF
:1032D000FF1FE780A01DB24001454101828001111E
:1032E00022CC06CE3714004026CA4AC84EC652C465
:1032F00083447405034AB40583498405034994054E
:10330000EFE01FC18347A40593F4F40F137AFA0F7B
:1033100093E71700230DF40493F9F90F1379F90FCC
:10332000B717004003C7A705058B6DFF03D5C70579
:10333000A38D4705238C3705A38C2705A38B970402
:10334000F2406244D2444249B249224A0561828035
:1033500041119397050122C406C626C2C1872E8457
:1033600063DC0700B7E40400FC54829719C1BC5425
:1033700082972165218D3DA093F7150013C5150097
:1033800095E393F7250085C7FD35B7E70400BC4FEB
:103390001306000A894517050020034525F2829788
:1033A00013452400B2402244924441018280939705
:1033B000250163D50702B7E4040083A7C41E8297E2
:1033C000F53DBC4C37F60200130606E0896517058B
:1033D00000200345A5EE8297096569BF9397150103
:1033E0000145E3D107FC17750100130565E1EF50B6
:1033F000815FB7E70400BC4F1306006491651705B1
:1034000000200345A5EB82971165ADB72D71232AE6
:103410009110FD74E98C232C81102328211123267F
:1034200031112A84AE893289930600100A86A68556
:103430002D45232E111097F0FF1FE780200713154D
:103440004401B7E70400FC4751810A05139629009F
:10345000CA850A958297A68585660146254597F017
:10346000FF1FE780A0040A86A68593060010294561
:1034700097F0FF1FE78080038320C111032481118F
:1034800083244111032901118329C1101561828010
:10349000B7F7070003C70701411106C622C426C2B9
:1034A0004AC0A547631AF7009537B24022449244B8
:1034B000024901454101828013942500AA84328982
:1034C000A286AA850146254597F0FF1FE78000FEEA
:1034D000A2864A86A685294597F0FF1FE78000FD52
:1034E000E9B71D71A2CC37E404005C5C485886CE75
:1034F000494697750100938525CC829701E9177598
:1035000001001305A5CCEF50014E01A0B7F600E075
:10351000795798CAFD57DCCA0567B7E700E023A0D2
:10352000E7101306F00290C223A0E7180100010083
:10353000370700201847130600048145970600202E
:1035400023ACE6D64157A38AE7403C44080882975B
:1035500097170020938707D73EC8856713870760B2
:10356000231AE1001D673ACC37070105130707103E
:103570003ACE9387B7D31307B00F2310E10223127B
:10358000F102054797F7FFFF938747672301E102A1
:103590003ED817070000130707D39707000093874B
:1035A00047D4B7F50700BAC23EDC1707000013077F
:1035B00067EE970700009387A7D081463000E105AA
:1035C0001945BAC43EDE97F0FF1FE78020EE1808C9
:1035D0008147994630003E96034606008507050759
:1035E000A30BC700E398D7FEC24791C70357410119
:1035F00085676373F70001A0B7E7040083A7470A54
:1036000008088297AA8501C917750100130545BDF1
:10361000EF50A12801A0F640664425618280411147
:1036200026C2B7E4040083A7040806C622C417050F
:103630000000130525D2829717040020130404C844
:103640002300A4003128DD3603450400224403A3EF
:103650008405B24092441306003289654101028319
:10366000797106D622D413078008F337078093F7C1
:1036700087083EC201000100B7170040930570059E
:103680002380B704130680FA2380C70401000100D9
:1036900083C6F70293F6A60FA387D70223800704F9
:1036A0009246F3A606800100010073370780137766
:1036B00087083AC4010001002380B7042380C704AF
:1036C0000100010003C7F70213672700A387E70281
:1036D00023800704A247F3A70780010001000545E6
:1036E000EFE07F88E13E01478146814705468545F9
:1036F0001305407EEFE01F8C37E404003C44680073
:10370000514681458297B707C0A83EC8B787E803EE
:10371000938707D03ECA97F7FF1F938747C93EC6D6
:103720007C5868008297B2502254456182804111D2
:10373000977501009385C51817750100130585A4B9
:1037400006C6EF5081151775010013052530EF509F
:10375000C114B240294541016F506118411197755C
:10376000010093852517177501001305A5A106C64D
:10377000EF50A112177501001305052CEF50E11150
:10378000B240294541016F508115411122C406C63E
:10379000834705002A849DC39775010093854519C9
:1037A000177501001305059EEF50210F4C4017754A
:1037B00001001305E53DEF50410E1DA058411DE7E6
:1037C000977501009385C516177501001305859B34
:1037D000EF50A10C177501001305053DEF50E10BEB
:1037E0002244B240294541016F50610FA167938681
:1037F000D7036311D7029775010093856513177579
:10380000010013052598EF504109177501001305B4
:10381000A53AE9B7ED07977501009385651117750E
:103820000100130525966319F700EF50010717757E
:1038300001001305A5395DB7EF5021064C401775FF
:1038400001001305A53A85BF4111977501009385C5
:10385000A509177501001305E59206C6EF50E103AF
:10386000B240294541016F508107797122D426D297
:103870004AD02E842A898145B2844800714606D6F2
:10388000EFE0EFC897F7FF1F93878770DC4783D778
:103890000700231421012313F100EF20A0489547CE
:1038A000A305F1009307401F3EC6FD572305A10065
:1038B000230AF100EF2040592686A2854800EF2018
:1038C0004049B250225492540259456182804111BC
:1038D00006C603C7C1129307F00A631BF7009307DC
:1038E000F00889451385C1122396F112EF20306B41
:1038F000EF30E01D8145370504009707002023A322
:10390000079E97070020239C079C97070020238988
:10391000079C970700202392079C97070020239D70
:10392000079A97070020239B079A97070020239D5B
:10393000079AEF20A0000145EF30001097750100B5
:10394000938505FD177501001305C583EF40F174DC
:10395000177501001305C52FEF403174B24029459A
:1039600041016F40D177411122C406C626C293F7A8
:1039700015002E84638D070C814617F6FF1F130672
:10398000A65E8545170500200355C594EF80A05815
:1039900005C597750100938565F817650100130546
:1039A000657EEF40916F177501001305E593EF40B9
:1039B000D16E2945EF40B17297750100938505F6E8
:1039C000176501001305057CEF40316D1775010087
:1039D0001305C592EF40716C2945EF40517017F502
:1039E000FF1F1305E55A5C4505472390E700EFE00C
:1039F000F06897750100938565F21765010013055E
:103A00006578EF4091691775010013056590EF40E7
:103A1000D1682945EF40B16C930710F82386F11265
:103A20009707002083D7C78AA386F1121385C11296
:103A3000A18391452387F112A3870112EF2030560D
:103A400013451400B240224492444101828093F70E
:103A50002500D1CB170700200357678851C397066D
:103A60000020938626889442977701009387472009
:103A7000170600200346C68681451385412AEF407C
:103A8000C056AA8431CD977501009385E5EF17657F
:103A900001001305256FEF405160A68517750100E1
:103AA00013058588EF40715F2945EF405163970703
:103AB000002023960782930710F82386F1129707B8
:103AC000002083D7E780A386F112A1832387F11218
:103AD00091458D471385C112A387F112EF20304C19
:103AE0001345240085B793F74500B1CF97750100C2
:103AF000938585E9176501001305C568EF40F15905
:103B00001775010013050584EF4031592945EF4031
:103B1000115D930720F82386F11297F7FF1F83D7D3
:103B2000C77BA386F112A1832387F1128547A38760
:103B3000F112EF2060311385C1129145EF2030461C
:103B40001345440001B793F785008DCF97750100A9
:103B5000938585E3176501001305C562EF40F153B6
:103B6000176501001305457FEF4031532945EF40AC
:103B7000115797F7FF1F23940776EF40E053134543
:103B80008400C9B593F70501A5C3854517F5FF1F47
:103B90000355A574EF00B11D977501009385C5DE2F
:103BA000176501001305055EEF40314F17650100F1
:103BB0001305C57BEF40714E2945EF4051529307E5
:103BC00030F82386F11297F7FF1F83D70771A3867A
:103BD000F1121385C112A1838D452387F112EF20C5
:103BE000103C13450401B9BD93F70502B5C39775A1
:103BF0000100938565D9176501001305A558EF40AD
:103C0000D149176501001305A578EF4011492945F1
:103C1000EF40F14C930740F82386F11297F7FF1F0E
:103C200083D7876BA386F112A1832387F11285477F
:103C3000A387F11297F7FF1F2390076AEF20C02098
:103C40001385C1129145EF20903513450402DDBB69
:103C500093F70504CDC7977501009385E5D21765E5
:103C6000010013052552EF4051431765010013056C
:103C7000A573EF4091422945EF40714683C7C112B9
:103C80001307700A6388E7041307800A6386E70650
:103C90001307600A6397E702930760F82386F1121F
:103CA00097F7FF1F83D78763A386F112A18323872A
:103CB000F1128547A38BF112B1451385C112EF2094
:103CC000102EEF2060181345040497F7FF1F239769
:103CD00007608DBB930770F82386F11297F7FF1FDB
:103CE00083D7C75FA386F112A1832387F11285478B
:103CF000A388F1129945D1B7930780F8F1BF93F7E4
:103D000005080145E38007D4977501009385C5C771
:103D10001765010013050547EF40313817650100AD
:103D20001305056AEF4071372945EF40513B930772
:103D3000A0F82386F11297F7FF1F83D7E75AA386CF
:103D4000F112A1832387F1128547A387F11297F718
:103D5000FF1F239B0758EF20200F1385C1129145A9
:103D6000EF20F02313450408F1B9411122C49775DF
:103D70000100938525BD2A84176501001305854040
:103D800006C6EF4091314C40177501001305C5DDA3
:103D9000EF40B1302945EF409134034704009307C9
:103DA000F00F6319F702977501009385A5B91765A0
:103DB00001001305253DEF40512E4C4017750100C1
:103DC000130585DBEF40712D2244B24029454101A6
:103DD0006F40F130B24022444101828085CD4111D3
:103DE00022C4176501001305E5392E84977501007B
:103DF000938545B006C6EF40512AA285177501008C
:103E00001305C5E2EF4071292244B2402945410122
:103E10006F40F12C8280411122C426C22A84AE84D4
:103E2000176501001305053697750100938545ADAB
:103E300006C6EF409126177501001305E5DFEF4038
:103E4000D1252945EF40B12997750100938545ABF0
:103E500097F7FF1F239087481765010013058532E8
:103E6000054497F7FF1F2395974697F7FF1F239267
:103E7000874697F7FF1F239D9746EF40112297F53E
:103E8000FF1F83D5E54617750100130565DBEF407D
:103E9000D1202945EF40B124054597F7FF1F23871F
:103EA0008744EF20703997F7FF1F9387670EDC4731
:103EB00003D70700C167FD176312F7022244B7E773
:103EC0000400B240924403A3870517F5FF1F034582
:103ED000653F1306000A854541010283B240224432
:103EE000924441018280011122CC37E404005C5CE1
:103EF00006CE26CA354697750100938565B61775B7
:103F000001001305E534829701E9176501001305E7
:103F1000E52BEF40512D01A097F7FF1F93874761D5
:103F20003EC4B7F507008567938707C0814617F63B
:103F3000FF1F13066639E10519453EC697E0FF1FCE
:103F4000E780C0567C44194697F5FF1F9385C53717
:103F5000138581238297340017F6FF1F1306C63698
:103F600097750100938585E317750100130585E4B6
:103F7000EF303060AA8415C9977501009385C59FFD
:103F80001765010013050520EF403111A68517754F
:103F900001001305E5ADEF4051102945EF40311404
:103FA000F2406244D24405618280EF901077177529
:103FB00001001305E5A2EF20707BEF605065EF0074
:103FC000D10317F5FF1F130565F9EF00A1701775F1
:103FD00001001305E5A1EF001104AA84EF3000569B
:103FE000EFC02029EF207123EF402072EF305035D1
:103FF000EFE010069775010093850598176501009D
:104000001305451889C8EF405109A68517750100A9
:10401000130545A849B7EF4051081775010013056E
:10402000A5A9EF4091072945EF40710BEFE0A0688B
:10403000EFB0E0125DC9854537050400EF101010A0
:104040009775010093854593176501001305851346
:10405000EF40B10417750100130585A7EF40F10388
:104060002945EF40D10797F7FF1F83C71728B9EFFE
:10407000A303010083274417130671008545130528
:1040800050308297977501009385058F1765010061
:104090001305450FEF40710017750100130585A545
:1040A000EF40A17F2945EF4091039775010093856B
:1040B000A58C176501001305E50CEF40017E17750F
:1040C0000100130525A9EF40417DC1BD9775010091
:1040D0009385858A176501001305C50AEF40E17BCA
:1040E00017750100130585A465BF977501009385B9
:1040F000A588176501001305E508EF40017A1775DB
:1041000001001305E5B4EF4041792945EF40217DD9
:104110000145EF20701251BF411122C437E4040061
:104120008327041A06C68297832704081705000010
:104130001305A583829797F7FF1F2385A71817F507
:10414000FF1F1305E5E4EF10107D713B2244B240E0
:1041500041016F202040411122C491462A841386D8
:1041600001219D652D4506C697E0FF1FE7800034BD
:10417000B7F7070003C70701A5476313F70001A0BE
:104180009306001001469D65254597E0FF1FE780D7
:10419000E031238881202244B240914613860121D8
:1041A0009D652945410117E3FF1F67002330B7E7ED
:1041B00004001171FC47CED79389C112A2DDCAD980
:1041C00086DFA6DB2E8432892E86AA854E858297CD
:1041D00083C70900130780029387E70793F7F70F58
:1041E0006364F774176701001307C7018A07BA975A
:1041F0009C43BA9782878D47976501009385057A1E
:1042000017650100130505F8630BF400EF40E16842
:104210001765010013054537EF402168FDA2EF4007
:10422000C167176501001305A537EF4001672945F0
:10423000EF40E16A930720F811469385C1124A8541
:104240002386F112A3870112EFF02FE22A840DC515
:10425000976501009385857417650100130585F244
:10426000EF40A163A2851765010013052537EF40D4
:10427000C1622945EF40A1669765010093850572EB
:1042800017650100130505F0EF4021611765010076
:1042900013050536EF4061602945EF4041644165F3
:1042A000930730FA05469385C1127D152386F112D6
:1042B000EFF0AFDB2A840DC5976501009385056E8D
:1042C00017650100130505ECEF40215DA285176518
:1042D00001001305A530EF40415C2945EF40216006
:1042E000B7E70400BC4F0566130606C8A14517F5DD
:1042F000FF1F034525FD8297FE506E54DE544E5934
:10430000BE591161828091476301F40297650100F3
:104310009385C568176501001305C5E6EF40E157B1
:104320001765010013050530C5BDB7E70400FC4F54
:10433000914517F5FF1F0345E5F882979765010042
:104340009385C565176501001305C5E3EF40E1548A
:10435000176501001305C52EEF4021542945EF4094
:104360000158EF10702E9145E1A285476301F402D8
:10437000976501009385856217650100130585E047
:10438000EF40A151176501001305052D71B597F791
:10439000FF1F239427F5B7E704000566BC4F1306FB
:1043A00006C8C145A9B78D476301F40297650100AE
:1043B0009385C55E176501001305C5DCEF40E14D2F
:1043C000176501001305052B81BD930740F81146C1
:1043D0009385C1124A852386F112A3870112EFF05B
:1043E000CFC82A84E30A05F0976501009385055B31
:1043F00017650100130505D9EF40214AA28517650D
:1044000001001305A51DEF4041492945EF40214D0D
:10441000E5B59147E31CF4F8B7E70400FC4F9305BA
:10442000000217F5FF1F0345E5E982979765010034
:104430009385C556176501001305C5D4EF40E145C6
:10444000176501001305852401BF894763E18702D1
:10445000976501009385855417650100130585D282
:10446000EF40A143176501001305852375B383C48D
:10447000E11283C7D1129765010093852552A204EA
:1044800017650100130505D0DD8CEF400141A285C1
:104490001765010013050522EF402140C20429459C
:1044A000EF40E143C1849305D4FF93960401C18298
:1044B0004A8693F5F50F1385F112EF10A04BE35DDB
:1044C00090E2930750F82386F11283C739002286C1
:1044D0009385C11285074A85A387F112EFF0EFB8E3
:1044E0002A84E30B05E0976501009385254B17654A
:1044F0000100130525C9EF40413AA2851765010067
:104500001305C57109B7894763E187029765010003
:104510009385C548176501001305C5C6EF40E1370F
:10452000176501001305C51AC5B9EF10F011A28572
:104530001385C112EF20A026C1B38D476301F40299
:10454000976501009385854517650100130585C3AF
:10455000EF40A134176501001305451975B9B76619
:1045600002000146B7750200054597E0FF1FE7808E
:10457000E0F3930760F82386F112A38701129307F3
:10458000002623A8F112E57793870721239AF112D9
:104590003146A38BA1129385C1124A85238B011248
:1045A000EFF0AFAC2A84E30905D497650100938549
:1045B000E53E176501001305E5BCEF40012EA2851D
:1045C00017650100130505143DBDB1476301F402F1
:1045D000976501009385853C17650100130585BA31
:1045E000EF40A12B176501001305851335B1B7E71F
:1045F0000400FC4F9305000417F5FF1F034585CC0D
:104600008297EF107004B14525B7914763E18702A7
:10461000976501009385853817650100130585B6F8
:10462000EF40A1271765010013054511F5B683C4B6
:10463000011383C7F112A204DD8C8E04B767020058
:104640006D14BE942286A6851765010013054510DA
:10465000EF40A124B7E70400FC472286938511139D
:104660002800829793160401C1823000A68509456F
:1046700097E0FF1FE78080E32A8419C517650100D2
:104680001305C50EEF402136930770F81946938540
:10469000C1124A852386F112A3888112EFF0EF9CA4
:1046A0002A84E30B05C4976501009385252F1765C0
:1046B0000100130525ADEF40411EA28517650100DD
:1046C0001305C50B89B399476301F4109765010081
:1046D0009385C52C176501001305C5AAEF40E11BA2
:1046E000176501001305050B05BE914763E18702BD
:1046F000976501009385852A17650100130585A834
:10470000EF40A119176501001305450A31B683C4AE
:10471000011383C7F112A204DD8C8E04B767020077
:104720006D14BE942286A685176501001305450900
:10473000EF40A116B7E70400FC47228693851113CA
:104740002800829793160401C1823000A6850D458A
:1047500097E0FF1FE78080D52A8419C517650100FF
:104760001305C507EF402128930780F81946938564
:10477000C1124A852386F112A3888112EFF0EF8ED1
:104780002A84E30B05B697650100938525211765FB
:1047900001001305259FEF404110A2851765010018
:1047A000130505058DB199476301F4029765010072
:1047B0009385C51E176501001305C59CEF40E10DEB
:1047C000176501001305450481BCB7E70400FC4FE1
:1047D0009305000417F5FF1F0345C5AE8297EF1040
:1047E000A0669945B1B38D476301F4029765010056
:1047F0009385C51A176501001305C598EF40E109B7
:10480000176501001305C50101BC176501001305FB
:104810002502EF40411D0145EFE00FBB0D45EFF0D4
:104820009F93294597E0FF1FE780E0B097E0FF1FC7
:10483000E78000A2D1B499476301F40297650100B3
:104840009385C515176501001305C593EF40E10475
:1048500017650100130585FEC1B203C7111383C795
:10486000011322075D8F9166BA96C2061166C18256
:104870001306F6EF8D476363D60297E7FF1F938712
:1048800027719C4B03C6F1129386C70039C603D625
:1048900007005DCA8907E39CD7FE89471307A0F884
:1048A00011469385C1124A852386E112A387F1122E
:1048B000EFE0BFFB2A84E30105A49765010093851F
:1048C000E50D176501001305E58BEF30117DA2851D
:1048D000176501001305C5F73DB603D6070063024F
:1048E000E60A8907E39BF6FE8D474DBF91476302B9
:1048F000F402976501009385650A176501001305A9
:104900006588EF309179176501001305E5F56FF0C3
:10491000BF90B7E70400FC4F9305000817F5FF1F91
:104920000345459A829735BC976501009385050735
:104930001765010013050585EF3031761765010015
:10494000130505F46FF05F8D2390E70017E5FF1F57
:1049500013050564EFD03074976501009385050455
:104960001765010013050582EF30317317650100EB
:10497000130505F2EF3071722945EF30517681470A
:1049800031BF2390070017E5FF1F13056560EFD0C7
:104990009070976501009385650017550100130518
:1049A000657EEF30916F176501001305E5EFD9B70C
:1049B000411122C406C6834705002A849DC397651A
:1049C0000100938565F9175501001305A57BEF30AC
:1049D000D16C4C40176501001305852AEF30F16B4F
:1049E00079A85841B707CF009387777D631CF704F8
:1049F00097650100938545F61755010013058578E5
:104A0000EF30B1691C448356E4008355C40003C6EB
:104A100007001765010013052528EF3011682945A7
:104A2000EF30F16B0356E40097F7FF1F83D7478CF5
:104A30006383C7088355C40008442244B24041013F
:104A40006FF0EFF6B707CC009387777D631FF7020F
:104A500097650100938545F0175501001305857290
:104A6000EF30B1631C448356E4008355C40003C691
:104A700007001765010013052522EF30116222445B
:104A8000B240294541016F309165B707CE00938749
:104A9000777D6302F702976501009385E5EB175573
:104AA00001001305256EEF30515F4C401765010082
:104AB0001305C51325B7B240224441018280B7E7F0
:104AC00004004111FC4726C29384C1122E8606C6FB
:104AD00022C42E84AA852685829797650100938536
:104AE000A5ED175501001305E569EF30115B83C58E
:104AF000C112176501001305258EEF30115A2945A3
:104B0000EF30F15D83C704003D479387070693F7B5
:104B1000F70F6360F762175701001307E7788A07FA
:104B2000BA979C43BA9782879D476303F4029765BF
:104B30000100938565E8175501001305A564EF3062
:104B4000D155176501001305A589EF3011555DAAF0
:104B500083C7D112A5CF83D7011303D7E112C207B0
:104B6000D98F17E7FF1F232FF77683C76400976558
:104B70000100938565E4175501001305A56017E74B
:104B8000FF1F230FF774EF30515197E7FF1F9387F3
:104B900067758C4317E6FF1F03468674176501008F
:104BA0001305C585EF30714F2945EF305153A3866A
:104BB00001122244B2409244930700F82386F11276
:104BC0009D451385C11241016F10703DEF30605A51
:104BD0002397A112935705012A842388F112935732
:104BE00085010145A388F112EF3060592389A11294
:104BF00097650100938545DC17550100130585581D
:104C0000EF30B14903C62113A285176501001305D2
:104C1000658049BFCD476301F40297650100938524
:104C2000A5D9175501001305E555EF301147175564
:104C300001001305A57F11BF37E404007C44414601
:104C40009385D1121385412A829783C7E11303C745
:104C5000D113A20703238405D98F17E7FF1F231061
:104C6000F7681306000A89452244B240924417E5CA
:104C7000FF1F03452565410102838D476301F4024F
:104C800097650100938545D3175501001305854F9E
:104C9000EF30B140176501001305058F7DB503C4E2
:104CA000E11283C7D112976501009385E5D02204F4
:104CB000175501001305054D5D8CEF30113EA2859F
:104CC0001755010013050578EF30313D2945EF30C8
:104CD00011410D469385C1122285EFE01FB9AA84C8
:104CE0000DC997650100938525CD17550100130562
:104CF0006549EF30913AA685175501001305C57532
:104D0000EF30B1392244B2409244294541016F301D
:104D1000113D97E7FF1F2392875CB7E704001166F8
:104D200003A38705130606E891453DBF8D47630140
:104D3000F40297650100938525C8175501001305F6
:104D40006544EF309135176501001305A592F5BB59
:104D500003C4E11283C7D112976501009385C5C5CD
:104D60002204175501001305E5415D8CEF30F13247
:104D7000A285175501001305656FEF3011322945E3
:104D8000EF30F1350D469385C1122285EFE0FFAD7E
:104D9000AA840DC197650100938505C217550100CE
:104DA0001305453EEF30712FA685175501001305F9
:104DB000256DB9B797E7FF1F23908752B7E7040027
:104DC000116603A38705130606E89305000269BD73
:104DD000894763E18702976501009385E5BD175513
:104DE00001001305253AEF30512B1765010013051B
:104DF000258BA1BB83C4E11283C7D1129765010043
:104E0000938585BBA204175501001305A537DD8CDA
:104E1000EF30B128A685175501001305E567EF307F
:104E2000D1272945EF30B12B22869385C1122685E3
:104E3000EFE0BFA32A84630D0530976501009385D9
:104E4000A5B7175501001305E533EF301125A285ED
:104E5000175501001305856565B58D476301F4029B
:104E600097650100938545B51755010013058531F8
:104E7000EF30B1221765010013054587F9B103C46E
:104E8000E11283C7D112976501009385E5B2220430
:104E9000175501001305052F5D8CEF301120A285F9
:104EA000175501001305C561EF30311F2945EF305B
:104EB00011230D469385C1122285EFE01F9BAA8422
:104EC0000DC197650100938525AF175501001305A6
:104ED000652BEF30911CA685175501001305855FE2
:104EE00005B597E7FF1F239B873EB7E704001166D0
:104EF00003A38705130606E893050004B5B391479D
:104F000097650100938545AB17550100130585276B
:104F100063E98700EF3071181765010013050582FA
:104F20002DB1EF309117A285175501001305055CCF
:104F3000EF30B1162945EF30911A83C4E11283C7CF
:104F4000D112A204DD8C22869385C1122685EFE062
:104F5000DF912A8449C1976501009385E5A517551E
:104F6000010013052522EF305113A28517550100CA
:104F70001305055971B3914763E1870297650100F5
:104F8000938585A3175501001305C51FEF30F11058
:104F900017650100130585814DBE83C4E11283C7E7
:104FA000D112A204DD8C22869385C1122685EFE002
:104FB000DF8B2A840DC1976501009385E59F175506
:104FC00001001305251CEF30510DA2851755010076
:104FD0001305455435B397E7FF1F2391973031B739
:104FE0008D476301F402976501009385E59C175591
:104FF000010013052519EF30510A1765010013054B
:105000002582A1B683C7E112A20703C5D1120D46BE
:105010009385C1125D8DEFE05F852A84630A0512D6
:10502000976501009385459917550100130585156E
:10503000EF30B106A285175501001305E54EC9B141
:1050400099476301F402976501009385E59617552A
:10505000010013052513EF30510417550100130506
:10506000E57DE5B403C4E11283C7D1129765010061
:10507000938585942204175501001305A5105D8CB6
:10508000EF30B101A285175501001305E54AEF3055
:10509000D1002945EF30B10419469385C11222850C
:1050A000EFE0AFFCAA840DC1976501009385C59020
:1050B000175501001305050DEF30217EA685175504
:1050C0000100130565482DB997E7FF1F239E872030
:1050D000B7E70400116603A38705130606E89305E6
:1050E000000859B68547976501009385E58C1755EB
:1050F0000100130525096309F400EF30017A175503
:1051000001001305A54591B4EF3021791755010031
:1051100013054546EF3061782945EF30417C224444
:10512000B240924497E7FF1F239B071A41016F206B
:10513000B078976501009385258817550100130500
:105140006504EF3081751755010013056573F5BAD5
:10515000B2402244924441018280411106C622C4D9
:10516000EFE0AFF09377F50F95CB2A8497650100B8
:1051700093850586175501001305C500EF30E171D1
:105180009375F40F17650100130545A9EF30E17021
:105190002244B240294541016F306174B24022443B
:1051A000410182801D71A6CA86CEA2CCCAC893F7DF
:1051B0001500AE8495CBAD67371700409387A7AA3B
:1051C0001CC3B7E70400BC4F13060019854517E55B
:1051D000FF1F0345850A829713C51400F6406644F5
:1051E000D64446492561828093F785006383071E74
:1051F000856617E7FF1F1307271017E6FF1F130623
:1052000026108147938686898355070063F5B6008B
:10521000850793F7F70F0907E318E6FE6386071A79
:10522000854717E7FF1F2304F70C97E7FF1F83C786
:10523000470C850717E7FF1F230DF70A17E7FF1F26
:105240000347370B05071377F70F97E7FF1FA38275
:10525000E70A91476310F70297E7FF1F83C76709C3
:1052600091C7854797E6FF1F2383F60897E7FF1F3F
:1052700023810708B7670E02938757CC3EC6854740
:105280002308F10097E7FF1F83D78706A308F100E3
:10529000A1832309F10097E7FF1F83D7E705A3093F
:1052A000F100A183230AF10097E7FF1F83D7E704EA
:1052B000A30AF100A183230BF10097E7FF1F83D717
:1052C000E703A30BF100A183230CF10097E7FF1F75
:1052D00083D7E702A30CF100A183230DF10097E728
:1052E000FF1F9387C70083C707004545A30DF10043
:1052F00097E7FF1F83C707009386170017E6FF1F76
:10530000230AD6FE230EF1006976C167FD17814698
:1053100005066C00B69583C50500AD8FA14513F851
:105320001700858363050800B18FC207C183FD158F
:10533000FDF58506E39FA6FCA30EF100A183230FD4
:10534000F10097E7FF1F83C767FA89CF9147631B77
:10535000F7004D466C001305201097E7FF1FA38A46
:1053600007F8E53B97E7FF1F83C727F8A1C393051D
:10537000000317E8FF1F035888F897E7FF1F83D73C
:10538000E7F717E7FF1F035747F797E6FF1F83D697
:10539000A6F617660100130666960810EF30A165A1
:1053A00093150501C1810810EF10603FB7E70400B5
:1053B000BC4F13060032A14517E5FF1F0345E5EB7F
:1053C000829713C5840019BD97E7FF1F238107F259
:1053D000B5B593F725006381071017040020034437
:1053E000644E9707002083C7F74D22045D8CB16798
:1053F0009387C755631AF40497E7FF1F83C707EF26
:105400008DCF170900200349294C9707002083C737
:10541000974B2209176501001305458F3369F90081
:10542000EF30A14717E6FF1F034656EC9705002013
:10543000938545494A8515333DA01765010013053D
:10544000658DEF30415A05A0B5679387D755631A2C
:10545000F40297E5FF1F83C575E9170500201305C2
:105460006546EF10C033A285176501001305858DD1
:10547000EF30A14213C5240097E7FF1FA38807E67A
:10548000B1BBAD679387B7556313F402970700204C
:1054900083C79743A2079705002083C5E542DD8DAA
:1054A000176501001305C587EF30213F6DBFA96760
:1054B0009387A7556317F4001765010013058587C7
:1054C00049B7416517E6FF1F034656E297050020DE
:1054D0009385453F7D1585B793F745000145E38FDB
:1054E00007CE1765010013052587EF30C14FEF1078
:1054F000C05F13C54400DDB1411122C437E404008C
:105500005C5C06C635469755010093856555176561
:1055100001001305E5D3829701E917650100130522
:105520006586EF30414C01A08327041C82972A84B2
:105530000545EF80F01DEF109111EF10C16FEF7076
:1055400070522285B2402244410182801567B7170C
:1055500000401307575598C3D8439D66558FD8C34D
:10556000D843FD76758FD8C3D8431367F70FD8C3D8
:1055700035671307C7CC98C38280B7C7A55A0111F6
:105580009387C7333EC497E7FF1F83C717D63EC62E
:10559000B7F7070003C7070106CE22CCA547631360
:1055A000F70001A01164930504F093060010014672
:1055B000254597D0FF1FE78060EF3000930504F08A
:1055C000A146294597D0FF1FE78040EE97E5FF1FD2
:1055D00083C5B5D1175501001305C578EF30E12B10
:1055E000F24062440561828001119165A14630005C
:1055F000938505F02D4506CE97D0FF1FE78000EB81
:105600002247B7C7A55A9387C7336312F702B2453B
:10561000175501001305456AB335B00097E7FF1F22
:10562000A385B7CCEF306127F240056182808547C2
:105630008545175501001305656A17E7FF1FA30687
:10564000F7CAEF308125153FC5B741111305800416
:1056500006C622C426C297D0FF1FE78040A5854515
:105660007D55EFD00FBC85457D55EFD0EFC5371484
:1056700000408327840C8D451305000893E7070835
:105680002324F40CEFD04FC4EFD06FE0EFD07FE5D0
:10569000EFD0FFF89535893FEFE01FA88D450D65E8
:1056A000EFD08FC2170500201305C53185671CC5D3
:1056B0009304840C89671304C40C04C140C144C51D
:1056C00000C95CC937E404008327841E97E4FF1FE8
:1056D0009384A4BA8297FD2A0D2C8327040817050A
:1056E0000000130565AC82972380A4003C4C130690
:1056F0000064854582973C4C03C5040013060032C4
:10570000A1458297A13597D0FF1FE78060CD014565
:105710008280B7F7070003C70701A547AE86631667
:10572000F7009397450191C301A0AA85014625453D
:1057300017D3FF1F670083D74111B2862E86AA8533
:105740002D4506C697D0FF1FE78040D6B2400145E1
:10575000410182809307000463E6C7021D71A2CC59
:105760002A84080886CE32C6EF30C107B246100838
:10577000A285294597D0FF1FE78040D3F6406644B5
:105780002561828039558280411122C426C206C615
:10579000B71700403147AA84238CE704014405046D
:1057A0001374F40FEFC00FFAE39B84FEB24022445F
:1057B000924441018280B717004003A7C70CA1663D
:1057C000558F23A6E70C1377150015C303A7870C85
:1057D0008966558F23A4E70C09893717004019CD36
:1057E0008327870C9166D58F2324F70C828003A72B
:1057F000C70C8966558F23A6E70CF9BF8327C70C12
:105800009166D58F2326F70C8280371700408327B7
:10581000C70CA166D58F2326F70C8280411122C4C4
:1058200006C626C293F725002E84ADCF094597E41E
:10583000FF1F83C4E4AC893FB71700403147238C76
:10584000E704EFC02FF0860497E7FF1F9387C7AAEE
:10585000A6972390A70017E5FF1F034565AA050536
:105860001375F50F97E7FF1F238CA7A88D4763E4F7
:10587000A7029137B7E70400BC4F0946894517E5F1
:10588000FF1F0345959F829713452400B240224491
:10589000924441018280B7E70400BC4F1306200305
:1058A0008545F1BF93F715000145EDD3B93F01459B
:1058B00097E7FF1F238607A4FD3DB7E70400BC4F11
:1058C0000946894517E5FF1F0345359B8297134518
:1058D00014006DBF411193050010054506C6EFD0B9
:1058E0000FA9814513050010EFD0AF938D453965A1
:1058F000EFD08F9D89450D45EFC0CFDD0145653D5A
:105900002937B2401145410141B5411122C437E464
:1059100004008327040806C617050000130545F098
:10592000829797E7FF1FA38AA79403238405224445
:10593000B24013062003854541010283411126C26E
:10594000AE848D4522C406C62A84EFD0EF97B717E0
:10595000004099C803A5C70C418D23A6A70CB240EF
:10596000224492444101828003A5870C418D23A4E7
:10597000A70CF5B78347050003471500A207D98F89
:10598000C2076177C187130727206397E700834524
:105990002500370504005DB7828097E7FF1F9387D6
:1059A000679618429C4383D645000345070083C58C
:1059B000C700035646006396A50083D5E700638DB4
:1059C000D502011106CE2386A7002397D700B7057D
:1059D000CF00DC4B9385757D05077D162EC2230015
:1059E00001003AC42316C1002317D10099C30A85C8
:1059F0008297F240056182808280DC4DDC4B81CF52
:105A0000B7E70400904503A38705914517E5FF1FFD
:105A10000345858F028382806D713C083EC6B707BF
:105A2000E500232291103EC8AA843C083285232633
:105A300011103ECA23248110232021112E89EF202A
:105A4000F06C2A84975501009385053C17450100A9
:105A500013054573EF207164A285175501001305E6
:105A6000A54AEF2091632945EF207167B705CB0068
:105A70009385757D6800EF100049A2856800EF20CE
:105A8000905E014781467000CA852685EF10206828
:105A900015C52A84975501009385053717450100E0
:105AA0001305456EEF20715FA285175501001305A0
:105AB0006546EF20915E2945EF2071628320C11079
:105AC0000324811083244110032901105161828035
:105AD00097E7FF1F9387078318429C43797122D46D
:105AE00006D60348070083C807012A8483D64500E9
:105AF000035546006396080183D82701638DD802B9
:105B00002388070105072399D7003708CC00DC4B11
:105B10001308787D3ACC1307F5FF42CA2308010029
:105B2000231EE100231FD10099C7080832C62EC4E6
:105B300082973246A2452285C535B250225445612E
:105B400082806D713C083EC0B707E5003EC23C084C
:105B50003EC42326111023248110232291102317E1
:105B600001002318010023190100231A0100231B3F
:105B7000010097D7FF1F83D7A74599E3C167FD179A
:105B80002316F10097D7FF1F83D7A74491EB97D730
:105B9000FF1F938727779C439C43DC4783D70700ED
:105BA00017D4FF1F1304C442584C2317F100835726
:105BB0004400484B2318F10005ED975501009385EB
:105BC000A52B174501001305E55BEF20114D175577
:105BD00001001305A52BEF20514C2945EF20315032
:105BE0008320C110032481108324411051618280DD
:105BF00097D7FF1F83C7373E89EBB7E70400BC5731
:105C000082975C4C23AA0700E1BFFD1797D6FF1FC0
:105C1000A383F63C03560701834704014C470A85DA
:105C2000230BF100EF20504297D7FF1F9387876D1A
:105C30009C430147814688430A866C00EF10204D43
:105C4000AA841DC9975501009385052317450100B6
:105C500013054553EF207144A68517550100130520
:105C6000A523EF2091432945EF207147584CB7E712
:105C70000400BC57484B69B797D7FF1F83C7B73598
:105C8000F5D7B7E70400BC4F1044854517D5FF1F73
:105C9000034585678297A9B75C4EDC4BA9CBA1C9A8
:105CA000411122C4174501001305C54D2E84975597
:105CB00001009385A51A06C6EF20313EA28517552F
:105CC00001001305A51FEF20513D2945EF2031416B
:105CD000B7E704002244B24003A3870517D5FF1F8E
:105CE0000345856213064006914541010283828087
:105CF000411122C417D4FF1F1304842B1C4C06C669
:105D000089C7DC4399C34C488297584CB7E70400D5
:105D1000BC57484B82975C4CB240224423AA0700F0
:105D20004101828017D7FF1F13074755834707009C
:105D30009306F00B850793F7F70F63E9F60097D604
:105D4000FF1F238DF652034507008280930700F85A
:105D5000FDB7835745006386070E01114AC817D95E
:105D6000FF1F1309E92652C4032AC90106CE22CC1B
:105D700003274A0126CA4EC656C2F15721EF130720
:105D8000D00DFD576368C704B7E9040083A709076E
:105D90002A841305860042054181B284AE8A829727
:105DA000232AAA000325C9015C499DEF97550100EC
:105DB0009385C508174501001305C53CEF20F12D5B
:105DC000175501001305C517EF20312D2945EF2088
:105DD0001131DD57F2406244D2444249B249224A6D
:105DE000924A3E850561828093874400B705CF00C3
:105DF0002319F5009385757D3105EF10C01003253B
:105E0000C901834564003105EF20F0250325C90150
:105E10002686D6853105EF2030237146A2854A8536
:105E2000EF20511C504419CA83A78905854517D511
:105E3000FF1F0345654D8297814769BFEFF07FD013
:105E4000E5BFFD573E858280411126C297D4FF1FD2
:105E500093840418D84C22C437E404003C54484BC3
:105E600006C68297DC4C0323C4052244B240924408
:105E700023AA070017D5FF1F0345054985454101A2
:105E80000283411126C297D4FF1F9384A4479C40EC
:105E900006C622C44AC0C9CBDC43D9C75CC12300B3
:105EA000B5002A8497550100938585F417450100B4
:105EB0001305452DEF20711E2945EF2051229C40EE
:105EC00023A4070023A2070097D7FF1F9387470E3D
:105ED000DC4FDC4B81C72955EFF09FE197D7FF1FBF
:105EE0009387070FDC4FDC4B91C3B93F37E90400C0
:105EF0008327C905894517D5FF1F0345E5408297CC
:105F00008327C905914517D5FF1F0345E53F8297B4
:105F10009C4003A347016309030022852244B24049
:105F20009244024941010283B24022449244024910
:105F3000410182800111328506CE22CC26CA2E84F0
:105F4000EF20D01CAA84975501009385A5ED174535
:105F5000010013052523EF20511403078400035685
:105F6000640083554400A68617550100130505F704
:105F7000EF20B1122945EF20911697D7FF1F83C755
:105F80008703639897000145EFF09FD681450A8506
:105F9000CD3DF2406244D244056182806D7123247C
:105FA0008110232611102322911093F745002E848F
:105FB000638507123C083EC0B707E5003EC23C08B7
:105FC0003EC4231701002318010023190100231ADE
:105FD0000100231B010097D7FF1F83D767FD99E3BB
:105FE000C167FD172316F10097D7FF1F83D767FC02
:105FF00091EB97D7FF1F9387E7309C439C43DC4787
:1060000083D7070017D7FF1F130787FA2317F1005D
:10601000544F835747002318F100DC4A95EF9755FA
:106020000100938565E4174501001305A515EF20D0
:10603000D10617550100130565E5EF201106294526
:10604000EF20F109134544008320C110032481107F
:10605000832441105161828097D7FF1F83C7B7F512
:106060002555ADCBFD1717D6FF1FA306F6F403D6B3
:10607000060183470701CC460A85230BF100EF2078
:10608000A07C97D7FF1F9387E7279C4317D7FF1F55
:10609000130707F2976601009386C6BA88430A86FB
:1060A0006C00EF10C006AA8451DD9755010093855E
:1060B000A5DB174501001305E50CEF20017EA68541
:1060C00017550100130545DDEF20217D2945EF20FF
:1060D00011012685EFF0DFC1B5B793F725009DC309
:1060E000B7E70400BC4741468145280882972555FB
:1060F000EFF01FC028089305F00FEFF09FD813456D
:10610000240099B793F7150001459DDFEFF07FA3B9
:106110001345140015BF5C4D411106C688C317D73F
:10612000FF1F2321F71EB7E7040083A70708170501
:1061300000001305E5E68297B24097D7FF1F23853D
:10614000A71C01454101828001119307700F23169E
:10615000F10006CE97D7FF1F83C7D71B8DE7B7E7A0
:10616000040083A7870D17D6FF1F0346A6116C00F6
:1061700017D5FF1F0355451A82973335A00097D7CF
:10618000FF1FA389A718F2400561828041119397F0
:10619000050122C406C626C2C1872E8463D4070225
:1061A000B7E40400FC5417D5FF1F0345A50D8297E3
:1061B00019C1BC5482972165218DB240224492447A
:1061C0004101828093F715008DC7B7E7040083A7CC
:1061D000471A17D6FF1F1306A6E1970500209385DF
:1061E000658317D5FF1F0345E50982971345140002
:1061F000E9B793F7250099CFB7E70400BC4F130622
:106200000064894517D5FF1F0345C50782971345CD
:10621000240065B793F785009DC7B7E7040003A87E
:10622000871A1307401F97D7FF1F83C7A70581460B
:1062300013064006994517D5FF1F0355E50D029833
:10624000134584009DBF93F745000145BDD7B7E4D2
:10625000040083A7041817D5FF1F0355E50B829789
:10626000BC4C13060064914517D5FF1F03458501FB
:1062700082971345440091B797D7FF1F83D7C7096B
:106280006396A70217D7FF1F2319B70817D7FF1F59
:106290002316C70817D7FF1F2313D7082E861755B5
:1062A00001001305A5DFBE856F20215F1755010092
:1062B000130545E06F20217303574500011106CEF9
:1062C00022CC97D7FF1F83D7270517550100130549
:1062D00065DE6310F706C167F91717D7FF1F232D77
:1062E000F70237E4040097D7FF1F23A907027C4C6D
:1062F000894517D5FF1F0345E5F882977C4C9145EA
:1063000017D5FF1F034505F8829797D7FF1F83C74F
:10631000D7FD95C78547A307F100832744171306C8
:10632000F10085451305503082971755010013057C
:10633000E5CDEF20416BF24062440561828097D742
:10634000FF1F83C7A7FA175501001305E5D0F5F322
:106350008547A307F100832744171306F1008545FD
:1063600013055030829717550100130565CCD1B73E
:106370007D15954763EFA718175701001307C7C589
:106380000A053A951C41011122CC06CE26CABA97BD
:106390002E84828717550100130545D2EF20A16492
:1063A00005A203C725009947631CF7002E852937EE
:1063B0008345640017550100130545D1EF20E14DD9
:1063C00097D7FF1F238307F2175501001305C5D187
:1063D000F1B703C7250095476317F702C16717D7C1
:1063E000FF1F035767F3F91703D5A5006307F702EB
:1063F000B7E7040083A7C717829717550100130555
:10640000A5CFEF20415E854717D7FF1F230FF7EC7D
:10641000175501001305C5D051B797D7FF1F239D0E
:10642000A7EE83D7E500B7E40400096617D7FF1F7E
:106430002315F7EE83D705011306069017D5FF1F26
:10644000034545E417D7FF1F231AF7EC83D725012F
:10645000A14517D7FF1F2314F7ECBC4C8297BC4C07
:1064600013060064914517D5FF1F0345A5E18297E8
:106470000356E4008355A40017550100130505C910
:10648000EF20A14149B717550100130525CA39B7B7
:1064900083C525009147639AF5028547175501008A
:1064A000130545CAA307F100EF20E153B7E7040045
:1064B00083A747171306F1008545130550308297CF
:1064C000F2406244D244056182809947639EF500A0
:1064D0002285EFF07FDE8345640017550100130528
:1064E000E5BEEF20813BE9BF9547639FF5008347F9
:1064F0001400175501001305E5C4E39107EA175589
:1065000001001305E5C559BD175501001305C5C5A3
:10651000C9BF8280411122C417D4FF1F130404AFE6
:10652000AA86175601001306A6AC2285C14506C6E9
:10653000EF20614C0357440097D7FF1F938707AEA6
:106540002393E700035764002394E700B2402244FA
:1065500041018280130101DC232C812237E40400F5
:1065600083270408232E1122232A91222328212362
:106570002326312317050000130585C1829717D9FB
:10658000FF1F130929D0994785442300A900231828
:10659000F102975501009385A5AE93074006174574
:1065A0000100130525BE2314F112230C910097D985
:1065B000FF1F9389E9D3EF20412E83D5090017559A
:1065C00001001305A5A3EF20412D2945EF2021311E
:1065D00003D5090081378327441730088545130503
:1065E000503082978327441717D6FF1F130606A340
:1065F000CD451305703082978327441717D6FF1FA8
:106600001306C69FB545130560308297832744174C
:1066100010188945130510318297832744173012CB
:10662000894513052031829783274415930500057A
:106630000D458297832744159305000511458297E0
:106640002306910023089100230C910023240112BA
:1066500023080102832784163012914513057040E8
:106660008297832784167000854513050040829722
:1066700083278416100885451305104082978327C9
:1066800084161018854513052040829783278416A9
:1066900030088545130550408297832704157D55A2
:1066A0008297832744137D5582977D55EFC01FA0A5
:1066B0008327440C8297EFC08FFD8327841417D65D
:1066C000FF1F1306A694D545014582971306700F48
:1066D00081450818EFB0AFE3894755468145280842
:1066E000230891022306F100EFB06FE28D471306F5
:1066F000700F81452812230CF100EFB04FE1914754
:106700002304F11297D7FF1F938747B8984383C795
:10671000470010189305700F01453AC8230AF1008D
:10672000EFC0FF9F700085450545EFC05F9F3008B3
:10673000D5450945EFC0BF9E30129305700F0D453A
:10674000EFC0FF9D100895451145EFC05F9DC167E3
:1067500017D7FF1F130747BCF9171CC323220700D5
:1067600017D5FF1F1305C5B1EFC05F9A8327C41D5E
:1067700017D5FF1F130585B982973C4803450900CB
:10678000854582978320C1230324812383244123C9
:10679000032901238329C1221301012482800111CD
:1067A000C16726CA06CEAA8422CC17D5FF1F03557F
:1067B000A5B6F9176306F50437E4040083278412AD
:1067C0002E862315B10001478146ED4582977C4412
:1067D0000356A1002AC6A68582972C0017D5FF1F55
:1067E000035585B3EFC01F9F01CD17550100130559
:1067F000258AEF20411F8327C412ED452800829788
:10680000F2406244D24405618280397126DA06DEA4
:1068100022DCB28409C989476303F502F25062544D
:10682000D25421618280175501001305E5952E840D
:10683000EF20611BA6852285EFE06FA8C5B7B7E7FB
:106840000400FC4728088297034481018347910193
:10685000175501001305059422045D8CEF20A11843
:10686000B1679387C7556319F40297D7FF1F83C792
:10687000E7A781CF8347C1010345B1012686A2075F
:106880002C085D8DEFE07F8D51BF1745010013058A
:106890006548EF20411559B7AD679387B755631F1A
:1068A000F4008347D1018345C10117450100130559
:1068B0002547A207DD8DEF10517E8DB7B567938711
:1068C000D755E30DF4F4A9679387A7556317F40030
:1068D00017450100130505466DBFB9679387E75556
:1068E000631EF4088D47E3FB97F20344B10197D48C
:1068F000FF1F83C4949F975501009385A587B337E5
:10690000800017D7FF1FA302F79E09C49755010007
:10691000938505871755010013058588EF10F177DA
:1069200097D7FF1F83C7779C63849700EFE0FFC46E
:1069300097D7FF1F83C7779B9DC385472302F1002D
:10694000B7E7040083A7471750008545130550306B
:106950008297175501001305A585EF20C108996797
:10696000938757EE2312F100914585474800230392
:10697000F100A3038100EFF09FE24DB5BD671387DF
:10698000F755631AE4049967D5172312F10097D7D6
:10699000FF1F9387A79583C70700480095452303EA
:1069A000F10097D7FF1F83D7A794A303F100A1831A
:1069B0002304F100EFF0BFDE17D6FF1F0356469306
:1069C00097D5FF1F83C58592174501001305C57F25
:1069D000EF10B16CA1B59387F766631CF4049D6753
:1069E000D9172312F10097D7FF1F83C727902303DE
:1069F000F1009DC7B7E70400FC4741469385412A53
:106A0000130571008297CD454800EFF05FD997D507
:106A1000FF1F83C5A58D174501001305E57D61BDE9
:106A2000B7E70400BC4741468145130571008297D2
:106A3000D9BFA685280809B5011106CE22CC2DC9DB
:106A4000854717C7FF1FA300F75C97C7FF1F238D5C
:106A5000075A37E40400832784179305F1001305D0
:106A6000503082978347F100A9CBA3070100832709
:106A700044171306F100854513055030829783278C
:106A8000441717C6FF1F13066657B5451305603038
:106A900082978547A307F100832744171306F10067
:106AA0008545130550308297F2406244056182802B
:106AB00097C7FF1FA389075449BF8327441717C6E9
:106AC000FF1F1306A653B54513056030E9BFC16724
:106AD00017D5FF1F03554584F9176307F500B7E77E
:106AE000040003A3C7170283828001118547A3070F
:106AF000010017D7FF1F230FF780B7E7040083A714
:106B0000471706CE1306F1008545130550308297CE
:106B1000F24005618280EFB2EF9A2A8408452E89FF
:106B2000B28909C900C1970500009385C574610544
:106B3000EF00810181447D5AEF10C00963C3A404B2
:106B40008144EF10200A63C6A40497F7FF1F9387C0
:106B500027ED9C43DC47B307F94091872302F400FB
:106B6000638109048327C900B307F4409587A30212
:106B7000F4001C4C89C79C4799C3228582976FB04B
:106B8000AF975C44139714008504BA97239047018C
:106B900065B71C48139714008504BA972390070023
:106BA0004DB7832789000547B307F4409587A302B3
:106BB000F40083570400638EE7028DC309476384A2
:106BC000E7040D47E397E7FA97570100938707B764
:106BD0001CCC97570100938767B711A8974701000E
:106BE0009387477D1CCC974701009387A77D5CC89E
:106BF00049B7974701009387E7681CCC9747010086
:106C000093874769EDB7975701009387E7B71CCC87
:106C100097570100938747B8D9BF85E1EFB22F8C12
:106C2000004618448347940075839D8B6315F700D5
:106C3000EF00501C48C46FB0CF8C8280EFB28F88B9
:106C400013893500C16442094111AA890144F11434
:106C500013590901054A2EC6EF00D077B2456346A5
:106C6000A400014541016FB02F8983A709001317C4
:106C70001400BA9783D707006388B700639497001E
:106C800063742A010504C1BF0545E9BFEFB2AF82B5
:106C9000AA892E89328BB6843A8ABE8AEF80204C2C
:106CA00055C12685EF1030368D4763E5A7007D5529
:106CB0006FB0EF8383DB4400EF00D0772A84EF00CE
:106CC000B0789307740031443305850263C5A70289
:106CD000EF005076EF0010762A84EF00F0769307ED
:106CE000740031443305850263CDA702EF00907430
:106CF0009307450019A8EF00307533058502130787
:106D0000F0179307C017E357A7FC2D55E3C277FB95
:106D100063000B02D6865286A6854A85EFE0106393
:106D200041BFEF007072330585029307C5FFF1BFC5
:106D3000832749001385C90083D52700EFF01FF092
:106D400071F9B5B76955ADB797F7FF1F239CA7CC6D
:106D500097F7FF1F9387C7CC904381470C463307B3
:106D6000F500420741836393B7008280544613982D
:106D700047008507C2962390E600D5B797F7FF1F17
:106D8000938707CA9C4303C58700828017F5FF1FBE
:106D9000035545C98280EFA29FF4C1671387D7FFCF
:106DA0006307E5026368A700F117630EF50001456C
:106DB0006FA03FF51387E7FF630EE500FD171D8DFC
:106DC00013351500F5B7EF40003D7D15D5BFEF40F9
:106DD000801AE5BFEF40E018CDBFEFA25FF0411190
:106DE000AA8401442EC6EF00F05FB2456346A400BA
:106DF000014541016FA0FFF09C48131514003E951A
:106E000083570500E387B7FE0504E9BF0348550033
:106E1000814693F7F60F63E5070181473E8582803F
:106E2000584593975600BA9703D727006316B700C3
:106E300003D70700E304C7FE8506E1BF834645008C
:106E400001479377F70F63E4D700814711A81C45EA
:106E5000131657000507B29703D60700E313B6FED3
:106E60003E858280EFA21FE693170501C18797FA3E
:106E7000FF1F938AEABA6355F00883A70A00C04748
:106E80009C4703570400198D420541816366F50054
:106E9000014422856FA05FE612052A94DDBFDC471E
:106EA00013944900014A3E94834744006341FA0227
:106EB000014A834754006347FA028509C20993D9FE
:106EC000090183A70A009847E3EBE9FCD1B71C440A
:106ED00013195A00A6853E994A85EFF01FF011ED6F
:106EE000050AD9B75C4413195A00A6853E994A850C
:106EF000EFF0BFEE19E1050A6DBFE30009FC51BFD9
:106F0000AA8481497DBFEFA29FDD1C452A8481E7C9
:106F10009307C5001CC51C44231204001CC0930722
:106F2000F00F63E9B70093F5F50F2285EF10B0136A
:106F30006FA03FDD93940501C167C18063F7F50041
:106F4000A6852285EF10D015E5B7C18193F5F50F21
:106F50002285EF105011A6852285EF101012C9BFAF
:106F600097F7FF1F9387C7AB884382801C4599C75B
:106F700097F7FF1F23A6A7AA014582807D5582802F
:106F800097F7FF1F9387C7A9984383474500484752
:106F900092073E958280EFA29FD4617100451C1834
:106FA0003EC6B70780013EC81C183ECA835744003E
:106FB00002CE02D002CC231EF100834784002A892E
:106FC00002D22301F1023C083ED402D6EFF05FFB6F
:106FD000835705002316F102EF30706B2307A102DF
:106FE0005C4003556400F18313F717008347F102F7
:106FF00052055181F99BD98FA307F102EFE070266A
:1070000039C5AA8403550500EF80401683D70400D4
:107010002AD26800231CF10083D72400231DF1002D
:107020001C4803D647008C43EF1010028347B4007E
:10703000CA86174601001306661E8117A305F400D1
:107040006C004810EFE090305D616FA09FCB215540
:10705000E5BF1C45B1CF03C5A7008946135765009E
:10706000630BD7028D46630ED70285466300D702B5
:10707000130740063305E50203C7B700418B15CB64
:1070800083C7B700BD8B3355F54082801375F50378
:107090001307803EC5B709671375F503130707711A
:1070A000D1BF372709001375F5031307077CD9B73C
:1070B00001458280EFA2BFC203A9850063050904D0
:1070C0008347B900AE8493F7070E91CF034599002B
:1070D000930520030D810505B305B50288446105BC
:1070E000EFF0B0320DA02E85EFF0BFF62A8401CD6F
:1070F00011238325C900B307B54063F887002E9498
:10710000B305A440E1FD6FA0DFBF8545C1BFEFA27D
:107110001FBD2A8403D50500011132C636C43AC208
:107120002EC002CA02CC02CEEF80400482452ACA99
:1071300022852ECCEFF0DFE403570500231EE1008B
:10714000EF30F054A24632469247230FA100368713
:107150004C08B28622850146EFF05FB305616FA04F
:107160005FBAEFA2DFB761711C183EC6B707800196
:107170003EC81C183ECA3C0800453ED4AA8402CC36
:1071800002CE02D002D202D6EFF09FDF8357050075
:1071900035592316F102EF30904F2307A10209C49D
:1071A0008357440091E721594A855D616FA07FB5FF
:1071B0000355640052055181EFE0B00A2A8965D574
:1071C0008347B40093F7070E89C713058401EFF0D6
:1071D000502583574400231EF10083478400230178
:1071E000F1025C4003550900D98313F70708834770
:1071F0001102231CA10093F7F707D98FA300F10216
:1072000083572900231DF1005C40F18313F7170019
:107210008347F102F99BD98FA307F102EF70107534
:107220002AD251D1834794006800139757008347AF
:10723000B400FD8BD98FA305F4001C4803D647008A
:107240008C43EF106060A68717470100130707FD06
:10725000740005464C102685EFF05FA32A8929D5D6
:107260008347B400A685FD8BA305F400EFF09FE4EF
:1072700025BFEFA2DFA6832485FE2A84411126853F
:10728000EFF03FDD834734FF93F7070E9DC32AC617
:107290002685EFF05FD019C9834734FFB245FD8BD7
:1072A000A309F4FE81C52285EFF0301641016FA0DD
:1072B0005FA56DDD8327C4FF2685829765F9834727
:1072C00034FF93F7070E81C72285EFF09015032551
:1072D00084FEEFF01FE9D9BFEFA27F9D9C414111D1
:1072E0002A8903C7070089472E8493566700638C59
:1072F000F6020D466382C6049307F0076302F702A5
:107300002E85EF10A060AA848149C16B130C49003F
:1073100097E7FF1F9387C7709C43984763ECE90288
:1073200041016FA09F9C03D745008547E3FAE7FE24
:107330002E85EF108061C1BF03D74500E3F2E7FE61
:107340002E85EF10A05CAA842285EF10805DC20418
:10735000C98C5DBFDC470355A900139A49003E9ACA
:1073600093170501C187635DF00083570A00639599
:10737000A70263E574038327CA00034D5A001DA0CA
:10738000A1672167A98F1307F7EFE374F7FE6395F1
:107390000900EFF05FA071FD85099DBF83278A007A
:1073A000034D4A00835DA90003576900216A138BCE
:1073B000C7003AC6814A33CA4D01631E5D0197E793
:1073C000FF1F938767669C43E1DBA2866286814547
:1073D00026858297D1B7A1679387F7EF930C4BFF70
:1073E00063F04703B2455A85EFF05F8519CD032757
:1073F0008B00104719CA10436380C4023107D5BF00
:10740000EE856685EFF07F9D71FD93861A0093FAF5
:10741000F60F130B0B0255B7835644005C43E3EDA4
:10742000F6F622853AC6EF10603DA1679387D70430
:107430002A8A035D4400324763E897008347D900F6
:1074400093E707F8A306F9001C4766852286E285C4
:107450008297C1670844FD17337AFA00529508C035
:107460002312A40115BF97E7FF1F9387675B98431B
:10747000814715C31447814763FFD50093974500A3
:107480004C47BE9519C903C7550081476375E6008F
:10749000DC451606B2973E85828003C745008147CA
:1074A000E37BE6FE16069C45F5B7EFA2BF81AA89ED
:1074B0002E8A814497EAFF1F938A8A5683A70A007F
:1074C000984763E4E4006FA03F83DC4713944400D3
:1074D00001493E9413BB140083474400634BF900F9
:1074E000014913BB140083475400634FF90085041E
:1074F000F1B70844931759005287DA860146A285EE
:107500003E9582990509C9BF48449317590052878F
:10751000DA860546A2853E9582990509E9B7EFA26C
:107520000FFC814517F5FFFF1305255F97E7FF1F48
:10753000239A074EEFF07FF76FA0AFFC97E7FF1F8E
:107540009387074E9C4381CFEFA26FF9814517F5D2
:10755000FFFF1305855CEFF05FF56FA08FFA828067
:10756000EFA24FF637E4040083278412411123155C
:10757000E100AE893289368A3A8681460147ED4577
:10758000AA8482972AC621C50356A100D285EF108E
:1075900061258327C413CE8526858297058915C565
:1075A0008327440D2314210101462C002685829750
:1075B0002A8401C9B7E7040083A7C712ED45280054
:1075C0008297228541016FA02FF34944E5B76554A6
:1075D000CDBF5C41FD175CC18280EFA24FF0B7E7E1
:1075E0000400FC5F829795473305F50281450D81C4
:1075F0006FA02FF1EFA2AFEEB7E70400FC5F829718
:1076000095473305F5020D816FA0AFEFEFA22FED87
:10761000B7E7040083A7870B0355050082976FA087
:107620004FEEEFA2CFEB035505003287AE8617C6AB
:10763000FF1F0356C6A497E5FF1F9385253FEFF074
:107640003FF26FA00FECEFA28FE9B7E7040083A72A
:10765000C71782976FA0EFEAEFA26FE8B7E70400C1
:1076600083A7871397E5FF1F9385453C82970145C4
:107670006FA02FE9EFA2AFE6B7E7040083A7C71F0B
:10768000814517C5FF1F0355859B82976FA06FE744
:10769000EFA2EFE4B7E7040083A7871397E5FF1F86
:1076A0009385C539829701456FA0AFE5EFA22FE31F
:1076B000B7E7040083A7C71F814517C5FF1F035500
:1076C000059E82976FA0EFE3EFA26FE12E85EF603A
:1076D0000055EF60900D6FA0CFE2EFA24FE0EF609A
:1076E000D0176FA00FE25C49E1175CC95CC58357F6
:1076F0002501A1072319F50083570501A1072318C8
:10770000F5008280F1473305F50297E7FF1F938765
:10771000E7349C433E9582808D476317F60603D776
:107720004600854763F2E706EFA26FDB36853684B5
:107730002E89EF10A01D39C1835744009314050111
:10774000C18063ED97022285EF10401CFD142312C7
:1077500094009307A002630EF5009307B002630143
:10776000F50293079002631BF5002285EFC0B07EFF
:1077700031A00146CA852285EF80000F6FA06FD827
:107780002285EF001059DDBF828097E6FF1F9386A8
:10779000262D9C42014599CF9843D44217E6FF1FFE
:1077A0002320E62C6396D70097E6FF1F23ACE62A3A
:1077B0001385C7FE8280EFA28FD2E926714433057C
:1077C00085029145EF70606201E565556FA06FD34A
:1077D00097E7FF1F23A2A728752633058502914549
:1077E000EF70A0607DD197E7FF1F23A9A726592E30
:1077F00097E7FF1F239CA724712697E7FF1F239875
:10780000A724974701009387A7A617E7FF1F232305
:10781000F72497070000938747ED17E7FF1F2329F9
:10782000F722014565B7EFA28FCBAA8517E5FF1FA9
:107830001305C521EF1060216FA0AFCCEFA22FCAB6
:10784000EFF07FFEEF10E02197E7FF1F93874721BE
:107850009C4381CF1387C7FE09CB83D5C7FF17E5AC
:10786000FF1F13056520EFF0403A6FA08FC9EFA20C
:107870000FC7EFF09FF119C9834785002A8493F75A
:10788000070499E70355E500EFF05FFB6FA06FC7B2
:107890008347C5009304450117E9FF1F1309491CDD
:1078A00085E3832709005CC997E7FF1F23AA971A7E
:1078B00083274900E1FF97E7FF1F23A5971AF9B730
:1078C000FD172306F5006105EF60E07E8307840065
:1078D00063CB07048347840093E707F82304F4008D
:1078E000B7E704009C5F82974205A9474181337541
:1078F000F5028347840093F707FCC98F2304F40043
:107900008347D4003E951C402318A40089CF984398
:1079100019CB8347C4005040814585073305F502E4
:10792000420541810297832709005CC897E7FF1F42
:1079300023A897128327490089E797E7FF1F23A30E
:1079400097128347C400B9D38355040117E5FF1F7D
:1079500013058511EFF0602B15BFEFA24FB897E725
:10796000FF1F9387A7359C4701448583858B81EF53
:10797000AE84B2853A86EF1020142A8409C5EF1030
:10798000200B829408CC22856FA0AFB7EFA28FB3F3
:1079900041112E8932C6AA89712C3247130605027D
:1079A000CA8697050000938525D617E5FF1F1305A6
:1079B000E509EFF09FFA2A8429CD9304C5006526D6
:1079C0001946AA852685EF00306885452685EF0093
:1079D000106517450100130565874E958345050021
:1079E0002685EF0050685C4831468145A1075CC898
:1079F0005CC483572401E1172319F4008357040161
:107A0000E1172318F4001C4C3E85EFA04FB0A304EF
:107A10002501228541016FA02FAEEFA24FAC41118D
:107A2000AA842EC632C4EF100003004DB245224690
:107A3000834784000CC050C093F7F70393E7070413
:107A40002304F400231804002685EF00707E83478A
:107A50009400A9462317A40013D73700050733075E
:107A6000D7029D8B85072306F400A306E40083C795
:107A70000401D8488507230FF7FE17E7FF1F1307F8
:107A800027FE5843232A0400930744011DEB17E700
:107A9000FF1F2329F7FC17E7FF1F2323F7FC17E439
:107AA000FF1F130464FC2285EFF0A00B1C44858BA0
:107AB0005D8D09E581452285EFF0201541016FA01C
:107AC0004FA41CC317E7FF1F232EF7F8C9BFEFA26F
:107AD0000FA197050000938565C40145EFF0DFBE57
:107AE00001456FA00FA2EFA28F9FEFF01FBF6FA005
:107AF0004FA18347C500A1E7EFA26F9E2A840355DB
:107B0000E500EFF05FD215C98347840093F7F7FBD8
:107B10002304F4001C4091C7DC4381C74C4001455D
:107B20008297EFF09FC617E5FF1F1305E5F3EFF00F
:107B3000400F0355E400EFF07FD06FA08F9C828050
:107B4000EFA2EF9997E7FF1F938787F19705000052
:107B5000938525D217E5FF1F130505F123A0070024
:107B600023A20700EFE0507E6FA0AF991C4D91CB90
:107B7000DC4381CBEFA2AF968345070082976FA0CD
:107B80004F98828097E7FF1F938747F09C4303C578
:107B90000700828097E7FF1F938747EF9C4303C549
:107BA0001700828097E7FF1F938747EE9C4303C52A
:107BB0002700828097E7FF1F938747ED9C4303C50B
:107BC0004700828097E7FF1F938747EC9C4303C5DC
:107BD0003700828097E7FF1F938747EB9C4303C5DD
:107BE0005700828097E7FF1F938747EA9C4303C5AE
:107BF0006700828097E7FF1F938747E99C4303C58F
:107C00007700828097E7FF1F938747E89C4303C56F
:107C10008700828097E7FF1F938747E79C4303C550
:107C20009700828097E7FF1F938747E69C4303C531
:107C3000A700828097E7FF1F938747E59C4303C512
:107C4000B70011E11D45828097E7FF1F938707E486
:107C50009C4303C5C700828097E7FF1F938707E314
:107C60009C4303C5D700828097E7FF1F938707E2F5
:107C70009C4303C5E700828097E7FF1F938707E1D6
:107C80009C4303D50701828097E7FF1F938707E096
:107C90009C4303C52701828097E7FF1F938707DF77
:107CA0009C4303D54701828097E7FF1F938707DE38
:107CB0009C4303D56701828097E7FF1F938707DD09
:107CC0009C4303D58701828097E7FF1F938707DCDA
:107CD0009C4303C5A701828097E7FF1F938707DBBB
:107CE0009C4303C5B701828097E7FF1F938707DA9C
:107CF0009C4303C5C701828097E7FF1F938707D97D
:107D00009C4303C5D701828097E7FF1F938707D85D
:107D10009C438857828097E7FF1F938727D79C4310
:107D200003D5C702828097E7FF1F938727D69C431E
:107D300003D5E70219E11305800C828097E7FF1F46
:107D40009387C7D49C4303C50703828097E7FF1F2F
:107D50009387C7D39C43C85B828097E7FF1F9387B5
:107D600067D28843828097E7FF1F9387E7D18843D4
:107D7000828019E17D558280F5DE984265DFFDD96C
:107D800017E7FF1F130787F31847AA877155058B5D
:107D90006319072203C507001547E37DA7FC03C746
:107DA00037001305F0057D171377F70FE364E5FC43
:107DB00003C35700E30003FC83C86700E38C08FAA1
:107DC00003C77700494579171377F70FE364E5FA9E
:107DD00003C7A70011481305F7FF1375F50FE36BF1
:107DE000A8F803CE97000D481305FEFF1375F50F95
:107DF000E362A8F803C8B7006309080065181378A0
:107E0000F80F1305600DE36705F703C5C700794850
:107E100079151375F50FE36FA8F403C8D7000D4566
:107E20007D181378F80FE36705F503D80701930E63
:107E300040175118420813580801E3ED0EF303C828
:107E4000E7007D181378F80FE36605F303C82701F0
:107E50007D181378F80FE36F05F103C88700C54E4E
:107E600075181378F80FE3E70EF103D86701856EF4
:107E7000938EBEE06D18420813580801E3EC0EEF34
:107E800003D847016D18420813580801E3E40EEFC8
:107E900003D887017918420813580801E36C05EDEF
:107EA00003C8A7017D181378F80FE36505ED03C536
:107EB000B7011D487D151375F50FE36DA8EA03C5DD
:107EC000D701714879151375F50FE365A8EA03D555
:107ED000E7011308E00F7D1542054181E36CA8E836
:107EE00003C50702494879151375F50FE364A8E83F
:107EF000C85301C937C834005915130858BFE36B7C
:107F0000A8E603A8870237C53400130555BF5918E2
:107F1000E36205E717E5FF1F2328C5B603C6050181
:107F200017E5FF1F2324F5B60545E375C5E403D81F
:107F30002501D04933760603E31E06E203C6150188
:107F4000E30A06E217E6FF1F232EB6B283C5270019
:107F500001466387A50003C61700F1453306B60244
:107F600083C707039305C00272971A071307C70553
:107F700016031A9796084697B387B70241553E975E
:107F8000329742074183636EE802EF925FD53685F0
:107F9000EF60D06FEFD0B0212A84EF80B01D2A941B
:107FA000EFC090252A94EF7040072A94EFF0BF802D
:107FB0002A94EF2050632A94EF50406622956F90E8
:107FC0005FD48280EF92BFD14111A307A100EF805F
:107FD000801E9305F10017050000130565B9EFF049
:107FE000CFCC014541016F90DFD1EF92DFCC17E498
:107FF000FF1F1304A4CC0328840079599368180048
:1080000097E4FF1F23A014CD13781800631E080007
:10801000BA84BE89368B328A2E89AA8AEFE01FD6AF
:108020007D15269509E531594A856F905FCCEFE0C3
:10803000FFD47D152695A167E357F5FE97E7FF1F4F
:108040009387C7FE98433E8C814B11C70145EFC013
:10805000B03E933B15004A85DA865686D285EF708E
:1080600070372A8911CD1C44F99B17E7FF1F232B7A
:10807000F7C483270C00CDDBE3880BFA82976DB73A
:10808000268597E7FF1F23AD07C2EFE0FFCB4146F0
:10809000CE8517E5FF1F1305E5CBEF00A174EFA018
:1080A00070080325040BEFA0700A0545EFA07010BF
:1080B0000545EFF03FF18DBF97E7FF1F938707C09E
:1080C0009C47858BD5C7EF929FC117E5FF1F13050E
:1080D000A5C697E7FF1F23A307BE97E7FF1F23A1AE
:1080E00007BE97E7FF1F23AF07BCEFE09033EF40D9
:1080F000C002EFE0F00AEFE0700F97E7FF1F9387F1
:1081000067BA9C4381C70545EF60B03397E7FF1F0F
:10811000938707A39C4389C741657D15EF50A06BEA
:10812000EFC0703AEFA0F00097E7FF1F938707CEEC
:108130009C431397170163540700EFC0A04597E7CE
:10814000FF1F23A907C097E7FF1F23A707C097E7D3
:10815000FF1F23A507C097E7FF1F23A307C0EFF06A
:108160009F984923EFF0AFBBEFC080676F907FB956
:10817000828097E7FF1F938767B488438280EF92DE
:108180001FB6EF60B07EEF7080006F909FB7EF92E8
:108190007FB32A849304140201112E85B289A68527
:1081A000214636C63A89EF0081611DE1B2463808A2
:1081B0002686CE8513059404EF40604321462C08A3
:1081C0004A85EF00C15F1335150005616F90DFB27E
:1081D0000145E5BFEF92BFB09305450617E5FF1FC8
:1081E0001305058BEFE070226F90BFB1EF923FAFA8
:1081F00041112EC6EFF00FC0B24588C141016F900A
:108200005FB0EF923FACAA842E84EF605078AA89C9
:1082100085452285892D83C7E4011389940899E354
:1082200013890403CE8522853D2D2146930519022D
:108230002285192D97E7FF1F938747A88C43228536
:10824000EF00E0682146938584022285F52B6F902C
:10825000BFAAEF925FA63971EFC0E04E93054006CA
:1082600045EDEF60D06F630E051097E7FF1F83C7E2
:10827000E78313B7170097E6FF1F2389E6820144BF
:1082800089CFC16417E9FF1F130949A39309400E61
:10829000FD14EFF03F986348A408EFF0AFB54169D3
:1082A000B7290900096AFD7A2A8B81447D199389CF
:1082B000F97B130A0A71938A8AC7EFF0BF9563D5D9
:1082C000A4041304400EB387840217E7FF1F1307AB
:1082D000E79E0324070B3E948357C4016386270956
:1082E00018403307EB4063EAE90083474400850701
:1082F000B3874703D6976369F70601468145094569
:10830000EFF0CFE8AA8B29E1EF20105A8547631FD1
:10831000F50489659385057117D5FF1F130545770A
:10832000EFE0B00EA1A8B30734030327090BBA97F7
:1083300003D7C7016308970003C75700A38207004C
:108340002382E7000504B1B79305C5002285EFF04D
:108350005FEB5E85228697350100938565F0EFF02F
:10836000CFEB5E85EF00E06F850481BF97E7FF1FCD
:108370009387C7949C478D83858BC1FF21616F9044
:108380001F9701468545094502D002D202D402D684
:10839000EFF0CFDFAA847DD1EFC0203A1389C4006B
:1083A0002A8481454A85C1210C4041464A85692974
:1083B00083294400638809084E8502D802DA02DC6A
:1083C00002DEEF00816A2ACE141005462C08081838
:1083D0004ECCEF4060191375F50F2DE583558400E1
:1083E00093E525004A856D2911460C104A85A92977
:1083F000014697350100938525E72685EFF0EFE1EB
:108400002685EF0000665C40B5DB014685450D45DD
:10841000EFF0CFD7AA843DD148401389C400EF00C4
:10842000C1642AC64A85C5263246636AC5004C40E7
:108430004A851929014681452685EFF00FDE2685FC
:108440000D252DBF8355840071BFEF925F8997E79B
:10845000FF1F9387A7869C4719CD93E7870017D501
:10846000FF1F1305E56217E7FF1F232DF784EFE0D9
:1084700060786F901F89DD9B17E7FF1F2324F78427
:10848000EF2090427DF517D5FF1F13056560EFE0E3
:108490004079C5B7EF923F824169AA892E8AB28A94
:1084A000368BBA8B814417ECFF1F130C2C81930C75
:1084B000400E7D19EFF00FF663C4A40001442DA017
:1084C0003384940383270C0B3E948357C401638049
:1084D00027055A87D6865286CE8513050403EFF00A
:1084E0001FCB11C523800B0022856F905F808347CF
:1084F000F40191CF5A87D6865286CE85130594080B
:10850000EFF0FFC809C585472380FB00F1BF850454
:1085100055B783574500638D0716EF92AFFA0111E7
:108520002A84ED2619C58547630AF50405616F9015
:10853000AFFCEFC040217DF9835744004947ED9BD4
:10854000E396E7FEC14522854524AA842285F52EBF
:108550000357440002CE91472A896317F70022850A
:1085600039293C082ACC3ECEEFC0201D5C55DDDF0A
:1085700074084A86A685054582974DBF0357440077
:10858000D147E3F5E7FA032A0400C169014997DA04
:10859000FF1F938AAA72130B400EFD19EFF08FE7AD
:1085A0006344A90C2285032A04008D26A1452A894B
:1085B00022851D2CAA842285D92614402A86AA89C0
:1085C00078082685CA85EFF0FFECAA8425D103C779
:1085D000F40189476315F7008347C101A1DB5546C4
:1085E000D28513856400EF00E11F0145EF6010386C
:1085F00001C583D7C401B1EB97D7FF1F9387076CE1
:108600009C4793551900858913D73700058B11CBEB
:108610008983858B6397B70001452EC6EFF0FFE293
:10862000B2454E85EF60703C0346C1012A849375C4
:1086300019002685EF70703131C92685EF607037DB
:10864000268511C00145EF60D061EF20F0258547F8
:10865000E31EF5EC83C754001307F00FE388E7EC43
:108660008507A382F400D9B5B304690383A70A0B75
:10867000BE9483D7C401638937015546D2851385DB
:108680006400EF00C11371D1050909BF5DDC5DBF56
:108690008280EF922FE3EF60902C11CDC1640144F2
:1086A00017D9FF1F130989619309400EFD14EFF0DC
:1086B0006FD6634AA40017D5FF1F1305653DEFE091
:1086C00060536F906FE3330534038327090B3E95A6
:1086D0008357C5016386970023120500EF60702D54
:1086E0000504F1B797D7FF1F9387475D9C478D839C
:1086F000858B99EBEF92AFDE17D5FF1F1305453938
:10870000EFE020526F90EFDF8280EF924FDD970510
:108710000000938545B417D5FF1F13056537EFE0BB
:10872000A0426F900FDEEF928FDB8841B7E7040025
:10873000BC5B050542054181829709C58547230039
:10874000F50005056F90EFDB83C7F5FF2E858507E4
:10875000A38FF5FE828083C7F5FFFD1793F7F70F10
:10876000A38FF5FE99EBEF928FD7B7E70400BC57C4
:108770001385F5FF82976F90CFD882801C410357F5
:1087800045008D8FBA951CC12312B5003E858280AD
:1087900093D78500A2051441DD8D835745001387CB
:1087A000E6FF18C189072312F50013D68500411191
:1087B000238FB6FEA38FC6FE410182801841930726
:1087C000F7FF1CC18357450085072312F500A30F4F
:1087D000B7FE8280835745008D8F2312F5001C4120
:1087E000BE950CC12E858280AA8703D74700084119
:1087F0000D8FAA952392E7008CC38280184108450B
:108800003305A740828083574500035765001D8FBD
:108810001C4108453385A7403305A7408280EF926D
:108820000FCC41112EC62A84EFF0FFFDB2456373D1
:10883000B50001A0835744000840BE952312B40040
:108840003E9541016F90EFCBEF926FC941112E849D
:10885000B28532C6EFF0BFFC3246A285EFF09078C9
:1088600041016F900FCAEF928FC72E848545EFF0BC
:108870001FFB230085006F90CFC8EF924FC64111B8
:108880002317B1008945EFF09FF98347E1002300EA
:10889000F5008347F100A300F50041016F906FC61A
:1088A000EF92EFC393D78500A2054111DD8D231709
:1088B000B1008945EFF0BFF68347E1002300F500E2
:1088C0008347F100A300F50041016F908FC3EF9241
:1088D0000FC11397850193D78501C166938606F072
:1088E000D98F13D78500758FD98FA2053707FF0061
:1088F000F98D4111DD8D2EC69145EFF05FF26C00D0
:108900001146EFF0306E41016F90AFBFEF922FBD77
:108910001C41854503C40700EFF0DFEB22856F9013
:108920004FBEEF92CFBB1C414111894503C70700E1
:1089300083C717002307E100A307F100EFF09FE9C9
:108940000355E10041016F90CFBBEF924FB91C413D
:108950004111894503C7070083C717002307E100BA
:10896000A307F100EFF01FE78357E100410113D5A2
:108970008700A2075D8D420541816F908FB8EF920D
:108980000FB60C4141112A8411466800EFF0906542
:1089900091452285EFF01FE4B247C166938606F049
:1089A0001397870113D58701598D13D78700758FCA
:1089B000598DA2073707FF00F98F5D8D41016F9038
:1089C0004FB41C45BE950CC18280AE87944391E69E
:1089D000584101EF0CC15CC1828003C75700136787
:1089E0001700A382E700B687D5B70CC3EDB7AA87F7
:1089F000084119CD1841D44398C36313D500D8C397
:108A00002A87034657009376160081E62320070045
:108A10008280944381CA8C4203A847008CC363932D
:108A20000601CCC3799A14C3A302C7003687D1BF0D
:108A30001C45DC471D8DB777DBB6938777DB09854F
:108A40003305F502420541818280F147B385F50285
:108A500048452E9582808347450085072302F5000F
:108A60008280EF92CFA72A8419E06F908FA9834765
:108A70004400E5DFFD1793F7F70F2302F400F5F745
:108A80001C4403D7270005072391E700DC4399C363
:108A9000228582974C4889CD83475400898B99E77A
:108AA0001C4422859C479C439C478297232A0400B0
:108AB0000040232004004DBFEF926FA28357250092
:108AC00041112EC691E70144228541016F906FA3A9
:108AD000035705008147F146E307F7FEB385D70248
:108AE000404585072E948345440008C4F5F5B247F8
:108AF000AA8481E7232A040009A81C456C0022856A
:108B00009C439C43829748C85DDD85472312F4004F
:108B1000B24723200400231804002319F4005C4802
:108B20005CC483D72400FD172391F40071BFEF923A
:108B30000F9B97D7FF1F9387A7F78843232605002E
:108B4000232405004105EFE0C00D6F908F9BEF924D
:108B50000F9917D4FF1F1304A4F51C40411189CFAE
:108B60009C472300B5002AC65CC1EFF05FFC1C40A7
:108B7000DC4399C33245829741016F908F98034738
:108B800045001DEB584DAA877D550DCBEF922F95D3
:108B90001CC3DC4797D6FF1F23ACE6F0F156130544
:108BA00007012390D7009705000093858501EFD03A
:108BB000B07901456F90EF947D5582808280EF926D
:108BC0000F920111614681452800EF904F9497D78D
:108BD000FF1F9387E7ED9C4328009305F00FDC47C8
:108BE0003EC6EFF0DFF605616F90AF9197D7FF1F9C
:108BF000938707EC9C43D847A1679387C70263120A
:108C0000F70A397106DE22DC26DA80004AD84ED611
:108C100052D456D23285B284EFF05FCFAA8926852E
:108C2000EFF03FD02318A4FC2685EFF09FCF231947
:108C3000A4FC2685EFF0FFCE83D744000A8A231ACE
:108C4000A4FC858393F7F70F230EF4FC8607BD077A
:108C500093F7073F3301F1408A8A01498347C4FDF6
:108C60006365F902CE85130584FC232C54FDEFF0D7
:108C70001FEE5281130104FCF2506254D254425947
:108C8000B259225A925A216182802685EFF07FC91B
:108C900093171900D69705092390A7001379F90FA8
:108CA00075BF828097D7FF1F938787E09C43D84783
:108CB000A1679387A7026310F70A397106DE22DCE9
:108CC00026DA80004AD84ED652D456D23285B284A3
:108CD000EFF0DFC3AA892685EFF0BFC4FD57231844
:108CE000A4FC26852319F4FCEFF0BFC383D744000E
:108CF0000A8A231AA4FC858393F7F70F230EF4FC4A
:108D00008607BD0793F7073F3301F1408A8A01497F
:108D10008347C4FD6365F902CE85130584FC232CCB
:108D200054FDEFF0DFE25281130104FCF250625473
:108D3000D2544259B259225A925A216182802685D0
:108D4000EFF03FBE93171900D69705092390A700AF
:108D50001379F90F75BF828097D7FF1F938747D587
:108D60009C43D847A16789076318F708397106DE65
:108D700022DC26DA80004AD84ED652D456D232852A
:108D80003289EFF0BFB8AA894A85EFF09FB98357BF
:108D900049000A8A2318A4FC858393F7F70F230C54
:108DA000F4FC8607BD0793F7073F3301F1408A8A39
:108DB0008144834784FD63E5F402CE85130584FC7A
:108DC000232A54FDEFF0BFD85281130104FCF25066
:108DD0006254D2544259B259225A925A2161828025
:108DE0004A85EFF01FB493971400D697850423901B
:108DF000A70093F4F40F75BF828097D7FF1F938766
:108E000027CB9C43D847A1679387E7046312F70AEF
:108E1000397106DE22DC26DA80004AD84ED652D4DA
:108E200056D23285B284EFF07FAEAA892685EFF064
:108E30005FAF2318A4FC2685EFF0BFAE231AA4FC75
:108E40002685EFF01FAE83D744000A8A2319A4FCBD
:108E5000858393F7F70F230EF4FC8607BD0793F77E
:108E6000073F3301F1408A8A01498347C4FD6365A6
:108E7000F902CE85130584FC232C54FDEFF03FCD81
:108E80005281130104FCF2506254D2544259B25937
:108E9000225A925A216182802685EFF09FA893176B
:108EA0001900D69705092390A7001379F90F75BF0C
:108EB000828097D7FF1F9387A7BF9C43D847A1679E
:108EC0009387C7046310F70A397106DE22DC26DABD
:108ED00080004AD84ED652D456D23285B284EFF0B2
:108EE000FFA2AA892685EFF0DFA3FD572318A4FC73
:108EF0002685231AF4FCEFF0DFA283D744000A8A08
:108F00002319A4FC858393F7F70F230EF4FC86073F
:108F1000BD0793F7073F3301F1408A8A0149834730
:108F2000C4FD6365F902CE85130584FC232C54FD32
:108F3000EFF0FFC15281130104FCF2506254D2548D
:108F40004259B259225A925A216182802685EFF005
:108F50005F9D93171900D69705092390A7001379F1
:108F6000F90F75BF828097D7FF1F938767B49C4323
:108F7000D847A167DD07631BF702EF825FD67971DF
:108F800032853284EFF09F982AC62285EFF07F99D0
:108F90002311A1022285EFF07F97B2452300A102A1
:108FA0002808EFF0DFBA45616F80BFD5828097D780
:108FB000FF1F9387E7AF9C43D847A1679387870438
:108FC000631BF702EF82BFD1797132853284EFF0F3
:108FD000FF932AC62285EFF0DF942311A102228598
:108FE000EFF0DF92B2452300A1022808EFF03FB670
:108FF00045616F801FD1828097D7FF1F938747AB52
:109000009C43D847A1679387A704631CF700EF82AE
:109010001FCD011128008145EFF07FB305616F80FE
:109020005FCE828097D7FF1F938787A89C43D8473E
:10903000A167938757026311F702EF825FCA01119C
:109040003285EFF0BF8C2308A10081452800EFF0A6
:109050001FB005616F80FFCA828097D7FF1F93877B
:1090600027A59C43D847A1679387E702631FF702B0
:10907000EF82FFC6011132853284EFF09F8AAA8405
:109080002285EFF01F8A854719E52285EFF01F88BA
:109090004205B337A00028008145231891003ECA3D
:1090A000EFF0FFAA05616F80DFC5828097D7FF1FB1
:1090B000938707A09C43D8479947631FF704EF8223
:1090C0001FC2797132853284EFF05F842AC622850F
:1090D000EFF03F852310A1022285EFF03F832301AB
:1090E000A1022285EFF09F82A301A1022285EFF069
:1090F000FF812302A1022285EFF05F812313A102E9
:109100002285EFF0BF80B2452314A1022808EFF0BA
:109110001FA445616F80FFBE828097D7FF1F938792
:1091200027999C43D847A1679387C703631FF70418
:10913000EF82FFBA797132853284EFF02FFD2AC6B3
:109140002285EFF00FFE2310A1022285EFF06FFDC4
:109150002311A1022285EFF06FFB2302A1022285D9
:10916000EFF0CFFAA302A1022285EFF02FFA23033A
:10917000A1022285EFF08FF9B245A303A1022808CE
:10918000EFF0FF9C45616F80DFB78280EF823FB5D3
:1091900001112A84EFF08FF7AA842285EFF06FF88F
:1091A0002285EFF00FF8035744008D4763F5E70081
:1091B0002285EFF00FF72285EFF0AFF62800A685A5
:1091C000EFF0FF9805616F80DFB397D7FF1F93879C
:1091D000278E9C43D847A167FD076319F700EF82EC
:1091E0001FB03285EFF09FFA6F80BFB1828097D7B2
:1091F000FF1F9387E78B9C43D847A167E50763115F
:10920000F706EF82DFAD797132853284EFF00FF02F
:109210002AC62285EFF0EFF02285EFF08FF02310C1
:10922000A1022285EFF0EFEF520551812311A10237
:10923000228523020102EFF06FEDA302A102228535
:10924000EFF0CFEC2303A1022285EFF02FECB24523
:10925000A303A1022808EFF09F8F45616F807FAACA
:10926000828097D7FF1F9387A7849C43D847A16725
:109270009387E7036319F700EF827FA63285EFF04B
:10928000FFF06F801FA8828097D7FF1F93874782C8
:109290009C43D847A167938747046314F702EF8282
:1092A0001FA4797132853284EFF04FE62AC62285F9
:1092B000EFF02FE7B2452808EFF07F8945616F8016
:1092C0005FA4828097C7FF1F9387877E9C43D84700
:1092D000A167938787026316F702EF825FA0797117
:1092E00032853284EFF08FE22AC62285EFF00FE25A
:1092F000B2452300A1022808EFF07F8545616F8009
:109300005FA08280EF82BF9D0111EFF02FE0AA8560
:109310002800EFF0DF8305616F80BF9E97C7FF1FB6
:10932000938707799C43D847A167D1076319F70052
:10933000EF82FF9A3285EFF0FFFC6F809F9C828066
:1093400097C7FF1F9387C7769C43D847A167C50778
:109350006319F700EF82BF983285EFF0BFFA6F8094
:109360005F9A828097C7FF1F938787749C43D84773
:10937000A167B9076319F700EF827F963285EFF096
:109380007FF86F801F98828097C7FF1F938747726F
:109390009C43D847A167AD076319F700EF823F945C
:1093A0003285EFF03FF66F80DF95828097C7FF1F11
:1093B000938707709C43D84789476310F702EF8271
:1093C0001F920111328532C8EFF04FD4AA852800D0
:1093D000EFF0EFF705616F80DF92828097C7FF1F84
:1093E0009387076D9C43D847A1678D076317F702E2
:1093F000EF82FF8E011132853284EFF02FD11306F8
:109400006100AA844C002285EF20D00C2800A6859C
:10941000EFF0EFF305616F80DF8E828097C7FF1F4B
:10942000938747699C4381CBDC4391C7EF823F8B95
:1094300082976F801F8D8280EF827F8A79713C08CE
:10944000AE843ED2A165B7070A002A843ED44810F4
:109450003C08DD053ED636C432C63AC2EFD0BFAABC
:1094600012474810BA85EFF00FC032464810B28557
:10947000EFF0AFC0A2464810B685EFF0CFBE501057
:1094800001478146A6852285EFD07FC845616F8060
:109490005F87EF82DF8401117C000329C501AE8460
:1094A0003ECAA165B70707002A843ECC48087C0065
:1094B000C5053ECEEFD03FA58345D9004808EFF063
:1094C0008FBA500801478146A6852285EFD03FC458
:1094D00005616F801F83EF829F8083C7950093F79C
:1094E000F707A384F500EFF0DFFA6F809F81EF822A
:1094F0000FFF79713C08AE843ED2A165B707090021
:109500002A843ED448103C08938545043ED632C692
:1095100036C4EFD05F9FA2464810B685EFF0AFB4D7
:1095200032464810B285EFF04FB5501001478146E2
:10953000A6852285EFD0BFBD45616F808FFCEF828D
:109540000FFA83C7950041112A8493F7F707A38484
:10955000F50032852EC6EFF0CFBC85672AC4637C48
:10956000F500EF50B0402246B24509E91147814667
:109570002285EFF07FEC41016F80AFF80147834611
:10958000F501FDB7EF820FF401113C003ECAB707A9
:109590000A003ECC3C003ECE83C79500AA893285A6
:1095A00093F7F707A384F5002E84EFF08FB7856754
:1095B0006371F504A165AA84938585044808EFD0FA
:1095C0009F942685EF50903A2A891DE591454808D9
:1095D000EFF06FA9A6854808EFF02FAACA854808C2
:1095E000EFF06FA8014781465008A2854E85EFD065
:1095F0001FB205616F804FF081454808EFF0AFA6BC
:1096000003490902C1BFEF82EFEB79711C103ECA1A
:10961000B7070F003ECC404D1C10AA84AE89480805
:10962000994532C636893ECEEFD0FF8D3246480886
:10963000B285EFF04FA363040902A5454808EFF097
:109640000F9E2546CA85EFF0E01950080147814674
:10965000CE852685EFD0BFAB45616F80EFE983559E
:10966000C4024808EFF06FA10355E402814515C11B
:1096700085478545630FF500C167FD179305F00F1A
:109680006309F5007D15EF5020749305150093F5DF
:10969000F50F4808EFF02F9D834504034808EFF0CD
:1096A0008F9C834514034808EFF0EF9B83552403F8
:1096B0004808EFF08F9C835544034808EFF0EF9B78
:1096C00069B7EF82CFE183C795008146014693F7E2
:1096D000F707A384F500EFF01FF36F808FE2EF82AE
:1096E0000FE079713E841C103ECA2E89B7070F0027
:1096F000A1653ECCFD051C10AA84480842C03AC2B0
:109700003ECE36C432C6EFD01F8032464808B285FE
:10971000EFF06F95A2464808B685EFF00F96124716
:109720004808BA85EFF06F95024863040802914536
:109730004808EFF0CF8E1146A285EFF0A00A50083E
:1097400001478146CA852685EFD07F9C45616F80A1
:109750004FDB89454808EFF08F8C834704002300D6
:10976000F50083471400A300F500D1BFEF828FD529
:1097700083C7950001112A8A93F7F707A384F500A0
:109780003285AE8432C6EFF0CF9932462A893285CF
:10979000EFF0CF978567637FF900AA894A85EF507C
:1097A000F01C2A8419E9114781464A86A68552850C
:1097B000EFF09FC805616F802FD49387E9FF93F77F
:1097C000F70F0547E368F7FE8347F50195E78947FB
:1097D000E382F9FE8346F401528501474A86A68555
:1097E000EFF09FC5A167D90748083ECC230A0100C6
:1097F00002CEEFF0BFC27DBF639CE7008947639C48
:10980000F90093071020231FF500EF50901AD9B7E5
:109810000947E391E7FC8D47E39EF9FA2285EF5073
:10982000D03B97C7FF1F9387E7479C4399E797C7AC
:10983000FF1F9387E7309C4389C703D50400EF607F
:10984000300C231F04002285C9B7EF824FC90111D4
:109850003C003ECAB7070B003ECC3C003ECE83C75F
:1098600095002A89328593F7F707A384F500AE8423
:10987000EFF02F8B93170501C187635EF004A1659C
:109880002A849385E5024808EFD0EFE7A2854808CF
:10989000EFE0BFFE97C7FF1F9387872A9C439DEF8A
:1098A00001449375F40F4808EFE0FFFB93558440A3
:1098B00093F5F50F4808EFE01FFB9355044193F52E
:1098C000F50F4808EFE03FFA014781465008A685AA
:1098D0004A85EFD0DF8305616F80AFC24165854661
:1098E0000546A2857D15EF3070675DD95105EFD033
:1098F0004027130440063344850265B7EF822FBE2C
:109900000111B70706003EC683C7950021642A8966
:1099100093F7F707A384F500AE8428009305A40409
:109920000AC40AC8EFD02FDE300001478146A68561
:109930004A85EFD0CFFDEFE02FF8130494044808D8
:1099400022CC230A010002CEEFF05FAD05616F80EB
:109950004FBBEF822FB7C1642A89014497C9FF1F0B
:109960009389C935130A8002FD14EFE0AFAB63455C
:10997000A40001456F804FB8B307440303A7C90A89
:10998000BA9703D707006306970083D7270063843D
:1099900027010504D9BF0545F1BFEF82AFB22A8A7E
:1099A0002E8999C123A005008149814497CAFF1FD0
:1099B000938A8A10614BEFE02FAD63C5A4004E85FA
:1099C0006F808FB33384640383A70A003E94835768
:1099D000040099E763040900232089008504E1BF9E
:1099E0004146D28513054400EFE0705D65F9A28918
:1099F000F5B7EF822FAD39717C083ED4B7070A0066
:109A00003ED67C083ED883C795002A8A328593F7D4
:109A1000F707A384F5002E8932C6EFE09FF0856733
:109A20006373F5063246AA843285EFE03FEE854740
:109A3000AA8963EAA704A165938585042810EFD05D
:109A40008FCC2685EF5080722A8429E19145281019
:109A5000EFE07FE1A6852810EFE03FE2CE852810F9
:109A6000EFE07FE0014781463010CA855285EFD094
:109A70000FEAA1679387770448183EDC230A0102A6
:109A800002DEEFF0BF9921616F800FA7814528109A
:109A9000EFE07FDDA6852810EFE03FDE97C7FF1FD0
:109AA000938787589C4391C7228563870900EFB04D
:109AB000600C8345040265B7EFB0200BDDBFEF8279
:109AC0006FA083C795004111AA8993F7F707A38474
:109AD000F5003285AE84328AEFE0BFE48567637BB0
:109AE000F5022A89EF5080682A84914621C1834774
:109AF000F50105476383E70291C70D47636EF702DF
:109B0000AD462DA09305050303250A004146EFE06D
:109B1000104B1DE141016F802F9E93059508032591
:109B20000A004146EFE0B049814679F94A86A685A8
:109B30004E85EFF0DF9BF9BF83250A0013059408DB
:109B4000EF60600119C1C146D5B797C7FF1F938762
:109B500067159C4399E797C7FF1F938767FE9C4350
:109B600089C72285EF60A05479FD8547A30FF400D3
:109B70002285EF80B05D2285EF50A0634E8581463F
:109B80004A86A685EFF0BF96A167938757044800E1
:109B90003EC42302010002C6EFF05F88A5BFEF823A
:109BA0008F9183C795004111AA8993F7F707A38482
:109BB000F50032852E89B28AEFE0BFD685676370E3
:109BC000F50CAA84EF50805A2A841DE9416B014AA2
:109BD00097CBFF1F938B8B0E130C400E7D1B19A888
:109BE00033048A0383A70B0B3E948357C401638D10
:109BF0006703050AEFE00F82E344AAFE954639A801
:109C00008357C501639297029305050303A50A00D4
:109C10004146EFE0D03A994611E181462686CA8551
:109C20004E85EFF0DF8CA1A883A50A00130504037D
:109C3000EF507072C1467DF12285231E9400EF80A3
:109C4000F0502285EF50E05697C7FF1F9387C73D1E
:109C50009C438DCB230004022285EFA090614E85AA
:109C600081462686CA85EFF09F88A16793870704FF
:109C700048003EC42302010002C6EFF02FFA410162
:109C80006F80EF8689472300F402D1BF397106DE69
:109C900022DC4AD8800052D456D25AD026DA4ED688
:109CA0005ECE2E8A32892A8BEFD0DFF3060571054E
:109CB00041998A8A3301A140232224FC231404FC05
:109CC000EFD05FF283479A000605350593F7F70753
:109CD0002315A4FCA304FA004A85232624FCEFE004
:109CE0005FC493170501C1876340F00256811301D9
:109CF00004FCF2506254D2544259B259225A925A38
:109D0000025BF24B21618280AA844A85EFE07FC129
:109D1000AA894A85EFE0FFC0A1659385C5022A891B
:109D2000130544FCEFD02F9E2685EFD0AF938545D9
:109D300001C94A86CE85EFD06F8DAA8B15ED894576
:109D4000130544FCEFE03FB2A685130544FCEFE0A9
:109D5000DFB2CE85130544FCEFE03FB2CA851305A0
:109D600044FCEFE09FB101478146130644FCD285D5
:109D70005A85EFD0CFB99DBF8145130544FCEFE074
:109D80009FAEA685130544FCEFE03FAFCE851305DB
:109D900044FCEFE09FAECA85130544FCEFE0FFAD45
:109DA0008144EFD03FE4E3D0A4FC83A70B011397D9
:109DB0001400BA9783D5070089C5130544FCEFE06A
:109DC000DFAB8504F9BF797106D622D44AD00018DA
:109DD0004ECE52CC56CA26D25AC8AE893289AA8AE9
:109DE000EFD05FE00605690541990A8A3301A14079
:109DF000232A24FC231C04FCEFD0DFDE83C7990058
:109E000006052D0593F7F707231DA4FCA384F9008D
:109E10004A85232E24FCEFE0DFB093170501C187AC
:109E2000634FF0005281130104FDB250225492544A
:109E30000259F249624AD24A424B45618280AA8461
:109E40004A85EFE01FAEA1659385A5022A89130517
:109E500044FDEFD04F8B2685EFD0CF80854519C5C7
:109E6000CA85EFC0BFFD2A8B0DE98945130544FD66
:109E7000EFE07F9FA685130544FDEFE01FA0CA8594
:109E8000130544FDEFE07F9F01478146130644FD23
:109E9000CE855685EFD0AFA771B78145130544FD38
:109EA000EFE07F9CA685130544FDEFE01F9DCA856A
:109EB000130544FDEFE07F9C8144EFD0BFD2E3D592
:109EC000A4FC83270B0113971400BA9783D50700CE
:109ED00089C5130544FDEFE05F9A8504F9BFEF7271
:109EE0001FE083474500404DD5E7FD574DC08346F1
:109EF00094000947636DD7080346B400854663E8BC
:109F0000C6088306E40063C406085C45F95623903E
:109F1000D70097C7FF1F83C767BA99E3A304E4007C
:109F200097C7FF1F9387C7C19C4381E78947A30653
:109F3000F40097C7FF1F9387270F9C4381E789474A
:109F40002306F4009705000093854505AA841305B0
:109F50000401EFC0703FFD57231AF40281471CDC57
:109F6000014897C7FF1F23A787B497C7FF1F938791
:109F7000A7B4232E040304C08043EFD0FFD0614672
:109F80003306C50281452285EF707FD881473E8523
:109F90006F703FD7FD57E5BFEF727FD42A8403551A
:109FA0004502EF50A01C09E5231E04006F707FD509
:109FB0008357E401E5DF930504FF1715010013053E
:109FC0006564EFB01063DDB7EF727FD12E89A165B4
:109FD00041119385E5032A8436C432C6BE843AC251
:109FE000EFC07FF212472285BA85EFE0DF87324665
:109FF0002285B285EFE07F88A2462285B685EFE014
:10A00000DF87630D090091452285EFE05F811146EE
:10A01000A685EFE0207D41016F70BFCE8945228586
:10A02000EFE0EFFF83C704002300F50083C71400AF
:10A03000A300F500CDB7EF729FCA83C79500444DCA
:10A04000054793F7F707A384F5001C42411183C726
:10A050000700636DF7042E842A8985CC03C7D400DA
:10A060006309F70217C7FF1F130787AD184301CF16
:10A07000A386F400EF80902B83C7D40089E7416565
:10A080007D15EF30407583D72403918B99C3EFB0D2
:10A09000B0624A85A285EFF0CFBFA167C107480033
:10A0A0003EC42302010002C6EFF04FB741016F70BA
:10A0B0005FC5EF72DFC203D745008D47AA84411107
:10A0C0002E8432892E8563EDE700EFE09F85AA8517
:10A0D000230009002685EFC07FD641016F707FC243
:10A0E000EFE03F842AC62285EFE0BF83B245854773
:10A0F0002A862300F9002685EFC05FD1F9BF3971A8
:10A1000006DE22DC26DA80004ED652D456D24AD859
:10A110005AD05ECEAE89B284AA8AEFD0BFAB060514
:10A120001305250241990A8A3301A140232224FC08
:10A13000231404FCEFD01FAA83C7990006054D0520
:10A1400093F7F7072315A4FCA384F900268523269B
:10A1500024FCEFE00FFD93170501C1876340F00277
:10A160005281130104FCF2506254D2544259B25944
:10A17000225A925A025BF24B21618280AA8B03AB76
:10A180000400EFC03FCE35E983D744000149854440
:10A19000F11793B71700A301F4FC834734FCA165C2
:10A1A000BDC79385E504130544FCEFC0DFD5A68544
:10A1B000130544FCEFE02FEBDE85130544FCEFE0D4
:10A1C000CFEB834734FC114691E30946DA8513054A
:10A1D00044FCEFE06FE7814463080900416B7D1B9D
:10A1E000EFD05F9F63C8A40201478146130644FC79
:10A1F000CE855685EFC0BFF1A5B7A685130634FC02
:10A20000EFF03FEB933415002A89860479B79385E4
:10A21000C50451BF8327C90013971400BA9783D58B
:10A22000070063866501130544FCEFE00FE5850434
:10A2300045BFEF725FA879711C103EC4B7070F00CD
:10A240003EC61C103EC883C79500AA8A328593F784
:10A25000F707A384F500AE893284EFE08FEC931703
:10A260000501C1876350F0062A8A2285EFE06FEB73
:10A270002A895285032B0400EFC0DFBE39E58357DE
:10A28000440081440544F11793B71700A303F1007C
:10A2900083457100DA872287CA8652862800EFF04C
:10A2A000BFD2014781463000CE855685EFC03FE6DC
:10A2B000A1679387D70348083ECC230A810026CEA6
:10A2C000EFF0CF9545616F709FA2A28513067100D4
:10A2D000EFF03FDEAA84094445DD3544E30A55FB2F
:10A2E0004A85EFF00FE70D4445D50144EFD09F8E2E
:10A2F000634BA400C16B0144FD1BEFD0BF8D634EC7
:10A30000A400154471B7DC4413171400BA9783D71F
:10A310000700638127030504D1BFD84493171400B5
:10A32000BA9703D707006319770123902701268581
:10A33000EF80C0540144A9BF0504C1B7EF729F98D4
:10A3400083C7950041112A8A93F7F707A384F50084
:10A3500032852E893284EFE0CFDC93170501C18767
:10A36000635BF004AA892285EFE0AFDB2311A10033
:10A370004E85832A0400EFC0FFAE29E183574400D5
:10A3800085440144F11793B71700A300F100034877
:10A39000110003572100D6875285CE862686CA85AE
:10A3A000EFF0EFB3A167F10748003EC4230291002C
:10A3B00022C6EFF0AF8641016F701F94A28513068D
:10A3C0001100EFF01FCF2A84894471D183572100F7
:10A3D00011678544BA97C2071167C1831307F7EF66
:10A3E000E367F7FA97C7FF1F9387C78B9C4391C713
:10A3F000854513052100EF40300E8355210022854D
:10A400008144EFC09F9D41D5231005002285EF8038
:10A410008048B5BFEF723F8A83C7950041112A8BF0
:10A4200093F7F707A384F50032852E8A3284EFE094
:10A430004FCF93170501C1876359F004AA8A22857B
:10A44000EFE02FCE2A895685832B0400EFC09FA111
:10A4500021E18357440081440544F11793B7170065
:10A46000A301F10003483100DE875A854A87D6866A
:10A470002286D285EFF0AFA6A167ED0748003EC463
:10A480002302810026C6EFE07FF941016F703F860D
:10A49000A28513063100EFF0DFC1AA84094479D107
:10A4A0009167CA97C2071167C1831307F7EF054485
:10A4B000E36AF7FACA85EFC05F92014445F5814926
:10A4C000EFD04FF263DBA900984893971900BA9731
:10A4D00003D7070015E723902701EFD0AFF015440D
:10A4E000E382A9F82685EF80003B97B7FF1F93878B
:10A4F000677B9C430144BDD74A85EF4040769DB7BA
:10A5000085097DBFEF720FFC79713E847C083EC8DF
:10A510002E8AB7071400A1653ECAE5057C08AA8902
:10A52000080836C4428932C6BA8AC6843ECCEFC017
:10A530009F9DCA850808EFE00FB332460808B28530
:10A54000EFE0AFB3A246630E09029D450808EFE0B5
:10A550000FAD1D468145EF708FFB63870A0691455D
:10A560000808EFE0CFAB1146A685EFE0A027100862
:10A5700001478146D2854E85EFC07FB945616F7036
:10A58000AFF7B6850808EFE04FAF1C400808D84386
:10A590009355C701858912075183B205D98DEFE024
:10A5A000CFAD1C40080883C58700EFE0CFAB1C404F
:10A5B000080883C5A700EFE00FAB1C40080883C55F
:10A5C0009700EFE04FAA51BF89450808EFE02FA59B
:10A5D00083C704002300F50083C71400A300F5001F
:10A5E00079B7EF722FEE83C795004111AA8993F7CF
:10A5F000F707A384F5003285AE843284EFE06FB2B2
:10A6000093170501C1876357F0042A89032A0400C0
:10A61000EFC05F8519E9835744000548F11793B7E8
:10A620001700A307F100814621A81306F100A285B7
:10A63000EFF03FA81DC11C459DC383D647000148CC
:10A640000347F10093078500D2884A86A6854E8588
:10A65000EFF05FEB41016F702FEA0948E9B71D4841
:10A66000D9B7EF722FE665715C083EC4B7077B016E
:10A670003EC65C083EC883C795002A8A328593F798
:10A68000F707A384F500AE89EFE04FA88357E100F8
:10A69000C5C389452800EFC01F8781452800EFE02A
:10A6A0008F9CEFC0FF8B97C7FF1F9387E7979C4353
:10A6B00017B4FF1F03448440AA843334800099C335
:10A6C0001364240097B7FF1F938787479C4399C360
:10A6D0001364440097B7FF1F9387C75C9C4399C3DB
:10A6E0001364840083D5040028000149EFE0EF984B
:10A6F00083D524002800EFE04F9883D5440028003C
:10A70000EFE0AF97EFD00FC993150501C181280085
:10A71000EFE0AF96A2852800EFE02F969C44636C93
:10A72000F900014781463000CE855285EFC03F9E3B
:10A7300059616F706FDCDC441314490028003E94AB
:10A74000EFE06F8C834744000347540089070607F6
:10A75000BA978607E36EF5FC835524002800814AEA
:10A76000EFE0AF91834544002800EFE0CF8F8345B1
:10A7700054002800EFE02F8F8347440063C9FA009C
:10A78000814A8347540063CFFA00050941BF1C4446
:10A7900013975A002800BA9783D50700850AEFE07F
:10A7A000CF8DD9BF032BC40093975A0028003E9B3E
:10A7B00083552B00850AEFE04F8C83550B00280052
:10A7C000EFE0AF8B7DBFEF728FD15C4993E717004D
:10A7D0005CC9EF8020336F70CFD2EF724FD02E84E0
:10A7E0008145EFF08F9B05C183570500FD172310AE
:10A7F000F50009C4835725002310F400EFF0BFFCD7
:10A8000001456F700FD031456DDC23100400D5BFBA
:10A81000EF724FCB83C7950041112A8A93F7F70750
:10A82000A384F50032852E893284EFE08F8F931751
:10A830000501C187635EF004AA89C1452285EFD076
:10A84000BFFA2A8B4E85832A0400EFC0AFE121E5D1
:10A8500083574400231101000544F11793B71700F3
:10A86000A300F10081440348110003572100D6875B
:10A870005285CE862286CA85EFE07FE6A167938760
:10A88000170248003EC42302810026C6EFE01FB92C
:10A8900041016F706FC613061100A285EFF07F8132
:10A8A000AA8409E523110100094475BF930521001D
:10A8B0005A85EFF09FF2835721002A84CDD797B7AE
:10A8C000FF1F9387273E9C4391C7854513052100B1
:10A8D000EF4080408355210026853144EFC0EFCF03
:10A8E00059D1231005002685EF70F07A0144A5BFE9
:10A8F000EF72EFBE41112E896C00AA8402C6EFF000
:10A90000CF8909CD0357050005072310E500EFF0B7
:10A910009FEB81473E8541016F70AFBE324795473F
:10A9200075DBCA852685EF20D008C147E34405FEC4
:10A930003244854741462310F40083570900A68519
:10A94000130544002311F400EFD0D0692285C1B76C
:10A95000EF724FB783C795004111AA8A93F7F707A3
:10A96000A384F5003285AE893284EFD09FFB931724
:10A970000501C187635EF0042A8AC1452285EFD0B4
:10A98000BFE6AA845285032B0400EFC0AFCD21E5BA
:10A9900083574400231101008544F11793B7170032
:10A9A000A300F10001440348110003572100DA8796
:10A9B0005685D2862686CE85EFE07FD2A167938723
:10A9C000070248003EC42302910022C6EFE01FA503
:10A9D00041016F706FB2A28513061100EFF06FEDA9
:10A9E0002A8409E523110100894475BF2685930552
:10A9F0002100EFF0FFEFAA845DF583552100228549
:10AA0000EFC0AFBD4DF10149EFD0CF9D635DA9000F
:10AA1000184893171900BA9703D707001DE7035783
:10AA200021002390E700EFD0EF9B6302250397B747
:10AA3000FF1F938727279C4389C703552100EF40B9
:10AA400000222285EF703065B9BF050975BF9544B6
:10AA500099BF05C19307F00F630FF500C547630C5D
:10AA6000F5009307F5FF05453315F50042054181D3
:10AA700082800145828041657D158280B9E1EF7257
:10AA80000FA6034506033284EFF0BFFC9305803E1A
:10AA9000B305B502C205C18191C90357E4028547D8
:10AAA00063F6E70013050401EFC020168357E402A4
:10AAB00041677D176385E700FD172317F4026F7068
:10AAC0004FA48280EF722F9F004283C79500444DB0
:10AAD0000349140093F7F707A384F50083470400A4
:10AAE000220911673369F900A167B347F9004111E1
:10AAF0002A8BAE8A63ECE70C834724001307C00E51
:10AB0000B91793F7F70F6371F70E03473400C14786
:10AB100063ECE70C834744001307E00793C707087B
:10AB20006373F70A8349840083477400A209B3E979
:10AB3000F900856763F9F908034A64008347540004
:10AB40004E85220A336AFA00EF40406245C12396DF
:10AB50002403834B3400137AFA00239A34032388A6
:10AB600074032399440393890401631A090023A6FB
:10AB70000402239804024E85EFC0A00A1DA00349D9
:10AB800024004A85EFF0FFEC2397A402834744009A
:10AB90004E85A388F402E3810BFEE30F09FCEFC0AE
:10ABA0006005EF70907981460146D6855A85EFE0C1
:10ABB0009FA5A167938797033EC423020100480025
:10ABC00002C6EFE0BF8541016F706F928544A28697
:10ABD0002686D6855A85EFE01FA3A1679387970342
:10ABE0003EC423029100E1BFBD44D5B79144C5B72F
:10ABF000EF724F8D01111C08404D3EC2B7070F0088
:10AC00003EC41C083EC62A89AE89EFC01F9D585C11
:10AC10001C5C634CB70A6394E50063E8A70A3385BC
:10AC2000A740B3B7A700B305B7401306803E8146DF
:10AC30009D8DEFD0407B93140501C180A165938564
:10AC4000C5034800EFC02FAC81454800EFD0BFC11D
:10AC5000835504044800EFD05FC2835524044800A4
:10AC6000EFD0BFC1814599C8C167FD179305F00FAB
:10AC70006386F4002685EF402015AA854800EFD0B2
:10AC80009FBE03554404814511C9C167FD17930553
:10AC9000F00F6305F500EF402013AA854800EFD0C0
:10ACA0009FBC834564044800EFD0FFBB8345740418
:10ACB0004800EFD05FBB500001478146CE854A85F2
:10ACC000EFC0EFC405616F702F83814485BFEF72C1
:10ACD0000F8183C7950093F7F707A384F500EFF082
:10ACE0003FF16F700F82EF62FFFD83C79500411146
:10ACF000404D93F7F707A384F5002A8A3285B28482
:10AD0000AE89EFD01FC22A8B2685EFD09FC12A893A
:10AD10002685EFD0BFBF93170B0163CA0702E17707
:10AD2000CA97C207C183116763E3E702930709105B
:10AD3000C207C1831307B00F637BF70093170901A4
:10AD4000C187AA8A6348F000C54763FA57014101E9
:10AD50006F609FFAEFC08F83E31B25FFF5B7630693
:10AD60000B0263040902814463870A02B7077F006C
:10AD700023106405231124057CC05685EFF07FCD98
:10AD80009304803EB304950239A0B7077F002320C7
:10AD900004047CC0814403552404EFB0101095CC0A
:10ADA000EFC0BF83269593D7F44133379500AE9714
:10ADB000BA9708DC5CDCCE855285EFF07FE399E042
:10ADC00023220404A1679387B70348003EC42302EB
:10ADD000010002C6EFE08FE49DBF814701481CDC03
:10ADE000232E0403C9BFEF629FEFEFC0FFE9E147E5
:10ADF0003305F5029145EF30507FE55711C597B700
:10AE0000FF1F23ABA7CA81473E856F609FEF854731
:10AE100017B7FF1F2304F7CA8280EF625FEC97B772
:10AE2000FF1F938727C980432DC083570404639E67
:10AE3000A70483572404639AB7043689B284EFC009
:10AE4000CFF95C5C63C3B7046395B7001C5C63EE29
:10AE5000A7028347640463F3F400A6872303F40482
:10AE60008347740463F39700A687A303F40483570E
:10AE7000440441677D176385E70085072312F404C6
:10AE80003C4481C7CA85268582976F609FE797B744
:10AE9000FF1F938727C29C43014599C303C58700C1
:10AEA0008280EF62DFE30111B70707003EC683C768
:10AEB0009500584D0AC493F7F7070AC8A384F50014
:10AEC0002A89AE8401CB1C4283C707002304F70004
:10AED000EF70D0452164930554022800EFC0AF8283
:10AEE000EFF0FFFAAA852800EFD0FF973000014766
:10AEF0008146A6854A85EFC08FA113044402480805
:10AF000022CC230A010002CEEFE04FD105616F6031
:10AF10005FDFEF62DFDC01117C003ECAB70707008C
:10AF20003ECC7C003ECE83C795002E84AA8493F746
:10AF3000F707A384F500A165938555024808EFB093
:10AF40009FFCEFF0DFF4AA854808EFD0DF915008AE
:10AF500001478146A2852685EFC06F9B05616F6022
:10AF60005FDA97B7FF1F9387E7B49C43094599C3FE
:10AF700003C59700828097B7FF1F9387A7B39C43B1
:10AF8000094599C303C5D700828097B7FF1F9387F0
:10AF900067B29C43014599C303C5A7008280EF6255
:10AFA0007FD20111B70708003EC683C79500404D08
:10AFB0000AC493F7F7070AC8A384F5002A89AE8468
:10AFC00029C01442854703C7060063EEE70683479E
:10AFD000940009468149638EC700B307F740A30474
:10AFE000E400B339F00083C716002305F400EF70C6
:10AFF000F03303572403058B09C763840900EFA0CE
:10B00000B06B2164930584022800EFB0DFEFEFF00E
:10B010005FF5AA852800EFD01F85EFF01FF7AA85FE
:10B020002800EFD05F84014781463000A6854A851D
:10B03000EFC0EF8D13047402480822CC230A0100EC
:10B0400002CEEFE0AFBD05616F601FCBEF623FC97D
:10B0500001117C003ECAB70708003ECC7C003ECE02
:10B0600083C795002E84AA8493F7F707A384F5007D
:10B07000A165938585024808EFB0FFE8EFF07FEE09
:10B08000AA854808EFD02FFEEFF03FF0AA854808C8
:10B09000EFD06FFD500801478146A2852685EFC09D
:10B0A0000F8705616F60FFC597B7FF1F938787A064
:10B0B0009C43014599C303C5B7008280EF623FC23C
:10B0C0000111B70707003EC683C79500404D0AC46B
:10B0D00093F7F7070AC8A384F5002A89AE8405C44C
:10B0E0001C42054783C70700636AF7040347B4009F
:10B0F000630BF700A305F400EF7050238347B400FF
:10B10000A9C3EFD00FD921649305B4002800EFB094
:10B110009FDFEFF07FF9AA852800EFD0CFF4014739
:10B1200081463000A6854A85EFB07FFE2904480895
:10B1300022CC230A010002CEEFE04FAE05616F6022
:10B140005FBCEFD02FDAC1B7EF627FB901117C008D
:10B150003ECAB70707003ECC7C003ECE83C79500B1
:10B160002E84AA8493F7F707A384F500A165AD05A3
:10B170004808EFB05FD9EFF03FF3AA854808EFD059
:10B180008FEE500801478146A2852685EFB03FF833
:10B1900005616F601FB797B7FF1F9387A7919C4307
:10B1A000094599C303C5C7008280EF625FB30111EF
:10B1B0007C00AE843ECAA165B70707002A843ECC56
:10B1C000D1057C0048083ECEEFB0FFD3EFF0BFFCC6
:10B1D000AA854808EFD02FE9500801478146A68587
:10B1E0002285EFB0DFF205616F60BFB1EF623FAF64
:10B1F00083C7950093F7F707A384F500EFF0FFFAF4
:10B200006F603FB0EF621FAC83C795000329C50193
:10B21000411193F7F707A384F5001C4283C9070087
:10B22000854763EC370597B7FF1F9387E7DF9C439C
:10B230002E84AA8495C7EFF01FF689476302F502B2
:10B24000630009028347C900638C37012306390173
:10B25000EF70D00D83572903898B99C3EFA0D04598
:10B260002685A285EFF07FF4A167CD0748003EC494
:10B270002302010002C6EFE06F9A41016F60DFA771
:10B2800097B7FF1F938707839C431D4599C303C549
:10B29000E7008280EF62BFA40111B70707003EC636
:10B2A00083C79500584D0AC493F7F7070AC8A384CB
:10B2B000F5002A89AE8405C71C4283C70700939610
:10B2C0008701E18663C8060485466385D704834603
:10B2D000E7006386F6002307F700EF70300521646E
:10B2E0009305E4002800EFB01FC2EFF07FF9AA85B4
:10B2F0002800EFD04FD7014781463000A6854A8508
:10B30000EFB0FFE03504480822CC230A010002CE4A
:10B31000EFE0CF9005616F60DF9EEF625F9C0111EF
:10B320007C003ECAB70707003ECC7C003ECE83C7F8
:10B3300095002E84AA8493F7F707A384F500A165EE
:10B34000B9054808EFB03FBCEFF09FF3AA85480865
:10B35000EFD06FD1500801478146A2852685EFB016
:10B360001FDB05616F60FF99EF62DF95AA840144DE
:10B3700017A9FF1F13094974E149EFC0FF90634407
:10B38000A400014519A833053403832709003E951D
:10B39000835725006395970011056F60FF9505049D
:10B3A000E9BF032E850063040E1017B3FF1F1303BC
:10B3B000638F03230300631503002943639A060E7A
:10B3C00003234E01631503001D436393070EEF62D1
:10B3D0009F8EC689428A3E89BA8AB684328BAE8BEA
:10B3E0002A84A1E903554E0009E501431A856F60DF
:10B3F0001F90A167A98F116763F7E700EFF0DFF6F1
:10B400008145EFF08FBD0844B70700E05841F98F40
:10B4100018455CC1B707001FF98F1CC55C4981C77F
:10B420006105EFB01000E38209FC2285EF70606EC9
:10B430006DBF3285EFA0E0620D434DD91C4411670A
:10B4400003D54700A167A98F63F7E700EFF0DFF1AD
:10B450008145EFF08FB80323840093164B01D1820E
:10B460008347B300035663008588FD8BA305F30073
:10B47000FD777D8E558EFD76FD16B204F18E832705
:10B480004301C58E231273012313D30023045301F8
:10B4900023052301A3044301D9D72285EFB07FBB45
:10B4A000AA850844B5DD6105EFB02076ADBF1D4328
:10B4B0001A858280EF621F810569AA84AE89328A6B
:10B4C0000144FD5A7D19EFC0EFF06345A40001452A
:10B4D0006F609F82D84493171400BA9703D7070070
:10B4E000631B37032390570163050A002685EF701D
:10B4F000E0389C448DC383D76700B3F72701639C72
:10B500003701D2880148814701478146014681457C
:10B510002685EFF01FE905047DB7EF62AFFA797178
:10B520001C103EC4B7070F003EC61C103EC883C7A0
:10B530009500AA8A328593F7F707A384F5002E8930
:10B540003284EFD00FBE93170501C1876350F00618
:10B55000AA892285EFD0EFBC2A8A4E85032B0400EE
:10B56000EFB05F9039E58357440081440544F117FB
:10B5700093B71700A303F10083457100DA87228790
:10B58000D2864E862800EFE03FA401478146300076
:10B59000CA855685EFB0BFB7A1679387F703480800
:10B5A0003ECC230A810026CEEFD05FE745616F6075
:10B5B000AFF4A28513067100EFE0BFAFAA8409447F
:10B5C00045DD5285EFE0EFB80D445DD50546D285E7
:10B5D0002685EFF03FEE2A8445B7EF624FF08355A2
:10B5E00007000346270041112A842E8532C62EC447
:10B5F000EFE02FB611C53246A2452285EFF09FEB52
:10B6000041016F600FF0EF620FEB83C795004111AE
:10B61000AA8A93F7F707A384F5003285AE893284AE
:10B62000EFD02FB093170501C1876357F008C145CC
:10B630002A8A2285EFD04F9B2A8D2285EFD06FAECC
:10B640002A892285EFD08FAC930705F893F7F70F7F
:10B650001307E007AA8B6371F7062285EFD00FABC3
:10B660002A8C2285EFD08FAAAA8C5285032B040046
:10B67000EFB04FFF29E583574400231101008144B7
:10B68000F11793B71700A300F10005440347110019
:10B6900083562100938784005685DA882288528653
:10B6A000CE85EFE03FE6A167E90748003EC42302EC
:10B6B000810026C6EFD09FD641016F604FE313068D
:10B6C0001100A285EFE0FF9EAA8409E52311010085
:10B6D00009446DBF930521006A85EFF06FA12A84AC
:10B6E00055F5835521009356C90013164901854825
:10B6F0006688E2875E87858A51822685EFF07FCA59
:10B700002A8469B7EF622FDB83C7950041112A8B2A
:10B7100093F7F707A384F5003285AE893284EFD022
:10B720004FA093170501C1876352F0082A8A22852A
:10B73000EFD02F9FAA8A2285EFD0AF9E2A8922853B
:10B74000EFD0CF9C930705F893F7F70F1307E007A7
:10B750002A8C637DF7042285EFD04F9BAA8C22852B
:10B76000EFD0CF9A2A8D5285832B0400EFB08FEF54
:10B7700029E18357440085440144F11793B717002A
:10B78000A301F10003473100930784005A85DE8846
:10B790002688D6865286CE85EFE0DFD68D474800D4
:10B7A0003EC42302910022C6EFD05FC741016F6003
:10B7B0000FD4A28513063100EFE0BF8F2A8489449D
:10B7C00071D19356C9001316490185486A88E687E6
:10B7D0006287858A5182D685EFF0BFBCAA845DB7A7
:10B7E000EF624FCE2A8981440144617A916A17AB96
:10B7F000FF1F130B2B4BEFC0EFBE63C5A4002285C8
:10B800006F608FCF8327090093991400CE9703D5DB
:10B81000070033074501420741836362570311CD97
:10B8200003270B0009C785453E85EF30E04A832793
:10B8300009000504CE972390070085046DBFEFF043
:10B84000BFB2832709000504CE972390070075D562
:10B850008145EFE09FF8D5B7EF62CFC683C795006B
:10B8600041112A8A93F7F707A384F50032852E89C0
:10B870003284EFD00F8B93170501C1876354F00416
:10B88000AA89832A0400EFB0EFDD21E18357440049
:10B8900085440144F11793B71700A301F100034851
:10B8A0003100D68752850147CE862686CA85EFD0DD
:10B8B0001FE3A167F50748003EC42302910022C69A
:10B8C000EFD0DFB541016F602FC3A28513063100B1
:10B8D000EFE02FFE2A84894479D197A7FF1F938731
:10B8E000673C9C4381CB0449EFC0CFAFAA85268536
:10B8F000EF30803E13050401EFF09FEE2285EF60EC
:10B900009079814469BFEF620FBB83C795004111F5
:10B91000AA8A93F7F707A384F5003285AE893284AB
:10B9200023110100EFC0FFFF93170501C187635C7E
:10B93000F0042A8AC1452285EFC01FEBAA8B5285ED
:10B94000032B0400EFB00FD231E18357440085444C
:10B950000144F11793B71700A300F1000348110049
:10B9600003572100DA875685D2862686CE85EFD00A
:10B970001FD7A1679387270248003EC42302910086
:10B9800022C6EFD0BFA941016F606FB6A285130632
:10B990001100EFE00FF22A84894469D197A7FF1FB5
:10B9A0009387473098433E8901CB0449EFC08FA36A
:10B9B000AA852685EF30403213050401EFF05FE2DF
:10B9C000EFC04FA2954459D9930521005E85EFE061
:10B9D0003FF2AA8441F51C48035721002285239099
:10B9E000E700EF60506B83270900ADDB03552100B2
:10B9F000EF30E026A5B7EF620FAC83C79500411189
:10BA0000AA8A93F7F707A384F5003285AE893284BA
:10BA1000EFC03FF193170501C1876359F0042A8AEB
:10BA20002285EFC01FF02A895285032B0400EFB056
:10BA30006FC321E18357440085440144F11793B754
:10BA40001700A301F10003483100DA8756854A87C1
:10BA5000D2862686CE85EFD09FC8A167F907480019
:10BA60003EC42302910022C6EFD05F9B41016F606C
:10BA70000FA8A28513063100EFE0AFE32A848944C2
:10BA800079D19167CA97C2071167C1831307F7EF8E
:10BA90008544E36AF7FA97A7FF1F9387A720984387
:10BAA000BE8B01CB0449EFC0EF93AA852685EF300A
:10BAB000A02213050401EFF0BFD2EFC0AF9295446E
:10BAC00059D11C482285814423902701EF60B05C46
:10BAD00083A70B00ADDB4A85EF306018ADB7EF628E
:10BAE0000FA02A844105B284EFF09FCF01C52285C3
:10BAF000EF60705A81460146A6852285EF70C00B23
:10BB00001C4C89C7DC4799C3228582976F606F9F61
:10BB100097A7FF1F938707FA9C43014599C3138595
:10BB20000701828097A7FF1F9387C7F88843828009
:10BB3000EF62EF9A9317C600DD8DC2054111C181F6
:10BB40002A8432C6EFC07FD3324622851182937594
:10BB5000F60FEFC05FD141016F60AF9AEF628F9631
:10BB600079713C083ED2B7070C003ED43C083ED663
:10BB700083C79500AE842A8993F7F707A384F5005D
:10BB8000A165938535044810EFB0EFB7C165FD1589
:10BB9000014417AAFF1F130A6A12930A400EAE89C6
:10BBA0002E8B2EC6EFC00F874205931704014181EB
:10BBB000C183B24563E3A702C167FD176385F50042
:10BBC0004810EFC09FCB501001478146A6854A859B
:10BBD000EFB0EFD345616F602F9233075403832793
:10BBE0000A0BBA9703D6C70163083601638835018B
:10BBF0004810EFF0FFF3DA85050465B7B285EDBFB5
:10BC0000EF626F8B79717C083EC8B70711003ECA9E
:10BC10007C083ECC83C79500AA89328593F7F70745
:10BC2000A384F5002E89EFC0DFCF8567637EF50220
:10BC3000A165AA8489050808EFB0EFAC2685EF302E
:10BC4000E052133415000A04A2850808EFC0BFC1F2
:10BC5000A6850808EFC07FC235C00147814610089D
:10BC6000CA854E85EFB0AFCA45616F604F88B30794
:10BC700054030327CA0ABA9703D70700631A970029
:10BC800003D62700638A65030808EFF07FEADE85A4
:10BC900005042EC6EFB01FF9420593170401418138
:10BCA000C183B245E3E5A7FCC167FD17E387F5FA59
:10BCB0000808EFC09FBC55B7B285D9BFC165FD1557
:10BCC000014417AAFF1F130A6AFF930A80022E8BF2
:10BCD000AE8BC1B7EF62AF80184183471700834630
:10BCE0000700A207D58FD207D1832390F5008347A1
:10BCF0002700034717008D45A207D98F9183231092
:10BD0000F600EFC03FAD6F50DFFFEF52BFFBC164E5
:10BD1000014417A9FF1F130969FA93098002FD1452
:10BD2000EFB05FF06345A40001456F50FFFC3305A1
:10BD300034038327C90A3E9583570500E38797FE9E
:10BD40000504F9BFEF521FF82A8AAE89B284B68A79
:10BD5000EF30C04109E591473E856F50FFF92A89D0
:10BD60004E85EF9010502A84638A0A048D476DD562
:10BD700003570500C547E31147FF0347F90185460F
:10BD8000AD47E31BD7FC8347450091CB4146A685D1
:10BD90005D05EFC0D022814761D1AD4775BF130962
:10BDA00065012302E500CA852685EF10202D15CDFB
:10BDB000A547E3830AFA2302040079BF11CD835714
:10BDC0000500E39A47F94146A6851905EFC0301FE3
:10BDD000814759D1994749B74E85EFF01FF32A841F
:10BDE00095473DD9130955007DBF4146A6852310CF
:10BDF00044012311340113051900EFC0B01E228540
:10BE0000EF60B03C814789BFEF527FED79717C00D4
:10BE10003ECCB7070A003ECE7C003ED083C79500DB
:10BE2000B2842E8493F7F707A384F5001306A100CC
:10BE30002A892C002685EFF0FFE9A16528088D05E9
:10BE4000EFB06F8C90408355A1000355810085466B
:10BE5000EFF05FEFAA84AA852808EFC0DFA00356A1
:10BE6000A100835581002808EFF09FCC30080147DE
:10BE70008146A2854A85EFB08FA9854748103ED4F8
:10BE80002302910202D6EFD06FD945616F507FE750
:10BE9000EF52FFE479717C003ECCB7070A003ECE3A
:10BEA0007C003ED083C79500B2842E8493F7F707B9
:10BEB000A384F5001306A1002A892C002685EFF043
:10BEC0007FE1A16528088D05EFB0EF839040835591
:10BED000A100035581008146EFF0DFE6AA84AA8520
:10BEE0002808EFC05F980356A100835581002808F9
:10BEF000EFF01FC4300801478146A2854A85EFB0A4
:10BF00000FA148102302910202D402D6EFD00FD124
:10BF100045616F501FDFEF529FDCEFF0BFE26F50C3
:10BF20005FDE97A7FF1F938727B988438280EF5270
:10BF30001FDB835725004111AE842A842307B100FB
:10BF400017F5FFFF1305A5696C002316F100EFB08C
:10BF5000CFD581C42285EF60B02DFD572310F400AA
:10BF600013062002814513055400EF505FDA4101AA
:10BF70006F503FD9EF521FD579717C003ECCB70787
:10BF80000A003ECE7C003ED083C79500AA89AE84CD
:10BF900093F7F7073285A384F5001306A1002C0060
:10BFA000EFF05FD3035581001144EF30201C15C121
:10BFB0000355A1000144EF90D02A01CD035705009D
:10BFC0008357810045446316F7008545EFF03FF63F
:10BFD00001442169930539002808EFA0DFF2A2850A
:10BFE0002808EFC05F880356A10083558100280808
:10BFF000EFF01FB4300801478146A6854E85EFB0AB
:10C000000F9148104AD42302810202D6EFD00FC10B
:10C0100045616F507FCEEF52FFCA97A7FF1F9387EE
:10C0200067A92A8488432E8915C10357450383577E
:10C03000C401631DF70023260502231805024105EC
:10C04000EFA0303E63040900EF60302F814497A9D0
:10C05000FF1F9389A9C6130A8002EFB0BFBC63CC4F
:10C06000A40297A7FF1F9387A7AD9C4389C70355D9
:10C07000C401EF104076630509002285EF6050038C
:10C080001306400E81452285EF507FC8FD57231EC1
:10C09000F4006F507FC63385440383A7C90A3E95D9
:10C0A000035705008357C4016315F700CA85EFF0F5
:10C0B0001FE885045DB7EF52FFC083C795004111AB
:10C0C000AA8993F7F707A384F5003285AE84EFC001
:10C0D0005F8585676370F5042A89EF302009014484
:10C0E00011C983D704003144638627018545EFF0E9
:10C0F0009FF201444E85A2864A86A685EFD02FBFC7
:10C10000A1679387170448003EC42302810002C63A
:10C11000EFD0CFB041016F503FBEEF52BFBA97A7EB
:10C12000FF1F9387279980431DCC0145EFA0E05660
:10C1300081470148C1641CDC232E0403232004042E
:10C1400017A9FF1F130989B701449309400EFD1475
:10C15000EFB05FAC634BA4008145170500001305E9
:10C160004598EFB08FB46F503FB933053403832740
:10C17000090B3E958357C501638597008545EFF010
:10C180009FE90504F1B79357050113D78700A380F2
:10C19000F50093170501C183A1832380E500238166
:10C1A000F500A381A5008280EF527FB32300050034
:10C1B00083C71500A300F50083C725002301F50000
:10C1C00083C73500A301F50083C745002302F500AE
:10C1D00083C75500A302F50083C76500930595004A
:10C1E000A30305002303F500230405003285EFF0C7
:10C1F0009FF96F501FB1EF52FFAC4111E9541DC9B7
:10C2000095C993F9C5FF2E842A89AA84338AA90087
:10C21000B7EA040063149A020D88854401CCB7E79D
:10C2200004009C5F82972AC622866C003305390180
:10C23000EFC0405B268541016F501FAC83A78A0386
:10C240009104829793170501C183A183A38EF4FE05
:10C2500093570501238FF4FEA183238EA4FEA38FA1
:10C26000F4FE4DBF63E0D502EF527FA7B2874111C4
:10C270003686BE8536C6EFC0E056B24641013685E9
:10C280006F503FA8814636858280838705001387DB
:10C29000F5003D05FD8793F77708834607007D1578
:10C2A0008606B58FA300F5006307B7007D178347A7
:10C2B00017009D83DDB78280EF527FA2B7E70400AD
:10C2C00083A7070932872A863A8582971335150096
:10C2D0006F503FA301CD814799C9EF525FA04146FE
:10C2E000EFC0405085473E856F50BFA181473E85D6
:10C2F00082801DC5EF52BF9E414681452A84EF5082
:10C300001FA14146814513050403EF505FA001477B
:10C31000C1672322040438C87CC805456F507F9E3E
:10C3200001458280814729CDA1CDEF525F9BB28428
:10C330002E891306800581452A84EF505F9DCA85AA
:10C3400024C42685EFF01FF9414681452285EF5030
:10C350001F9C3044A2852285EFF01FF69304040150
:10C36000A2852685EFF07FF2A68513050402EFF083
:10C37000DFF12285EFF0FFF785473E856F507F980C
:10C380003E858280EF521F944111E9541DC995C921
:10C3900093F9C5FF2E842A89AA84338AA900B7EAB3
:10C3A0000400639444030D88814401CCB7E7040082
:10C3B0009C5F82972AC622866C0033053901EFC044
:10C3C0006042268541016F503F9383A78A03910401
:10C3D000829793170501C183A183A38EF4FE93571F
:10C3E0000501238FF4FEA183238EA4FEA38FF4FE08
:10C3F0004DBF71CDEF521F8DB28401E605456F50E0
:10C40000BF8F2A842E890145FDD93C487848B3E680
:10C41000E700F5D69386F7FFB3B7F6007D17032A3A
:10C420004404BA9734C87CC8630F0A04C149130591
:10C430000A03B38949412295637B3601B2862E8671
:10C44000A685EFF03FE27C40BE9464C045BFCE8637
:10C450002E86CE85EFF01FE1C114D2944E9923228F
:10C460000404A2879306040103C7070003C6070359
:10C470008507318FA38FE7FEE398F6FE3044A2854F
:10C480002285EFF07FE32699C1493306994063EA9C
:10C490009900ADD4A686A68513050403EFF09FDCB2
:10C4A0006DB78147B306F4003307F6000347070072
:10C4B00083C5060085072D8F2380E600E39437FFB0
:10C4C0003044A2852285EFF03FDFC1147DBF0145D6
:10C4D000828019C9EF52BF80130680058145EF5055
:10C4E0001F8305456F50FF810145828081473DC90B
:10C4F000B5C9EF52CFFEFC4141462E84AA84639316
:10C50000C70413860501A2878146C14503C70700FA
:10C5100003C507038507298F3305D60003450500AA
:10C520008506298FA38FE7FEE392B6FE3044A285ED
:10C530002685EFF07FD82285EFF0BFF985473E854D
:10C540006F502FFC138507031D8E81452295EF50F8
:10C550000FFC7C40130700F813060402A2972388FF
:10C56000E70255B73E858280EF526FF76D712E84DA
:10C57000B284AA85901028003689EFF0BFDA19E955
:10C58000D55705A050400C402800EFF09FE66DD92C
:10C59000FD142104E5F82C004A85EFF03FF58147B2
:10C5A00065D13E8551616F50CFF5EF524FF3411188
:10C5B0002EC432C62C000546EFF01FFB41016F5020
:10C5C0004FF4EF52CFF101112A842EC602C802CADD
:10C5D00002CC02CEEFC06049B2462A86A285080886
:10C5E000EFF0BFFC1375F50F05616F508FF1EF523F
:10C5F0000FEF7971B2872A8421462308B100130511
:10C600001101BE853AC436C6EFC0C01DB2469305BF
:10C6100091013685EFF03FB72285141035460C089E
:10C62000EFF0BFF82A84224711E521460C103A8525
:10C63000EFC0401B228545616F50AFECEF522FEAEF
:10C640007171AE84AA850A853284EFF0BFC801C932
:10C650000A86A6852285EFF03FC6814711E1C547CE
:10C660003E854D616F50EFE9EF526FE41D712A8AEC
:10C67000B289BE8435468547130511012E8CB68AD2
:10C680003A8BC28C468D2308F100EFC0A015101024
:10C690000C085285231F0100EFF05FFA2A842DE970
:10C6A000A147631BFD069307900591E0E5473546DA
:10C6B000E2851305110113990A012308F1001359AA
:10C6C0000901EFC020121357890093978A00D98F70
:10C6D00090080C085285231FF100EFF03FF62A84E2
:10C6E00005E9A1E09387FA0091831379F9003EC62A
:10C6F000631309004149668B8144C14B854DB247A4
:10C700006397970C6A868C0033855C01EFC0800DBF
:10C71000228525616F506FDD93079004C9F8A54706
:10C7200079B7834701050947C14B2308F1008347C7
:10C730001105A58FA308F10093872400814463EFBE
:10C74000FB02014714083386E6008C08B386E40038
:10C75000BA95DA9683C6060083C505000507AD8E37
:10C760002300D600E390E7FE41476398E704900872
:10C770000C085285EFF09FEC35D535A8B3069B0029
:10C78000BA871008B305F60090083E9603C5060068
:10C790000346060085078506298E2380C500E3929F
:10C7A00077FF998F90080C085285BE94EFF01FE92F
:10C7B0008947014749D52A84A1BF90083E96034680
:10C7C00006001408BE962380C600850779BFB247CD
:10C7D0008504638B971281471808B306F700980801
:10C7E0003E973386F9000347070003460600850796
:10C7F000318F2380E600E39177FF90080C08528583
:10C80000EFF0DFE34DF93546E2851305110123080A
:10C81000B101EFB0307D13970401418393978400F9
:10C820002183D98F10180C085285231FF100EFF0D7
:10C83000FFE051F1814710183387F9003E96034716
:10C84000070003460600B306FB008507318F2380EF
:10C85000E600E39277FF75A01808B306F700980882
:10C860003E973386F9000347070003460600850715
:10C87000318F2380E600E3E127FFCA8763987709B9
:10C8800090080C085285EFF07FDB15F58147980082
:10C89000B306F700900818103E973E96034707002E
:10C8A000034606008507318F2380E600E39177FF7A
:10C8B0003546E285130511012308B101EFB09072EE
:10C8C000139704014183939784002183D98F101813
:10C8D0000C085285231FF100EFF05FD6E31D05EC35
:10C8E000814710183387F9003E9603470700034637
:10C8F0000600B306FB008507318F2380E600E3E2E4
:10C9000027FFC109410BE5BB8147B5B79408BE9627
:10C9100083C6060018083E972300D7008507B9BFD5
:10C92000638E062CEF52AFB859712A84BE89B28B40
:10C9300085473546130511022E8B468C4289BA8AEB
:10C94000368A2300F102EFB0F06910180C1022852E
:10C9500023170102EFF09FCE631E0510A147631954
:10C96000FC069307900563930900E5473546DA8591
:10C970001305110293140A012300F102C180EFB0E4
:10C98000706693178A0013D78400D98F90080C1013
:10C9900022852317F102EFF07FCA69ED6390090445
:10C9A0009307FA00BD88918391E0C144C207C18317
:10C9B000DE8C814A3EC6414DB24763EAFA0C62867C
:10C9C000B3854B018810EFB0905F4DC53D555DA01C
:10C9D00093079004E39C09F8A54749BF83470105E5
:10C9E0000947C14C2300F10283471105B3C7F90081
:10C9F000A300F10293872900814963EFFC0281467D
:10CA000018103306D7008C083387D900B69556978F
:10CA10000347070083C5050085062D8F2300E60028
:10CA2000E390D7FE4147639AE70490080C102285F3
:10CA3000EFF0DFC035D53DA8B3863A01BA871010B4
:10CA4000B305F60090083E9603C5060003460600AF
:10CA500085078506298E2380C500E39297FF3387DB
:10CA6000EC4090080C102285BA99EFF03FBD894741
:10CA7000014741D565616F504FA790083E96034628
:10CA800006001410BE962380C600850769BFB24712
:10CA9000850A93990A01939D8A0093D909016399A4
:10CAA000570D85473546DA85130511022300F1023B
:10CAB00093D98900EFB01053B3ED3D0190000C10F5
:10CAC00022852317B103EFF07FB74DF58147A68983
:10CAD00063E6970626860C084A85EFB0B05081477A
:10CAE0001810B306F700100898083E973E960347C3
:10CAF0000700034606008507318F2380E600E3E147
:10CB000097FE639DA90590080C102285EFF01FB3D6
:10CB100035F181479810B306F700900818183E9732
:10CB20003E9603470700034606008507318F2380A2
:10CB3000E600E391A7FF4109C10CBDBD18089000B4
:10CB4000B306F7003E963387FC0003470700034611
:10CB500006008507318F2380E60095BF98084E9721
:10CB6000034707001C10CE972380E700850951BFBB
:10CB700085473546DA85130511022300F10293D962
:10CB80008900EFB03046B3ED3D0190000C102285D6
:10CB90002317B103EFF09FAAE31E05EC81471808A5
:10CBA0009000B306F7003E963387FC00034707006A
:10CBB000034606008507318F2380E600E391A7FF37
:10CBC00041460C084A85EFB0F04181471810B30682
:10CBD000F700100898083E973E9603470700034663
:10CBE00006008507318F2380E600E391A7FF9008B8
:10CBF0000C102285EFF09FA41DDDADBD7D55828018
:10CC0000EF52EF8D01112A842E8593055100328950
:10CC100002C002C202C402C693047400EFF0AFD691
:10CC20001D46A68513059100EFB0D03B10088A85FC
:10CC30004A85EFF0BFA019ED93071400180883C6CA
:10CC400007000346070085070507B18EA38FD7FEAF
:10CC5000E397F4FE05616F50CF8AEF52AF862E84C2
:10CC60008C414111AA89838715003289914463D38D
:10CC70000700A1449797FF1F9387073B9C43B1C3CD
:10CC8000B5CE8D472310F10083C725004A852301C7
:10CC9000F10083C73500A301F10083C745002302DB
:10CCA000F10083C75500A302F10083C76500930517
:10CCB0009100A30301002303F10023040100EFF01E
:10CCC0008FCC0C404A860A85EFF00FCE0328040073
:10CCD00083564400A6881D0881470147E516428611
:10CCE0008A854E85EFF05F982A8909E5A685228519
:10CCF000EFB0FFB24A8541016F500F804A860A8526
:10CD0000EFF08FCA7DBFEF42FFFB2E848C414111B3
:10CD1000AA89838715003289914463D30700A1440F
:10CD20009797FF1F938747309C43B1C3A5CE8D478C
:10CD30002310F10083C725004A852301F10083C732
:10CD40003500A301F10083C745002302F10083C72A
:10CD50005500A302F10083C7650093059100A3036A
:10CD600001002303F10023040100EFF0CFC10C40C8
:10CD70004A860A85EFF04FC3835644000328040017
:10CD80008A85858EC2061D08C1822312D400A6881A
:10CD900081470147E51642864E85EFF07FB8410195
:10CDA0006F409FF54A860A85EFF00FC0C9B7EF4282
:10CDB0001FF3B335B000011185052A891315F6015B
:10CDC000336515012308B1009305110136843AC675
:10CDD00032C03EC442C2EFF00FBBA24712484255D8
:10CDE00093D68700230BF100930591019357880098
:10CDF000A30AD100A30BF100230C0101EFF0AFB89F
:10CE00003247024603280400B337E000835644004B
:10CE10009207914411C2A1444A85A68842860C0813
:10CE2000EFF09F842A8909E5A6852285EFB03F9F10
:10CE30004A8505616F40FFECEF42DFE801113EC615
:10CE40008647B335B0008505AA891315F6015D8DB7
:10CE50002308B1009305110136843A89B28442C493
:10CE600046C2EFF04FB222489248164593578800C9
:10CE7000A30AF1009305910193D78800230B0101C8
:10CE8000A30BF100230C1101EFF0EFAF324710407C
:10CE900083564400B337E000920703280900914805
:10CEA00091C0A1480C084E85EFF09FA7AA8411E518
:10CEB000835544004A85EFB09F96268505616F40F3
:10CEC000BFE3AA959307F00F17E700001307077752
:10CED0006317B50013C5F7FF1375F50F82800505BD
:10CEE0008346F5FFB58FBA9783C70700D5B70357B9
:10CEF000450014419307F00F17E60000130606746F
:10CF0000369742074183139506014181631BE50073
:10CF1000AD8FB29703C50700130515F31335150040
:10CF20008280850603C5F6FFA98FB29783C70700E5
:10CF3000D9BFEF42DFDAB28736842E86BA86AA8559
:10CF40003E85BA84EFF06FE6634B05002285EFB0B3
:10CF5000D0312A86A686A2852685EFF00FE56F40A0
:10CF60005FDAEF423FD65D712A8BAE8A17E500008B
:10CF70001305456A2C00B284368ABA893E89EFF0DF
:10CF80004FE42A8459E534104146DA852800EFF051
:10CF9000CFE12A843DED8547A303F100A6C29307A4
:10CFA00071002408BEC4A68685470D462C1828109B
:10CFB00002DC02DED6C0BEC6EFF00FDB2A8431E908
:10CFC00083477102A6860D4693F7F7072300FA0000
:10CFD000C1473EDE2C188947281026DCA303F10048
:10CFE000EFF08FD82A8415E54146A6854E85EFB02F
:10CFF000607F8D47A6860D462C182810A303F100EC
:10D00000EFF08FD62A8411E54146A6854A85EFB018
:10D01000607D228561616F403FCEEF425FCC97D744
:10D0200000009387270C984383C7470079712A89AA
:10D03000AE8417E500001305655E0C083AC42306AC
:10D04000F100EFF00FD82A8415E514104146CA8587
:10D050000808EFF08FD52A8411ED140815462C002E
:10D060000810EFF08FD42A8411E521462C0826857C
:10D07000EFB04077228545616F40BFC8EF423FC6A1
:10D0800097D70000938707069C477971AA842E845E
:10D0900017E50000130505590C083EC6EFF06FD2E6
:10D0A0000DE514104146A6850808EFF00FD011EDEC
:10D0B000140811466C000810EFF02FCF19E58347D4
:10D0C000F10193F7F7032300F40045616F407FC33C
:10D0D000EF42FFC03688A14881470147E546EFF09F
:10D0E000AFD86F401FC2EF429FBF3688A14881472B
:10D0F0000147E546EFF0DF826F40BFC0EF423FBE21
:10D1000001112A842E850C0832C6EFF08FCB19E965
:10D11000324797E600009386664F1008C145228586
:10D12000EFF03FE105616F40DFBDEF425FBB4111B2
:10D13000C1472EC032C48A8509463EC23EC6EFF0C2
:10D14000AFC241016F40FFBBEF427FB94111AE86D4
:10D1500013061009AA850A8502C002C202C402C6CB
:10D16000EFF0AFC441016F40DFB9EF425FB73287E4
:10D1700097E600009386864B2E8693050002EFF01B
:10D180005FDB6F401FB8EF429FB57971C1472ACC72
:10D190002ED032D42C080D4628003ECE3ED23ED6AC
:10D1A00002C402C602C802CAEFF00FBC45616F405C
:10D1B0005FB5EF42DFB20111AA842E8417E50000AB
:10D1C000130545478A85EFF0CFBF05E514084146B2
:10D1D000A6850A85EFF06FBD09ED8347E10103479E
:10D1E000F101A207D98FCA07C9836177D98F2310AC
:10D1F000F40005616F40FFB005C9EF425FAE97973D
:10D20000FF1F9387E78F90439795FF1F9385858F27
:10D210001795FF1F1305C58AEFB080091795FF1FEB
:10D220001305058A6F40FFAD1795FF1F130545894C
:10D2300082809DC5EF42BFAA9797FF1F9387478CB7
:10D24000944301112E840A869795FF1F9385858B41
:10D25000EFB0800A0A850294014505616F407FAAFC
:10D260007D558280EF42BFA7EFB080149797FF1FD4
:10D2700023A8A78817F5FFFF130525F8EF90D040E6
:10D280006F403FA81797FF1F1307C7899317150013
:10D2900008433E95FD572310F5008280EF423FA4DE
:10D2A0002A84084019E16F40DFA51C4158401CC08A
:10D2B0006313E5005CC08347550023200500F99BFC
:10D2C000A302F500EFB0EFF9E9BFEF42BF9F9797D8
:10D2D000FF1F9387278798432A8411CB8347350004
:10D2E00093F7070289C7035505008945029713057F
:10D2F0004401EF901013835504000355E400EF2020
:10D30000701B485809C5EFB0CFF5232A0402130556
:10D310008403EFF0BFF88144B149EFA0FF9A63C5E1
:10D32000A402834734002320040493F727FCA301BD
:10D33000F4000048EFA05F9A13161500814522857E
:10D34000EF40FF9C6F405F9BB387340303290403C6
:10D3500085043E994A85EFF07FF42304090075BFE8
:10D360008347350093F7070299E30145828083578D
:10D37000E500E39CB7FEC167FD176316F60005459F
:10D3800082800545B9A0EF429F9593170601C1879A
:10D39000B2842A8401496359F002835705008DCB7A
:10D3A00001456367F600034584003E953325A600DA
:10D3B0001375F50F39A81C4813171900BA9783D7AE
:10D3C0000700E38097FC0509EFA01F91E345A9FE44
:10D3D00001456F401F93EF42FF8EAE89AA84EFA0F4
:10D3E0007F852A84EFD0BFAAAA860147130684014D
:10D3F00097050000938545E91785FF1F1305C57242
:10D40000EFA0AFD52A8921CD8C441304C500228515
:10D410009E0593F50508EFB00FC5CC4083877400D7
:10D42000E18163D1070493E505082285EFB0AFC31E
:10D430000D46938544002285EFB00FC183D50400CB
:10D440002285EFB0EFC583D524002285EFB04FC50C
:10D4500003D6490083A509002285EFB0EFBE4A85B7
:10D460006F409F8993F5F507C9B7EF425F870111B8
:10D470002A84328532C6EFB06FB4EF903F91835764
:10D4800004001797FF1F130767833246231BF10021
:10D49000930700F8A30DF1001C471843231AA100BD
:10D4A0008983858BB307F740B28548083ECE231C9D
:10D4B0000100230D0100EFF01FF205616F407F8432
:10D4C000EF425F800041014529CC9304C4002685CA
:10D4D0003289AE89EFB08FB295452A8A2685035BE3
:10D4E0000401EFB02FAF2685EFB02FC68D45AA8A75
:10D4F0002685EFB02FAE2685EFB02FC55C48420AD7
:10D50000135A0A01D2975CC42318640181476398B7
:10D510003A0146054D81330625419337160013F530
:10D52000F70F6F406FFDEF420FF989692A8BAE8BC1
:10D53000328AB68A81440144314CFD19EFA0CFF8FC
:10D5400063C9A400EFA04FFB018D33B5AA006F4063
:10D550000FFA3389840383270B003E9963170A006F
:10D560008347890085043E94D1BF03560A00DE85B7
:10D570004A8533F6C900EFF0BFF47DD10545C1BF40
:10D58000EF42EFF501112A847C000355E5003ECA05
:10D59000B70707003ECC7C003ECEEF10303D2A8915
:10D5A00085454808EFB0EFC199454808EFB02FA76F
:10D5B000AA844A85EF10B03D2380A4009787FF1FFF
:10D5C0009387C76F9C434166130606F093968701C5
:10D5D00013D78701558F93D68700F18E558FA207F9
:10D5E000B706FF00F58FD98F11462C001385140064
:10D5F0003EC4EFB0201F5008A38204008945228555
:10D60000EFF0BFE609C9AA8513058403EFB0EFBBAD
:10D610003C4085073CC005616F40AFEEEF422FEC08
:10D62000EFA08FED2A840504EFA00FEC3305A402D0
:10D63000F14791453305F502EF10207B01E5655573
:10D640006F402FEC9787FF1F23A6A74EEFA0CFEACE
:10D650002A840504EFA04FE93305A4028945060595
:10D66000EF10A07869DD9787FF1F23ADA74AEFA0D1
:10D67000AFE82A840504EFA02FE73304A4029787BC
:10D68000FF1F2393874AEFA02FE72A84EFA0CFE55F
:10D69000930714003385A7029787FF1F2397A74896
:10D6A00097E700009387C7BC1787FF1F2322F7481F
:10D6B000014579B7EF420FE1AA842E890144978989
:10D6C000FF1F9389A95F130A8006EFA0EFE163456E
:10D6D000A40001456F404FE23305440383A70902CC
:10D6E0004A86A6853E95EFF0BFC719E10504F1BF54
:10D6F0000545CDB7EF422FDCAA8A2E8BB28B368C34
:10D700003A8A814401448149978CFF1F938C0C5BBA
:10D71000130D8006EFA04FDD63C7A40011E085491B
:10D720004E856F40CFDC3389A40383A70C025E864D
:10D73000D6853E994A85EFF0BFC219CDEFA0CFDB69
:10D740000544636B4501D2866286DA8513050903B9
:10D75000EFF07FDD11C1854985046DBFEF428FD6A3
:10D76000C16441112A8901449789FF1F9389095592
:10D77000130A8006FD1436C632C42EC2EFA0CFD6DF
:10D7800092452246B2466346A400014541016F40DE
:10D79000AFD63305440383A709023E9509C68347E4
:10D7A0003500C18B9DC791C68347350093F70702AB
:10D7B0008DC3630699008357E500639C27010357D7
:10D7C000050001CB63E7E50083478500BA97E3CF07
:10D7D000F5FA05044DB7EF42EFCEC1642A89014442
:10D7E0009789FF1F9389894D130A8006FD14EFA0C6
:10D7F000AFCF6344A4006F402FD03305440383A709
:10D8000009023E958357E5006388970063049900F9
:10D8100063942701EFF07FAB0504D1BFEF422FC91E
:10D8200089692A8AAE8A328BB68B8144178CFF1F96
:10D83000130CCC48930C8006314DFD19EFA0CFCAD4
:10D8400063C4A4006F406FCA3389940383270C021A
:10D850008355CA015A863E994A85EFF07FB005CDBF
:10D86000814D05A03384AD038327090303D60B0044
:10D87000D68533F6C9003E942285EFF07FC419E5C2
:10D88000850DEFA06FC4E3CFADFC31A02285EFF092
:10D89000FFA023040400850455B7EF42CFC14169BE
:10D8A000AA8A014A178BFF1F130B4B417D19C14BED
:10D8B000054CEFA06FC36344AA006F404FC39309A8
:10D8C0008006B3073A0383290B02BE9983D7E90088
:10D8D000638C270163842A016398570103A4890399
:10D8E00011E44E85EFF0DFC9050AE1B78357040163
:10D8F000639977079304C4002685EFA03FF0854520
:10D900002A8D2685835C0401EFA0DFEC2685EFA03D
:10D91000FFFF62056185635F05028D452685EFA0E7
:10D920007FEB89452685EFA0FFEA89452685EFA094
:10D930007FEA85452685EFA03FEB83470500094731
:10D9400093F7F7076398E70099452685EFA0DFE98D
:10D95000A30285014848337D2D01231894016A955F
:10D9600048C40040B5BFEF428FB737E404008327B7
:10D97000041D82979787FF1F83C747211755FF1FF5
:10D9800013054577A300F5008327441C829783275E
:10D99000841C81461306F00F8145014582976F4034
:10D9A0004FB61787FF1F1307670E18439785FF1F92
:10D9B00083C5C51D9787FF1F9387C71B83468703B2
:10D9C000034697036397D5009787FF1F2380C71CE3
:10D9D000828083C587010347A7036317B600978733
:10D9E000FF1F2385E71A828003C687016317C700DC
:10D9F0009787FF1F238CD718828083C68701130760
:10DA000050026319D700930760021787FF1F230F87
:10DA1000F716828083C68701130660026315D6005D
:10DA200093077002DDB783C7870155BF9787FF1F34
:10DA300093874714D44B09476385E608EF422FAA22
:10DA40001789FF1F130949103E8483470900918BF2
:10DA50009DCFB7E4040083A7041D829783A7441CCD
:10DA60001785FF1F1305C50E829783A7841C814667
:10DA70001786FF1F0346C60F81450145829721C1C6
:10DA800083470900ED9B1787FF1F230FF70A834782
:10DA9000040093F7F70F85C791471787FF1F2325CA
:10DAA000F70EEFF05FECEFF0DFEFB7E70400BC4FED
:10DAB000414691451785FF1F0345450C82976F40EE
:10DAC0004FA48280EF42AFA18D4741116304F5045A
:10DAD000C5476306F50285476310F5029787FF1F68
:10DAE0002388A70AB7E70400BC4B930500101785ED
:10DAF000FF1F0345A508829741016F408FA085470E
:10DB00001787FF1F2306F708B7E70400BC4B9305F0
:10DB10000020F1BF9787FF1F9387C705D44B11479C
:10DB2000638DE600B7E7040083A7071D8297B7E778
:10DB30000400BC4B930500045DBF05491787FF1F18
:10DB40002324270583C7070032C62E8493F7F70FD7
:10DB5000C5D7B7E4040083A7041D7D141374F40F24
:10DB60008297E37689FCB245994703C61500E3F036
:10DB7000C7FCFC4409061785FF1F1305A501829702
:10DB8000BC48930500081785FF1F034525FF8297B2
:10DB900079BFEF42CF941787FF1F1307A7FD4047B8
:10DBA000184B1C409786FF1F23ACF6FC6316E4005D
:10DBB0001787FF1F2328F7FC130584FEEF907FF3E0
:10DBC000035564FFEF903FC6EFA0BFE96F406F932E
:10DBD000EF42EF909787FF1F9387C7F9D84BDC4739
:10DBE00099C3EFF01FFB85471787FF1F232EF7F818
:10DBF0009787FF1F938787E99C439305000217854A
:10DC0000FF1F0345A5F783C787031787FF1F230F50
:10DC1000F7F6B7E70400BC4B82976F408F8E97876B
:10DC2000FF1F23ABA7F48280EF42CF8937E40400C3
:10DC30007C4CA1451785FF1F034545F482977C481E
:10DC4000A1451785FF1F034565F39784FF1F938444
:10DC500064F28297DC4489E7EFF05FDD6F40CF89A3
:10DC600003D567FFEF903FBCAA897DD5D84891477F
:10DC70006310F7027C4C91451785FF1F034505F0A3
:10DC800082977C4891451785FF1F034525EF8297B2
:10DC900003A9490103D409018947B7E9040017879B
:10DCA000FF1F2323F7EE83A7091D21044204829757
:10DCB00083C784011755FF1F1305C5436119175703
:10DCC000FF1FA309F74283A7491C418082979787CA
:10DCD000FF1F238F07EA83A7C91C81460946937556
:10DCE000F40F4A85829711E99787FF1F83C787FA48
:10DCF00089C79750FF1FE78000B2B7E70400BC4F09
:10DD00002146A1451785FF1F034545E78297B9B70F
:10DD1000EF32FFFC93F7052001112E8481CBEFF049
:10DD20003FEB1345042005616F30BFFD93F70510ED
:10DD3000A9CB9784FF1F9384E4E3DC48EFF07FC610
:10DD40001787FF1F130787D4184383C7840103472E
:10DD500087036316F700DC4499C3EFF09FE3854720
:10DD60001787FF1F2322F7E2B7E70400BC4B930598
:10DD700000021785FF1F034565E0829713450410D5
:10DD80005DB793F70508ADC79787FF1F83C797E077
:10DD9000E91719469785FF1F9385E5DF1305D10025
:10DDA00093F4F70F1789FF1F0349C9DEEFA09023F3
:10DDB00093970401C1831787FF1F130727DE231DD5
:10DDC000F100231CF1009787FF1F9387A7DA3ACE53
:10DDD0003ACAD8432306010009CBDC4393158901D5
:10DDE00054080D46E185680082971345040825BF55
:10DDF00093F72500B1CF9787FF1F9387A7D7D84BFD
:10DE000089476306F7029787FF1F83C7E7D313F796
:10DE1000270011EF918B99CFB7E70400BC4F130691
:10DE2000000A89451785FF1F034545D5829713458D
:10DE30002400D5BD9787FF1F938747C59C4383C7A1
:10DE400087031787FF1F2303F7D4EFF0FFDDC5B764
:10DE500093F7050291C7EFF03FDD13450402E1B5EA
:10DE600093F7850091C7EFF0BFD61345840065BDD9
:10DE700093F7150091C7EFF07FBB1345140065B50C
:10DE800093F7450091C7EFF07FBA1345440061BD99
:10DE900093F7050485C39787FF1F83C7A7CD81CB61
:10DEA000EFF07FAC91471787FF1F232FF7CC134567
:10DEB000040495BD93F705010145E38607E69787BE
:10DEC000FF1F938727CBD84B91476310F7049787A1
:10DED000FF1F938767C79C4313D727008583D98F7C
:10DEE000858B91E7B7E7040083A7071D8297B7E703
:10DEF0000400FC4F91451785FF1F034525C88297F5
:10DF000085471787FF1F2321F7C81345040121BD4B
:10DF10009787FF1F2380A7D88280EF325FDC978727
:10DF2000FF1F23AF07C49787FF1F23AD07C4854793
:10DF30001784FF1F130484B51787FF1F2326F7C418
:10DF40001C4083C787031787FF1F2301F7C4EF9087
:10DF5000FFDF39C19757FF1F23A2A71A1C401705DF
:10DF60000000130525DB83C787031787FF1F230FD7
:10DF7000F7C01757FF1FA30FF7169787FF1FA38B35
:10DF800007BEB7E7040083A7070882979787FF1F9C
:10DF90002386A7BE6F30FFD6B7C7898E938767EDFC
:10DFA0001757FF1F232CF71455BF1787FF1F034771
:10DFB00067BC795555E39787FF1F9387A7BB03C7B6
:10DFC000170005079786FF1FA386E6BA03C7170049
:10DFD0008D463377D7029786FF1FA38DE6B883C699
:10DFE00017001787FF1F130767AA184393F6F60F4A
:10DFF000A9EA834787031787FF1F2309F7B88547D7
:10E000001787FF1F2308F7B69787FF1F9387C7B3AC
:10E010009C430145998BA9E3EF327FCC37E40400A0
:10E020007C48C1451785FF1F034545B582973C488D
:10E0300085451785FF1F034565B4829701456F30FD
:10E040005FCC83C7170085466395F6008347970327
:10E050005DB78347A70345B782809787FF1F83C7B4
:10E0600067B1A1CBEF32BFC737E404009787FF1F2A
:10E07000238207B07C4885451785FF1F034505B0FF
:10E0800082977C4C91451785FF1F034525AF8297EA
:10E090007C4891451785FF1F034545AE82973C4854
:10E0A000C1451785FF1F034565AD829701456F3058
:10E0B0005FC579558280EF329FC22A84035565FF80
:10E0C000EF906FF69787FF1F9387C7AAD847BE8444
:10E0D0001DEBEFA05F989C48232004008DEB9787F1
:10E0E000FF1F23A187AA9787FF1F23AB87A8B7E746
:10E0F0000400BC4B89451785FF1F034525A882975F
:10E1000001456F301FC0630A87001843D1B780C331
:10E110009787FF1F23A887A6D9BF7955DDB7EF32B0
:10E120001FBC9787FF1F938727B7884323260500C7
:10E13000232405005105EF80D02E6F309FBCEF32B5
:10E140001FBA1784FF1F130424B51C40411189CF47
:10E150009C472302B5002AC61CC1EFF05FFC1C409F
:10E160009C4B99C33245829741016F309FB9EF3282
:10E170001FB74111444D328532842EC6EFA00FF9EE
:10E180002AC42285EFA0EFF903A84400630C08001D
:10E19000B245835744001840224683D54500AA86DD
:10E1A0002685029841016F30DFB5EF325FB3404DF5
:10E1B0001DC408C0970500009385E50213054401BE
:10E1C000EF8090189787FF1F938707AD9C43014509
:10E1D00089E79787FF1F23A187AC6F309FB27D55DA
:10E1E000EDBFEF32DFAF011168009305F00F02C6FB
:10E1F00002C802CA02CC02CEEFF07FF405616F3094
:10E200005FB09787FF1F938727A99C43D847A167D3
:10E210009D076311F702EF329FAC01113285EFA029
:10E22000EFEE230AA10081456800EFF05FF1056180
:10E230006F303FAD82809787FF1F9387E7A59C4390
:10E24000D847A167938777036311F702EF323FA99D
:10E2500001113285EFA08FEB230AA10081456800F0
:10E26000EFF0FFED05616F30DFA982809787FF1F18
:10E27000938787A29C43D8479547631CF702EF32E8
:10E280001FA6011132853284EFA04FE8230AA100B6
:10E290002285EFA00FE983574400231BA10081458D
:10E2A0003ECC1C4068003ECEEFF07FE905616F3048
:10E2B0005FA58280930785FF89CF8327C5FF91CB18
:10E2C000DC4B81CBEF32BFA1032585FF82976F30F6
:10E2D0005FA38280EF32BFA02A843285EFA00FE3D4
:10E2E000BD4763EBA70018449377F5000345B700DB
:10E2F00041995D8DA305A7006F30BFA0EF323F9E0F
:10E3000001117C003ECAB70707003ECC7C003ECE20
:10E310005C4D8DCF2A8413858700AE84EF80700416
:10E32000A1652A899D054808EF80FFBD9305803EC1
:10E33000B345B902480893F5F50FEFA0CFD20147D6
:10E3400081465008A6852285EF807FDC05616F300D
:10E350005F9BEF32DF98EFF07FFA6F309F9AEF32DA
:10E360001F9801117C00AE843ECAA165B707070063
:10E370002A843ECC48087C00938575033ECEEF800E
:10E380009FB81C44480883C5B700BD89EFA0AFCD36
:10E39000500801478146A6852285EF805FD7056139
:10E3A0006F303F96EF32BF932A84AE84EFF09FF236
:10E3B000A6852285EFF0BFFA6F30BF94EF323F920F
:10E3C000EFF0FFF96F30FF93EF327F910329C50122
:10E3D0004111630409022A843285B284EFA00FD36D
:10E3E0002AC62685EFA0EFD3832749002A8691C746
:10E3F000DC4781C7B2452285829741016F307F900B
:10E40000EF32FF8D444D81CC2A843285EFA06FD14D
:10E41000DC40AA8589C79C4799C3228582976F30C3
:10E420005F8EEF323F8A032AC501411163030A065A
:10E430002E89AA84954532853284EF80DFAC8545EC
:10E440002285EFA0CFBDAA89CA852285EFA0EFC2A1
:10E4500083274A009DC7DC438DC72285EFA0AFBA52
:10E4600083274A00104083564400DC437115A307FC
:10E47000A100B2961307F1004E86CA8526858297C1
:10E4800001C52380090031A08345F1002285EFA05A
:10E490000FB941016F305F86EF327F8465711C08D0
:10E4A0003EC2B70780013EC41C0832893EC62A849A
:10E4B000AE84EFF07FF14A85EFA0AFC68357A1008D
:10E4C00089CFAA8550002285EFF0BFF5014781462C
:10E4D0005000A6852285EF809FC359616F307F82EF
:10E4E000EF324FFE65711C088329C5013EC2B70794
:10E4F00080013EC41C082A84AE8432893EC6EFF0F7
:10E500003FF0638409024A85EFA0AFC18357A100A1
:10E51000AA8581CF50002285EFF0BFF001478146E8
:10E520005000A6852285EF809FBE59616F30CFFCD9
:10E53000EF32EFFA65711C083EC2B70780013EC496
:10E540002A841C0832853EC6AE84EFA08FBD835757
:10E55000A10089CFAA8550002285EFF09FEC0147EA
:10E5600081465000A6852285EF807FBA59616F30C1
:10E570004FF9EF32CFF6444D91E88347450093B70A
:10E580001700B307F0403E856F30AFF71845FD57D1
:10E590007DDB97070000938707032A845CCB9705F0
:10E5A0000000938565D113858400EF80E05980C019
:10E5B00003474400814761FB1777FF1F2320976EB5
:10E5C000D9B7EF322FF08329C50141110329850006
:10E5D0008147638B09080324090191452A8A228512
:10E5E000EF807F9285452285EFA06FA38945AA8A97
:10E5F0002285EFA0CFA2AA84EF809F9683A749002F
:10E600002A8B9DC79C438DC72285EFA0CF9F83A7F0
:10E610004900A306A1001040835644009C43130701
:10E62000D100B296D6851306E1005285829709CDB6
:10E6300083570B002380F400A183A380F400238080
:10E640000A00A306010029A88357E1002285238040
:10E65000F4008345D100A183A380F400EFA02F9C98
:10E660008347D100B337F0000347B9009207014553
:10E670003D9BD98FA305F90041016F30EFE7EF32E1
:10E680000FE641111DE99777FF1F938727618043AC
:10E6900005C80440130984009DC55C4099C79C4B84
:10E6A00089C726852EC68297B2459307803EB385DB
:10E6B000F5024A85EF80605521A0404DAA8479F883
:10E6C00041016F300FE44A85EF80A0555C40EDDBDF
:10E6D000DC4BFDD726858297E5B7EF324FE02A84E1
:10E6E0003285EFA0AFA2AA852285EFF05FF96F30E7
:10E6F0004FE1EF32CFDE2A84AE84EFF01FFEA68515
:10E700002285EFF0BFBF6F30CFDF08413355B50032
:10E7100005898280EF32AFDC1774FF1F1304045A9F
:10E720001C5C0111231701008D83858BA303F1006D
:10E730008327040B231801002319010003D7C70105
:10E740003ECA3C002314E1007D572315E100035726
:10E75000C4023ECC02CE2316E100EF802FE38357A4
:10E76000E101231EA10093F707E093E71710231F91
:10E77000F1009777FF1F83C7075785C305470145FA
:10E78000638AE7008347840393E727001777FF1F17
:10E790002302F75605616F30CFD6814717D70000A7
:10E7A0001307070985461306710085454808EF7071
:10E7B000E04B6DF183478403F59B1777FF1F230B15
:10E7C000F75285471777FF1F230FF750E1B7EF3256
:10E7D0000FCE977DFF1F938D6D4E03A6CD06397129
:10E7E0002A8981478144930600023357F600058B3E
:10E7F00001C7850493F4F40F8507E398D7FE83A738
:10E800000D0B231701022318010203D7C7013EDABB
:10E810003C102314E1027D572315E10203D7CD02FA
:10E820003EDC231901022316E10202DEEF800FD63F
:10E830008357E103231EA102014593F707E093E705
:10E840001710231FF1029777FF1F83C7C749A9EF4E
:10E850009777FF1F83C7174A3EC69779FF1F938993
:10E86000E9450144014D9D4A054B954B177CFF1F1F
:10E87000130C0C4C977CFF1F938C0C4B03DAC905CF
:10E8800063090A00EA85631459036685EFF0FFE720
:10E890001DC1050DA1478909E312FDFE2DE0977703
:10E8A000FF1F23A50748014521616F300FC4628512
:10E8B000EFF0BFE579DD3247B3878400E3F0E7FE90
:10E8C0009C001306140006043E9413178A00935705
:10E8D0008A00D98FC207C183A30EF4FCA183230F42
:10E8E000F4FC03A70D07B317AB01D98F1777FF1FF0
:10E8F000232EF74263047601328461BF1544977773
:10E90000FF1F83C7273E138717009776FF1F238BB0
:10E91000E63C93161400230EF10017D700001307EE
:10E9200027F1814785067008CA854818EF700034C2
:10E93000E34705F68347C10105451777FF1FA3038A
:10E94000F73A9777FF1F2380273BB9BFEF328FB786
:10E950000111AA892E84EFD0EF9C2A899774FF1F9A
:10E960009384C4356399090A9C5C414793F7070374
:10E970006393E70A1777FF1F03473737894763EC2D
:10E98000E70883A7040B231701002318010003D70E
:10E99000C7013ECA3C002314E1007D572315E10066
:10E9A00003D7C4023ECC231901002316E10002CE96
:10E9B000EF80CFBD231EA100EFC06FCD8357C101F3
:10E9C000230FA100914613D78700A207D98F2312E6
:10E9D000F1009777FF1F83D7073213D78700A2076D
:10E9E000D98F2313F10017D700001307E7E38147FE
:10E9F000500095454808EF7060270588931724005C
:10EA000003C484036D985D8C9777FF1F2384872E42
:10EA100005616F306FAEEF70B0781775FF1F13058B
:10EA2000E52DEF80002083A7040B9775FF1F83D58A
:10EA3000A52B03D5C701EF10E0279777FF1F83C7EA
:10EA4000672B93F60702014789E61777FF1F0357E5
:10EA5000A7299776FF1F2391E62A1777FF1F130731
:10EA6000A724184309CBC18B99C789451775FF1F88
:10EA70000355852702979777FF1F23A707269777C8
:10EA8000FF1F238207269777FF1F23AF072897775B
:10EA9000FF1F23AD07289777FF1F23AB072883D7D6
:10EAA000840393F7270C93E717001777FF1F2313AF
:10EAB000F72483572903A18B99C3EF70E03F11C45A
:10EAC0009777FF1F23AE0720A1B78D471777FF1F4A
:10EAD0002328F720EF902FA59305803EB305B502BC
:10EAE0001775FF1F13058521EF80201215B7977743
:10EAF000FF1F9387A71CD85325C791C99777FF1F7E
:10EB00002383071E9777FF1F23A207228280EF32FD
:10EB10000F9D83C7F70241112EC685071777FF1F88
:10EB2000A305F71C9777FF1F2399A71C9D4717770D
:10EB3000FF1F2327F71AEF900F9E2A84EF90AF9DB7
:10EB4000B24501E5EF902F9DAA85B305B440177536
:10EB5000FF1F1305A51AEF80400B41016F306F9A1C
:10EB600082809777FF1F93876715D85331C7EF329D
:10EB70000F9703C7F70205079776FF1FA387E616CF
:10EB800011CD8C5F0D470145898185899776FF1FDF
:10EB900023A8E614EFF09FDB6F30AF96854793050F
:10EBA000C0441775FF1F130565151777FF1F23292D
:10EBB000F712EF808005CDB78280EF324F92177742
:10EBC000FF1F034747128547631EF7009777FF1F14
:10EBD0009387C70E83C7870393C787001777FF1FE5
:10EBE000230AF7101775FF1F13054511EF80600307
:10EBF000EF807FEF99471777FF1F2323F70E977753
:10EC0000FF1FA384070E9777FF1F238E070CEF903B
:10EC1000AF8F930740063305F5029777FF1F23A7B1
:10EC2000A70C6F300F8E9777FF1F83C7A70CC18B80
:10EC300099C7EF32CF8AEFF0FFAD6F308F8C6955F7
:10EC400082809777FF1F93876707DC5381CBEF3272
:10EC50000F898545EFF09FCF6F30AF8A828017779D
:10EC6000FF1F1307A70501468146BA852148631E89
:10EC700006019DCA2390A60083C7850393E717006A
:10EC80001777FF1F2308F70605A08357C705631DE5
:10EC9000F502F8598547B397C70093C7F7FFF98F77
:10ECA0001777FF1F2326F7089C5D9183858B85C707
:10ECB0009777FF1F83C7270399EFEF324F821D45D8
:10ECC000EFF0FFB06F30EF8381E699E39306C7055D
:10ECD0000506090769BF8280EF22FFFD8605AA8429
:10ECE000B309B500977AFF1F938A0A04054B977BF7
:10ECF000FF1F938BAB03214C639434039777FF1F63
:10ED00009387C7FB9C5F9183858B89CB9777FF1F88
:10ED100083C767FD81E72145EFF07FAB6F203FFDA3
:10ED200003DA0400630B0A041779FF1F130909F9BA
:10ED30000144CA8C8357C905639D4703A285568544
:10ED4000EFF0BF9C11E5A2855E85EFF01F9C05C921
:10ED500003A74C07B3178B00D98F1777FF1F232901
:10ED6000F7FC83C78C0393E717001777FF1F230374
:10ED7000F7F805040909E31F84FB8904B5BF231EC6
:10ED80000904C5BF1777FF1F0347E7F58547631AD7
:10ED9000F700EF22DFF4EFF05FE2EFF0BF976F20B4
:10EDA0005FF682808147854513060002938617002F
:10EDB000B397F500E98F13F7F60F89E7B687E39766
:10EDC000C6FE01473A858280FD4785457D56B3964C
:10EDD000F50013871700E98E1377F70F89E6FD1703
:10EDE000E397C7FE01473A85828089E901473A8562
:10EDF000828001473A8541016F20BFF0EF223FEE4C
:10EE000041112AC62E852EC4EFF0DFF9A2457D15EB
:10EE10008547B397A700E39EF5FC3246937736000B
:10EE200099C3719A11069777FF1F9387E7E8944378
:10EE30003E871778FF1F130868E789EA83270800D1
:10EE40009107F19B9776FF1F23A8F6E6032588001C
:10EE50001843B307A700B3F7B702B387F540FD1512
:10EE6000FD8D83274800AA95B306B600E3F3F6F8B4
:10EE7000E371D5F82E979777FF1F23ADD7E23DDBDF
:10EE80003A858145EF20BFE82A87ADB718419777CB
:10EE9000FF1F9387A7E123A4070098C35841D8C355
:10EEA0009777FF1F23AA07E08280EF22BFE1AA84A1
:10EEB00001441779FF1F130969E09309400EEF80A1
:10EEC0007FD56345A40001456F201FE3330534035C
:10EED0008327090B3E958357C501E38797FE0504F9
:10EEE000F9BFEF225FDD9779FF1F938929DD3E840B
:10EEF000BA848347060003A7090041119D83058B4F
:10EF00003D8F83C74401AE8A2A89F99BD98F238A12
:10EF1000F4001C44B685231204001CC02285328AEA
:10EF200036C6EF90DF8FB246D2853686EF90900BD3
:10EF3000DC4883A509000840858B56869D8DEFD05F
:10EF40003FCC61E918407D55834757000347670070
:10EF5000A207D98FC207C1872394F4006358F00A2F
:10EF600083C7440193F70703B5CBD04893771600C6
:10EF700003A609001D8E9777FF1F9387E70A9C431E
:10EF8000ADEB814641A003A70B0093172A00BA9767
:10EF900018409443834757008345670033F6560172
:10EFA000A207CD8F6311F60283473700034647005F
:10EFB00003472700A207D18F4207D98FBD82B3F73D
:10EFC0006701638AF604050AEF80DFC342059317E1
:10EFD0000A014181C183E3E8A7FA41BFA16A370B67
:10EFE0000200014A977BFF1F938B0BDBFD1A7D1BF1
:10EFF000E1BF83C7440113070003854693F7070366
:10F00000E391E7F8A2854A85EFD0FFCF41016F2059
:10F010001FCE6155E5BF7955D5BFEF22BFCA9774A2
:10F02000FF1F9384E4B19C40D9EF9777FF1F93872C
:10F0300067C79C436399070CEF80DFBE930780028C
:10F040003305F5028945EFF05FDA41C99777FF1F75
:10F0500023ACA7D0EF801FBC9307400E3305F50209
:10F060009145EFF09FD835C99777FF1F23A0A7D010
:10F07000EF805FB201CDEF80FFB191450E05EFF05B
:10F08000DFD621CD9777FF1F23A4A7CEEF801FCB1C
:10F0900011CDEF80BFCAD9473305F5028945EFF09E
:10F0A000DFD405CD9777FF1F23AEA7CAEF809FB5AA
:10F0B00091450A05EFF07FD30DC19777FF1F23AD70
:10F0C000A7CC014521A8EF803FC2930780063305F6
:10F0D000F5029145EFF07FD101E565556F20DFC165
:10F0E0009777FF1F23ACA7BE0144130A8006177948
:10F0F000FF1F1309A9BCB14AEF801FBF6364A402BC
:10F100009C40E38407F2EF803FBE9307A0043305E1
:10F11000F5028945EFF07FCD69D19777FF1F23A1D5
:10F12000A7C819BFEF805FBB89450605EFF0FFCB8D
:10F130004DD5B3094403032709024E9708CBEF804E
:10F14000BFB8330555039145EFF03FCA59D5832722
:10F15000090205041374F40FCE9788DB71BF97770B
:10F16000FF1F9387A7B5884705898280C167FD1770
:10F170006319F5009777FF1F938747B403A5070B23
:10F180008280EF22DFB5EFF05FD26F209FB781471B
:10F1900009C58347E501B337F0001777FF1F130751
:10F1A000E7B118470983058B19C393E727003E850C
:10F1B0008280EF22DFB22A84EFF07FFD8347E401F3
:10F1C000AA851305940899E3130504039776FF1F96
:10F1D0009386C6AE944213061502130784021305E4
:10F1E0009504EFD0CFC06F20DFB1EF22BFAD977491
:10F1F000FF1F9384A4AC98442A892E840983058B2D
:10F200009C4019C76314F5006380050E014401A2F8
:10F21000E3FEA7FE1387A702E36AA7FE850763FC48
:10F22000A70883A9440BEF80FF961316350081458C
:10F230004E85EF20DFAD9777FF1F23A127A9977792
:10F24000FF1F23AF07A649CC9C4493E747001777DD
:10F25000FF1F2329F7A69777FF1F238D07AC630FA6
:10F26000040C9777FF1F23AB27A501440549EF80C6
:10F270007F926341A40AEF80FF9493050006B3C513
:10F28000A502B7F73600938707E81775FF1F130528
:10F29000A5AA416901449309400E7D19B385F50281
:10F2A000EF70B016EF801F97634FA4080145EF3051
:10F2B00040700544A9A86398A7029DE583A9440B63
:10F2C000EF805F8D1316350081454E85EF203FA4FA
:10F2D0009777FF1F23A4279F9777FF1F23A2079EDF
:10F2E0009C44ED9BADB785C51777FF1F034787A4E7
:10F2F0009307F005E3FCE7F021F8EF60F03C6DD1F7
:10F300009C4493E707021777FF1F232DF79A228566
:10F310006F209F9E83A7440B131534003E9583579F
:10F32000050081CB8347250099C721468145EF2001
:10F330001F9E05042DBF23012501E5BF9777FF1F01
:10F3400023A007980DBF3305340383A7040B3E9514
:10F350008357C50163842701EFF0BFE5050499B722
:10F36000EF22FF97EF801F86130400063345A402A7
:10F370009774FF1F9384849483C784073E95137505
:10F38000F50F9777FF1F2387A79A9307F00563E789
:10F39000A7020545EF30E061EF80DF823345A4022C
:10F3A000B7F53600938505E8B305B5021775FF1F5D
:10F3B00013058598EF7070056F20BF949C44054538
:10F3C0008983858B81CBEF904F8888408145EFF012
:10F3D000DFE1DDB7EF30E05DC5B7EF22BF8E13048C
:10F3E00095082A8913069005A28513050503EF9059
:10F3F000603F1306900581452285EF205F914A8585
:10F40000EF30C0548144177AFF1F130A2A8B930AE6
:10F410008002EF803F8163C4A4006F20FF8D33849E
:10F4200054038327CA0A3E94035704008357C90133
:10F430006317F702834744009DC39309640145465F
:10F44000CE8513055400EF90E039454681454E8541
:10F45000EF20FF8B228523020400EF300057850444
:10F460004DBFEF22DF879767FF1F9387676D9C4330
:10F470002A8491C70DC50355C501EFE00FC29777E8
:10F48000FF1F938767BA9C4389CBEFB0DFD08547D6
:10F490006315F5002285EF50C05D6F209F864165A2
:10F4A0007D15E1BFEF22BF831774FF1F1304048192
:10F4B0004440938714001777FF1F2323F780EF3012
:10F4C000605E1C448983858B9DE75840B7E7B00098
:10F4D0009387075063F1E7020145EFF01F9D01CDCF
:10F4E0000545EF809FF6084085450505EFF0FFCF05
:10F4F0000145EFF01FF726856F20BF80EF228FFCBC
:10F50000A1642A8901449779FF1F9389E988FD1432
:10F51000338AA500EF800FEF6344A4006F20CFFD76
:10F5200003A7090093172400BA979843658F4207F1
:10F530004183634C2701635A470123800700A3805E
:10F54000070023810700A38107000504E1B7EF222C
:10F550000FF683594500C547411163F53731044122
:10F56000C1E533853401834785FF034795FF034891
:10F57000B5FFA207D98F0347A5FFC207220733674C
:10F580000701D98F0347C5FF0348D5FF220733671B
:10F5900007010348E5FF0345F5FF420722083365ED
:10F5A000A800498FB98F1767FF1F1307A77C17683B
:10F5B000FF1F1308287E3A85832807006384172BD2
:10F5C0001107E31B07FF1767FF1F1307A77C1843EB
:10F5D0001318270042951CC10507A1473367F7029E
:10F5E0009767FF1F23A8E77A93F735001397470023
:10F5F00083474601C16B368993F7F7FCD98F328474
:10F600002E8A230AF600814A176CFF1F130C0C6B1D
:10F61000FD1B976CFF1F938CAC52176DFF1F130DD2
:10F620002D78EF802FDF63C7AA00E15426854101C2
:10F630006F20AFEB1308400EB3870A0303280C0BAF
:10F64000B30DF800638E0D2083D7CD01638A772137
:10F6500083A70C00014B639707169767FF1F9387DB
:10F6600067649C436390071683C7040003C70D04B7
:10F6700093F7F707631BF71ACA872287CE86268679
:10F6800093859D0613851D04EFF0BF85631F051844
:10F6900083D7CD01032709002320B4012312F400EE
:10F6A000FD572313F4008347170093F6F7078347AA
:10F6B000D40093F707F8D58FA306F40093F7F70764
:10F6C000B337F000B307F0402307F4008347170077
:10F6D0009D839396370083474401DD9BD58F230A92
:10F6E000F4008347370083464700A207D58F83463F
:10F6F0002700C206D58F1CC88347770003478700C1
:10F70000A207D98F2315F4000D476304EA00BD5406
:10F7100091DF93870710C207C1831307B00FBD5451
:10F72000E376F7F0EF800FC98144E31105F09766A7
:10F73000FF1F83C6A666938716001767FF1F230F58
:10F74000F7641767FF1F13072765231BD4009397E0
:10F750002600144303578400E175BE96A167138603
:10F76000F7FFB377C70098426D8FD98F9CC21848B6
:10F77000F18F3E07D98F9CC2EF80CFC89767FF1FDC
:10F7800083C7C76133F5A7029767FF1F2388A76068
:10F7900071BD9307A004B308FB0283270D00BE9838
:10F7A00003D7080083D7CD01631DF70083C704008A
:10F7B00003C7880093F7F707630BF70083C7FD01C2
:10F7C0009DEB050BEF804FD2E345ABFC71BD9385FC
:10F7D000980113859800CA872287CE86268646C65A
:10F7E000EFF02FF0B24879F98347440193E74700DF
:10F7F000230AF40071BD83C7040003C7980293F77E
:10F80000F707E310F7FCCA872287CE862686938502
:10F81000A8031385A802EFF0CFEC45F58347440118
:10F8200093E72700230AF400C1B783C7FD018DCBFE
:10F8300083C7040003C79D0993F7F7076312F70214
:10F84000CA872287CE86268693852D0C1385AD091F
:10F85000EFF02FE911E58347440193E7270049BF03
:10F86000850AC1B3FD54D9B3EF22EFC47971835433
:10F870004500AA8B2E84B28AEF80CFBB590563491D
:10F880009504B7E4040003A90407EF80AFBA590553
:10F890004205418102992A8905CD2AC62318010013
:10F8A000EF804FB959052319A10061468145280809
:10F8B0009769FF1F938989404ACAEF204FC52302E9
:10F8C000810203A48900058819E4BC544A85829703
:10F8D00045616F20CFC174003008D6855E85EFF09A
:10F8E0001FC765F56800EF807FF1176AFF1F130AD5
:10F8F000AA7383270A00AA84035B010189CB894785
:10F900006397FA00835501025E85EF50203003555E
:10F910002102EF704FC819E503552102EF708FD413
:10F920003334A000931764000344C1022C0868001C
:10F930001374F4FB5D8C23068102EF60B056E95727
:10F940006314F5028356E1029767FF1F9387C7444C
:10F950009C43139726006176BA979843718F98C39A
:10F960009767FF1F238CD742831721026345F0005E
:10F9700085476396FA00B25793F7070C95E7D2478D
:10F98000C2040347C102C180BE9426C62318610188
:10F9900013770703C147631DF700834751020547EB
:10F9A00093F7F7076390E704B7E70400BC5739BF44
:10F9B00092570544A18393F7F707E377F4FE15C741
:10F9C0008347C1021307000293F707036397E70019
:10F9D000EFB06FFC8547E319F5FC8347C10293F74D
:10F9E000070389CFEFB0AFCA21A8EFB08FD7E309E3
:10F9F00085FCEFB04FFAE31985FAD9B7EFB0EFD82D
:10FA0000AA8501460545EF707FF82A8451DD8347BA
:10FA1000C102414793F707036384E70232478347F4
:10FA2000170093F707F8A300F70032479257834671
:10FA30001700A18393F7F707FD17D58FA300F700F1
:10FA400003560101B245130BC4005A85EF80DFDF76
:10FA5000E24A130690058347C10283C4EA01918BF1
:10FA6000B384C40213851404569595C35444B387D4
:10FA70009A0083C7070403C70600137707F823809B
:10FA8000E600584483460700D58F2300F700B2579D
:10FA900003A609008146858B1D8EDA85EFD0EF9B8A
:10FAA00015E9B25783A50900484413869406858B4F
:10FAB00056969D8DEFD0CF9411ED83270A0099EFD4
:10FAC000B257054791838D8B6387E7049DCF094724
:10FAD0006389E7042285EF80DFF8F9B5EFB0AFEB7B
:10FAE00085476309F5008347C102414793F7070340
:10FAF000E398E7FC835521025A85EF40907C69D159
:10FB000083172102E35EF0FAF1B7EFB08FC57D15E0
:10FB10001335150061D1014681452285EF70FFEF55
:10FB200055BFEFB04FE7E5B7EF226F9B9764FF1F1C
:10FB30009384441A2685EF809FEB2A8419E16F2075
:10FB40004F9C1305C40005468145EFF0FFD1228587
:10FB5000EF803FF1C5B7EF228F984111AE842A8420
:10FB600093079503130715019306F10005466C00F2
:10FB7000268523060100EFD0CFBE1DEDA6854146A8
:10FB80002285EF8030468347F100930514022685D5
:10FB90002308F400EFD06FC805E19767FF1F938734
:10FBA000A7489C4389EF1306940497C500009385EA
:10FBB000A5C82685EFD08FD441016F208F941306FE
:10FBC000940297C500009385A5C72685EFD00FD373
:10FBD00079D9DDB7EF220F8F9767FF1F9387C71B78
:10FBE0008043AE84B289368AAA8AEF80AF81131629
:10FBF000250081452285EF208F919767FF1F238F76
:10FC000007189767FF1F9387670B03A4070B13F76A
:10FC100014003E89230FE400CE8525C71305940800
:10FC2000EFF07FF301C555556F200F8D8947A30F66
:10FC3000F4009767FF1F9387273F9C4303278900A2
:10FC4000858093B7170086072300F402231E540112
:10FC50009767FF1F23A4470785889377B7FF99C04D
:10FC6000936747001767FF1F232EF704228593072A
:10FC700000061767FF1F230FF70AEFF08FD3014528
:10FC800065B713050403EFF01FED45D569BFEF22FB
:10FC90000F85FD572310F5002311050023120500E1
:10FCA000231305001306200481452105EF202F862C
:10FCB0006F202F85EF220F814111AA84014417691B
:10FCC000FF1F1309E90D9309A0042EC6EF80CF8111
:10FCD000B2456344A40061550DA033053403832766
:10FCE00009003E9583572500639CB70083570500A4
:10FCF00063989700EFF0BFF9014541016F10DFFFF6
:10FD00000504E1B7EF121FFC9767FF1F938787F980
:10FD10009C434111AA842E84B28903592500C1C392
:10FD20009767FF1F83D747FC639B2707EF700F86FA
:10FD30002A8903D5240093051002B305B402854730
:10FD40002302F10093578900A302F1009357850025
:10FD5000A303F10083D744002304A100254613D751
:10FD600087002305F10083D76400A304E1004E85DA
:10FD700013D78700A305E1002306F1001387950040
:10FD800093879501A105B386B400A6974C002697EA
:10FD900023032101EFD0EF9C41016F10FFF5EF60CD
:10FDA000FFFE51BFEF121FF24111AA8401441769EF
:10FDB000FF1F1309E9FE9309A0043AC636C432C2F4
:10FDC0002EC0EF707FF282451246A246324763444E
:10FDD000A400615599A0B307340303250900AA972D
:10FDE00003D8070003D5C4016310A80495E91DEEEC
:10FDF00091CA03C6E401930510023306B602250634
:10FE00003E9690C2014511CB83C6E4011306100251
:10FE1000B386C602E506B6971CC341016F10DFED3D
:10FE200003D52700E305B5FC050441BF83C5E40104
:10FE300013051002B385A502BE9583C58500230076
:10FE4000B6007DB7EF121FE85C4141112A8403DA46
:10FE50002700C167FD17AE843289630CFA0026853E
:10FE6000EF807F9A8D4763EDA7007D5541016F10AC
:10FE7000BFE82E85EF803F999D47E3E2A7FEF5B7E7
:10FE80005C40268583D54700EF809F908355840092
:10FE90002685EF80FF8F8D452685EF803F8EAA89CE
:10FEA000EFF04FE0935705012380F9009357850049
:10FEB000A380F9002381A9005840C167FD1783453D
:10FEC000A7006314FA0093E505082685EF801F8FCD
:10FED0009767FF1F938707DD9C430840D9CF83476F
:10FEE000B400858BD9CB78003400130671008145AE
:10FEF000EFF05FEB1DC98347B400184093069005EF
:10FF0000F99BA305F4008347E701B387D702B30643
:10FF1000F70083C60604A303D100938617049387D2
:10FF20009706BA96BA9736C43EC61764FF1F1304E5
:10FF3000E4D81C440C4026858983858B9D8D83479E
:10FF400071009E05DD8D93F5F50FEF803F871C4412
:10FF5000104022458983858BCA861D8EA685EFC0F9
:10FF6000DFCFE31505F01C440C40324689838840FE
:10FF7000858B9D8DEFC0DFC8D5BD8347B4001307C7
:10FF80009005F99BA305F4008347E501B387E702D9
:10FF90003307F50003470704A303E10013871704A1
:10FFA000938797062A973E953AC42AC6BDBFEF129B
:10FFB0007FD1032A45009307F00FAA840347AA00C4
:10FFC000AE89328436896316F700EFB06FAB230534
:10FFD000AA00938AC9000146D6852685EFF09FE6E0
:10FFE0002A8A21E51767FF1F130707041843DC401F
:10FFF00039C383C6A7000547638FE60283D5470050
:020000040001F9
:100000005685EF40102C05C9DC40839747006354A8
:10001000F00201CC1C4089C74A8681450145829780
:100020005C4081C7CA85014582974E85EF807FA3DA
:1000300052856F107FCCDC4003D54700EF60BFD501
:1000400001E9DC4003D54700EF60DFE181471DCDCA
:1000500019C41C4089C74A868145014582974E854F
:10006000EF807F9FAA851765FF1F1305A5C6EF8048
:10007000DF9511C45C4081C7CA8501458297176529
:10008000FF1F130565C4EF60F0368547D8408546ED
:100090000346A700E30BD6F8031747006353E000BD
:1000A000C9F74A86A2854E85EF703F97BDBFEF1214
:1000B0007FC1AA8401441769FF1F130969CE930900
:1000C000A004130A9508EF703FC26344A4000145E1
:1000D00035A033053403832709003E958357250057
:1000E00099E30504CDB70357050083D7C401E31A8C
:1000F000F7FE52868545EFF0FFC065D56F10DFBF74
:10010000EF125FBCAA8401441769FF1F130949C994
:100110009309A004EF705FBD6344A4006F10DFBDBE
:1001200033053403832709003E958357250081CF8B
:1001300083570500639997009305950213061002F3
:100140002105EF80206A0504F1B7EF125FB903477C
:10015000E5012A848347F5016307B70089E78145F4
:100160002E856F101FBA230FB400054781C9E3988D
:10017000E7FE8947A30FF4008545DDB7638BE702EF
:100180000947E39FE7FC2285EFF02FA59767FF1F44
:10019000938747B19C4399E79767FF1F9387479AD7
:1001A0009C4389C70355C401EFF09FF5A30F0400DA
:1001B000E1B755D6C9BFEF12FFB0EFA0FFEE8547FC
:1001C0006312F508EF80EFCC1764FF1F1304C4E53A
:1001D0001C4081CBEFA03FFC89476304F5001C4025
:1001E00082979767FF1F9387E7AB9C43B9CF8297AE
:1001F0009767FF1F9387C7949C4391C382971764A7
:10020000FF1F1304A4AB8327040B83D4C701EF6043
:10021000FFB78327040BAA85144003C6E7011C44DB
:100220008983858B99C31366260026854169EF4033
:10023000C03D8144D9497D19EF705FB063CAA40005
:100240006F109FABEF800FCA41B7EF705F884DB75B
:10025000B38734030327840ABA9703D527006308BA
:10026000250103C6470183D50700EF40A03B850465
:10027000E1B7EF123FA501449764FF1F938404A4E4
:100280001309400EFD59EF70FF98634FA404014419
:100290009764FF1F938484A213098002FD59EF70B5
:1002A0007F98634CA40401449764FF1F938404A1C6
:1002B0005949FD59EF709FA8634AA40497F5FFFFC1
:1002C0009385450A1765FF1F130505A7EF60D00743
:1002D00097050000938585851765FF1F1305C59E4B
:1002E000EF6050056F105FA13307240383A7040B51
:1002F0000504BA97239E370179B73307240383A7F0
:10030000C40A0504BA972390370151BF3307240369
:1003100083A7840A0504BA972391370161BFD441AA
:100320000387350085473356F5026377E600A54815
:1003300099E7238006008280B387E702EDB7335840
:10034000F502038735003375F502B3D7E7021307CB
:10035000000363DA080103C6050013077003118A5E
:1003600019E21307700585064297A38FE6FEC9B709
:1003700018451C416376F7005C41BA972380B700AB
:100380001C4585071CC58280EF127F954111AA8705
:100390002E85B285368636C6829763480500B246FA
:1003A000158D3335A0003305A04041016F107F95B6
:1003B000EF125F91056941112A8A2320060001444A
:1003C0008149976AFF1F938A2AA0056B7D1932C65F
:1003D0002EC4EF703F85AA84EF70DF832695A24577
:1003E00032466346A4004E8541016F10FF9003A77B
:1003F0000A0093171400BA9703D7070033776701F1
:1004000001E71CC20504E1B703D707009356D700E4
:10041000858AE39946FF33772701E315B7FEBE8946
:10042000D5B7EF12DF8B01112EC6B2843689EFB03B
:100430002FEE2A84615501C8B24589E9232E0400B4
:1004400023200402014505616F10BF8BA1463008CF
:10045000CA852685EFF05FF37DF583578101035749
:10046000A101231EF4008357C1012310E4022311CC
:10047000F4028357E101D207D1832312F402835798
:10048000E1011397370163560700FD57231FF4005E
:100490005DBF231F040045BFEF12DF821764FF1FFB
:1004A0001304C4818327040B03D7C701C167FD1759
:1004B000630EF7109767FF1F938747B79C4381C769
:1004C0000545EF406077C1690149930A400EFD1967
:1004D000176BFF1F130B4BB5EF70CFF3634BA90ED8
:1004E0001767FF1F034707859307F00563E4E702DB
:1004F000EF704FED93050006B3C5A502B7F73600C0
:10050000938707E81765FF1F13050583B385F50279
:10051000EF60A06F81451705000013058520EF608F
:10052000DFF8EFB0EFDE01CD0357C50109CB03576C
:10053000E50111C78347050299C3EF60A06BEFB0D7
:100540006FDE31C51767FF1F0347878B9767FF1F54
:100550009387078B0DCF03C717002304E50003C75C
:100560002700A304E50003C737002305E50003C700
:100570004700A305E50003C757002306E50003C7AE
:10058000670083C77700A306E5002307F5001C4436
:1005900093E717001757FF1F2326F7725C4085E784
:1005A000EF708FEF0DC1EF702FEF44402A89EF708D
:1005B000AFEE33F5A4025C40FD17CA97898F175739
:1005C000FF1F232FF76E0145EF70DF9F01456F106E
:1005D000AFF2B30459038327040BBE9483D7C4013D
:1005E00063883703138A0403D2855285EFF0AFD6B0
:1005F00005E183C7F40199CF938594082E85EFF028
:100600008FD509C91306900581455285EF102FF04B
:100610000509D9B583270B00268593B717008607F0
:100620002380F402EFE0FFB8E5B7854763F8A70041
:100630009307F5FFBE953305A040E98D2E85828096
:100640009841C167BA9713D707016304A7009CC1FB
:1006500082804207998FE5BFEF126FE841112EC6E5
:100660003284B684EFB00FCCE15701C9B24591E9AD
:100670009757FF1F2386077881473E8541016F10FA
:100680004FE89D461756FF1F13069677A6852285CD
:10069000EFF09FCFAA8775F105479756FF1F23817B
:1006A000E676E1BFEF120FE2411191E99757FF1F84
:1006B00023A807600144228541016F10EFE3B6854E
:1006C00032858D467000EFF03FCC2A846DF583476C
:1006D000D1000347E1001759FF1F1309295EA20744
:1006E0004207D98F0347C100D98F1757FF1F23290E
:1006F000F75CEF706FDA61D1EF700FDA8324490095
:10070000AA89EF706FD933F5A40283274900FD173A
:10071000CE97898F1757FF1F2324F75A69BFEF120F
:100720000FDC1C45AA8491CFD84B01CF83D747005B
:1007300089CBEF601F92AA8509C588446105EF60E7
:10074000C04C9757FF1F9387E7559C43014489EF9F
:100750006F102FDB9C4813171400BA9703D50700BE
:1007600019C1EFE0CFCF0504EF70CFC7E344A4FE7B
:10077000C5B7EF12CFD6011185E9EF605FDA01440A
:100780009757FF1F23A8075C9757FF1F23A6075CF7
:100790009757FF1F23A4075C9757FF1F23A2075CEF
:1007A000228505616F10EFD5B6873285C946700086
:1007B000BE85EFF07FBD2A8465F541469305E100D3
:1007C0001755FF1F13050559EF80C0010355C100E0
:1007D000EF608FD7F1B78DE19757FF1F23A0074E2A
:1007E0009757FF1F9387874D9C470145ED9B1757F0
:1007F000FF1F2329F74C8280EF126FCE4111B6857F
:10080000328595463000EFF03FB815EDA2471757F7
:10081000FF1F2325F74A9757FF1F9387274A9447BF
:10082000B24713F7B6FF13F6170019C213E74600D5
:10083000858393F7F7079756FF1F23A5E6481757B9
:10084000FF1F2309F74E41016F10AFCBEF128FC787
:1008500003841500DC412A89AE8485070387F7FFEE
:1008600019C36340800C8387240091C763558000BF
:100870007D14620461849C40370700FF0907F98FEB
:100880003707001009076392E70A6355800079145F
:100890006204618483C70400858B95E39379F40F28
:1008A0004E8A93178A01E187634AF008A28763534F
:1008B000040081473384F9407D1462046184838598
:1008C000240081C54A85EFF0BFAA9C40370700FF8E
:1008D0000907F98F370700100907639AE7069305A0
:1008E00000034A85EFF0DFA883C704009305800565
:1008F000918B99E3930580074A85EFF07FA783C723
:100900000400858B81CB1374F40F93178401E18766
:100910006347F004C04005048305F4FFA1E96F10AC
:10092000AFBD7D14620461840DBF3707000809075D
:10093000E392E7F6E35080F67D1499BF9305000239
:100940004A857D1AEFF0DFA2137AFA0F99BF3707B5
:1009500000080907E395E7FA9305000371BF9305C3
:1009600000034A85EFF0DFA07D1471BF4A85EFF0E8
:100970003FA055B7EF12AFB6EF70CFAA2A84EF7041
:100980006FA9229589450605EFE02FC6E55711C5E9
:100990009757FF1F23AAA74281473E856F106FB666
:1009A000930700026306F5005D151335550082803C
:1009B00005458280EF120FB14111AA892A891304DB
:1009C00019008304F4FF32C62EC42685EFF05FFDC4
:1009D000A245324659E19307D0026392F40883049A
:1009E00004000548130429009377F6FEC9E793072E
:1009F0000003639FF40E830704001307800593F739
:100A0000F7FD6399E7068304140041460904B7061D
:100A100000806314080093C6F6FFB3FEC602814748
:100A2000254F654EFD5F33D3C602138704FD63680F
:100A3000EF06BA8463D5C408630DF5017D55636A7A
:100A4000F3006394670063C69E000545B307F60292
:100A5000A69705048304F4FFC9BF22898DB79307C5
:100A6000B0020148E392F4F8830404002A881304D6
:100A700029009DBF01CA8947E31BF6F893070003CD
:100A8000E397F4F8830704001307200493F7F7FDB6
:100A9000639BE70483041400094609048DBF13E730
:100AA00004021307F7F9636CEE009388F4FB130755
:100AB000700363741E0113077005998CA5BF7D57E1
:100AC0006300E50263040800B307F04091C519C153
:100AD0009309F4FF23A035013E8541016F10CFA19A
:100AE000B687FDF5D5BF9304000315F2214605B77F
:100AF00019FE294629BFEF12EF9C011161540DC563
:100B00003284AE89414681453689EFF0BFEA9314BD
:100B10000501C180639E09002685EF30102B01443A
:100B200001C58145EF205016228505616F10CF9CCD
:100B30002285CD467000CA85EFF01F852A846DF5A9
:100B40002685EF30902809E90356C1008345E1016D
:100B50002685EF20500B01C941469305E1001105A0
:100B6000EF705048D1B75D54C1B7EF12AF95011186
:100B7000E15401CDB284AE89414681453689EFF01A
:100B80007FE32A84639709008144268505616F10FD
:100B9000AF962685D1467000CA85EFF0EFFEAA8495
:100BA0006DF58357C100EDD3EF700F8E420593179B
:100BB00004014181C18363F9A702EFB08FB64204FB
:100BC000E14741803304F40241460C082A9413059E
:100BD0004400EF7030418357E1002311F400835744
:100BE000C1002310F40055B7E55445B7EF128F8DBF
:100BF0007971E15415C53284AE8941468145B68488
:100C0000EFF05FDB1319050113590901639E090019
:100C10004A85EF401065814401C58145EFB02FB191
:100C2000268545616F104F8DA685930630027000B2
:100C30002285EFF06FF5AA8465F54A85EF40706272
:100C40002A8411E54A85EFB04F8C2A8431C5835739
:100C5000C10023112401930964002310F400834789
:100C6000E1009305F10041462302F4004E85EF7048
:100C700070371309740141469305F1014A85EF70FD
:100C80007036930554004E85EFC04FBF9305640145
:100C90004A85EFC0AFBE69B7DD5459B7EF128F82F6
:100CA000797111E5E154268545616F10EF84B284B6
:100CB000AE89414681453689EFF0DFCF131A050131
:100CC000135A0A015285EFE06FCA2A84639809001B
:100CD00071D98145EFB02FB48144F1B726859306D1
:100CE00010027000CA85EFF02FEAAA844DFD31C8CA
:100CF000B2479305D1004146858B230FF400B247DC
:100D000013050403858393F7F707A30FF400EF702F
:100D1000702D41469305D10113059408EF70902C76
:100D200059B73304690383A70A0B3E948357C40160
:100D3000638337030509EF60FFEDE344A9FEDD544B
:100D40009DB7C1690149975AFF1F938A2AF7130B70
:100D5000400EFD19CDB7231E440159BF49CDEF0206
:100D60007FF64111B289AE8441468145368AEFF063
:100D70007FC4931A050193DA0A010149175BFF1F2B
:100D8000130BCBF3EF601FE1634AA9000145ADCC23
:100D900081441759FF1F130969F281A883274B0B60
:100DA000131439003E9483570400638857050509DE
:100DB000D1BF8327490B139434003E94835704001A
:100DC00085E72310540191467000D2854E85EFF0DF
:100DD000AFDB1DE9B24713978700E1832183858B41
:100DE00058C02301F4000DA08504EF60BFDAE3C210
:100DF000A4FC5D5511A861558280F1F4214681451E
:100E00002285EF00DFF0014541016F00FFEE19710F
:100E1000D2C4130AC10686CEA2CCA6CACAC8CEC600
:100E2000D6C2B6D6BAD8BEDAC2DCC6DE52C4638138
:100E30000524FD151C102ACC2ECA02CE3EC89304F0
:100E4000B0021549A94983050600130416009DE167
:100E5000F2465247E24763FBE620B697238007003D
:100E60007245F6406644D6444649B649264A964AF3
:100E700009618280930750026386F5004808EFF00D
:100E80002FCFF5A88357C10023070100014593F731
:100E9000C70F2316F10081450148014701468146ED
:100EA0009308D00213030003130E300205048307D6
:100EB000F4FF99C7638C970463C3F404638BC7057D
:100EC00001CA0346C100858A799AD18E2306D100D2
:100ED000630908008346C100098BF59A558F2306E4
:100EE000E10019C12307B100138707FD1377F70F3E
:100EF000A54663E2E6068146A545294535A0E38778
:100F000017FBE39F67FA0546FD564DB70545854536
:100F100071BF05487D5759BFB386A60205048307F4
:100F2000F4FFBA96E206E18613F7F70F130607FD02
:100F30001376F60F63E5C500138707FDF1BF1306AF
:100F4000F7F91376F60F636EC902138797FAE30574
:100F500037FDA306D100130790066385E704634BB2
:100F6000F706130780056384E70A6345F702E38108
:100F700007EE1307500293055002E381E7F0228643
:100F8000D9B51307F7FB1377F70FE364E9FC138771
:100F900097FC75BF130730066386E70A1307400600
:100FA000E39FE7FC03250A00A947A307F100930A82
:100FB0004A00635805009307D0023305A040230779
:100FC000F1006C00EFF0AFB56C004808EFF01F883F
:100FD000568A75B713073007638EE7066341F70239
:100FE0001307F006638EE70413070007E399E7F899
:100FF0000347C100136727002306E10009A8130770
:101000005007638BE70213078007E39AE7F693879D
:1010100087FA414793B71700A307E100139727000A
:101020008347C100ED9BD98F2306F100930A4A0044
:101030006C0003250A0079B7A947A307F100FDB7A3
:10104000A147E5BF83050A004808930A4A00EFF06C
:101050002FB2BDBF83270A006C0048083EC8EFF0DE
:10106000EFFE1C10930A4A003EC89DB7BA97FDB325
:101070000145C5BBEF02BFC62A88368583464800B6
:10108000BA8703475800A206D98E328717A60000F8
:101090001306467D89E517A600001306667DBE850A
:1010A000EFF0FFD66F00FFC59757FF1F9387C7D498
:1010B0009C4381CFEF02BFC2D843B2862E86184729
:1010C000AA853E8502976F00DFC361558280EF02DB
:1010D0001FC18357050039712A84231EF1008347FD
:1010E00045009305650041461305F101230FF1000A
:1010F000EF70406F9305740141461305F102EF70E4
:10110000606E8356240017A600001306A67EE545F0
:101110000A85EFF0DFCF6C08130630020A85EFF086
:10112000BFF821616F00FFBDEF027FBB39712A84D8
:101130009305050341461305D101EF70A06A93059D
:10114000940841461305D102EF70C0698347E4015A
:101150000347F4018356C401858B0607D98F17A670
:1011600000001306E679E5450A85230EF100EFF04D
:101170001FCA6C08130610020A85EFF0FFF2216106
:101180006F003FB8EF021FB437040001B70400FF3F
:101190000111814A1759FF1F130949B27D14938920
:1011A000F4FF17AA0000130A2A7AEF60BF9E63C5F6
:1011B000AA0005616F005FB48327490B13973A00BB
:1011C0003E978347370095CF5C43A30107005286C3
:1011D000B3F687008247E5454800E58FD58F3EC0CE
:1011E00083462700B3F73701858AE206D58F8356F9
:1011F00007003EC0EFF0BFC111468A854800EFF0FE
:10120000BFEA850A5DB7EF029FAD01468145EFF069
:10121000BFE96F001FAF83576500638E071A1D710A
:10122000A2CCA6CACAC886CECEC6D2C4D6C2DAC09E
:101230005EDE801013F717003289AA8431CBF99B48
:101240002313F500EF601F9906053D0541990A8BB0
:10125000C16A3301A1408A8B8149014AFD1AEF60BE
:101260007F97634CAA0C7947930604FB17A60000EE
:101270001306866CCA852685EFF0DFDF638F090CC5
:1012800013961900DE85130504FBEFF0FFE15A8188
:1012900083D7640013F7270021CBF59B2393F40039
:1012A000EF605F9406053D0541998A8A3301A140AC
:1012B0000A8B8149014AEF60FF926345AA0A65479C
:1012C000930604FB17A6000013068667CA852685C9
:1012D000EFF05FDA6387090A13961900DA851305C0
:1012E00004FBEFF07FDC568183D7640013F74700DF
:1012F00005CBED9B2393F4006547930604FB17A6EB
:10130000000013062664CA852685EFF0BFD69C44EC
:1013100081C703D747003DEB130504FBEFF0BFEE99
:10132000130104FAF6406644D6444649B649264AB3
:10133000964A064BF25B25618280DC4413171A0043
:10134000BA9703D707006308570193971900DE97F0
:101350002390E7008509050A19B7130504FBEFF090
:101360009FEA35B79C4813171A00BA9703D70700AE
:1013700019C793971900DA972390E7008509050AA2
:101380001DBF130504FBEFF01FE8B1BF2314E4FAFF
:1013900003D767008326C4FA2146520751832315D9
:1013A000E4FA370700F0758F9447930584FA130524
:1013B00004FB92069182558F2326E4FA83C77700B7
:1013C00013F707018347F4FABD9BD98FA307F4FAFB
:1013D000EFF09FCDB1B78280EF02FF8D1754FF1F52
:1013E0001304C48D0444797193F7F4FB1757FF1F5E
:1013F000232AF78C93F70404A1C78588A1E097A955
:10140000000093896954EF60EFF863DBA40283273F
:10141000440B139934003E998356090091CE4E86B1
:10142000E5454808EFF0BF9E4808EFF0DFDD2146B4
:1014300081454A85EF00BF8D8504F1B7EFF09FD459
:101440001C4413F7F7F79756FF1F23ADE68693F773
:1014500007086397071E1C4413F7F7EF9756FF1F03
:1014600023A2E68613F707106318071E1844937724
:10147000F7DF9756FF1F23A7F6849376072095C6BC
:10148000058B630A072018408983858B3ACA034776
:10149000840715464C080607D98F17A500001305C9
:1014A0006547230CF100EFF03FC01C4413F7F7BF72
:1014B0009756FF1F23A8E68093F707408DC38357F5
:1014C00044000D464C08231AF1008357640017A509
:1014D000000013056544230BF100EFF0FFBC184436
:1014E000FD749387F47FF98F9746FF1F23ACF67C3A
:1014F0009317470163DF0700EFA08FE119C98356F7
:10150000C5016391061A17A5000013056541EFF0A8
:101510009FCF1C447D777D177D8F9746FF1F23A3A8
:10152000E67A13973701635A0702858B6388071C95
:10153000EFA04FDF1DC118458347E5001D463ACA9D
:101540000357C5004C0817A500001305E53D231CF3
:10155000E100230DF100EFF03FB51844F977FD17D6
:10156000F98F9746FF1F23AFF6749317270163D9AE
:101570000700814517050000130525CAEF50FFF24B
:101580001844E177FD17F98F9746FF1F23ACF672D9
:101590009317070163D30702EFA0BF982A84814401
:1015A00017A900001309C938EF600FEE93970401E3
:1015B0004205C183418163EAA71445616F002FF39F
:1015C00083A70A0093141900BE9483D7040033F74D
:1015D00067011DCF1396170133F77701B3F6370173
:1015E0006352060417A600001306C63009E717A6C3
:1015F00000001306E630E5454808EFF05F81480833
:10160000EFF07FC083D70400B3F747012390F400C5
:101610000509EF602FE1AA84EF60CFDF2695E34153
:10162000A9FA15BD368519C7EF40A04361DDEFF07B
:101630001FAAC9BFEFD09FB371D5EFF0FFAED9B7E6
:1016400085697D7A0149974AFF1F938AEA77056B7E
:10165000896BFD197D1A75BF858B9DC7EF500FF300
:10166000231AA10041469745FF1F9385A56E1305D8
:101670006101EF70201749464C0817A500001305BB
:10168000E528EFF07FA2DDB317A5000013050528BC
:10169000EFF07FB7E1BB17A500001305A527EFF01A
:1016A0009FB621B50357E501C17785073E9783575C
:1016B000A101FD14133717003207E58FD98F231DC1
:1016C000F100231AD1008356050203572502214653
:1016D000231BD100231CE100035745028566FD163C
:1016E000758FFD76F58FD98F4C0817A5000013056F
:1016F0002523231DF100EFF03F9B21BD17A500001E
:1017000013058522EFF03FB089BD5C4813F7E7FF72
:1017100058C8858B89CFA6864A86C9450A85EFF0C9
:101720000FEF8357040099E70A85EFF0DFAD8504DA
:1017300061049DBD231AF1008357240093054400E2
:1017400041462808231BF100EF70C00951464C08A0
:101750000A85EFF07F95E1BFEF026FD8854733959B
:10176000A7009747FF1F938767559C474111814505
:101770005D8D9747FF1F23A7A7549377057085E3D7
:1017800093576500858BA1CBC167938707887D8DB3
:1017900005EDEF606FD19305803EB305B5021745A7
:1017A000FF1F1305A5622EC6EF50A03BB24519C11D
:1017B0006349B50085C51745FF1F13052561EF5027
:1017C000C04441016F00EFD3EF600FCE2A84EF6079
:1017D000AFCEE360A4FCEF602FCE75BF0145EFF004
:1017E000BFBFC5B7EF02AFCF7971AA8601441749D1
:1017F000FF1F1309A94C36C6EF60CFB9B246635C30
:10180000A4028327490B93143400BE9483D70400A9
:101810006396D70285C617A600001306E612E545B3
:101820004808EFF0CFDE4808EFF0FF9D21468145E4
:101830002685EF00CFCD45616F00AFCC050465BFB5
:1018400019C223200600814701C59306D00389E50C
:101850003E85828085050505838705000307050011
:1018600099CF6394E700E397D7FE8147D5B79306F6
:10187000D0038547E30ED7FC93371700D1BF9307FA
:10188000F002E316F7FE854761D6050508C2C9B721
:1018900099C123A0050081470DC11308D003130689
:1018A000F0023307F5008306070081CA638706014B
:1018B0006397C60099C1050798C13E858280850758
:1018C000CDB731C9EF022FBF41112E8A6C002A8992
:1018D000368BB28A97A400009384C4FAEFF05FFBC2
:1018E0002A8C0144A689B14B88406286CA85EF7074
:1018F000E01801ED0E044E945C403245DA865686BF
:10190000D285829741016F008FBE0504A104E31DBB
:1019100074FD6155C5BF7D55828099E56155828012
:10192000615505616F004FBDEF02CFB92E8A2A8441
:1019300001118145B28452854146BA893689EFF05A
:101940006F8793150501C1811376F50FA18122855B
:10195000EF507FB12A8469D552854C08EFF05FF3D0
:10196000524A2A8BE30E0AFA2A8697A5000093852D
:10197000A5FC5285EF708010AA8A0DED7D5AEF60AC
:101980006FA563C5AA0099E8014561BF5C44139740
:101990001A00850ABA9723904701D5B74C442EC642
:1019A000EF604FA3B245131615004E850299E34D23
:1019B000A0FC85BF5A8697A50000938565F85285DF
:1019C000EF70C00B0DE1032A0401EF60AFA1131605
:1019D000150081455285EF008FB3DDD40C482EC62B
:1019E000EF604FA0C1B75A8697A50000938585F593
:1019F0005285EF70A00841E11C44A5CF81ECD4438F
:101A0000370700E0758F9447D8C33707001F758FDD
:101A100098C701BFA1463008CE854A85EFE0DF9622
:101A2000E31105F01844835781017D762312F700F6
:101A30008357A1019396470183576700D182F18FA5
:101A4000D58FF2467D767D16F182858AB206F18FBA
:101A5000D58F2313F7008347E1018356C101230586
:101A6000F7008347B7002314D700FD8BA305F700C9
:101A70004DBD7D557DB55A8697A50000938505E03F
:101A80005285EF60B07FE31D05E81C4CE38A07E850
:101A90009C43E38707E8CE864A86A68522858297FF
:101AA00049B5EF02CFA33687B2862E86AA850545B3
:101AB000EFF0BFE66F00EFA4EF026FA23687B286A9
:101AC0002E86AA850145EFF05FE56F008FA3EF0238
:101AD0006F9F411199C123A005009747FF1F93876E
:101AE000A730804381441DC82E89AA8931141DC4A2
:101AF0000C4070004E85EFF0BFD419CD81E8A28470
:101B0000630C0900B2472320F90039A08C4008403B
:101B10000146EFF0FFD265F5404869F8268541019E
:101B20006F008F9D184111CBEF026F9BAE873E85F2
:101B3000B285368602976F00CF9C35558280EF02C2
:101B40000F9A8357C50013D70501C205B387E70273
:101B50001841C1814849BA95BE95EFF0BFFC6F00AE
:101B60004F9A584111CBEF028F97AE873E85B285D1
:101B7000368602976F00EF9835558280184509CB5D
:101B8000EF02EF95AE873E85B28502976F006F97A3
:101B9000355582805C4599C7EF026F942E858297F8
:101BA0006F002F9635558280EF02CF918329050073
:101BB000035AC5002A844849AE848145EFF09FFD51
:101BC0002A890DE193D50401B38545030356C4006A
:101BD0004848CE95EFF09FFA2A8909E5484885459F
:101BE000EFF05FFB4A856F002F91EF02AF8D2A89DE
:101BF0000441035BC500484979712E848145B28A4E
:101C0000368AEFF03FF941E193590401B389690342
:101C1000420441802694A299034409013304804080
:101C20003374440111CC03254901A2865686CE8522
:101C3000EFF03FF3AA8431E1330A8A40A299A29AD5
:101C40008144630C0A025286D685080803244901A0
:101C5000EF605039834609011C089305F00F338665
:101C600046413385470136C6EF006F8AB2461008F9
:101C7000CE852285EFF0FFEEAA8403254901854534
:101C8000EFF05FF1268545616F000F87EF022F852A
:101C90002E864C41A1462A84EFF03FF5AA840345E5
:101CA0000401A145EFE07F985C403385A74048C020
:101CB00026856F000F85814797A60000938686B919
:101CC0006393C70082803387F500034707008507C9
:101CD000398D135745003697034707001205398D94
:101CE0001375F50F13574500369703470700120584
:101CF000398D1375F50FE9B7EFF27EFE2A84AA85B8
:101D00001D461305F00FEFF01FFB8347740033856A
:101D1000A7403335A0006FF0DEFEEFF25EFC41110C
:101D2000A1463000EFF0BFE109ED03578100C16724
:101D3000FD1705456317F7002800EFF0FFFB33356B
:101D4000A00041016FF0FEFBEFF2DEF7AE848C41A4
:101D50004111A1462A8903440501EFF05FDEAA89FB
:101D600039E9A1452285EFE05F8C9C400357C9000B
:101D70002A8AAA97939607019CC0C182098F639C07
:101D8000E602C16513D70701B385B74011E7835554
:101D9000E900FD15C205BE958CC0A1460A864A859C
:101DA000EFF0FFD9AA8901E90A85EFF0FFF401C934
:101DB000832749009CC04E8541016FF0FEF3035715
:101DC000C9008357210080403307474163DBE700A8
:101DD00033FA470363170A004177798C3E9480C039
:101DE000D9BF03450901A145417AEFE01F84098C61
:101DF000AA8A80C0337A4401417B63648A008149A6
:101E00005DBFA1463000A2854A85EFF05FD3AA8965
:101E10005DF12800EFF05FEE11E98357A100035751
:101E2000C100337A6A0180C0BA973E9A33045441A4
:101E3000E9B7EFF2DEEA2A84AA851D461305F00F02
:101E4000EFF07FE7A303A4006FF0BEEBEFF2BEE676
:101E50002A84034505015D71A145EFE00FFD5C405B
:101E60002A8B0355E4004179B3F727016C003EC685
:101E7000EFE00FFD8355C400B247A1463008BE9580
:101E8000B385654122852EC8EFF07FCBAA84634BD2
:101E900005002808EFF05FE611C9B2452285EFF092
:101EA000BFD0AA84268561616FF07EE4C2470357E4
:101EB000A101417C338B6741B3F72701BA973EC834
:101EC00010100C082285C24BEFF01FE8AA8479F9A4
:101ED0000810EFF07FE22DE95C403ECA30104C085C
:101EE00022855249EFF05FE6AA844DFD0357810237
:101EF000835701026316F7002810EFF0FFDF09C5D2
:101F00005840D247E31CF7FC63902B0583574102EE
:101F100085CF83572102B3FA8B010810BE9A1C4467
:101F20002311F102EFF0FFF083490401035A41024B
:101F3000B309304193F90902631B0A000C10228592
:101F4000EFF0DFD4AA8439FDE31C7BF7B9B74E89E3
:101F500063733A015289CA861018D6852285EFF03C
:101F60001FBEAA8421F1630909000C44CA86101817
:101F70002285EFF09FC7AA8403450401CA85EFE0DC
:101F8000CFEA1C443E9508C4E39E04F0330A2A417C
:101F9000CA9A5DB7EFF21ED3411191E5FD54268533
:101FA00041016FF07ED5C44983D725014CC904C1D6
:101FB0002316F50003C705012A842317E50003C58E
:101FC000150193160701130700022308A400C1821C
:101FD000E366A7FCE1D7B3E4F402E9F08547E3FF49
:101FE000D7FAA145EFE06FE4AA89014A0149835776
:101FF000C400931509012285BE95B38535412EC2D3
:10200000EFF0BFD119ED0355E4004C00050AEFE0F5
:102010002FE39245420A2285135A0A01EFF0FFCFBF
:1020200009E905098357E400420913590901E360EE
:10203000F9FC8357E40063944701D1548DB763944E
:1020400027039245A1463000B38535412285EFF044
:102050001FAF35E12800EFF03FCA11C50355E4007A
:102060004C00EFE0EFDD9247C17A3387374158C02B
:102070004177F98F1CC44C401C4463EEF500A14627
:1020800030002285EFF0BFAB1DE52800EFF0DFC682
:10209000032A44001DC15C400355E4004179B3F7B5
:1020A00027014C003EC2EFE0AFD992452285EFF008
:1020B000DFC6635C0502AA84DDB512450359A100A1
:1020C000035BC10033F5AA002A9903450401DA85B0
:1020D000EFE0AFD54A9508C46314450163130B04C0
:1020E000330A3A412322440179B709C58547A30839
:1020F000F40075B54C402285EFF01FAB4DFD484014
:102100008357C40086093375A9003E9533053541D0
:1021100048C03375250108C42285EFF03FD379D537
:1021200059BF4D5549BF83471501C9CFEFF2BEB81E
:102130002A840345050141112E8AA145BA893689B1
:10214000328BEFE08FCE8357C4000605898F7D5513
:1021500063E727075C4081443EC230004C00228583
:10216000924AEFF07FBE21ED835B810063994B01C2
:102170002800EFF07FB801E58504C204C180584013
:102180009247630BF702E3FA99FC8356C10061554D
:102190009DC663E63403C175B3FABA006373D90010
:1021A000CA868355A1005A862285D695EFF03F99BD
:1021B00019E50355C10021A06155E3884BFD41019C
:1021C0006FF0FEB249558280EFF27EB10147EFF029
:1021D0009FF56FF01EB3EFF29EB03284B2862E866A
:1021E000835545000841EFF03FFE635385002A8484
:1021F00022856FF01EB1EFF29EAB83471501397156
:10220000C954BDC7034B05012EC62A84A1455A8572
:102210003689328AEFE06FC10D473307E5028357F5
:10222000C400AA8DFD54998F63E427056304090057
:1022300063000A045C403ECA30084C082285524DB7
:10224000EFF09FB0AA8945ED83578101324763972C
:10225000E7002808EFF05FAA630605105840D24750
:10226000E31CF7FC8144631B090019A0814499E732
:10227000268521616FF07EA7E35CA0FE5A85CA85A2
:10228000EFE0AFBA014B11C5330BB501420B135B45
:102290000B01014D7D5CC17B930C44008357E4002E
:1022A0006380A70D1C4444403307FB0063EBE40448
:1022B00032472311F1020810FD572310E1022312C7
:1022C00021032303F102EFF0DFB6630909000C4498
:1022D000CA8652862285EFF05F91AA8903450401E0
:1022E000CA85EFE08FB41C443E9508C46399090089
:1022F0000C102285EFF09F99AA89CA8435D9CE8423
:1023000085BF03450401A145EFE02FB2B387A400C8
:102310002311F1028357C400B3F474012310810325
:10232000BE94898C44C0081023120102EFF07FB0E4
:102330000C102285EFF09F95AA840355E400E685F2
:10234000EFE00FB05C40B3F777011CC4E39204F2F6
:102350002285EFF0BFAFAA84E31C05F0050D3DBF59
:10236000C15439B78357C101E30209F0E39827F15B
:10237000C177034C0401B377FD00035DA101330C69
:102380008041137C0C023E9DD28ACA8CE28B63F39F
:102390008C01E68BDE861010EA852285EFF02FFA9D
:1023A000AA84E31B05EC5E860C105685EF60204185
:1023B000AA84E31505ECB38C7C415E9DDE9AE3971D
:1023C0000CFC7DB5EFF2BE9181460146EFF0BFE215
:1023D0006FF03E93638C050EEFF2FE8D5D71054D3F
:1023E00019C213BD160003590502B68B328B0509BD
:1023F0004209135909012E8A2A84CA89216C930A39
:102400008500E15C9304F9FFC204C180638F8405F9
:102410009306A0045000A6855685EFF0FFDA6357B7
:10242000050063139501A6892689E9BF9C083E959E
:10243000230A05FA4C005285EFF0FE9775F5630408
:102440000D0883570402639597089387F4FF2310C0
:10245000F402894613060402A1655685EFF0BFD940
:102460006358050661616FF09E880145E31C0DFE0F
:102470000549B1675D55E387F9FE9165CE959304F3
:102480008400C205DE865A86C1812685EFF0BFD65C
:10249000630D09005285EF60405DAA865286CE85A5
:1024A0002685EFF05FD5E34F05FA8357040263FFFB
:1024B000370323103403894613060402A1652685D9
:1024C000EFF07FD325A0A689014965B77D558280AD
:1024D000A6855685EFF01FEFE34605F89165FD15DB
:1024E000CA95C205C1815685EFF0DFEDE35CA0F629
:1024F00001458DBFEFF22EFC03540502916A1D7158
:10250000050442042A89AE894180A16B130A850023
:10251000FD1A130B05029304F4FFC204C180639DEE
:102520007405916B2164130A8900850B170C000058
:10253000130CACCA8357090293041400C204C1806F
:1025400085076383F40E5E949306A0045008A68565
:1025500052854204EFF05FC74180AA8A8546130680
:102560007100A2855285EFF03FC62A8B6347500762
:102570006347A00626847DBF56949306A0045008A6
:10258000A68552854204EFF03FC441802A8C8546DF
:1025900013067100A2855285EFF01FC3634C8003C0
:1025A000E351A0F883570902E39D97F69387F4FF60
:1025B0002310F90289465A86A1655285EFF0BFC300
:1025C000A6855285EFF01FE0A2855285EFF09FDFD0
:1025D000268491B7E358A0FCA9B7634BA000A68559
:1025E0005285EFF03FDEA2855285EFF0BFDD59B78F
:1025F0009C10BE9A238A0AFA639109022C004808AB
:10260000EFF0EFCC25D91C45224552C62318810096
:1026100074006286DA858297B1BF0146CE8548088C
:10262000EFF00FA261FDB9B7014525616FF02EEC07
:10263000EFF2EEEA9737FF1F9387077B80438144D1
:1026400009C42A893114814401E426856FF06EEBB8
:10265000631809005C4481EF404865D83114EDB738
:1026600008400146CA85EFF0AF9D6DF5F5B782973A
:10267000E5F4AA84D5B7EFF28EE69737FF1F93876C
:1026800027778043AA8409EC2685EFF07FFAAA8495
:102690000144EF502FD0636CA40026856FF06EE6E6
:1026A0005C402285A6859C4382970040E9BF0504D3
:1026B0001374F40FF9BFEFF28EE20145EFF0BFFBA8
:1026C0006FF02EE49737FF1F9387877223A00700D0
:1026D00023A207008280EFF28EE09737FF1F9387D7
:1026E000A77023A0070023A20700EFF0BFFD6FF043
:1026F0004EE1EFF2CEDE4111130985002A84EF503E
:10270000CFE5AA854A85EFF0FF88AA8419ED8946AE
:102710001306E100A1654A85EFF01FABE177634442
:1027200005008357E1002310F402268541016FF074
:102730004EDD9737FF1F9387A76B90430147B28603
:1027400091EE05E3DC4310C11737FF1F2322A76A70
:1027500085EF9737FF1F23AFA768828036879442A3
:10276000C5B7144385E2DC432320050091EB97377E
:10277000FF1F23A1A7689737FF1F23ABA76682809F
:1027800088C3C1BF14C108C38280EFF24ED517348D
:10279000FF1F130424612285EFF0BFF5AA8405E52D
:1027A000179900001309091422859737FF1F23ADDD
:1027B000275FEFF01FF89737FF1F23A7275F973793
:1027C000FF1F23AB876226856FF0AED39737FF1FBD
:1027D00083C7C762795599EFEFF26ED0EFF0BFEF84
:1027E000EFF0BFFA11E585471737FF1F2308F760A1
:1027F0006FF02ED18280EFF28ECE9737FF1F938736
:10280000A75E80432A89BE8419C0311415E0D840E0
:10281000232A09009307490105E71737FF1F2327DC
:10282000F75C1737FF1F2321F75C01456FF06ECD72
:102830000C4003250900EFF00ED809C94048E9B75C
:102840001CC31737FF1F2323F75AC5B75955F9BFC4
:10285000EFF2EEC897F5FFFF938545B81735FF1FD8
:102860001305C556EF40402EEFF05FF61715FF1F1A
:102870001305458AEFF03FF86FF0AEC8EFF22EC6B1
:102880008357650093E717002313F5003545EFE004
:10289000BFEC6FF00EC7EFF28EC48357650093E76D
:1028A00027002313F5003545EFE01FEB6FF06EC5F1
:1028B000EFF2EEC28355C50101112A840A86014553
:1028C000EFD01FAF19C9835705001167D98F2310A7
:1028D000F5001D45EFE05FE805A002478356C401FF
:1028E00019EF179600001306A601E5454800EFE032
:1028F0000FD24800EFE03F9105616FF08EC09397D3
:102900004601835607007D76D183F18EDD8E93D705
:10291000860093F7F7082310D70093E70705A30075
:10292000F70045BFEFF2AEBB2145EFE0FFE26FF0ED
:102930004EBDEFF2CEBA2145EFE01FE22545EFE0B4
:10294000BFE13145EFE05FE16FF0AEBBEFF22EB9D2
:102950008355C50141112A8470000145EFD05FA560
:1029600001CD8357050071777D17F98F2310F5008E
:102970001D45EFE07FDE31A0B24699E62285EFE00B
:10298000AFFA41016FF0EEB78357C4017D7613971C
:10299000470183D706005183F18FD98F13D7870062
:1029A0002390F6009377F70893E70701A380F600DA
:1029B000C1B7EFF2CEB22A842545EFE0FFD901E49A
:1029C0002945EFE07FD96FF0CEB3EFF24EB18355DA
:1029D000250041112A8470000545EFD07F9D01CD6F
:1029E0008357050071777D17F98F2310F5001D457A
:1029F000EFE09FD631A0B24699E62285EFE02FEDB9
:102A000041016FF00EB0835724007D761397470184
:102A100083D706005183F18FD98F13D78700239076
:102A2000F6009377F70893E70703A380F600C1B792
:102A3000EFF2EEAA8355250001112A840A86054586
:102A4000EFD01F9719C9835705001167D98F23103D
:102A5000F5001D45EFE05FD005A002478356240036
:102A600019EF179600001306E6E8E5454800EFE089
:102A70000FBA4800EFE02FF905616FF08EA8939729
:102A80004601835607007D76D183F18EDD8E93D784
:102A9000860093F7F7082310D70093E70707A300F2
:102AA000F70045BFEFF2AEA3EF500F9F11E52945A8
:102AB000EFE09FCA6FF0EEA49737FF1F93870720C0
:102AC000C043EF506F9D3375A40275D1E5B7EFF2A7
:102AD0000EA12A84EF500F8D85476307F500A301EF
:102AE000F4001945EFE05FC76FF0AEA1EFF22E9F43
:102AF000EF504F8B85476305F5001945EFE0DFC5C3
:102B00006FF02EA0EFF2AE9D3D45EFE0FFC46FF0F9
:102B10004E9FEFF2CE9C8357650093E74700231347
:102B2000F5003545EFE05FC36FF0AE9DEFF22E9BF1
:102B30003145EFE07FC26FF0CE9CEFF24E9A2D450B
:102B4000EFE09FC16FF0EE9BEFF26E998357250087
:102B500079712A842314F1008347450193054500C8
:102B600041461305A100230DF100EF50B0478356F5
:102B7000040017960000130626CDD1456808EFE043
:102B80000FA92C004D466808EFE00FD245616FF0A9
:102B90004E97EFF2CE948356050001111796000070
:102BA000130686CAD1456800EFE06FA66800EFE023
:102BB0008FE505616FF0EE94EFF26E9201113684AD
:102BC000B28479478A8617960000130626CBEFE079
:102BD0006FCA09C82286A6850A85EFE0EFCC056199
:102BE0006FF02E920A85EFE00FE2D5BFFD57170771
:102BF000FF1F2301F7548280EFF2CE8C41112A8906
:102C00002EC6B289EF40CFB5B2451304F9FF2E941A
:102C10004DC593170901C187AA847D55635CF002F5
:102C20004204418093170401C1876355F0029DC19E
:102C3000EF40CF95636AA4069C4481443E954205CB
:102C400041819307F5FFC207C18363E027076396BD
:102C50000900695541016FF02E8A2390A900D5BF64
:102C60003387640383A78A0A3E97835727006386C6
:102C70004703835707006362F40203474701BA978B
:102C8000C207C1831387F7FF4207418363672701A8
:102C9000E38109FC2390F9006DBF8504EF500F8A92
:102CA000E3C0A4FC01457DB78144416A973AFF1F08
:102CB000938ACA00594B7D1AD5B77D5561BFEFF293
:102CC0000E821734FF1F130464149734FF1F93847C
:102CD000A4140325C41419CD184D2326041411047B
:102CE0008347870093F7F7FB2304F700EF507FD764
:102CF000E31194FE6FF0EE80EFE27EFE1735FF1FCA
:102D000013054526EF30F071EFF07FFB6FE07EFF9B
:102D1000EFE2FEFC930540061735FF1F13058524DF
:102D2000EF30B06E6FE0FEFDEFE27EFB7D56B54505
:102D30000145EF40BFC56FE0DEFCEFE2BEF8EF40BB
:102D4000DF891734FF1F1304640C2320A4142322EB
:102D5000B41481440D499709FF1F9389293D032528
:102D6000C41419CD85040146638624018327041504
:102D7000814591E3CE85EF405FCA1104E39124FFC2
:102D80006FE09EF7EFE21EF441112A84AE8932C64D
:102D9000EFF09FF6EFF05FF929C99737FF1F938790
:102DA000E70683A5C7129304C5002A892685EF503C
:102DB0001FB281452685EF501FAB9315240093E584
:102DC000350093F5F50F2685EF50FFA93246CE85E5
:102DD0002685EF507FA79737FF1F23AF2717EFF008
:102DE000DFF5014541016FE03EF16555E5BFEFE2DA
:102DF0001EEFAE8495452A84EF50BFBCA685228580
:102E0000EF507FA66FE0FEEFEFE2FEEABD652A8499
:102E1000938505A61735FF1F1305C516EF30F05E25
:102E20009737FF1F938787209C439734FF1F938416
:102E3000E4FD268989CBC84019C522868D45EF104F
:102E4000903F6FE0DEEAEFF03FEBEFF0FFEDAA849A
:102E50006555E5D8032709009737FF1F83C7870FFC
:102E60009316170163D7060C1307F0076388E70072
:102E700085071737FF1F230FF70C29A09737FF1F70
:102E8000238A070C8325C9129389C4004E85173AFB
:102E9000FF1F034A2A0CEF509FA3D2854E85EF50A7
:102EA0009F9C8347440051478145637CF70093858D
:102EB000C7FE93F5F50FDD47B3D5F502850593F50C
:102EC000F50F8A0593F5C50F4E85EF50DF998355B1
:102ED00044004E85EF50DF9C834544000840EF904E
:102EE0005FFEAA854E85EF501F98835544009737A3
:102EF000FF1F23A39706D14763F3B700D1459394EF
:102F000005010C40C18026864E85EF50FF93A685B3
:102F10002285EF503F8C173BFF1F130B2BEF814A8D
:102F2000A14B5D4C8357440085E3EFF01FE1014561
:102F300009BF1387F7FF1377F70F9306D00FE3F955
:102F4000E6F2930700F835B763967A01EFF03FD7C2
:102F50003955C5BDEFF05FDD110B910A09E5EFF0C2
:102F60001FD66555F9BD835544002326AB14637302
:102F7000BC00DD45939905018325C9129304C50062
:102F80002685EF50DF94D2852685EF50DF8D93E5BF
:102F90002A0093F5F50F2685EF50FF8C0C4093D94E
:102FA00009014E862685EF503F8ACE852285EF5057
:102FB0007F828DBFEFE2BED201117C003ECAB7070F
:102FC00007003ECC81457C0048083ECEEFF03FE252
:102FD0009735FF1F83C585E44808EF50DF88D24747
:102FE000480883C717001737FF1F2305F7EAEFF0DC
:102FF000BFE111E585471737FF1F2303F7E405619C
:103000006FE03ED0EFE2BECD01117C003ECAB707B3
:1030100006003ECC91457C0048083ECEEFF03FDDF7
:103020004808EFF07FDE95471737FF1F230AF7E0C8
:1030300005616FE01ECDEFE29ECA01117C003EC02B
:1030400083450500B70711003EC27C003EC42A84B8
:1030500081C50145EFB0AFE28347040085450A858D
:103060001737FF1F2308F7E2EFF07FD8EF301FD1AB
:10307000AA850A85EF502FFF85450A851734FF1F63
:10308000130484F2EF50DF811C400A8583C5C7001A
:10309000EF506FFD1C400A85CC4BB335B000EF50AC
:1030A0008FFC1C400A8583C59701EF50CFFB1C4065
:1030B0000A8583D5A701EF50AFFE1C400A8583C562
:1030C000C701EF504FFA1C400A8583D5E701EF5046
:1030D0002FFD82452D461735FF1F1305B5DB8505EE
:1030E000EF5040700A85EFF03FD211E5894717375E
:1030F000FF1F2307F7D405616FE0BEC09707FF1FCE
:1031000083C747036387A706EFE2DEBB2A84EFF09D
:10311000BFC1AA8429CD1707FF1F0347A701930743
:10312000F00F8149631AF7009707FF1F2384870078
:1031300097990000938989869737FF1F938707CD5A
:1031400083A5C7121389C4004A85EF504FF8A285A2
:103150004A85EF504FF185454A85EF50CFF02685DF
:103160000146CE85EF407F8B2685EF509F8F6FE025
:10317000BEB88280EFE2BEB679713C083EC6B707A2
:1031800016003EC899453C0868003ECAEFF03FC6AD
:1031900041469735FF1F9385E5CB6800EF50CFEA96
:1031A0006800EFF07FC605E19737FF1F938707C6DA
:1031B0009C43139717019947634307009D471737AF
:1031C000FF1F230FF7C645616FE0BEB39387F5017C
:1031D000FD15FD1703C717000505A30FE5FEE39ACC
:1031E000B7FE8280EFE2BEAF05474111328463042F
:1031F000E504AA8719C90947630EE5060D477D5501
:103200006385E71A41016FE0DEAF33E4C5007D5509
:1032100075F89737FF1F23A707C49737FF1F23A50C
:1032200007C49737FF1F23A307C49737FF1F23A1A6
:1032300007C40145C1BF33E4C5007D5561F497372C
:10324000FF1F938767D6804341499734FF1F9384BC
:1032500064C1034684014C483305C9402695EF50AC
:10326000605803468401814526853306C940EFE056
:103270001EAAC1B791477D55E3E6B7F897870000CE
:1032800093870771BE9583C40500ADDC1739FF1F16
:10329000130989D1032709008357A701E58FBDD3FF
:1032A00083479701E3E0C7F69737FF1F938707B679
:1032B0009C43139717016358070093E707081737D4
:1032C000FF1F2325F7B4C1476397F406A285480082
:1032D000EF904F8B5800814413064002A545639B35
:1032E00084021C08A697238A07FE9737FF1F93873F
:1032F00067B726864C003E85EF50C04E4146058E8E
:1033000081452695EFE0BEA0832709004800DC53E5
:103310008297CDBD83470700B3F7C7029386770333
:1033200063E4F5009386070385042300D70093F434
:10333000F40F05076DB791454800EF90AF847D14F9
:1033400013162400178400001304C46532941C4033
:1033500092452685B3F5F50293D7050113D787006B
:103360009736FF1F2386E6B01737FF1FA302F7B07B
:10337000139705014183218393978500D98F1737D0
:10338000FF1F2318F7AE9737FF1F23AD07AC973702
:10339000FF1F23AB07AC9737FF1F23A907AC832779
:1033A00009002EC29C538297B1BDE3EDB7E4978725
:1033B00000009387675EBE9583C70500E38407E43A
:1033C0001737FF1F130747BE18438356E701FD8ECB
:1033D000E38A06E28346C701E3E6C6E29736FF1FAB
:1033E0009386C6A29042A145936606026394B700F5
:1033F0009366060418571736FF1F2329D6A0A28507
:103400003E85029701B5EFE2FE8B41112E89B2890C
:1034100035C501462A84EFF02FFE634F0504814431
:10342000173AFF1F130A8A89D94AEF403F9163D5A3
:10343000A4043385540383278A0A3E9583570500E5
:10344000B1E323108500230A250123113501410131
:103450006FE09E8A631245030354E1008504EF4048
:10346000FF8D0505634995001306E100CA85228595
:10347000EFF08FF865F145F40145D1BF8144054473
:10348000695AF1BF850455B7EFE2DE832A84AE891D
:1034900083454501035505000149EFC02F86834749
:1034A00044016341F902638509002285EFF06FEE64
:1034B000231004004146814513054400EFE03E859A
:1034C0006FE09E830355040093140901C180269583
:1034D00042054181EFE00FB103550400050926952F
:1034E00042054181EF30804B03550400269542058B
:1034F0004181EF30C04A65B7EFE26EFE1735FF1F1E
:10350000130545A8EF30E0719737FF1F83C78798F1
:1035100089C781450145EFB08F961734FF1F13040B
:10352000E48E1C401397170163570700084401C538
:103530008145EFF07FF59737FF1F938727AF9C43B7
:1035400089C7484019C1EF40CF88EFF0EFFA130662
:10355000801581451735FF1F1305458BEFE02EFBC6
:10356000FD571737FF1FA30BF79C9737FF1F938754
:1035700067A39C4395C398472392070098C31737C6
:10358000FF1F2321F79C0545EF901FC7814711E1DD
:10359000C9573E856FE0EEF6EF1040489737FF1FA2
:1035A00023A2A79ACDB7EFE28EF341112AC6EFF01E
:1035B000BFF49737FF1F9387279F9C439C5F81C76A
:1035C000B2450545829741016FE0AEF3EFE22EF17F
:1035D0008347550085462E8789836382D70C91C720
:1035E00089466389D7106FE0CEF19736FF1F938627
:1035F000E6819C42B68413961701E34606FE83D506
:1036000045003D46E371B6FE8983858B2A848DC3D0
:1036100003A7C6121C41E318F7FC9737FF1F83C7A7
:103620002782F1F3014681450545EFF0AFF565BF0F
:103630009737FF1F9387479703A907000843414621
:1036400083250900EF50A01759FD8327490399C32B
:10365000054582971C40BD65938505A61737FF1F5A
:10366000232CF78C9C401735FF1F1305A59193E77A
:1036700047001727FF1F232BF77883A7841398474A
:103680002392070098C3EF30405801468145054515
:10369000EFF04FEF9727FF1F2384077AA9B79727EB
:1036A000FF1F9387A7769C4393961701E3DD06F2ED
:1036B00003D745000DFB13F7870001CB93E7870085
:1036C0001727FF1F2324F77439BFBD9B93E787009B
:1036D0001727FF1F232CF772EFF00FE29737FF1F1A
:1036E0009387878C9C43DC5B99C305458297EFF0F9
:1036F0007F8CD5BD9727FF1F938747719C43898394
:10370000858BE38207EE83D74500E38E07EC9C416F
:1037100003C50700EFF03FE9F9B5EFE2AEDA172491
:10372000FF1F1304A46E1C4013D72700058B35CF51
:103730009183858B9304007D81E79D64938404537A
:10374000EF30BFE903270414832744143307E5400F
:103750009D8D3335E500898D93D7F44163C9B70456
:103760006394F50063E5E4049724FF1F9384046ADF
:1037700001440D499709FF1F9389499B03A5C41470
:103780000DC51C4D050483C7870093F7070499EB0B
:1037900001466306240183A70415814591E3CE8584
:1037A000EF40AFA79104E31B24FD6FE0EED41C4073
:1037B0009183858B91CB8327C4140145DC4703C7D4
:1037C00057008D476313F7002545EFF0DFDDF1BFAC
:1037D000EFE2EED09727FF1F938747639C43411189
:1037E000A307A10013E707019726FF1F23A0E662A6
:1037F000C18B99E705469305F1000945EFF08FD895
:103800000347F100A5476314F700EFF0FFCE8345AF
:10381000F10091C99727FF1F938707799C439C5F0D
:1038200099C30545829741016FE0AECDEFE22ECB03
:103830001724FF1F1304845D1C4001111397170107
:1038400063570700EFF0DFF805616FE08ECB7C0077
:103850003ECAB7070700AA843ECCA5457C004808AD
:103860003ECEEFF0CFD8A6854808EF40DFFF4808EE
:10387000EFF08FD91C4093E707101727FF1F23276E
:10388000F758D9B7EFE2AEC51724FF1F1304045849
:1038900083278413BD65938505A69C431725FF1FC9
:1038A0001305456E83C40700EF30203603258413CB
:1038B0009725FF1F83C5C568EF906FE305C91725DE
:1038C000FF1F0345A567EFF07F8383470413172786
:1038D000FF1FA305F7669727FF1F238107661C407C
:1038E000A183858B91C70D45EFF05FF46FE06EC14A
:1038F000A54763F497000945C5BF6388F40097277F
:10390000FF1F83C7E753E39097FE978700009387D5
:10391000E70E032784138E04BE9483D74400835696
:1039200047008507E399D7FC08439C40050582972B
:1039300075BFEFE2CEBA834645001727FF1F034746
:10394000F75F834755006317D7003A85EFF00FFB09
:103950006FE02EBB1726FF1F0346465E9724FF1F0E
:103960009384C44A6304D6020507E393E6FE17274F
:10397000FF1F2305D75C03A78413144723120700F6
:1039800014C37D579726FF1F239BE65A13D42700A5
:103990009727FF1F83C7B75A63F687000945EFF0E3
:1039A000FFE87DB763918702A557B307F40203A729
:1039B0008413034747008D07BA9703D7450093F751
:1039C000F70FE39DE7FC9727FF1F83C74757B3D740
:1039D0008700858BB5DF5D459307F4FFB387A702AA
:1039E00003A7841303D645008C410843D1073E95B5
:1039F000EF40505F03C724138547B397870093C7F1
:103A0000F7FFF98F1727FF1F230BF752B1F3EFF0E2
:103A10007FE73DBFEFE22EAA59711C083ECCB707E5
:103A200006002A843ECE58181C089786000093860C
:103A300066FB1726FF1F1306F64E93050002172597
:103A4000FF1F1305E53D3ED0EF90AFCE19C11D45D8
:103A500089A0D80897860000938646F91726FF1F8D
:103A60001306564C930500021725FF1F1305453B0F
:103A7000EF902FCC69FD3546930571054810EF4056
:103A80007056D40822864C104818EF90CFE509C52F
:103A90001945EFF0BFD9D9A8D800978600009386C2
:103AA00066F51726FF1F1306F64793050002172534
:103AB000FF1F1305E536EF90CFC751F903466106A6
:103AC0002808A14583494106034B510632C60344E9
:103AD0007106834C810603499106034CA106034AF3
:103AE000B106834BC106EFF08FB02808EFF0CFB1DD
:103AF00035EDFD571727FF1F2304F7349727FF1FC6
:103B0000938787529843BE8A8144324611CF9727C4
:103B1000FF1F9387A7519C4381CB9727FF1F938754
:103B2000E72EC443B3349000220433649401220985
:103B3000220A4204B366890193958900DC00336749
:103B40007A01C18EB3E56501C808EF400FCA19EDCF
:103B500083A70A0081C799C0EF1020069305007D56
:103B60001725FF1F13050542EF30200A65616FE03E
:103B70000E98EFE2CE961971AA84AA853410172602
:103B8000FF1F1306262E1725FF1F1305A52FEF90E5
:103B9000CFD919C11D4519A841469725FF1F938507
:103BA000652A2810EF40B04109C51145EFF01FC844
:103BB000A5A21724FF1F130464251C409725FF1F8F
:103BC000938545291397170163470700A685972416
:103BD000FF1F938424289726FF1F9386B6342686DA
:103BE0001725FF1F13050529EF90EFD945F51C4058
:103BF0001397170163550712BC083EC6B707270085
:103C00003EC83818BC08978600009386A6DD1726A4
:103C1000FF1F13063631930500021725FF1F1305FA
:103C200025203ECAEF90EFB035F5B800978600002A
:103C30009386C6DB1726FF1F1306D62E93050002B8
:103C40001725FF1F1305C51DEF90AFAE21F53546B3
:103C50009305B1042808EF40F03818449786000017
:103C6000938646D91726FF1F1306D62B11079305F7
:103C700000021725FF1F1305A51AEF908FABE31B5A
:103C800005F01C4403D52700EFB04FCEAA84E30310
:103C900005F09D456800EFF08F9583C5E40193071B
:103CA00090054146B385F502680093850503A69506
:103CB000EF409FB91C44680083D52700EF405FBEEA
:103CC0002685EFB0CFCCAA856800EF40DFB99727F3
:103CD000FF1F9387A7FE8C436800EF405FBF1C4423
:103CE000680083D50700EF40BFBBA1456800EF40E7
:103CF0001FB3B2462C08281885063686EF904FBDB4
:103D000019C1194565B56800EFF00F9011E5A1479D
:103D10001727FF1F2306F71209616FD09EFEEFF0F1
:103D20006FC5DDBFEFD2BEFB79713C083EC6B70759
:103D300016003EC89725FF1F9385C5133C0817251D
:103D4000FF1F130525153ECAEF900FC019C51D456D
:103D5000EFF0DFAD45616FD0DEFA1726FF1F1306C7
:103D600066129725FF1F9385E5101725FF1F130582
:103D7000250BEF908FBF61FDC1451725FF1F130570
:103D8000650DEF802FE061F595456800EFF02F8617
:103D9000C1456800EF40BFA8AA861726FF1F13067B
:103DA000660C9725FF1F9385E50A1725FF1F13054E
:103DB000650DEF908FB741FD6800EFF0EF8459F982
:103DC0009727FF1F938787049C43B983858B93B7FD
:103DD000170095071727FF1F2304F706A5BFEFD28B
:103DE0001EF0AA8541461725FF1F1305A505EF40C4
:103DF000701F9727FF1F938767019C431397170135
:103E000063560700EFF00FB76FD0BEEFEFF09FF1F2
:103E1000E5BF9727FF1F938767FF9C4313F7F7F7CB
:103E20009726FF1F23A4E6FE13F7070809CB858B0F
:103E300099C7EFD2DEEAEFF0FFEE6FD09EEC828002
:103E4000EFD2FEE99724FF1F938444FC8040397130
:103E5000AA859317140163D407061364140013068C
:103E600000041725FF1F1305F5079727FF1F23AF32
:103E700087F8EF403017EFE03FE89C401724FF1F22
:103E80001304540613971701634607001724FF1FF6
:103E900013045401A2850A85EFF04FB39305040281
:103EA0000810EFF0AFB297050000938505140A855E
:103EB000EF902FB81DC91D45EFF05F973DA0130689
:103EC00000041725FF1F1305F5FDEF40B0119357B0
:103ED0009400858BC5DF93571400858BC5FB136455
:103EE00014009727FF1F23A387F221616FD07EE183
:103EF000EFD2FEDE1D713C083EC6B70746003EC845
:103F000001453C083ECAEF902FAF19E51D45EFF083
:103F1000FF9125616FD0FEDE2A848D456800EFE0B9
:103F20001FED930500026800EF407F8FA285EFF040
:103F3000EFA9930500026800EF407F8E930504020D
:103F4000EFF0CFA81724FF1F130444EC1C40B24528
:103F5000130600041397170185051725FF1F130586
:103F600075F4634607001725FF1F1305B5F7EF40EB
:103F700070076800EFE05FE949FD1C408566138724
:103F800006805D8F1726FF1F2322E6E81727FF1FF5
:103F90001307C709184301CF584011CB7D7713078A
:103FA000F77FF98FD58F1727FF1F2321F7E61C40D6
:103FB00013971701635B0700A583858BB9FB8D47BA
:103FC0001727FF1F230EF7E6A9B713D757009983CA
:103FD000D98F858B1307F00F91E315479727FF1FA4
:103FE0002380E7E63DB7EFD29ECFAA851725FF1FB6
:103FF000130505E3EFF08F9D9727FF1F938707E1D8
:104000009C43139717016352070413D7670093D695
:104010005700558F058B11EB13D77700058B01CB1C
:1040200091471727FF1F230DF7E06FD09ECD139701
:10403000370163550700EFF0FFCEC5BF0967D98F81
:104040001727FF1F2324F7DCCDB713D79700058B65
:1040500005C715479726FF1F2384E6DE856613F7FD
:10406000F7F7558F9726FF1F23A2E6DA93F7070885
:10407000CDDFEFE03FF955BFEFF09FE77DB7EFD21F
:104080001EC61724FF1F130464D88327C4149DCFB2
:10409000034745009727FF1F83C7C7EB6318F70245
:1040A0001C409183858B99E3EFE01FC51C4013975B
:1040B0001701635F070013F7F7BF9726FF1F23A7BA
:1040C000E6D493F7074089C7EFF09FE26FD07EC335
:1040D0001840FD779387F77F13164701F98F8566A0
:1040E000634706001727FF1F2322F7D2C5B7D58FD6
:1040F00013961701634706021727FF1F2328F7D0DF
:104100001C4013971701E34307FC13F7F7F79726B3
:10411000FF1F23ADE6CE93F70708CDDBEFE09FEE60
:1041200075B7F5779387F77FF98FD58F9726FF1FA0
:1041300023AEF6CC93172701E3D407FCEFF09FBE24
:10414000C1B7EFD2DEB98347050091C70945EFF04B
:10415000EFED6FD01EBB834715002A8413F7E70FDE
:1041600075F71727FF1F130727E418430346C700F7
:10417000E31EF6FC9727FF1F938747C9944393F7E5
:10418000F6DF19C293E706209726FF1F23A0F6C883
:10419000A583858B81C71C4B91C382971546A28549
:1041A0001725FF1F1305C5CFEF40C0638D471727A5
:1041B000FF1F2307F7C80346440083453400034527
:1041C0002400EFF02F82E35605F849B7EFD2BEAED8
:1041D000172BFF1F130B8BC303270B000111931722
:1041E000170163D007023C003ECAB7070B003ECC64
:1041F0003C003ECE834705002A8499E70945EFF04D
:10420000EFE205616FD0BEAE8347150083462500FF
:10421000A207D58FC207C1878546E391D7FE8346A3
:104220003500E3EDD7FC972AFF1F938AEAD783A7CF
:104230000A0001499C5BADCFA5CE136707208344DC
:1042400044009727FF1F23A3E7BC8547E3E897FABD
:10425000034C5400A147E3E387FB83496400034513
:104260007400A209B3E9A90013F709FE41FB834BCF
:104270008400E3E577F9034A94000345A400220A89
:10428000336AAA0093770AFFB5FB8345040017261B
:10429000FF1F035686B81725FF1F0355E5B7EFF03C
:1042A0008F969727FF1F23A7A7B611E5154581BF56
:1042B0001377F7DF69B783A70A0091C403C78701A3
:1042C00019C3D84B61EF83C4970163F39B00DE846D
:1042D00083D7A70193F4F40F13F7070101C71377EE
:1042E0008A0059EBBD8BD1CF13757A0059C9EFA065
:1042F000BFAD83A70A007D15937BF50F03D5A701FA
:10430000A94C3D89EFA05FAC7D15137AF50F03A78B
:104310000A008347C7016373FC00E28713FCF70FB1
:104320008357E70113F7870001C713F7090131EF3E
:104330009D8BADC313F5F90031CDEFA0FFA883A786
:104340000A007D159379F50F03D5E7011D89EFA0CC
:10435000BFA77D151379F50FA947B307FC02338773
:104360009403636AF70C638C0C0C639C040C814906
:104370000149814B014A3DA0930C4002114A8D4BEB
:1043800079B7814C014A814B59B7930740020D49D7
:104390009149E1B7814701498149C1B781448149C8
:1043A000854B054A2D46A2851725FF1F130595AE9F
:1043B000EF40404389454808EFE07FA38145480826
:1043C000EF406FCA83250B004808A5818589EF401F
:1043D0008FC9DE854808EF400FC9CE854808EF40F9
:1043E0008FC8A6854808EF400FC8D2451546172547
:1043F000FF1F1305E5AA8505EF40C03E4808EFE022
:10440000BFA0E31005E02686CA855285EFE09FDD58
:1044100001C50945EFF08FC183270B00A583858B6C
:1044200089C783A70A009C5B829783274B0099CF9B
:10443000EFF01FACF9B3E284894B0D4AA5B7814474
:104440003DB7DE8952898D4B094AA9BF83270B00EE
:1044500093E707401727FF1F232AF79A5DB3EFD290
:104460007E86834745002A891725FF1F034515AD22
:104470006316F500EFE09FC86FD01E881724FF1F5A
:104480001304C498832984132E85AE84EF40EFCBA8
:104490002392A9008347490026851727FF1F230F72
:1044A000F7A8EF40AFC69727FF1F238BA7A8832746
:1044B000841303D7470009E70945EFF02FB76DBF15
:1044C00083D76700E3EAE7FE83475900898381C702
:1044D000D146E3F3E6FE1727FF1FA302F7A6172531
:1044E000FF1F0345C5A5137715009307F00F05C3FC
:1044F0001345F5FF1375F50FEFA01F8D7D1593770D
:10450000F50F1727FF1F034797A3E367F7FA17274E
:10451000FF1F0347C7A211C3BA870345590009818A
:104520001307150005453315E5007D157D8D97278B
:10453000FF1F2386A7A08327841303D644008C4043
:104540008843EF40202A8347241393F7E70F172768
:10455000FF1F2306F79E8DF3EFF0CFB231BFEFD2EE
:104560000EF803450500EFF0AFA66FD08EF9EFD23D
:104570000EF72A89AE840144EFA05FF863449400EB
:104580006FD02EF83305890042054181EFD08FA509
:104590000504EDB7EFD2AEF401449714FF1F9384E6
:1045A000E4715949EF308FF96344A4006FD06EF580
:1045B0003305240383A7840A3E958357050081C7EA
:1045C0008545EFE07FEC0504F1BFEFD2AEEFAA84A2
:1045D00001441719FF1F1309696ED949EF300FF60F
:1045E0006345A40001456FD02EF1330534038327C2
:1045F000890A3E950357050063E7E40083474501B8
:10460000BA97E3C2F4FE0504D1BF9727FF1F938733
:10461000A7999C43DC5F91C7EFD26EEC82976FD075
:104620004EEE82809727FF1F938707989C43BC43D9
:1046300091C7EFD2CEEA82976FD0AEEC8280971707
:10464000FF1F9387A77C98439316170163D306082F
:10465000EFD2EEE880470149834544010355040049
:10466000EFA0DFE983474401634BF9022285EFE0C5
:10467000AFCD9717FF1F23AF0778FD5701451717D9
:10468000FF1F230FF77AEFF0AF94034644018355E1
:10469000040003552400EFF0FFF86FD08EE60355B9
:1046A000040093140901C180269542054181EFD091
:1046B0006F93035504000509269542054181EF20BB
:1046C000E02D03550400269542054181EF20202D61
:1046D00051BF82809727FF1F23A6A78C8280EFD22D
:1046E0000EE09717FF1F93876772DC436D54639F3B
:1046F000A700EFE07FE09727FF1F9387E78A9C439F
:104700002A849C5F81C781450945829722856FD0A5
:104710004EDFEFD2CEDC9717FF1F9387276FC8437A
:1047200009C5EFF0DFFB6FD0CEDD25459727FF1FD2
:1047300023870780EFF0CF89FDB79727FF1F938767
:10474000A786884382809717FF1F9387276C88432B
:10475000098105898280EFD28ED841112A84EFF039
:104760009FFE2DC903574400954763F8E70622854D
:10477000EF40EFA02AC42285EF404F992306A10005
:104780002285EF40AF989717FF1F938727689843BC
:10479000A306A1000983058B11C783A6C712A247F0
:1047A000639DF6020D89977700009387A7210E0578
:1047B000B386A7008355440003C6560063EFC500C7
:1047C00001E703C7460011EBAA979C43A285280086
:1047D000829721A0EFA0BF9851D541016FD06ED232
:1047E0009717FF1F9387477C9C43FC4391C7EFD2E9
:1047F0000ECF82976FD0EED08280EFD24ECE97F55B
:10480000FFFF9385C5F11715FF1F1305A575EF2051
:10481000A0336FD00ECF15C5EFD26ECC2A8497058A
:104820000000938545EF1715FF1F1305A575EF20B1
:10483000A0319717FF1F23A98776EFE0FFCB6FD03A
:104840004ECC7D558280A9E1828083270900131711
:104850001400BA9783D70700638697020504EF30E8
:104860006FB9E344A4FE0144EF30CFB8635CA40009
:104870000327090093171400BA9703D7070019EB11
:10488000239097006FD0EEC7EFD26EC52A89AE8411
:104890000144F1B70504C9BFEFD26EC44111AA8427
:1048A00001442EC6EF300FB5B245635CA4009840BA
:1048B00093171400BA9703D707006317B700239024
:1048C000070041016FD0EEC30504E1BFEFD22EC156
:1048D0009717FF1F9387C7749C432A87AE86328839
:1048E00089CF9718FF1F9388687303A3080089482E
:1048F0006315130182976FD0CEC09717FF1F938760
:10490000E7729C430145E5DB9717FF1F938707710B
:1049100090438547E311F6FE4286B6853A85EF203F
:104920005FD0D1BFEFD20EBA2E8A3284AA89EF208F
:10493000FFCD75158357440093140501C180137989
:10494000FA0363FE9700CA852285EF303FE70356DE
:1049500044000C404E85EFF07FF76FD0EEB99365C1
:1049600009042285EF309FE50C4026864E85EFF046
:10497000FFF5A6852285EF30FFE513690908835707
:10498000440099CF850763DF970093650A0C228561
:10499000EF30DFE2035644000C404E85EFF01FF38A
:1049A000014565BFCA852285EF305FE10C40268650
:1049B0004E85EFF0BFF1A6852285EF30BFE1C1B78C
:1049C000EFD2EEB179713C083EC6B70717002A84D2
:1049D000AE843EC868003C0885453ECAEF307FFE85
:1049E0006C002685EF30FF81700085452285EFF051
:1049F0007FF345616FD0EEB0EFD26EAEEF308F9F98
:104A000089450605EFA06FBEE55711C59717FF1F33
:104A100023AEA75A81473E856FD0AEAE9717FF1FD2
:104A20009387875A985B239607021715FF1F130574
:104A3000255C98D782801717FF1F1307E758184384
:104A40006316A7021717FF1F034787587517938729
:104A5000D5FF1337170093B71700FD566319F700FA
:104A6000EFD2EEA7EFF01FEC6FD0AEA9ED56368572
:104A70008280EFD22EA505EDC16401441719FF1FF6
:104A80001309C9239309400EFD1421A833053403EB
:104A90008327090B3E958357C50163839700D13F58
:104AA0000504EF302F97E343A4FE6FD0EEA49717D1
:104AB000FF1F93876751AA85884365D9EFF05FF0A0
:104AC000EDB7EFD22EA079711C083EC2B7072000C7
:104AD0003EC41714FF1F1304244F1C083EC61C407D
:104AE000D9C31717FF1F0347A74E8947AE842A89EA
:104AF0006315F704814911A85C4013971900BA9710
:104B000083D70700638197068509EF30AF8EE3C531
:104B1000A9FE85454800EF30DFEA035649008325AA
:104B200009004800EF305FD2084050008145EFF0A7
:104B30009FF0054545616FD02E9CC167FD17E38A44
:104B4000F5FC85476311F702814911A85C40139772
:104B50001900BA9783D70700E38D97FA8509EF30DC
:104B60006F89E3C5A9FE0145F1B7230005022322A1
:104B700005028280EFD2AE9685472300F5022A8493
:104B8000EF205FA79717FF1F9387471383A7070B94
:104B900048D01715FF1F130565411D8CB7F723B8C3
:104BA000938797E009843304F4029717FF1F23AB20
:104BB0008746EF2020046FD0CE94EFD2AE90EFA0C6
:104BC0000FDAE95705C1C16401441719FF1F130922
:104BD000E90E9309400EFD14094AEF30AF83634696
:104BE000A40081473E856FD02E913305340383277F
:104BF000090B3E958357C5016388970083470502DB
:104C000063844701EFF01FF70504C1BFEFD22E8D7B
:104C1000834705FE85466398D7001305C5FDEFF071
:104C20009FC26FD00E8E8946E39DD7FEFDD9130536
:104C3000C5FDEFF07FC6F5B79717FF1F9387073EB7
:104C400098433DCF8546F157631DD706EFD22E8995
:104C50009717FF1F938747372A8788433E8405C9E4
:104C60009716FF1F83C6C6368D476392F60239E357
:104C70009717FF1F9387873B9C4395EB9717FF1F61
:104C8000238807341C4003D50700EF20FF9CEF204A
:104C90007F9E1715FF1F130565319717FF1F23AF61
:104CA0000736EF10107881473E856FD08E85EFF084
:104CB0001FA3E9B703550500CD45EF20DF98D9B70D
:104CC000F9573E8582809717FF1F938727359C43AE
:104CD0007955BDC3094771556383E7008280EFD2E0
:104CE0000E801714FF1F1304242E184015C383478A
:104CF00084008546FD1793F7F70F63EBF600035525
:104D00000700CD459717FF1F2384072CEF20BF9383
:104D10001C4003D50700EF20BF97EF203F991715E0
:104D2000FF1F1305A5289717FF1F23A9072EEF10B4
:104D3000506F01456FC0FEFC828015C1EFC23EFA84
:104D40001C41AE842A8489C72E86014581458297FD
:104D50005C4081C7A685014582976FC09EFA82801C
:104D6000EFC2FEF797670000938787509C43AA85A0
:104D700001459C4782976FC0DEF8EFC25EF62A8439
:104D8000034585019307F00F6314F500EF604FCFE3
:104D9000930720033305F5020328C4018146014728
:104DA0009305000293076509034574017D89050594
:104DB0003356D800058A01C605071377F70F850615
:104DC000E398B6FE198D130740063305E5023E95BC
:104DD0009307C0126354F5001305C0126FC07EF232
:104DE000EFC25EEE1C4D03548500B28995834E04DC
:104DF000858B4111AA842E894D80314691C321466D
:104E00003307260383D74401998F6344F60013F6D2
:104E1000F70F83C564014E8532C6EF30DFA49C4C8A
:104E2000935564004E85860793F70708DD8DEF30B4
:104E30009FA30A0493553900C18D93F5F50F4E8554
:104E4000EF307FA29C4C931559004E85FD8BDD8D74
:104E500093F5F50FEF303FA1DC4093152900324662
:104E6000BE958C414E85EF303F9E41016FC0DEE81C
:104E7000EFC25EE5AE8A8345A5002A84B289054566
:104E80000146368A3A8BEF207FB03DC19304C500BE
:104E90002A89A5452685EF30DFB2630D0B048345D3
:104EA0000B0093F5F5072685EF30FF9B03D64A00EC
:104EB00083A50A002685EF303F999717FF1F938738
:104EC00027C89C43C9C750401C40835584000356E3
:104ED000460003D5C70105478146EF80BF8115E92C
:104EE0005C40839747006354F0064A85EF307FB7F4
:104EF0006555A1A85C400547814583D727008D07EC
:104F0000C207C183E371F7FA0C44E98193E5050414
:104F100059BF9717FF1F938767C283A807000548EB
:104F2000A68705478146014681452285829805C1AD
:104F30005C4083974700635CF0004A85EF307FB2A6
:104F40004E85D285EFF07FDF01456FC0FEDAD28655
:104F50004E86CA852285EFB08F85C5BFEFC29ED62B
:104F60002A84130545022E89EF10B04B9717FF1FB7
:104F7000938707BD9C4395CB8307740163D70702D2
:104F800003467401054581457D8A0506EF30E04200
:104F90005C4C7D15638BA7000356240183550401E7
:104FA000084093068400EF807F878144584093999E
:104FB00024004E97084319C5EFF09FDA5C40CE9766
:104FC00023A00700834774018504FD8BE3D097FE7F
:104FD0008347740193F7F7FBA30BF400630B0900FD
:104FE00081470148232004001CC4232604012328F0
:104FF00004006FC07ED0EFC2FECC9C45AA842E84F4
:10500000B289239205009CC10149DC401317290095
:10501000BA97D8488C43A1479316270063C306006C
:10502000B1473387270303D64401198E63D3C700E2
:105030003E862285EF305F8183C774010509FD8BB1
:10504000E3D527FD83C7740193F7070291EB8357DC
:1050500044002147639309001147998F2312F400FC
:105060006FC09EC9EFC2BEC72A83084103DE050098
:1050700041110355C5016313AE0603454301098978
:1050800011C503C54500138E650119E1138E550046
:1050900083450E001377F7037D55639EE502BE85B9
:1050A000B687832643014285468713F81600971674
:1050B000FF1F9386A6C094428358A30032C0B386D4
:1050C00006410358830036C22E86AA868145130501
:1050D0001E00EF707FD641016FC0BEC27D55E5BF97
:1050E000EFC25EBE2A84035585004111BE89AE8A97
:1050F000328AB6843A89EF10FFD6E15739E1035579
:105100008400EFF08FCCFD570DCD5C488358A40090
:105110004E8713F817009717FF1F938727BA9C43F2
:10512000CA8656C0B3870741035884003EC226860C
:10513000D28785451105EF703FD03335A000B30706
:10514000A0403E8541016FC03EBBEFC25EB92A84DC
:1051500013058502EF10F02C81471CC4835784018E
:10516000014823200402C607C5832322040223200A
:1051700004002326040123280400231CF400814496
:105180008347A4019DC75840139924004A970843B8
:1051900001CDEFF0FFBC5C40CA9723A00700834716
:1051A000A401FD17230DF4001C4C8504FD8BE3D9ED
:1051B00097FC1717FF1F130767B01C47230D040048
:1051C00093F6F7FD1716FF1F232ED6AE93F70702AF
:1051D00089CB08438145EFA04F8101C50145EFA070
:1051E0004FA86FC01EB2EFC21EAD832A0502032A6C
:1051F0004502AA84AE8901490144171BFF1F130B06
:10520000ABE3930B8004EF203FA5634BA90201CCD5
:1052100083578401814513058402C607C583231C77
:10522000F400EF10901E2685EFF03FF263880A002D
:1052300083A74A0081C7D2854E8582976FC03EAB57
:10524000B307790303270B00BA97638DF402039722
:1052500087016359070283D6070103D704016393CB
:10526000E60283D6270103D72401639DE60009CC1B
:105270005444D847636AD7006396E60014449847BD
:105280006364D700050941B73E84EDBFEFC29EA31A
:1052900018417971231001028357C70123110102BC
:1052A0003AD2231CF1008357850103476501231F70
:1052B0000100EA07FD87231DF100835725010A0736
:1052C000231EF100930700F8A300F1028347B50104
:1052D0002301F1023C083ED4835705012316F10255
:1052E000834775012307F1021C4D9D83858BD98F60
:1052F000A307F1028347D50195CBF1742A8417697E
:1053000000001309A9749384F40F184C9357870075
:1053100093F7F7037D8B6371F702835784017177ED
:105320001307F70FF98F231CF400A5A0A555EFF084
:105330009FEB45616FC05E9C58408A07BA979C43BB
:10534000D1C38345740101460545EF202FE4AA89A6
:1053500029C11306C5003285A54532C6EF306FE678
:105360000C4C32462285A18193F5F503EFF05FA73F
:105370008347C401A2864A868507230EF400CE85A2
:105380004810EFA0DFC21DCD8347C401FD17230ED7
:10539000F4008347C4018DE38317240113058402BD
:1053A000930520036358F0008347B401B385B70227
:1053B00093850519EF1070058347D401FD17A30EDF
:1053C000F40085BF1C4C03578401A183850793F724
:1053D000F703A207658FD98F231CF4003DB7EFC2F6
:1053E0001E90130585FDEFF07FEA6FC09E91034785
:1053F000A50139CF0347C501AA877D171377F70F9A
:10540000230EE50031E7EFC29E8D83162501634A26
:10541000D0000347D50111E78145EFF0DFDC6FC015
:105420005E8E03D687011167130707F0718F13850E
:105430008702814519EB930520036358D00083C789
:10544000B701B385B70293850519EF10007CC1BF82
:105450008280EFC2DE882E85EFF07FF96FC07E8AF2
:10546000EFC2FE8783578601AE84328413971701FB
:10547000634E07001C5299CB9C4389CB50528297B4
:10548000835784011167D98F231CF40081C42285BE
:10549000EFF0FFF56FC0FE86EFC2FE81AA8413F520
:1054A000F507328915CDA947630BF51883C7440169
:1054B000014493F707049DCB9707FF1F9387C767A6
:1054C00098436306071C9707FF1F9387277F9C5FFE
:1054D0009183858B639D071AA68502972A8439A03C
:1054E00003574600954763E6E7007D5422856FC069
:1054F0001E803285368AEF304FC59317150193D938
:1055000037019707FF1F9387A7639C43935AF500C2
:10551000C20A93DA0A018DCB8387440163D607025E
:10552000DC4813F717009707FF1F938727799C43E1
:10553000998F13D78700E207B3E737012320FA00DA
:105540002322EA0001445DB74A85EF304FC3096B5F
:1055500083DB84002A898144171CFF1F130CCCAD08
:10556000930C80047D1BEF202FEFE3D0A4F833844D
:10557000940383270C003E9418445444B377670186
:105580006390370583572401638D7701638A0A028C
:105590001C4C0346A401FD8B85076313F6022319F7
:1055A000740183172401E352F0F42320EA0023223C
:1055B000DA0063190900A9552285EFF0DFC259B757
:1055C000850455B74A85EF903F801C4C7D15FD8BB7
:1055D000E3CDA7F013058402370A0040EF106064A2
:1055E0007D1A854A4A85EF90EFFB01E98347A401C4
:1055F000A9C72285EFF09FC9B1B75840B30745014D
:105600008A07BA979C439304F5FF8DC393F9F40F6F
:105610008A094E970843EFF0AFF45C40BE9923A08F
:1056200009008347A401FD17230DF40033959A0068
:105630001345F5FF3379A90075B78145B5BF035709
:1056400046008947E3F3E7EA03D7A4009717FF1F53
:1056500083D7079E0144E31BF7E83285EF300FAB99
:10566000AA894A85EF306FAED04493F9F907AA862C
:1056700021829377F60705461D8E83D5A40003D5B6
:1056800084004E961376F60FEF502FF985B59707E5
:10569000FF1F9387E7609C436154E38907E44A86D0
:1056A000A685829725BDEFC28EE07971AA8A2E8ADF
:1056B00032C0368B3A848144014D01499719FF1F4E
:1056C00093898997930B8004EF200FD963CCA4149E
:1056D000F15463050D1403A64A00630504188347BB
:1056E000040093E707F8230BFD0083D78A000357D4
:1056F0004A00B33580002318FD0083574600A149B6
:105700002319FD009307F7FF11E0B149B3C7370331
:1057100083568D011705FF1F1305455A231AED0007
:10572000819A9605FD8BDD8E231CDD008507230DF8
:10573000FD001C4503284500898313F717001C4111
:10574000998F13D78700E207B3E707012324FD00F1
:1057500083A70A002326ED0023226D032320FD00EA
:1057600082472320FD0293070040231EFD0083C7CC
:10577000AA00A30BFD0003A78A004D8393770704BB
:1057800013F7F6FB5D8F231CED0083C7BA00137778
:10579000F7F79316F900858B9E075D8F9317170116
:1057A000C583D58F13D78700231CFD009377070887
:1057B000A30CFD0083578D011307F00F93F7F7FD3E
:1057C000CD8F231CFD008347A6002AC2639DE70AF4
:1057D000EF501FABA30DAD009704FF1F9384443619
:1057E0009C40130C8D006388071683270D00032748
:1057F0008D0103562D0183D58A0003D5C7017D8B0A
:105800000507E286EF701FEF6317051483172D015C
:105810006353F0146A85EFF05F93E5542685456184
:105820006FC0AECCB387740303A70900BA9703C750
:10583000A7010DC703D68A0083D607010147631B62
:10584000D60003A74A0083D72701035747001D8FBF
:10585000133717003369E9008504BDB5E31E0DFE5B
:105860003E8DDDBF8357260005478D07C207C183E4
:105870006365F700930700F8BDB583A78A00E98345
:1058800093E707FC8DB5A30DFD00B9B73247035C64
:10589000A10063F3E7003E8C83A70C00420C135C6D
:1058A0000C019C4362D001460C1001458297AA89E5
:1058B00035D1E2855285EF203FF36286AA854E8579
:1058C000EF20507283274D00131C2400E29723A081
:1058D00037019C40A1CF1C103ECAB70710003ECC38
:1058E00050081C10A2856A853ECEEFF06FCF0327CB
:1058F0008D0109467D8B6303E400054603AE0D0070
:1059000005485C080507DE8681455685029E19CD4F
:1059100083A74A0083974700635AF0004E85EFF053
:105920002FC483274D003E9C23200C0005041374D4
:10593000F40F83574A00B9FB9C40A9C383274D004D
:105940009C438DEF6A85EFF05F800245DA85EFF0CA
:10595000CFBE8144E1B5814B11E0E28B9397090101
:10596000C1830144231531013EC6976C0000938C1E
:105970002C90970DFF1F938D6D1C65BF630509006B
:10598000EF905FB2F9B76A85EFF05F909707FF1F5E
:10599000938747319C438144E38207E892479C5FA9
:1059A0009183858BE38C07E6EF90EFA785BDEFC26F
:1059B0000EB3EF206FAA930780043305F502A145CB
:1059C000EF90AFC201E565556FC0AEB39707FF1FFB
:1059D00023A4A76601449704FF1F9384E465130979
:1059E0008004EF206FA76369A402EF20EFA7A14511
:1059F0001A05EF908FBF61D99707FF1F23ACA762ED
:105A00000144B1441709FF1F1309C962EF20CFA554
:105A10006364A40201454DBFEF200FA391450A0521
:105A2000EF90AFBC4DD1330724039C4005041374A1
:105A3000F40FBA97C8C375B7EF200FA4335595027A
:105A40009145420541810A05EF902FBA2DDD83274C
:105A50000900131764000504BA97C8C31374F40F40
:105A600075B7EFC22EA6C1642A8901449709FF1FAA
:105A70009389C924130A8002FD14EF20AF9A63456D
:105A8000A40001456FC04EA73305440383A7C90A8C
:105A90003E95835705006386970083572500E3836F
:105AA00027FF0504D9BFEFC28EA3C167BA8413874D
:105AB000E7FF41113684639BE500238004009707CC
:105AC000FF1F938727291CC081471DA8F5172A8926
:105AD0006391F50432852EC632C4EF10AFB871FD64
:105AE0009707FF1F938787329C432246B24513973F
:105AF0001701635007023285EFE03FAD11E5FD5716
:105B00003E8541016FC0EE9F110508C0238004004F
:105B100065BFE30609FE2E85EFF0BFF4E1576DD1B6
:105B20000347F9018947631DF7008347450089CB87
:105B3000930775011CC0834765012380F40069B792
:105B4000930765001CC083475500C5BF83D7450038
:105B500099E77D5582807D5505616FC0EE99EFC252
:105B60006E96130700182A8401112D55E366F7FE7F
:105B70002E85B6893289AE84EF20FFC88D47E3FCBD
:105B8000A7FC03DA4400EF20EF8A11055C4063585C
:105B9000450103C79700136707F8A384E70003D6FE
:105BA000470083D5270008401307B1017408EFF0C0
:105BB0009FEF5DF18347B101139727008347B4003E
:105BC0008D8BD98FA305F4005C408387970063D940
:105BD00007002685EF203FC31335850013451500C8
:105BE0008347B40006059166F59B5D8D5C40A30577
:105BF000A400014703D54700A167A98F63F5D7002B
:105C0000EF508FF62A875C409706FF1F9386060B9E
:105C100083A8060083D5270003D847009C4610447C
:105C20008D058983858BB387F8403EC0C20583A864
:105C300046008357840072456582C181A686058A25
:105C400093B52500EF70AF96E31805F05C4001476F
:105C5000CE86838797004A86A685228563D507006E
:105C6000EFF07FA4D5BDEFF0AFA0FDB5EFC22E875A
:105C700032883A861397060101114183A307B100C8
:105C8000231CE100231DE10042CA42CEAD4558412C
:105C900063F8D5008345970093E505F8A304B700A2
:105CA000FD562311D70003079700635B0700130716
:105CB000F100BE864C08EFF01F9F05616FC06E8437
:105CC0001307F100BE864C08EFF08F9AFDB7EFB2D4
:105CD0007EFF3E848357C50101112319010023145F
:105CE000F100FD572315F1003C002ACA23170100DB
:105CF000231801002316C1002309D10002CE3ECC97
:105D00002E89BA89C2842E8563040800EF100F889B
:105D1000231EA100EF50AF979707FF1F938707FA45
:105D20009C5F230FA10001459183858BADE3420960
:105D300013590941635D200503D709001398F40046
:105D400099464E0745833368070193178800420838
:105D5000135808011358880033E8070193570401CA
:105D600013D78700A301F1009317840042044180F8
:105D700021805D8C2301E100814701470A8681452E
:105D800048082310010123128100EFF03FEE056166
:105D90006FB09EF6EFB2BEF42A849304C5FDEF10F7
:105DA0007F858327C4FF1D8DBD67938707A663F892
:105DB000A70081452685EFF06F9A6FB09EF4032807
:105DC00004FF8355E4FE832784FF834644FF035684
:105DD000C4FE0325C4FD1358F801130744FEEFF079
:105DE0001FEF2685EFE07FF9AA852285EF00F0619D
:105DF000E9B7EFB2DEEE01112E89AA84EF509FD2EF
:105E00002A84FD572315F1008357C4020355450327
:105E1000231901002316F1008347140323170100FF
:105E2000231801002309F1002314A10002CA02CCA7
:105E300002CEEF90AFB32ACA08403C003ECCEF1030
:105E40002F9483570500231EF100EF504F84835792
:105E5000C402230FA100B1CF834714032302F10032
:105E6000EF502F907D1513341500EF50CFB28547BA
:105E70006314F50013642400EF50EF8F854763141B
:105E8000F500136444009707FF1F938727E39C5F87
:105E90009183858B99C313648400CA8726878D46B6
:105EA0005000A9454808A302010023038100EFF038
:105EB000FFDB05616FB0FEE4EFB27EE28145014594
:105EC000EFF03FF36FB0FEE3EFB27EE101449704E1
:105ED000FF1F9384641613098004EF10FFD76345F6
:105EE000A40001456FB0FEE1330724039C40BA973C
:105EF00083C7A70199E30504CDB70545E5B7EFB220
:105F00001EDEAA8401441709FF1F130929DBEF10C5
:105F10007FC86353A4028327490B131534003E95B1
:105F200083570500639C970023100500232205007A
:105F300023010500EFC0BFB96FB0BEDC0504C1BFCF
:105F4000EFB25ED82A842E89EF10DFC619C1014551
:105F500065A083474401414793F60703E389E6FEC2
:105F600093F70704EDD7EF10FFC275D18144814943
:105F7000170AFF1F130A8AD4EF10DFC163CCA900F0
:105F8000EF105FC1639BA90E81449709FF1F93899E
:105F9000E9D289A883274A0B93943900BE9403D78A
:105FA000040083578400E30DF7FC8509F1B783A74C
:105FB000490B139534003E95835705009DE3630517
:105FC00009002320A90061B7835784002310F5003E
:105FD0001C485CC15C48858B2301F500EFC03FAFD6
:105FE000BDB78504EF101FBBE3C3A4FCEF109FBB3C
:105FF00085476305F50005456FB01ED09704FF1F68
:1060000083D424031707FF1F130747CB939734004C
:106010008324470BBE9403D50400EFB0AFFC03D537
:106020000400EFF0DFED630C0902232099009707CD
:10603000FF1F83D7070085071707FF1F231BF7FEE6
:10604000EF105FB542059707FF1F83D787FE418199
:10605000E3EFA7EE9707FF1F239D07FCCDBD8357F6
:10606000840026852390F4001C48DCC05C48858BA6
:106070002381F400EFC0BFA55DBF8347440103C780
:106080002400858B99C725DBD8401C48E375F7F6BB
:1060900011A07DDB63050900232099004DBD8357C6
:1060A000840026852390F4001C48DCC05C48858B66
:1060B0002381F40025B7EFB29EBF0358450021713C
:1060C00002D29147832B050063E707017D594A857A
:1060D00039616FB09EC12E842A8A4C102285BA8DF8
:1060E000B689328CEFF0DFE575F185455285EF20FA
:1060F0006FEE5285EF207F85131935000981896481
:1061000042054181938CF4FFB37495015285EF20D1
:10611000EFFF13798901935755003369F900137D17
:10612000F5011379F90F137BFD0FE3612BFB5C483D
:106130001848970AFF1F938A6AB893F6170083A737
:106140000A00B3049740B3F49401958F93D6870067
:10615000B3049740E207DD8C23A2D90023A0990065
:10616000930C1B0023809D01814636CEEF10DFAFDC
:10617000F2461708FF1F1308E8EB63D0A604832735
:10618000080093946600BE9498481C446316F70672
:10619000D84483A749008C4403A609006366F7002E
:1061A0006390E74863FEC54683C7740193F707040D
:1061B000A1C785452685EFE07FDA5C4821478D83BE
:1061C000858B91E33147B3046703EF10FFAA63C4E3
:1061D000A404032844018346E40003568400835545
:1061E000A4000840135878001378180081474E87A0
:1061F000EFF0FFAD2D59E1BD850685BF83578400C3
:106200002310F5001C485CC15C48858B2301F50018
:10621000EFC0FF8B49A19707FF1F938767929C43AD
:1062200081EF814DEF105FA49707FF1F938787E0F1
:1062300063CBAD045D5961BD5C481307000893F75B
:10624000070CE390E7FE1C4003C70D000356A400B3
:106250008355840003D5C701CE86EF70AFC971F1B5
:10626000032844018346E400035684008355A400B8
:106270000840135878001378180081474E87EFF0D4
:106280001FA56559A9B5984393946D00BA9403C7A7
:1062900074019376070499C2850D69B713670704E3
:1062A000A38BE4001C409CC05C488A0793F607025D
:1062B0009377F7FDD58FA38BF40003A6090083A67F
:1062C0004900819BB3E7A701A38BF40090C4D4C419
:1062D00003C70B0093F7F707238BE4000347E400A1
:1062E000238CE400035784002398E4000357A400A0
:1062F00023AE04002399E400584813770708D98F88
:10630000A38BF400DC4CB3D72701858B639507384A
:10631000DC4803574A00F583858B6317690B931696
:106320000901C182214691E33146B387C6023E97F7
:10633000239AE400EF100FAC138D440288D06A85D5
:10634000EF00300209ED83A78A039183858B81EBEF
:106350002685EFE09FA2AA856A85EF00100B5C48B6
:1063600021478D83858B91E33147DC40BAC01757B5
:1063700000001307E7EF1843931D2900130B0104D6
:106380001843EE970146DA8501453ECE0297F24763
:1063900088C3DC40BE9D03A50D000DED032844011C
:1063A0008355A4008346E400035684000840135834
:1063B00078001378180081474E87EFF05F9185458C
:1063C0002685EFE0BFB975BDA14691E3B146E383F1
:1063D000E6F6EDB903564A0083250A00054A33194B
:1063E0002A01EF202040DC4C668605453369F90020
:1063F00023AE24018145EF10507C7D156306A90072
:1064000023204C010149E1B1125509CD8357840085
:106410002310F5001C485CC15C48858B2301F50006
:10642000EFC0EFEA89472320FC006A85EF00607F18
:1064300003A84401DC4C8346E400035684008355E2
:10644000A40008404E871358F801EFF05F88834797
:10645000440113F7870005CBB707000101464C182C
:1064600026853EDC5ADA5ADEEFE0FFB883C50B0022
:10647000CE8650182285EFF02F822A898145268505
:10648000EFE0DFADA9B183C91B0003AA8400370781
:10649000800183CC0B00220A3AD693D979005AD4D2
:1064A0005AD8135A8A0083D64401254763930900BA
:1064B00015477D59E3C4E6FC17F7FE1F130747682D
:1064C000184311C793F7070499E3014945BF0355E2
:1064D000A400A1671167A98F814B63F5E700EF4026
:1064E000BFE8AA8B93D76C00858BBDCF114C63831B
:1064F0000900214C420C135C0C01014B130D80026E
:10650000EF104FF293170B014205C1834181E3FE67
:10651000A7FA03A3CA0AB30DAB034E862C10268537
:106520001ACEEFE05FADA25783A5CA0A93084103D4
:106530003EDE3EDA83D74401130881026687B387C3
:106540008741231DF102DE86CE875286EE95228595
:10655000231C0102EFE01FB12A89050B55F172439C
:106560009A9D83D72D0075A09707FF1F9387078AF1
:106570009C4313971701635007044E862C10268501
:10658000EFE07FA7A25721473EDE3EDA83D74401E2
:10659000639309001147998F231DF10238105C188D
:1065A000CE865E86D2852285231C0102EFE05FB392
:1065B0002A89F55739CD4E862C102685EFE0BFA3EA
:1065C000A25721473EDE3EDA83D744016393090098
:1065D0001147998F231DF1025C4852C0341013F704
:1065E000170083A70A004E868545998F3EC28358BF
:1065F000A40003588400DE87581817F5FE1F130502
:106600006575231C0102EF603F832A89F957E31760
:1066100005E62313F4004C182285EF00FFCBB9BD2B
:10662000E3E6E7AA6314F700E362B6AA03C70B0028
:1066300083C76401E31CF7A803AD440193578D01A0
:10664000FD8BE39567A95C481357DD01058B8D83AE
:10665000858BE31DF7A683C7740193F70704E393C3
:1066600007CADC4C6686054581453ECEEF10F054E6
:10667000F2477D15E39CA7A48346E40003568400FB
:106680008355A40008401358FD014E87EFF02FE416
:106690001255E31505B679591DBC9707FF1F2399BD
:1066A000A7988280EFB2AEE03971FD5717FAFE1F4E
:1066B000130A0A493ED683270A007D573AD402D2EC
:1066C000A3010102AA842E84638707109C4183D50D
:1066D000A50003D5C701EF60FFFD834744011E05F8
:1066E00093F7F707C98F230AF400A5452685EF2005
:1066F0006F8E97FAFE1F938AEA5A83A70A008DC706
:1067000017F7FE1F1307875B1C5F9183858B89CF6B
:106710008347440193F6070381EA5453214769599B
:106720006397E60A918BC5C72685EF202F8D9C4085
:10673000AA8B03DC44008387070063D3070A5C4805
:10674000014993F7070CC1C71307310234105010E9
:10675000A2852685EFF03F962A8983A70A0085C384
:1067600017F7FE1F130787551C5F9183858B81CB1D
:106770005853A1476315F7002285EF80AFE09C4492
:10678000C20B93DB0B01BE9B83270A0023A074017D
:10679000239284018DCF8307440163DA07026318D3
:1067A000090297F7FE1F9387673983A80700A2574E
:1067B000FD561256034731020148639ED71CB2565C
:1067C000639BF61CA6878146A285014582984A856F
:1067D00021616FB08ED183C7450193F7F70721B7C9
:1067E0008547A301F10263140C007D59BDB78145B3
:1067F0002285EFF0EFF475F92685EF202F9183477E
:106800004401AA8CA18B81CBAA85341026862285CF
:10681000EFE09FC891B75C48014993F7070C95DFFB
:1068200037EB040083290B07EF10CFC01105420599
:1068300041818299AA89630E05142ADA231C010278
:10684000EF104FBF03D744001105231DA1024EDEF8
:10685000914763E7E70083278B064E85829771B7E0
:1068600083270A0099CB8347440193F7070491E7F4
:1068700083278B064E858297CDB50355A400A1676B
:106880001167A98F014B63F5E700EF40FFAD2A8B3D
:1068900083D74400F1172392F40093D76C00858BC3
:1068A000E1E797F7FE1F938767569C4313971701FD
:1068B00063510702F2570C4826873EDA81465C187E
:1068C0005A862285231C0102EFE09F812A89F55711
:1068D00039C5F2578358A400035884003EDA5C4857
:1068E000A686014613F7170097F7FE1F9387073D0B
:1068F0009C43854517F5FE1F1305C545998F3EC27C
:106900001C485818231C01023EC0DA87EF60CFD222
:106910002A8909C5B7E70400BC57A9BFF957231353
:10692000F4004C182285EF003F9BEDB793078002DF
:10693000B387FD02032ECD0A104893084103268831
:106940006687DA862285231C0102850D3E9EF2575A
:10695000F28572CE3EDA8147EFE0CFF02A8911E965
:10696000724E83572E0065BF814D17FDFE1F130D1C
:10697000ED34EF102FAB420593970D014181C18398
:10698000E3E6A7FAB7E70400BC574E8501498297B2
:10699000E9B35D59D9B3A68734103DB582808280B2
:1069A000EFB2EEB3014497F4FE1F9384A468EF1096
:1069B000AFAB6344A40297F7FE1F9387273003A46D
:1069C000470BEF102F9D1316350081452285EFB040
:1069D0000EB4EFC0AF916FB0CEB288409317640091
:1069E00085453E95EFE08FD70504D1B7EFB22EAFC6
:1069F000014497F4FE1F9384246413098004EF106C
:106A0000AFA56344A4006FB0CEAFB30724038840A2
:106A100005043E95EFE06FF3DDB7EFB2AEAA014497
:106A200097F4FE1F938444611309800497F9FFFFD4
:106A30009389299BEF104FA26341A402014497F46C
:106A4000FE1F9384245F17F9FFFF1309E934EF1049
:106A5000AFA1634EA4006FB02EAAB30724038840F1
:106A6000CE8505043E9513058502F928E1B78840D7
:106A700093176400CA853E9513054502F12005046D
:106A8000F9B7EFB2CEA51C452A84858BA1CF97F626
:106A9000FE1F9386A65A9C42014795C36311F404D6
:106AA0001C40D4420DE717F7FE1F2329F758631641
:106AB000D40017F7FE1F2325F758232004001C4499
:106AC000232C04000145F99B1CC46FB08EA31CC38A
:106AD000E315D4FE97F7FE1F23A4E756F9BF3E87C0
:106AE0009C4365BF31053926D9BF8589B1C1EFB255
:106AF0000E9F17F4FE1F1304645408401DC51C416B
:106B000017F7FE1F232CF75258406316E50017F7BE
:106B1000FE1F2327F7521C45584193F6E7FF14C583
:106B2000858BE1DF79DB0297C9BF01456FB06E9DB0
:106B300001458280EFB2AE9A2E8431468145EFB096
:106B40000E9D40C16FB0EE9BEFB26E992A84EFF0BC
:106B50007FFE2326040023280400232C04006FB0AA
:106B60004E9AEFB2CE973105CD2295473305F50207
:106B7000A1473345F5026FB0CE989C4513E7170047
:106B800098C5858B8DE7EFB28E955C4123A00500FB
:106B900081EF4CC10CC1B7E70400BC4B0345850035
:106BA000854582976FB0EE958CC34CC1EDB782805E
:106BB000EFB24E913559634A06009C4DB2842E8443
:106BC000AA8999C731596387A7004A856FB0CE92C9
:106BD000014919E52285EFF0DFEA2A89E34705FE3E
:106BE0008E049545B3C5B402232C34011305C400AB
:106BF000612AE1BFEFB2AE8EAA8517F5FE1F13051D
:106C0000E543EFF09FF76FB0CE8FEFB24E8D2E863B
:106C1000AA8517F5FE1F13056542EFF07FF96FB0E7
:106C20004E8E1C4D99C7EFB28E8BEFF09FE56FB083
:106C30004E8D7D558280EFB28E8AB7E7040083A720
:106C4000070817050000130585EA829797F7FE1FCE
:106C50009387C73E2384A70023A0070023A2070031
:106C60006FB02E8A97C7FE1F9387074D8843631323
:106C7000F50001458280EFB28E86EFF0BFFEFD5732
:106C800011C11C453E856FB0CE87EFB24E85EFF047
:106C90007FFDAA87014589CF8047B7E70400BC5331
:106CA000854517F5FE1F0345253A82973305A44015
:106CB0006FB02E85EFB2AE8237E404007C4C4111F8
:106CC0002AC6854517F5FE1F0345053882977C487F
:106CD000854517F5FE1F0345253782973246634ADF
:106CE000060017F5FE1F0345253619E63C48854585
:106CF000829741016FB0EE803C4C85458297D5BFAD
:106D0000EFA2FEFD930545FF4845EFF01FE76FA09A
:106D10005EFF85898DC9EFA29EFCEFF0BFF409CD1F
:106D2000544118412324050098C254C32320050070
:106D300023220500EFF0DFFCEFF0FFF3EFF09FF709
:106D400001456FA01EFC014582801C4185CFEFA24A
:106D50001EF9AA84EFF01FF197C7FE1F9387C73D66
:106D6000DC43014419E5EFF05FF23305A4406FA066
:106D70005EF918453A94E30895FE75D5E305F5FEEE
:106D80000841CDB701458280EFA27EF50CC52A846B
:106D9000EFF0BFEFAA84EFF0FFEC01C51C45858F33
:106DA0001CC5EFF03FEC97C7FE1F9387E738D04331
:106DB00011E950C01CC0DC4380C397C7FE1F23AF3E
:106DC000873629A8144518446350D7025C4133879D
:106DD000E64018C55CC008C080C340C1EFF0BFE901
:106DE000EFF05FED6FA0FEF1158F18C4E303A6FC72
:106DF00008417DBFEFA2BEEE1C41FD54B1C72A84FD
:106E0000EFF05FE62A89014563142401EFF0FFE704
:106E100017C7FE1F1307473258431C406308E4009E
:106E200091C71844098F88473A9588C758408144CC
:106E30001CC3D8C3232004002322040063162401AA
:106E4000EFF07FE3EFF01FE726856FA09EEBEFA248
:106E50001EE9B7E7040083A707081705000013051C
:106E600085EB829797F7FE1F2380A71E6FA07EE910
:106E700011E282807D16B387C50003C70700B30700
:106E8000C5002380E700EDB797F7FE1F23A0A71CDE
:106E90008280EFA2DEE41C412A84B284858B014902
:106EA00089CBB2862E86AA8597C0FE1FE78020B2C6
:106EB0002A89A685228597C0FE1FE78040AF630A16
:106EC00009008A04F11426941C4037070080D98FEA
:106ED0001CC06FA01EE3EFA2FEDE039A26009307FC
:106EE0000002AE891304FA013344F402938446028B
:106EF000AA85B28A4E852686054962046184A286E7
:106F000097C0FE1FE780A0AC11ED93175400014914
:106F1000635AFA00D2854E8597C0FE1FE780809F96
:106F20003339A000A2862686CE85568597C0FE1FDF
:106F3000E780E0A94A856FA03EDCEFA2BED8011130
:106F400021462E842A8997C0FE1FE78060A15C54E9
:106F5000A1460A863EC61C588A850A853EC85C58EA
:106F600002C402C23ECA1C5C02C03ECC5C5C3ECE87
:106F700097C0FE1FE780A0A5AA84A1460A86CA85FD
:106F80004A8597C0FE1FE78080A41C58AA94A1469A
:106F90003EC65C580A868A853EC81C5C0A8502CEBD
:106FA0003ECA5C5C3ECC97C0FE1FE78040A2AA941C
:106FB000A1460A86CA854A8597C0FE1FE78020A1A0
:106FC0001C50AA94A1463EC05C500A86CA853EC2A7
:106FD0001C544A8502CA3EC41C5C02C802C63ECC90
:106FE0005C5C3ECE97C0FE1FE780609E5C50185CE4
:106FF000AA943EC01C543AC8585C3EC25C54A14698
:107000000A863EC45C58CA854A853EC63ECC1C50A2
:107010003ACA3ECE97C0FE1FE780609B5C54AA949C
:10702000A1463EC01C580A86CA853EC25C584A85A5
:1070300002CA3EC41C5002C802C63ECC1C543ECEFE
:1070400097C0FE1FE780409C1C58898CA1463EC01B
:107050005C580A86CA853EC21C5C4A8502CA3EC488
:107060005C5C02C83EC65C503ECC5C543ECE97C0D1
:10707000FE1FE78060995C58898CA1463EC01C5C6D
:107080000A86CA853EC25C5C4A8502CC3EC41C505E
:107090003EC65C503EC81C543ECA1C583ECE97C0EB
:1070A000FE1FE78060961C5C898CA1463EC05C5C3C
:1070B0000A86CA853EC25C504A8502C43EC61C543C
:1070C00002CC3EC85C543ECA5C583ECE97C0FE1F00
:1070D000E78080933384A44097C4FE1F9384840682
:1070E00063470402854911E82146CA85268597B081
:1070F000FE1FE780207563073503A1462686CA85F3
:107100004A8597C0FE1FE7802090098CE9BFA14601
:107110002686CA854A8597C0FE1FE780408B2A9441
:10712000E34704FE05616FA03EBDEFA2BEB91D712D
:107130002A8432892E8A714681454800EFA03EBDDF
:10714000830409008D475286A686D28508103EC06A
:1071500097C0FE1FE78080928327C90A0C10228502
:107160008297A6860A86A28522859309490097C040
:10717000FE1FE780608909C9A6864E86A285228502
:1071800097C0FE1FE780A084830609005286A2856F
:10719000081097C0FE1FE780608E8327C90A0C1075
:1071A00022858297A68613064908A285228597C064
:1071B000FE1FE780C08119E92686A2854E8597B01B
:1071C000FE1FE78020688547630AF500A6864E8685
:1071D000A285228597C0FE1FE780008325616FA0EE
:1071E000BEB1EFA23EAE8384060019712A89AE8A31
:1071F0003285A6853284B68997B0FE1FE780606F1E
:107200006319052CA6865686D685880097C0FE1F72
:10721000E780C08683A7C90A8C000A858297838687
:1072200009000A86CA85880097C0FE1FE78000858E
:1072300083A7C90A8C0008108297838609000A86F2
:107240008A85880097C0FE1FE780408383A7C90A0C
:107250008C000A858297838609002286D68588005D
:1072600097C0FE1FE780808183A7C90A8C005685DE
:107270008297838609002286A285880097B0FE1F28
:10728000E780C07F83A7C90A8C0022858297A686E3
:107290002286CA854A85138A490097B0FE1FE78077
:1072A000007319E92686CA85528597B0FE1FE780CC
:1072B00060598547630AF500A6865286CA854A85C5
:1072C00097B0FE1FE7804074A6862286A28522859D
:1072D00097B0FE1FE780A06F19E92686A285528528
:1072E00097B0FE1FE78000568547630AF500A68623
:1072F0005286A285228597B0FE1FE780E070A686A1
:107300002286CA85228597B0FE1FE780E06F09C9F3
:10731000A6865286A285228597B0FE1FE780206B45
:10732000838609002286CA85880097B0FE1FE78001
:10733000E07483A7C90A8C004A858297A6864A868C
:10734000CA85228597B0FE1FE780606819E9268606
:10735000A285528597B0FE1FE780C04E8547630A1D
:10736000F500A6865286A285228597B0FE1FE7808B
:10737000A069A6862286CA854A8597B0FE1FE78047
:10738000006519E92686CA85528597B0FE1FE780F9
:10739000604B8547630AF500A6865286CA854A85F2
:1073A00097B0FE1FE780406681454A8597B0FE1F73
:1073B000E780405663020512A6865286CA854A8532
:1073C00097B0FE1FE780A0602A8BA6854A8597B0FC
:1073D000FE1FE780C05D93972400F117CA9788438A
:1073E0007E0B3365650188C3838609004A86CA859A
:1073F000880097B0FE1FE780606883A7C90A8C00E9
:1074000022858297A6861010A285228597B0FE1F3E
:10741000E780805F09C9A6865286A285228597B03B
:10742000FE1FE780C05AA6861010A285228597B05D
:10743000FE1FE780605D09C9A6865286A285228567
:1074400097B0FE1FE780A0580C10A68622862E85D6
:1074500097B0FE1FE780405B09C90C10A6865286D4
:107460002E8597B0FE1FE780805683860900101096
:10747000CA85880097B0FE1FE780406083A7C90ACD
:107480008C004A858297A6860A86CA850A8597B0A7
:10749000FE1FE780605709C9A68652868A850A853D
:1074A00097B0FE1FE780A0522686A2854A8597B036
:1074B000FE1FE780E04A2686D685228597B0FE1F0C
:1074C000E780004A26868A85568597B0FE1FE780AA
:1074D000204909616FA05E82A6854A8597B0FE1F8C
:1074E000E780E04C11B7EFA2EEFDAE8919712A8951
:1074F000B6854E85B284368497B0FE1FE780603F24
:1075000011C9A2854A8597B0FE1FE780C03C09617A
:107510006FA08EFE2286CE850A8597B0FE1FE7807B
:1075200020442286A685081097B0FE1FE7804043BE
:10753000A285880097B0FE1FE780E0398547A285C5
:107540008810BEC097B0FE1FE780E03822860C107E
:107550000A8597B0FE1FE780E02E09E922868C009D
:107560004A8597B0FE1FE780A03F55B78247858BBD
:1075700089EFA2850A8597B0FE1FE78040432286E7
:10758000A6858800EFF0FF90D1B78257858B99EBE5
:10759000A285081097B0FE1FE78060412286A6856D
:1075A0008810CDB7A2866359A00410108A850A8579
:1075B00097B0FE1FE7804045A2850A8597B0FE1F61
:1075C000E780E03E22868C10880097B0FE1FE7809F
:1075D0006027635A05008C00A28626862E8597B008
:1075E000FE1FE780C03E8C00A28690102E8597B0CB
:1075F000FE1FE780604161B70C100A862E8597B0A8
:10760000FE1FE7806040A285081097B0FE1FE7804C
:10761000003A22868C00881097B0FE1FE7808022F7
:10762000635A05008C10A28626862E8597B0FE1F11
:10763000E780E0398C10A28690002E8597B0FE1F5F
:10764000E780803CA1BFEFA28EE6038C0700697142
:107650002AC2B28D080962862E8D36C63E84BA8B48
:1076600097B0FE1FE780C02F93172C003EC4EA9707
:107670006286BE8588093EC097B0FE1FE780402E17
:10768000B246830404006384066C2686B685081817
:1076900097B0FE1FE780C02C26860C09881897B08B
:1076A000FE1FE780E02B26868C09081997B0FE1F85
:1076B000E780002B830604001018B285881997B064
:1076C000FE1FE780A03B8327C40A8C198808829795
:1076D0008306040090080C09881997B0FE1FE78004
:1076E000E0398327C40A8C190809829783060400AD
:1076F00010188C08881997B0FE1FE7802038832760
:10770000C40A8C19880882978306040090088C09A3
:10771000881997B0FE1FE78060368327C40A8C194A
:10772000880982978327440AA28610188C090809C1
:107730008297830604001018B285881997B0FE1F3F
:10774000E780C0338327C40A8C1988088297830690
:10775000040090088C18881997B0FE1FE78000324B
:107760008327C40A8C19881882978306040010188E
:107770008C08881997B0FE1FE78040308327C40A21
:107780008C19880882978306040090080C198819C0
:1077900097B0FE1FE780802E8327C40AF91B8C193F
:1077A0000819C20B829793DB0B4113094400854CE7
:1077B000830404006346705B81456E8597B0FE1FAD
:1077C000E7804015B339A00096099C18338A370129
:1077D000933A15001C19960ABE999C18338B5701D1
:1077E000A6861C195286DA850808BE9A97B0FE1F35
:1077F000E780802109C90C08A6864A862E8597B0A5
:10780000FE1FE780C01C830604001008B28588199B
:1078100097B0FE1FE78080268327C40A8C190808CA
:107820008297830604001008D285881997B0FE1F3E
:10783000E780C0248327C40A8C1952858297830667
:1078400004001008DA85881997B0FE1FE78000232E
:107850008327C40A8C195A858297A6864E86D685B8
:10786000080897B0FE1FE780801619E926860C08E5
:107870004A8597B0FE1FE780E0FC8547630AF50064
:107880000C08A6864A862E8597B0FE1FE780C01793
:10789000A6864E86D685568597B0FE1FE780C01611
:1078A00009C9A6864A86D685568597B0FE1FE78009
:1078B0000012A6865286DA85081897B0FE1FE78068
:1078C000A01409C90C18A6864A862E8597B0FE1FFB
:1078D000E780E00F830604001018CE85881997B062
:1078E000FE1FE780A0198327C40A8C194E85829752
:1078F000A6865A86D285081897B0FE1FE780200D0D
:1079000019E926860C184A8597B0FE1FE78080F398
:107910008547630AF5000C18A6864A862E8597B01F
:10792000FE1FE780600E830604005686D685881900
:1079300097B0FE1FE78080148327C40A8C195A85EC
:107940008297A6861018DA855A8597B0FE1FE780C1
:10795000A00B09C9A6864A86DA855A8597B0FE1F0C
:10796000E780E006A6865A86D285880897B0FE1F73
:10797000E780800909C98C08A6864A862E8597B0BB
:10798000FE1FE780C004830604009008D68588198E
:1079900097B0FE1FE780800E8327C40A8C19568596
:1079A0008297A6864E86D685568597B0FE1FE780BD
:1079B000A00509C9A6864A86D685568597B0FE1FBA
:1079C000E780E000830604001008B285881997B0AC
:1079D000FE1FE780A00A8327C40A8C1988088297B3
:1079E0008C08A68610182E8597B0FE1FE780C00170
:1079F00009C98C08A6864A862E8597B0FE1FE780A7
:107A000000FDA68652868C08081897B0FE1FE780F6
:107A1000A0FF09C90C18A6864A862E8597B0FE1FBE
:107A2000E780E0FA8306040010080C18881997B064
:107A3000FE1FE780A0048327C40A8C1908188297C8
:107A4000A6864E860C184E8597B0FE1FE780C0FBB9
:107A500009C9A6864A86CE854E8597B0FE1FE78067
:107A600000F726868C08528597B0FE1FE78040EF0E
:107A7000E28690180C09081897B0FE1FE780C0F83E
:107A800009C90C18E2864A862E8597B0FE1FE7804A
:107A900000F4830604004E860C18881997B0FE1F68
:107AA000E780C0FD8327C40A8C19081882978306D3
:107AB00004006A860C18881997B0FE1FE78000FC46
:107AC0008327C40A8C19081882970C182E85E28621
:107AD0004A86EFF05FA18306040002460C1888195D
:107AE00097B0FE1FE78080F98327C40A8C19081815
:107AF00082978306040052860C18881997B0FE1FDF
:107B0000E780C0F78327C40A8C190818829783047A
:107B100004005A86D285A686880897B0FE1FE780A3
:107B2000A0EE09C98C08A6864A862E8597B0FE1F4E
:107B3000E780E0E9830604009008B285881997B0D1
:107B4000FE1FE780A0F38327C40A8C198808829758
:107B5000830604009008DA85881997B0FE1FE78035
:107B6000E0F18327C40A8C195A85829783060400A2
:107B70009008D285881997B0FE1FE78020F08327F0
:107B8000C40A8C1952858297A6865686CE854E8564
:107B900097B0FE1FE78040E709C9A6864A86CE85D2
:107BA0004E8597B0FE1FE78080E2830604004E8674
:107BB000CE85881997B0FE1FE78040EC8327C40A62
:107BC0008C19880882978C08A6865A862E8597B0CD
:107BD000FE1FE78060E309C98C08A6864A862E85C9
:107BE00097B0FE1FE780A0DE8C08A68652862E8501
:107BF00097B0FE1FE78040E109C98C08A6864A8637
:107C00002E8597B0FE1FE78080DCA6865A86D28537
:107C1000528597B0FE1FE78020DF09C9A6864A86F5
:107C2000D285528597B0FE1FE78060DA8306040094
:107C30005286D685881997B0FE1FE78020E48327F7
:107C4000C40A8C1956858297A6869008DA855285D3
:107C500097B0FE1FE78040DB09C9A6864A86D28519
:107C6000528597B0FE1FE78080D6830604005286B7
:107C7000CE85881997B0FE1FE78040E08327C40AAD
:107C80008C194E858297A6865686CE854E8597B0EE
:107C9000FE1FE78060D709C9A6864A86CE854E8535
:107CA00097B0FE1FE780A0D226868C08528597B039
:107CB000FE1FE780E0CA830604001018B285881909
:107CC00097B0FE1FE78080DB8327C40A8C198808E1
:107CD00082978306040090088C18881997B0FE1FBD
:107CE000E780C0D98327C40A8C1988188297830635
:107CF000040010188C08881997B0FE1FE78000D880
:107D00008327C40A8C198808829783060400900888
:107D10000C19881997B0FE1FE78040D68327C40A44
:107D20008C1908198297124562868C1897B0FE1F2D
:107D3000E78000C3924722470C1962863385E7002B
:107D400097B0FE1FE780C0C155616F901EFAA685EF
:107D5000081897B0FE1FE78000B885473ED82DBAB7
:107D6000DE856E8597B0FE1FE780C0BA133A150016
:107D7000B3894C4196099C18B38A37011C19160A1D
:107D8000BE999C18338B4701A6861C195686DA8546
:107D900008083E9A97B0FE1FE78000C709C90C0883
:107DA000A6864A862E8597B0FE1FE78040C28306CE
:107DB00004001008B285881997B0FE1FE78000CC38
:107DC0008327C40A8C1908088297830604001008C8
:107DD000D685881997B0FE1FE78040CA8327C40A5A
:107DE0008C1956858297830604001008DA85881955
:107DF00097B0FE1FE78080C88327C40A8C195A8574
:107E00008297A6864E86D285080897B0FE1FE78027
:107E100000BC11E926860C084A8597B0FE1FE78052
:107E200060A2630A95010C08A6864A862E8597B043
:107E3000FE1FE78060BDA6864E86D285528597B02C
:107E4000FE1FE78060BC09C9A6864A86D285528596
:107E500097B0FE1FE780A0B7A6865686DA85081879
:107E600097B0FE1FE78040BA09C90C18A6864A865B
:107E70002E8597B0FE1FE78080B58306040010189A
:107E8000CE85881997B0FE1FE78040BF8327C40ABC
:107E90008C194E858297A6865A86D685081897B083
:107EA000FE1FE780C0B211E926860C184A8597B0FC
:107EB000FE1FE7802099630A95010C18A6864A8662
:107EC0002E8597B0FE1FE78020B4830604005286FB
:107ED000D285881997B0FE1FE78040BA8327C40A6D
:107EE0008C195A858297A6861018DA855A8597B01C
:107EF000FE1FE78060B109C9A6864A86DA855A85E1
:107F000097B0FE1FE780A0ACA6865A86D685880863
:107F100097B0FE1FE78040AF09C98C08A6864A8645
:107F20002E8597B0FE1FE78080AA83060400900884
:107F3000D285881997B0FE1FE78040B48327C40A12
:107F40008C1952858297A6864E86D285528597B027
:107F5000FE1FE78060AB09C9A6864A86D285528596
:107F600097B0FE1FE780A0A6830604001008B28524
:107F7000881997B0FE1FE78060B08327C40A8C1968
:107F8000880882978C08A68610182E8597B0FE1F49
:107F9000E78080A709C98C08A6864A862E8597B0F7
:107FA000FE1FE780C0A2A68656868C08081897B0E8
:107FB000FE1FE78060A509C90C18A6864A862E8593
:107FC00097B0FE1FE780A0A08306040010080C18DD
:107FD000881997B0FE1FE78060AA8327C40A8C190E
:107FE00008188297A6864E860C184E8597B0FE1FFD
:107FF000E78080A109C9A6864A86CE854E8597B0BE
:10800000FE1FE780C09C26868C08568597B0FE1F11
:10801000E7800095830404005A86D685A6868808E2
:1080200097B0FE1FE780409E09C98C08A6864A8645
:108030002E8597B0FE1FE780809983060400900884
:10804000B285881997B0FE1FE78040A38327C40A32
:108050008C1988088297830604009008DA858819AD
:1080600097B0FE1FE78080A18327C40A8C195A8528
:108070008297830604009008D685881997B0FE1F62
:10808000E780C09F8327C40A8C1956858297A686ED
:108090005286CE854E8597B0FE1FE780E09609C9CF
:1080A000A6864A86CE854E8597B0FE1FE780209231
:1080B000830604004E86CE85881997B0FE1FE780A0
:1080C000E09B8327C40A8C19880882978C08A686AF
:1080D0005A862E8597B0FE1FE780009309C98C0849
:1080E000A6864A862E8597B0FE1FE780408E8C08B4
:1080F000A68656862E8597B0FE1FE780E09009C9B8
:108100008C08A6864A862E8597B0FE1FE780208CB5
:10811000A6865A86D685568597B0FE1FE780C08E04
:1081200009C9A6864A86D685568597B0FE1FE78080
:10813000008A830604005686D285881997B0FE1FF0
:10814000E780C0938327C40A8C1952858297A6863C
:108150009008DA85568597B0FE1FE780E08A09C946
:10816000A6864A86D685568597B0FE1FE78020866C
:10817000830604005686CE85881997B0FE1FE780D7
:10818000E08F8327C40A8C194E858297A686528673
:10819000CE854E8597B0FE1FE780008709C9A68669
:1081A0004A86CE854E8597B0FE1FE7804082FD1B34
:1081B00026868C085685C20B97A0FE1FE780407A62
:1081C00093DB0B416FF0CFDEEF927EB15D713284B5
:1081D000AA841018A2862E850C082EC432C6EFE0A1
:1081E0009FCF03572400133515009C080A053E95C0
:1081F000032685FB05074207A28741878146930531
:1082000044042685EFF02FC48345040026858605A7
:10821000E205E18597A0FE1FE780A06D13351500EC
:1082200061616F901EAEEF921EA92E8BAA84B2855B
:108230005A85328497E9FE1F938949E197A0FE1F72
:10824000E780806E83A70900B1C7131A5400931BFF
:1082500024003305AA401389CBFF7D5A2699335A4F
:10826000AA00930A0004054C83A70900DE85268531
:1082700082970DC183270900A2852685B3F74701A0
:108280002320F90097A0FE1FE780A06619C5FD1AFC
:10829000E39C0AFC01456F909EA52286A6855A851F
:1082A00097A0FE1FE780407AE31385FF0545E5B7F9
:1082B000EF925EA1AA892E89B28413040004130AE6
:1082C0000002930A460203962400D6854A857D065D
:1082D0003346460362066186EFF0FFF409C926863D
:1082E000CA854E85EFF05FEE11E57D1469FC01450E
:1082F0006F909EA00545EDBFEF92DE9C03891600AE
:10830000357100102A8B130A01042285B2894A862E
:10831000B684838A060022CC52CEEFE07FB51316D6
:108320001900DA858810EFE0BFB4A2852285A68601
:108330005286EFE05FBA97E7FE1F938727D19C43F1
:108340002A849DC3931725001811BA9783A687F72F
:10835000568693854400368536C6EFF0DFECB2468C
:1083600009E50D616F905E99814603D724001334AF
:1083700014001C110A043E94032684F705078C1090
:108380004207A68741872E85EFF0EFAB4A868C1017
:108390004E85EFE0FFAD83C5040088108605E20539
:1083A000E18597A0FE1FE780C0541335150055BF27
:1083B00017B5FE1F1305C5D8828011CE93070002A2
:1083C000918F635BF000B395C500B357F50033168A
:1083D000C500DD8D32858280930506FE0146B3150A
:1083E000B5003285CDBF014863C6050E63DB0600CC
:1083F0003306C040B337C000B306D0401348F8FF7F
:108400009D8EB6873283AA8EAE886391061863FC70
:10841000C50C41676361E61EB70700016365F63668
:1084200093568601E147173700001307A762369776
:1084300003470700BA97130700021D8F19CBB395A6
:10844000E500B357F5003313E600B3E8B700B31EF9
:10845000E50013560301B3D7C80293160301C18286
:1084600013D70E01B3F5C8023385F602C205B3E88F
:10847000E50063FAA8009A981387F7FF63E46800A1
:1084800063E9A832BA87B388A840B3D5C802C20E40
:1084900093DE0E01B3F8C802B386B602C208B3E891
:1084A000D80163FBD8009A981387F5FF63E568004D
:1084B000F91563E3D800BA85139507014D8D814501
:1084C000630908003305A040B337A000B305B040EE
:1084D0009D8D82803305A040B337A000B305B04026
:1084E0009D8D7D5821B701E605433353D302416783
:1084F000636AE30EB7070001636BF32893568301A9
:10850000E147173700001307E75436970347070082
:10851000BA97130700021D8F65EB93180301B3860A
:108520006540135F030193D80801854513D70E01F9
:10853000B3D7E603B3F6E60333861703C206558FB7
:10854000637AC7001A979386F7FF636467006365D1
:10855000C726B687118FB356E703C20E93DE0E010E
:108560003377E703B388160342073367D701637B8A
:1085700017011A971386F6FF63656700F9166363A0
:108580001701B28613950701558D1DBF63E1D50410
:10859000C16763E1F604B707000163E2F61E93D8F2
:1085A00086016147973700009387C74AC69703C380
:1085B0000700930700023A93B3876740E9EB63EC47
:1085C000B61C3335C500134515008145D5BD814521
:1085D0000145FDB59307F00F63F2D71C93D88600D1
:1085E0002147C9B71307F00F9A86E37C67F09356CB
:1085F0008300A14739B71307F00FB286E375C7E2CE
:1086000093568600A14705B53313E30033D6F50032
:10861000135F0301335EE603B396E500B357F5003D
:10862000DD8E9318030193D80801B31EE50093D59E
:108630000601B377E6033387C803C207CD8F63FB18
:10864000E7009A971306FEFF63E3671663F1E716E8
:10865000791E9A97998F33D6E703139706014183C2
:10866000B3F7E7033385C80293960701D98E63FBFE
:10867000A6009A969307F6FF63E7661263F5A612C3
:1086800079169A9693150E01898ED18D45B533577B
:108690006600B396F600D98EB3D8650013DF0601E5
:1086A000B3DEE803139E060133536500135E0E012B
:1086B000B395F500B365B30013D705013316F60083
:1086C000B3F8E8033303DE03C20833E7E800637B53
:1086D000670036979388FEFF6369D70C6377670C52
:1086E000F91E3697330767403353E703C205C1814C
:1086F0003377E703B3086E024207D98D63FB150198
:10870000B6951307F3FF63EED50863FC15097913DB
:10871000B695C20E416FB3EE6E001307FFFFB3F6BE
:10872000EE0013D30E01718F4182338EE602B385C2
:108730001541B386C60293580E013307E302BA9679
:10874000C6963306C30263F3E6007A9613D3060196
:108750001A9663E2C5026385C500768581458DB3AF
:1087600041677D17F98EC206337EEE00B317F50020
:10877000F296E3F4D7FE1385FEFF814591B393D8BB
:108780000601414705B593560601C14769B993569D
:108790000301C147BDB3814505451DB3B6880147F7
:1087A00011B53A83BDB73E86F1BDC68E25BF328E68
:1087B00055B5F9179A98C1B9F9171A9761BB0147CE
:1087C0006314E60001458280B307E5000507B38620
:1087D000E50083C7070083C6F6FFE383D7FE338532
:1087E000D7408280B3C7A5008D8B3307C50081E7D2
:1087F0008D4763EEC700AA876370E50A83C605004C
:1088000085078505A38FD7FEE3EAE7FE828093768E
:108810003500AA8791CA83C6050085078505A38F01
:10882000D7FE93F63700FDB79376C7FF138606FE93
:1088300063F0C70683A3050083A2450083AF8500CC
:1088400003AFC50083AE050103AE450103A3850157
:1088500083A8C5019385450223A0770003A8C5FF1F
:1088600023A2570023A4F70123A6E70123A8D701D9
:1088700023AAC70123AC670023AE170193874702E1
:1088800023AE07FF75B790419107910523AEC7FE50
:10889000E3EBD7FEE3E4E7F6828039713EDA2ED2CD
:1088A00032D436D63AD842DC46DE97B7FE1F9387DD
:1088B000A79D22CC804326CA06CEAA8409C41C4C9C
:1088C00099E32285012D0C4454102686228536C654
:1088D000EF00505FF2406244D24421618280011176
:1088E00097B7FE1F9387479A22CC804306CEAA856E
:1088F00019C41C4C89E72AC62285E92BB2451044CD
:1089000022856244F24005616F100041011126CAC0
:108910004AC806CE22CC4EC652C4AA842E8901C5AE
:108920001C4D91E3452B9C4C804499E326855D23A7
:108930009737000093870724631CF402C0408357D5
:10894000C400A18BB1C71C48A1C7FD59294A1C44CA
:1089500083450900FD17B1E91CC463DE07062286C2
:10896000A94526859122FD576308F502294535A0C2
:1089700097370000938707226314F4008044C1B73F
:10898000973700009387071DE31BF4FAC04445BFE7
:10899000A2852685D12A55D97D55F2406244D2441C
:1089A0004249B249224A056182801CC4050963D745
:1089B0000700184C63CBE700638945011C4013870F
:1089C000170018C02380B70059B722862685E928EA
:1089D000E31F35F7D1B71C401387170018C029478C
:1089E0002380E70061B797B7FE1F9387E789AA85C1
:1089F00088436FF0BFF135713ECBA6DA36C73AC96E
:108A000042CD46CF97B7FE1F9387078886DEA2DC4C
:108A1000844363DB05009307B0089CC07D55F65086
:108A20006654D6540D61828093078020231AF1008A
:108A30002AC42ACC814799C19387F5FF3EC83ECE10
:108A40007401FD572E8426852C00231BF10036C2AD
:108A5000EF007018FD576355F5009307B0089CC0F0
:108A60005DDCA247238007005DBFAA87850703C797
:108A7000F7FF6DFF3385A7407D15828005C67D1603
:108A80000147B307E500B386E50083C7070083C647
:108A900006006396D7006304C7000507FDF333851E
:108AA000D740828001458280011122CC26CA4AC863
:108AB00006CE4EC6AA842E89328401C51C4D91E390
:108AC0001129973700009387E70A6319F406C0401D
:108AD0001C4C1CC48357C400A18BC9C31C48BDCF08
:108AE0001C4808409379F90F1379F90F1D8D5C48E4
:108AF0006346F500A2852685752C2DE51C440505E9
:108B0000FD171CC41C401387170018C023803701B1
:108B10005C486389A7008357C400858B81CBA94734
:108B20006316F900A285268571240DEDF24062449A
:108B30004A85D2444249B249056182809737000094
:108B4000938747056314F400804459B797370000B2
:108B500093874700E31EF4F6C0449DBFA285268597
:108B600021203DDD7D59D9B7411197A7FE1F93877D
:108B7000A77126C2844322C44AC006C62A892E840D
:108B800089C49C4C99E32685B126973700009387CA
:108B900067FE631CF402C0400317C400931707016B
:108BA000C18393F68700B5EE93F607019DEEA547C6
:108BB0002320F900136707042316E4007D55B24013
:108BC00022449244024941018280973700009387F2
:108BD00067FC6314F4008044C1B7973700009387A3
:108BE00067F7E31BF4FAC04445BF918B8DC74C581F
:108BF00089C9930744046384F5004A85892B232A95
:108C000004028357C4002322040093F7B7FD231600
:108C1000F4001C481CC08357C40093E78700231648
:108C2000F4001C4881EF8357C4001307002093F71A
:108C300007286385E700A2854A8595298357C400E4
:108C400013F7170005C75C4823240400B307F0405E
:108C50001CCC1C480145A5F78317C40013F707086F
:108C600039DF93E707042316F40089BF898B014796
:108C700091E3584818C4F1BF83D7C500011122CC35
:108C800026CA06CE4AC84EC613F78700AA842E8489
:108C900071EFD841634DE000B841634AE0000145FF
:108CA000F2406244D2444249B2490561828058543C
:108CB0007DD703A904009396370123A0040063DD48
:108CC000060670488357C400918B99C75C401D8E7F
:108CD0005C5899C33C401D8E5C540C5081462685DF
:108CE0008297FD570357C400631DF5009440F54774
:108CF00063E8D706B70740208507B3D7D700858B31
:108D0000A5C31C48232204001CC09317370163D855
:108D10000700FD576314F5009C4091E368C84C5868
:108D200023A02401ADDD930744046384F500268568
:108D30003929232A0402A5B70C5001468546268509
:108D40000297FD572A86E31FF5F69C40A5DF75477D
:108D50006385E70059476394E70423A0240181B7A2
:108D6000136707042316E4007D551DBF83A9050181
:108D7000E38709F203A905008D8B23A03501330990
:108D80003941014791E3D84918C4E35A20F11C54F2
:108D90000C50CA864E86268582976349A000835769
:108DA000C40093E707042316F4007DBFAA99330992
:108DB000A940E1BF9C49A5C3011122CC06CE2A845B
:108DC00011C51C4D81E72EC63122B24597370000F0
:108DD000938747DA639CF5004C408397C5009DC795
:108DE00022856244F24005616FF01FE99737000069
:108DF000938747DA6394F5000C44C5B797370000B2
:108E0000938747D5E39BF5FC4C44C1BFF2406244D5
:108E100001450561828001458280411122C406C658
:108E20002A842316B5002317C5002320050023221A
:108E30000500232405002322050623280500232AF4
:108E40000500232C0500214681451305C505EF804B
:108E50001EEC971700009387E7F75CD09717000088
:108E6000938747FA1CD497170000938787FE5CD43A
:108E7000971700009387470100D01CD8B2402244C6
:108E80004101828097050000938505F3B1AA411145
:108E900026C2130680069384F5FFB384C4024AC039
:108EA0002E8922C406C693854407912E2A8401CDBB
:108EB0002320050023222501310508C413868406DA
:108EC0008145EF80DEE42285B2402244924402498B
:108ED000410182801C4DB5E7411106C622C49707A7
:108EE0000000938767FA1CD597370000938707D651
:108EF0009C43232405042326050423280504631426
:108F0000F50085471CCD2A84352848C022851D28B8
:108F100008C42285052848C4484001469145EFF021
:108F2000DFEF08440546A545EFF03FEF484409460A
:108F3000C945EFF09FEE85471CCCB2402244410169
:108F400082808280411197370000938727D026C204
:108F500084434AC006C69C4C22C42A8981E72685E0
:108F6000EFF05FF7938484048044DC40FD1763D600
:108F700007009C40B9CF8440C5BF0317C40039E740
:108F8000C17785072322040623200400232204003E
:108F9000232404005CC423280400232A0400232C77
:108FA0000400214681451305C405EF805ED6232ABF
:108FB0000402232C0402232404042326040422850F
:108FC000B240224492440249410182801304840643
:108FD00071BF91454A85EFF09FEB88C049FDB147CD
:108FE0002320F9000144E1BF797122D44AD052CC48
:108FF00056CA5AC85EC606D626D24ECE2A8AAE8A2F
:10900000130485040149054BFD5B09ECB250225461
:109010004A8592540259F249624AD24A424BB24BB3
:1090200045618280044483294400FD1963D409000A
:109030000040E1BF83D7C400637BFB008397E4005B
:1090400063877701A6855285829A3369A900938444
:109050008406E1BF1971A6DAAE848395E500A2DC2F
:1090600086DE328463DC050083D7C40023A00600BB
:1090700093F7070885E7930700401DA0300836C620
:10908000EF001067B246E34105FE7247BD67F98FF6
:109090007977BA9793B717009CC2F1BF9307000482
:1090A0001CC0F6506654D65401450961828083D7AE
:1090B000C500011122CC06CE26CA4AC8898B2E844F
:1090C00089CF930774041CC01CC885475CC8F24054
:1090D0006244D24442490561828074003000AA840F
:1090E000EFF05FF7A2452A892685112A01ED831743
:1090F000C40013F7072061FFF19B93E727002316B5
:10910000F400C1B797070000938707D89CD4835712
:10911000C40008C008C893E707082316F400A24754
:109120005CC8B24791CF8315E4002685EF00705FDD
:1091300001C98357C400F19B93E717002316F4007D
:109140008357C4003369F9002316240149B7DDC5EC
:1091500083A7C5FF411122C406C626C21384C5FFDA
:1091600063D307003E94AA84EF00306897A7FE1FE0
:109170009387071B9C4391EF2322040097A7FE1FB0
:1091800023A0871A2244B2402685924441016F00F1
:10919000F065637EF40014403307D4006396E70063
:1091A0009843DC43369718C05CC0C9BFBA87D84320
:1091B00019C3E37DE4FE94433386D700631F860022
:1091C0001040B29694C33386D700E31DC7FA10430C
:1091D0005843B29694C3D8C375B76375C400B147FA
:1091E0009CC04DB71040B306C4006316D7001443AB
:1091F0005843B29614C058C0C0C369B782800111E9
:1092000026CA93843500F19806CE22CC4AC84EC6B1
:10921000A104B14763FBF404B14463EAB4042A89AE
:10922000EF00B05C97A7FE1F9387870F98433A849F
:1092300029E897A7FE1F9387E70E9C4389EB81459A
:109240004A85EF00D03597A7FE1F23ADA70CA68552
:109250004A85EF00D034FD59631B3507B147232001
:10926000F9004A85EF00905829A0E3D804FAB147E5
:109270001CC10145F2406244D2444249B2490561F1
:1092800082801C40858F63C10704AD4663F6F600FB
:109290001CC03E9404C001A85C406315870217A758
:1092A000FE1F232FF7064A85EF0050541305B40024
:1092B0009307440061993307F5404DDF3A94898F55
:1092C0001CC04DBF5CC3C5B72287404095B713048F
:1092D00035007198E30085FCB305A4404A85EF0092
:1092E000102CE31935FB9DBF01114AC803A9850065
:1092F00022CC52C45AC006CE26CA4EC656C22E84AE
:10930000328B368A63EE260983D7C50013F70748E8
:1093100051C704408C495848AA8AB389B4408D4447
:10932000B384E4020947B3C4E402138716004E97DE
:1093300063F3E400BA8493F70740D9C3A685568542
:10934000EFF0FFEB2A890DE5B14723A0FA00835720
:10935000C4007D5593E707042316F400F2406244ED
:10936000D2444249B249224A924A024B0561828064
:109370000C484E86EFF00FC78357C40093F7F7B73A
:1093800093E707082316F4002328240144C84E99C4
:10939000B38434412320240104C4528963732A0115
:1093A000528908404A86DA85EF00903F1C44014507
:1093B000B38727411CC41C403E992320240179BF58
:1093C00026865685EF00B0422A895DFD0C485685F9
:1093D000EFF0FFD795BF83D7C500717126D34AD16F
:1093E0004ECF06D722D552CD56CB5AC95EC762C5DD
:1093F00066C393F70708AA892E89B284B9C39C492A
:10940000A9E39305000436C6EFF07FDF2320A9000F
:109410002328A900B24615E1B14723A0F9007D55E4
:10942000BA502A549A540A59FA496A4ADA4A4A4BB3
:10943000BA4B2A4C9A4C4D61828093070004232A30
:10944000F90093070002A30CF1029307000302DA6C
:10945000230DF10236CE930B5002972A0000938A17
:109460006A75054C294B26848347040099C3639D84
:109470007709B30C9440638E0C00E6862686CA8575
:109480004E85EFF07FE6FD576304F51AD256E69657
:1094900036DA83470400638D0718FD5793041400E0
:1094A00002D002D63ED202D4A301010682DC83C5DB
:1094B000040015465685EF00102D138414008257C2
:1094C00031E513F7070109C713070002A301E106FD
:1094D00013F7870009C71307B002A301E10683C68B
:1094E00004001307A002638BE602B257268481466C
:1094F00025460347040093051400130707FD637412
:10950000E6068DC63ED61DA00504B9BF33055541FC
:109510003315AC00C98F3ED0A28451BF7247930669
:109520004700184336CE634907023AD60347040082
:109530009307E002631FF704034714009307A00298
:10954000631BF702F2470904138747009C433ACE96
:1095500063C107023ED235A83307E04093E72700F6
:109560003AD63ED0E1B7B387670385462E84BA97D3
:1095700049B7FD57C5B7050402D281468147254644
:109580000347040093051400130707FD6378E606FC
:10959000F1F2834504000D4617250000130505620E
:1095A000EF00701E11CD97270000938727611D8D56
:1095B00093070004B397A700025505045D8D2AD0D8
:1095C000834504001946172500001305655F9304C1
:1095D0001400230CB102EF00101B25C59777FEFF86
:1095E000938747A295E70257F2471377071009CFF1
:1095F00091073ECED257D2973EDAB5B5B38767030F
:1096000085462E84BA97ADBF9D07E19BA107D5B7CC
:10961000780897060000938666CD4A860C104E8522
:1096200097000000E7000000FD572A8AE314F5FCCC
:109630008357C9007D5593F70704E39307DE52551E
:10964000C5B3780897060000938646CA4A860C1070
:109650004E853129D1BF1C46FD171CC663DA0700B1
:10966000184E63C5E700A9476394F5006FF0CFC3B8
:109670001C422E851387170018C22380B7008280F2
:10968000011122CC26CA4AC84EC652C406CE2A8927
:10969000AE893284B304D6007D5A63149400014528
:1096A00011A8834504004E864A85EFF0DFFA0504D1
:1096B000E31545FFF2406244D2444249B249224A8E
:1096C00005618280357122CD26CB4AC94EC706CFAF
:1096D00052C556C35AC1DEDEE2DCE6DAAA89AE84A0
:1096E0003289368409C51C4D99E3EFF0AFFE972708
:1096F000000093872748639DF40C83A4490083D717
:10970000C400A18BE5CB9C48F5C793070002A304D6
:10971000F1029307000302D22305F10222C6930B44
:109720005002972A0000938AEA48054C294B4A8444
:109730008347040099C36392770FB30C2441638E6F
:109740000C00E6864A86A6854E85EFF07FF3FD572E
:109750006307F51E9256E69636D28347040063806F
:10976000071EFD571309140002C802CE3ECA02CCE0
:10977000A309010482D48345090015465685EF00EC
:10978000900013041900C24759E913F7070109C7EC
:1097900013070002A309E10413F7870009C71307A1
:1097A000B002A309E104834609001307A002638005
:1097B000E608F2474A84814625460347040093059C
:1097C0001400130707FD6379E60AB5CA3ECE85A8E3
:1097D000972700009387073C6395F40083A48900D2
:1097E00039BF972700009387E736E39AF4F083A404
:1097F000C90031B7A6854E85EFF00FB719D57D5555
:10980000FA406A44DA444A49BA492A4A9A4A0A4B0F
:10981000F65B665CD65C0D618280050411BF330582
:1098200055413315AC00C98F3EC82289A9B73247CC
:1098300093064700184336C6634907023ACE0347EA
:1098400004009307E002631FF70403471400930723
:10985000A002631BF702B2470904138747009C4329
:109860003AC663C107023ECA35A83307E04093E712
:1098700027003ACE3EC8E1B7B387670385462E84FA
:10988000BA9725BFFD57C5B7050402CA814681476F
:1098900025460347040093051400130707FD63766C
:1098A000E606F1F2834504000D4617250000130576
:1098B000E530D12D11CD97270000938727301D8DDE
:1098C00093070004B397A700424505045D8D2AC89D
:1098D000834504001946172500001305652E13095A
:1098E00014002304B10245253DC19767FEFF93870D
:1098F000677195E74247B2471377071009CF910781
:109900003EC69257D2973ED21DB5B38767038546B0
:109910002E84BA97BDBF9D07E19BA107D5B77800FC
:1099200097060000938606D626860C084E8597007B
:109930000000E7000000FD572A8AE314F5FC83D7F6
:10994000C40093F70704E39C07EA125555BD78005D
:1099500097060000938606D326860C084E85012ABA
:10996000D9BF797156CA9C49BA8A984522D426D261
:109970004ECE52CC06D64AD05AC85EC6AA892E848C
:10998000B284368A63D3E700BA879CC003473404A5
:1099900019C385079CC01C4093F7070281C79C40F0
:1099A00089079CC00329040013796900631A090020
:1099B000130B9401FD5B5C449840998F634CF90450
:1099C0001C408346340493F70702B336D000A5EB5E
:1099D00013063404D2854E85829AFD576303F5043D
:1099E0001C4011469840998B544481446397C700AA
:1099F000B384E64063D3040081441C441848635494
:109A0000F700998FBE94014969047D5B6398240532
:109A1000014509A885465A86D2854E85829A631EDD
:109A200075017D55B250225492540259F249624A4E
:109A3000D24A424BB24B456182800509ADBF330724
:109A4000D40013060003A301C704034754049387FB
:109A50001600A2978906A381E7049DBF854622864A
:109A6000D2854E85829AE30E65FB050945B779716B
:109A700022D426D24AD04ECE06D652CC56CA5AC886
:109A8000B68983C68501930790063289AA842E84FD
:109A900013863504638DF60263E2D70693078005CB
:109AA0006388F61863EDD7006381062293073004BC
:109AB000638EF60A930A24042301D404C9A09307F1
:109AC00030066385F60A93074006E395F6FE1C40D0
:109AD000084393F6070893054500C5C61C410CC30F
:109AE00063D807001307D002B307F040A301E404D2
:109AF000972600009386460D29476DA89307000717
:109B00006384F61663E5D7029307E006638BF618C5
:109B10009307F006E390F6FA0C401C4313F805088F
:109B2000138547006307080608C39C438DA8930765
:109B30005007E383F6FE93078007638BF6129307C3
:109B40003007E399F6F61C43D041814593864700E0
:109B500014C383AA070056853D2101C5330555412D
:109B600048C05C401CC8A301040471A81C43930AAC
:109B70002404938647009C4314C32301F4048547BF
:109B8000D5B793F607041C410CC3B9DAC207C187E5
:109B900081BF93F5050408C3C9D983D7070013070C
:109BA000F0066388E60E972600009386E6012947B3
:109BB000A30104044C400CC463C5050008406D9922
:109BC00008C099E3B28A91CDB28AB3F5E702FD1AD3
:109BD000B69583C505002380BA00B3D5E70263F0CC
:109BE000E70CA147631EF7001C40858B91CB5840C2
:109BF0001C4863C7E70093070003A38FFAFEFD1A12
:109C00003306564110C84E87CA867000A285268545
:109C1000EFF03FD57D5A631E450B7D55B25022545F
:109C200092540259F249624AD24A424B45618280BB
:109C3000A382D50497260000938606F90C400843BA
:109C400013F805081C411105630D080208C313F73A
:109C5000150001C793E505020CC04147B1FB0C405C
:109C600093F5F5FD0CC0A9B79C4193E707029CC191
:109C700093078007A302F40497260000938606F654
:109C800075BF13F8050408C3E30308FCC207C183CA
:109C90007DBF97260000938626F3214711BFAE872C
:109CA0002DB794411C43CC4913F80608138547008F
:109CB0006306080008C39C438CC301A808C393F63D
:109CC00006049C43F5DA2390B70023280400B28AE7
:109CD0001DBF14485686CA8526858299E30F45F331
:109CE0001C40898B8DE7B2474844E359F5F23E8525
:109CF00035B785465686CA8526858299E30F65F174
:109D0000050A5C443247998FE345FAFEE9BF014AF0
:109D1000930A94017D5BF5B7011122CC06CE2A840B
:109D200009C91C4D99E732C62EC4EFF0AF9A3246EE
:109D3000A245972700009387E7E36316F602504099
:109D40001C46FD171CC663D00704184E63C7E70006
:109D500093F7F50F29476398E70222856244F240A2
:109D600005616FE07FD4972700009387A7E2631413
:109D7000F6001044F1B7972700009387A7DDE311A1
:109D8000F6FC504475BF1C4213F5F50F13871700FE
:109D900018C22380B700F2406244056182804111FD
:109DA00022C42A842E8597C7FE1F23A3072A06C62E
:109DB000EF80BEE7FD576319F50097C7FE1F938735
:109DC00027299C4391C31CC0B24022444101828098
:109DD000411122C42E848395E50006C6AD24634953
:109DE00005007C48AA977CC8B24022444101828089
:109DF0008357C4007D777D17F98F2316F400EDB7E4
:109E000083D7C500011122CC26CA4AC84EC606CE49
:109E100093F70710AA842E843289B68991C7839557
:109E2000E5008946014635228357C4007D777D17BA
:109E3000F98F2316F4008315E4006244F240CE86C5
:109E40004A86B24942492685D24405613DA841115E
:109E500022C42E848395E50006C6E528FD570357E6
:109E6000C400631BF500FD77FD17F98F2316F4007E
:109E7000B2402244410182808567D98F2316F400C5
:109E800068C8FDB78395E50025A8411122C42A843E
:109E90002E85B285368697C7FE1F23AB071A06C6E6
:109EA000EF803ED6FD576319F50097C7FE1F9387D5
:109EB000271A9C4391C31CC0B240224441018280B6
:109EC000411122C42A842E8597C7FE1F23A207189A
:109ED00006C6752AFD576319F50097C7FE1F9387BD
:109EE00027179C4391C31CC0B24022444101828089
:109EF000411122C42A842E85B28597C7FE1F23A94B
:109F0000071406C6692AFD576319F50097C7FE1F97
:109F1000938707149C4391C31CC0B2402244410163
:109F20008280411122C42A842E8597C7FE1F23A157
:109F3000071206C6AD2AFD576319F50097C7FE1F25
:109F4000938707119C4391C31CC0B2402244410136
:109F50008280411122C42A842E85B285368697C715
:109F6000FE1F23A7070E06C6992AFD576319F500A1
:109F700097C7FE1F9387C70D9C4391C31CC0B24077
:109F800022444101828093F5F50F2A966314C5009F
:109F90000145828083470500E38DB7FE0505FDB7C7
:109FA00063F3A504B386C500637FD5029345F6FF2E
:109FB0008147FD176393F50082803387F6000348DD
:109FC00007003387C7002A9723000701DDB73387CF
:109FD000F500834607003307F50085072300D70007
:109FE000E317F6FE82808147E5BF8280828081E5AB
:109FF000B2856FF0CFA0011122CC06CE26CA4AC886
:10A000004EC6328401EEEFF08F940149F240624473
:10A010004A85D2444249B24905618280AE84AA8908
:10A02000A9282689E37485FEA2854E85EFF02F9D31
:10A030002A8969DDA6852286EFE0CFFAA6854E85BE
:10A04000EFF0EF90E1B7411122C42A842E85B2854A
:10A05000368697C7FE1F23AD07FE06C68D28FD571F
:10A060006319F50097C7FE1F938787FE9C4391C332
:10A070001CC0B24022444101828083A7C5FF1385E2
:10A08000C7FF63D50700AA959C413E958280930740
:10A09000800517C7FE1F232DF7FA7D558280930791
:10A0A000800517C7FE1F2325F7FA7D558280930789
:10A0B000800517C7FE1F232DF7F8014582809307FF
:10A0C000800517C7FE1F2325F7F87D55828093076B
:10A0D000800517C7FE1F232DF7F67D5582800000EF
:10A0E0006964363401000000696436014E89FEFF60
:10A0F0007689FEFF9E89FEFFB689FEFFD089FEFFAE
:10A10000E089FEFF088AFEFF308AFEFF488AFEFFD4
:10A11000628AFEFFFE006578706572696D656E7417
:10A12000616C0000626C656465732E636F6D000086
:10A130004D6F64656C204E756D62657200000000A5
:10A1400053657269616C204E756D62657200000026
:10A15000EE8FFEFF1490FEFF2E90FEFF4890FEFF54
:10A160006690FEFF73696D706C6550726F66696C06
:10A17000655F5772697465417474724342000000F0
:10A180004150505F4442472025733E2000000000AC
:10A1900073696D706C6550726F66696C655F57723C
:10A1A000697465417474724342206C656E3A20256F
:10A1B0006400000043483539785F424C455F4C49A4
:10A1C000425F56312E330000686561642066696C19
:10A1D00065206572726F722E2E2E00004C4942204F
:10A1E000696E6974206572726F7220636F64653A7C
:10A1F000202578202E2E2E0A000000002A200000A4
:10A2000006A1FEFF28A7FEFF12A2FEFF06A3FEFF87
:10A21000CAA3FEFFC6A4FEFFA6A5FEFF28A7FEFF59
:10A22000ECA6FEFF28A7FEFF28A7FEFF28A7FEFF3B
:10A2300028A7FEFF28A7FEFF28A7FEFF28A7FEFFEE
:10A2400028A7FEFF28A7FEFF28A7FEFF28A7FEFFDE
:10A2500028A7FEFF28A7FEFF28A7FEFF28A7FEFFCE
:10A2600028A7FEFF28A7FEFF28A7FEFF28A7FEFFBE
:10A2700028A7FEFF28A7FEFF28A7FEFF28A7FEFFAE
:10A28000F69FFEFF6AA1FEFFA6A1FEFF4AA2FEFF07
:10A290003AA3FEFF0AA4FEFFEAA4FEFFE6A5FEFF26
:10A2A00036A6FEFF84A8FEFF70A9FEFFD6A9FEFF1A
:10A2B0008EAEFEFF88AAFEFF2CABFEFFB6ABFEFF04
:10A2C0005AACFEFFD2ACFEFF3CADFEFF9CADFEFFE4
:10A2D0008EAEFEFF8EAEFEFF8EAEFEFF8EAEFEFF9A
:10A2E00040AEFEFF556E61626C652073657420613F
:10A2F0007070206B657900006C636F616C20617019
:10A3000070206B6579206164646564006C636F61C3
:10A310006C20617070206B65792062696E64656481
:10A320000000000053656C6620507269766973699D
:10A330006F6E696E6720286572722025642900009F
:10A3400044656C657465206E6F6465206661696C38
:10A350006564200044656C657465206C6F63616C96
:10A36000206E6F646500000044656C657465207341
:10A37000746F726564206E6F646520696E666F200D
:10A38000636F6D706C6574650000000041736B2035
:10A39000737461747573206E6F6465206661696C97
:10A3A000656420004F544120757064617465206EAF
:10A3B0006F6465206661696C656420005365742074
:10A3C000737562206E6F6465206661696C656420D8
:10A3D00000000000434D443A202578005072697611
:10A3E0006973696F6E696E6720696E666F2064615C
:10A3F0007461206572722100736574206976203063
:10A400007825782C20666C61672025642000000088
:10A4100061736B20697620307825782C20666C611A
:10A420006720256420000000507269766973696FA7
:10A430006E696E672064617461206572722100002C
:10A44000434D445F44454C4554455F4E4F44452081
:10A450002578200064656C657465206661696C65AB
:10A460006420256400000000434D445F41534B5F6E
:10A4700053544154555320257820000061736B5F7D
:10A48000737461747573206661696C6564202564FA
:10A4900000000000434D445F5452414E5346455224
:10A4A00020257820000000007472616E736665726A
:10A4B000206661696C65642025640000434D445F3B
:10A4C000494D4147455F494E464F202578200000C1
:10A4D000696D61676520696E666F206661696C658C
:10A4E0006420256400000000434D445F5550444102
:10A4F0005445206C656E3A202564000075706461D7
:10A500007465206661696C65642025640000000044
:10A51000766572696679206661696C656420256478
:10A5200000000000656E64206661696C656420252A
:10A5300064000000434D445F5345545F535542202F
:10A540002578200073657420737562206661696CDC
:10A5500065642025640000006C6F63616C20726587
:10A56000736574206461746120657272210000005B
:10A570004C6F63616C206D657368207265736574E0
:10A580000000000044656C657465206E6F64652092
:10A5900064617461206572722100000072656365F8
:10A5A0006976652064656C65746520636D642C2034
:10A5B00073656E642061636B20616E6420737461E7
:10A5C00072742064656C657465206E6F64652064C8
:10A5D000656C61790000000073656E642061636BD7
:10A5E000206661696C6564202564000073656E6493
:10A5F00020746F20616C6C206E6F646520746F2016
:10A600006C6574207468656D2064656C6574652084
:10A6100073746F72656420696E666F2000000000BD
:10A6200044656C657465206E6F64652061636B20A2
:10A6300064617461206572722100000044656C657C
:10A640007465206E6F646520636F6D706C657465F2
:10A650000000000044656C657465206E6F646520C1
:10A66000696E666F206461746120657272210000FA
:10A6700061736B20737461747573206461746120FD
:10A68000657272210000000061736B207374617445
:10A69000757320636F6D706C657465007472616EA4
:10A6A00073666572206461746120657272210000B6
:10A6B00052656365697665207472616E73206461AA
:10A6C00074612C206C656E3A202564007472616E92
:10A6D000736665722072656365697665206461746E
:10A6E0006120657272210000696D61676520696E85
:10A6F000666F206461746120657272210000000041
:10A70000696D61676520696E666F2061636B2066A5
:10A7100061696C656420256400000000696D6167F3
:10A720006520696E666F2061636B206461746120CF
:10A7300065727221000000007570646174652064A8
:10A740006174612065727221000000004941505F10
:10A7500050524F4D3A2025303878206C656E3A259E
:10A7600064200D0A000000004941505F50524F4DD7
:10A7700020657272200D000075706461746520613F
:10A78000636B206661696C656420256400000000CD
:10A790007570646174652061636B2064617461200D
:10A7A0006572722100000000766572696679206426
:10A7B0006174612065727221000000004941505FA0
:10A7C0005645524946593A2025303878206C656EF6
:10A7D0003A2564200D0A00004941505F5645524910
:10A7E000465920657272200D00000000766572697E
:10A7F00066792061636B206661696C6564202564FD
:10A80000000000007665726966792061636B2064E0
:10A81000617461206572722100000000656E642021
:10A820006461746120657272210000004941505FCB
:10A83000454E44200D00000073657420737562203E
:10A840006461746120657272210000007365742078
:10A850007375622061636B206661696C6564202595
:10A8600064000000736574207375622061636B205F
:10A87000646174612065727221000000496E766126
:10A880006C696420434D4420000000006C636F61DC
:10A890006C20737562206164647220616464656415
:10A8A000000000006C636F616C207375622061644E
:10A8B00064722064656C6574656400006170705F2B
:10A8C00070726F765F6174746E5F6F6E000000006F
:10A8D0006170705F70726F765F6174746E5F6F66C7
:10A8E000660000006C696E6B5F6F70656E00000043
:10A8F0006C696E6B5F636C6F7365000070726F766E
:10A900005F636F6D706C65746500000070726F76C8
:10A910005F726573657400006366675F6C6F636187
:10A920006C5F6E65745F696E666F00006366675F7B
:10A930007372765F7273705F68616E646C657200CB
:10A940006366675F636C695F7273705F68616E6492
:10A950006C65720076656E646F725F6D6F64656CB6
:10A960005F7372765F7273705F68616E646C65723C
:10A9700000000000626C656D6573685F6F6E5F73E9
:10A98000796E63004170705F50726F6365737345D9
:10A9900076656E74000000004170705F7472616EC5
:10A9A000735F6D6F64656C5F72657665697665640B
:10A9B000000000004170705F7065726970686572B8
:10A9C000616C5F7265766569766564004D65736874
:10A9D0005F53656E645F446174610000D7070000D7
:10A9E0000000000001000000902E002038420020EE
:10A9F0000000000000000000000000000000000057
:10AA00000000000000000000000000000000000046
:10AA10000000000000000000000000000000000036
:10AA200048380000DC3D0000163E00000000000039
:10AA3000CE3800006170705F70726F765F61747401
:10AA40006E5F6F66660000006170705F70726F7697
:10AA50005F6174746E5F6F6E000000004D45534877
:10AA60005F4C49425F56312E37000000556E6162DF
:10AA70006C652073657420636F6E666967757261BB
:10AA800074696F6E20286572723A2564290000008F
:10AA9000496E697469616C697A696E67206D657366
:10AAA00068206661696C656420286572722025647F
:10AAB00029000000426C7565746F6F746820696EC0
:10AAC000697469616C697A65640000004D6573683A
:10AAD000206E6574776F726B20726573746F726528
:10AAE000642066726F6D20666C6173680000000000
:10AAF0004164766572746973696E67206469736115
:10AB0000626C6564202870726F766973696F6E6518
:10AB100064202B20706F77657220736176696E6791
:10AB2000206D6F64652900004164766572746973F5
:10AB3000696E6720656E61626C65642028444542D9
:10AB40005547206D6F6465206163746976652900DF
:10AB50004D65736820696E697469616C697A6564B2
:10AB6000000000006F70636F64652030782530341A
:10AB7000780000004F70636F6465203078253034B2
:10AB8000782C2074696D656F757400007761726E42
:10AB9000696E67206F70636F64652030782530328E
:10ABA00078000000417070204B6579204164646535
:10ABB0006400000056656E646F72204D6F64656CB2
:10ABC0002042696E6465640056656E646F72204D44
:10ABD0006F64656C20537562736372697074696F1A
:10ABE0006E20536574000000556E6B6E6F77206F9A
:10ABF00070636F6465203078253032780000000083
:10AC00000000000000000000000000000000000044
:10AC10002E3700005C37000073656E642066616942
:10AC20006C65642025640000726561736F6E202579
:10AC300078000000737373737373730073737373AB
:10AC400073737325647373737300000057616974C1
:10AC5000696E6720666F7220707269766973696FBA
:10AC60006E696E67206461746100000000234567AF
:10AC700089ABCDEF0023456789ABCDEF54696D6596
:10AC80006F7574206F70636F646520307825303283
:10AC9000780000006C656E2025642C20646174616E
:10ACA000203078253032782066726F6D203078251C
:10ACB000303478004465627567206D6F6465206C80
:10ACC0006F616465642066726F6D20666C61736885
:10ACD0003A2025640A0000004465627567206D6FA4
:10ACE0006465207573696E672064656661756C7450
:10ACF0003A2025640A00000025752C25752C257541
:10AD00002C25750D0A0000006D6573683A2000005F
:10AD10004E6F204D6573680D00000000746172670E
:10AD200065745F64657620253034580D0A00000094
:10AD3000436F6E66696720476174657761790D00BE
:10AD4000434D445F484541443A3078253034580DEE
:10AD50000A00000053746F705F4164767200000057
:10AD60004465627567206D6F646520736176656404
:10AD700020746F20666C6173683A2025640A0000B5
:10AD80006D65736820686561642066696C6520651F
:10AD900072726F722E2E2E0038570000545700002A
:10ADA000125700000E5700000304001000000000BE
:10ADB0000A14016000010605140103DD0802020007
:10ADC000C00002003C003C000200020401041E001E
:10ADD00002000000500000002C01000064000A0086
:10ADE00000000000D6BE898E0310220076656E64D6
:10ADF0006F725F6D6F64656C5F7372765F7265739F
:10AE00006574000076656E646F725F6D6573736163
:10AE100067655F7372765F636F6E6669726D00005F
:10AE200076656E646F725F6D6573736167655F737E
:10AE300072765F61636B000076656E646F725F6D42
:10AE40006573736167655F7372765F73656E645F68
:10AE50007472616E73000000696E645F7374617276
:10AE6000740000006164765F696E645F73656E6490
:10AE7000000000006164765F7372765F7472616EC9
:10AE8000735F73656E6400004E554C4C20627566AE
:10AE900000000000556E61626C652073656E642071
:10AEA0006D6F64656C206D657373616765202865DF
:10AEB00072723A2564290000556E61626C652073D8
:10AEC000656E6420696E64696361746520286572CB
:10AED000723A2564290000007372633A20307825A5
:10AEE000303478206473743A2030782530347820F8
:10AEF0007469642030782530327820727373693A2F
:10AF00002025640074696420307825303278200070
:10AF1000236D6573682D6F6E6F66662053544154C0
:10AF200055533A2073656E64207374617475732091
:10AF30006661696C65643A20256400004E6F206587
:10AF40006E6F756768207370616365210000000093
:10AF50004E6F20617661696C61626C6520436F6E33
:10AF600066696775726174696F6E20436C69656E9E
:10AF70007420636F6E74657874210000416E6F7485
:10AF80006865722073796E6368726F6E6F75732077
:10AF90006F7065726174696F6E2070656E64696E42
:10AFA00067000000D707CF00000000009A5900009A
:10AFB000D707CC0000000000D05A0000D707CD0012
:10AFC00000000000345F00000000000000000000EE
:10AFD00000000000C0B3FEFFCEB3FEFFBCB4FEFF16
:10AFE000FEB3FEFFB2B4FEFF2AB5FEFF574D345F3D
:10AFF00025303458000000006D795F6E65745F6124
:10B000006464723A2564000052657374617274203E
:10B010006164766572746973696E6720284445427D
:10B020005547206D6F6465290000000052657374F8
:10B03000617274206164766572746973696E6720E9
:10B04000286E6F742070726F766973696F6E6564B5
:10B050002900000053746F70206164766572746912
:10B0600073696E672028616C726561647920707203
:10B070006F766973696F6E65642900005065726947
:10B0800070686572616C5F496E6974004E6F7469B7
:10B090006679204552522000557064617465202500
:10B0A00078202D20496E74202578200A00000000A9
:10B0B0004552522E2E000000496E697469616C6918
:10B0C0007A65642E2E000000446973636F6E6E65AE
:10B0D000637465642E2E20526561736F6E3A257815
:10B0E0000A0000004164766572746973696E672EA8
:10B0F0002E000000436F6E6E656374696F6E206D85
:10B1000061782E2E2E000000436F6E6E2025782071
:10B110002D20496E74202578200A0000436F6E6E42
:10B1200065637465642E2E00436F6E6E656374658F
:10B1300064204164766572746973696E672E2E00AF
:10B1400057616974696E6720666F72206164766505
:10B1500072746973696E672E2E0000004572726FFB
:10B16000722E2E004572726F722E2E25780A000004
:10B1700044495341424C454400000000454E414281
:10B180004C4544005265762043484152310000004E
:10B190005265762043484152332E2E004465627535
:10B1A00067206D6F64652025730D0A004164766524
:10B1B00072746973696E6720656E61626C65640D97
:10B1C000000000005175657279204D65736820415B
:10B1D000646472202D2050726F766973696F6E659A
:10B1E000643A25642C20416464723A307825303406
:10B1F000580D0A005175657279204D657368204BB2
:10B200006579202D2050726F766973696F6E656461
:10B210003A25640D0A0000001A6C0000B4700000AA
:10B22000DB2A0000DC2A00000200000030B201002E
:10B2300027180000DD2A0000DE2A000002000000BE
:10B2400044B2010028180000292A2B244D455348F8
:10B250005F4C49425F56312E373600000000000037
:10B26000EC810000D48100000000000074B20100F5
:10B270000000000026870000488700005687000075
:10B2800000000000000000007E8B000000000000B5
:10B29000020000000F000000AC9300000B800000D3
:10B2A00001000000889300000E80000001000000F3
:10B2B0006493000011800000010000004093000032
:10B2C00014800000010000001C9300002880000092
:10B2D00002000000C492000044800000030000004F
:10B2E000889200000380000004000000DC9300004E
:10B2F0003E800000070000006292000019800000FC
:10B300000C000000EE9100001F800000070000000C
:10B31000CA9100003C800000090000001A91000062
:10B32000060000000A000000AC9000002E80000023
:10B33000050000005A900000258000000100000078
:10B34000249000004A80000000000000F88F0000F8
:10B350004880000004000000AE8F0000178000004D
:10B3600004000000668F00004C8000000500000013
:10B37000B28E00004E80000007000000FA8D000031
:10B380000280000003000000588D00002A800000A9
:10B3900005000000A48C00002C80000007000000C5
:10B3A000EC8B000000000000000000000000000026
:10B3B0000000000000000000DE9E00000000000011
:10B3C000088000000100000062A6000000000000EC
:10B3D0001300000090BE00000100000013000000F8
:10B3E00008BE0000008000000300000074BF0000E1
:10B3F000018000000200000000BC00000980000085
:10B400000000000048B100000A80000001000000B8
:10B41000BCB000000C800000000000001AB3000067
:10B420000D8000000100000094B2000012800000B6
:10B4300000000000ECB100001380000001000000DB
:10B4400004B20000238000000000000012AF0000E2
:10B450002480000001000000A2AE00002680000051
:10B46000000000004CB00000278000000200000037
:10B470009EAF00001880000004000000E2A500005C
:10B48000030000000B00000004B700001A80000059
:10B490001800000006B600001B8000000600000037
:10B4A00014A40000208000001400000050A9000037
:10B4B0001C800000060000003CA30000218000006A
:10B4C0001400000010A800001E800000060000000C
:10B4D000F6B90000228000001400000006B9000048
:10B4E0001D8000000400000058B800002980000002
:10B4F00004000000C69D00002B8000000600000034
:10B500008C9C000040800000120000009E9B000008
:10B510004580000012000000BE9A0000418000003B
:10B5200002000000B6C000004280000000000000E1
:10B530005CBB000046800000020000008495000013
:10B540004780000003000000F29900003D800000E9
:10B550000600000032A200003F800000060000004C
:10B560001AB500004B80000004000000FEA000009F
:10B570004D80000006000000FEA000004980000091
:10B5800000000000FC9800000F8000000000000098
:10B59000D6940000108000000100000036A00000DA
:10B5A0002D800000020000004A9800001580000075
:10B5B000020000003E95000016800000030000001D
:10B5C0006C9700003880000000000000C296000068
:10B5D0003980000009000000C4AA00003A80000081
:10B5E00000000000CEAC00003B8000000500000021
:10B5F000E6AC0000000000000000000000000000B9
:10B600007CAA0000000000006964313238010000AB
:10B61000736D6B3200000000736D6B33000000002F
:10B62000736D6B34000000007072636B00000000EB
:10B6300076746164000000000091E3720796E4757F
:10B640000E9FED7C0998EA7B1C8DFF6E1B8AF869C2
:10B650001283F1601584F66738A9DB4A3FAEDC4DF2
:10B6600036A7D54431A0D24324B5C75623B2C05122
:10B670002ABBC9582DBCCE5F70E1930277E69405D2
:10B680007EEF9D0C79E89A0B6CFD8F1E6BFA881982
:10B6900062F3811065F4861748D9AB3A4FDEAC3DB2
:10B6A00046D7A53441D0A23354C5B72653C2B021E2
:10B6B0005ACBB9285DCCBE2FE0710392E776049592
:10B6C000EE7F0D9CE9780A9BFC6D1F8EFB6A188942
:10B6D000F2631180F5641687D8493BAADF4E3CAD72
:10B6E000D64735A4D14032A3C45527B6C35220B1A2
:10B6F000CA5B29B8CD5C2EBF900173E2970674E552
:10B700009E0F7DEC99087AEB8C1D6FFE8B1A68F901
:10B71000821361F0851466F7A8394BDAAF3E4CDD31
:10B72000A63745D4A13042D3B42557C6B32250C161
:10B73000BA2B59C8BD2C5ECF0000000000000000ED
:10B74000AAE1000000000000050000000300000066
:10B750006CE2000004000000030000006EE1000045
:10B76000378000000100000036E200000780000082
:10B770000100000002E200000000000000000000E4
:10B7800000000000000000000000000072E5000062
:10B7900000000000318000000200000030E50000E1
:10B7A0002F80000002000000E0E400003080000074
:10B7B0000200000000E400003280000003000000EE
:10B7C00098E400003380000003000000C8E300009C
:10B7D0003480000000000000BCE300003580000061
:10B7E00001000000A4E3000036800000010000001A
:10B7F000D4E20000048000000000000052E30000DA
:10B800000580000001000000F2E600000680000054
:10B8100001000000DAE60000000000000000000067
:10B82000000000000000000062EB0000EEEA0000F3
:10B83000000000006E6B626B000000006E6B696BB5
:10B84000000000002F4E6F64652F25780000000077
:10B8500000070E091C1B1215383F363124232A2DF0
:10B860002F566E642F25782F257300002F5369679C
:10B870002F25782F2573000064617461000000009B
:10B880004CB901007207010050B90100D607010050
:10B8900054B90100A406010058B901005C0D010073
:10B8A0005CB901009C0C010064B90100EC0B0100C3
:10B8B0006CB901002204010074B9010058060100AE
:10B8C00078B90100B81A01007CB90100A21A010080
:10B8D00080B901006A0B010084B90100F60A010079
:10B8E000F424010000000000D42301000000000047
:10B8F0002F4170704B65792F257800002F4E6574AD
:10B900004B65792F257800002F4E657400000000EC
:10B910002F4956002F536571000000002F484250F8
:10B92000756200002F436667000000002F56612FEC
:10B930002578000062696E64000000007375620083
:10B94000707562002F52504C2F2578004E657400A0
:10B95000495600005365710052504C004E65744BBF
:10B96000657900004170704B657900004842507560
:10B97000620000004366670053696700566E64000A
:10B98000566100004E6F646500000000010204086B
:10B990001000000001020408EC2B01000000000070
:10B9A0000A00000064000000E80300001027000007
:10B9B000A086010040420F008096980000E1F50546
:10B9C0005E440100010300007E4001000100000010
:10B9D0003239010001000000CC35010000000000F8
:10B9E0007072736B000000007072736E00000000D4
:10B9F0007072646B0000000036300100010000002E
:10BA0000CC4101000B000000424101000500000094
:10BA1000403E010040000000123E01000000000016
:10BA2000DE3D010010000000723B0100100000002C
:10BA3000143A0100210000003E4601000000000011
:10BA40005E450100010000006054010052540100F5
:10BA500000010202030303030404040404040404B5
:10BA60000505050505050505050505050505050586
:10BA70000606060606060606060606060606060666
:10BA80000606060606060606060606060606060656
:10BA90000707070707070707070707070707070736
:10BAA0000707070707070707070707070707070726
:10BAB0000707070707070707070707070707070716
:10BAC0000707070707070707070707070707070706
:10BAD00008080808080808080808080808080808E6
:10BAE00008080808080808080808080808080808D6
:10BAF00008080808080808080808080808080808C6
:10BB000008080808080808080808080808080808B5
:10BB100008080808080808080808080808080808A5
:10BB20000808080808080808080808080808080895
:10BB30000808080808080808080808080808080885
:10BB40000808080808080808080808080808080875
:10BB500000000000000000000000000000000000E5
:10BB600000000000000000000000000000000000D5
:10BB700000000000000000000000000000000000C5
:10BB800000000000000000000000000000000000B5
:10BB900000000000000000000000000000000000A5
:10BBA0000000000000000000000000000000000095
:10BBB000232D302B20000000686C4C006566674523
:10BBC0004647000030313233343536373839414258
:10BBD00043444546000000003031323334353637B7
:10BBE00038396162636465660000000076312E308A
:10BBF00000000000262A000076312E3000000000F0
:10BC0000272A0000292A00000A180000020000006C
:10BC100008BC010076312E3000000000282A000008
:10BC2000E0FF00000200000020BC0100E1FF000076
:10BC3000E2FF0000E3FF0000E4FF0000E5FF00007A
:10BC4000985C0000FA590000EC310020020000006E
:10BC50000CE00400010000000CBC01000200000028
:10BC600012E0040001000000563200200200000033
:10BC700004BC01000100000024A10100020000003A
:10BC800012E0040001000000543200200200000015
:10BC9000F4BB010001000000ECBB01000200000049
:10BCA00012E00400010000005532002002000000F4
:10BCB00000BC010001000000F8BB01000200000010
:10BCC00012E00400010000005F32002002000000CA
:10BCD0001CBC01000100000014BC0100C02C0000CD
:10BCE0000000000000000000020000000CE0040062
:10BCF0000100000024BC01000200000012E004006A
:10BD00000100000060320020020000002CBC010095
:10BD100003000000243300200200000016E00400AD
:10BD200001000000A02D00200200000012E004002D
:10BD300001000000613200200200000030BC010060
:10BD400001000000983200200200000016E004000C
:10BD500001000000B42D00200200000012E00400E9
:10BD600001000000623200200200000034BC01002B
:10BD7000020000001C3400200200000016E0040055
:10BD800001000000C82D00200200000012E00400A5
:10BD900001000000633200200200000038BC0100F6
:10BDA00000000000343400200200000018E004000D
:10BDB000030000009C3200200200000016E0040096
:10BDC00001000000DC2D00200200000012E0040051
:10BDD0000100000064320020020000003CBC0100B1
:10BDE00004000000A03200200200000016E0040061
:10BDF00001000000F02D0020AC2E00009C2F000060
:10BE00000000000043686172616374657269737455
:10BE100069632031000000004368617261637465EA
:10BE200072697374696320320000000043686172B4
:10BE30006163746572697374696320330000000084
:10BE400043686172616374657269737469632034F5
:10BE50000000000043686172616374657269737405
:10BE600069632035000000005442002000000C00EF
:10BE700054420020000000006A3D00000000000065
:10BE800000000000000000000000000000000000B2
:10BE900000000000000000000000000000000000A2
:10BEA00000000000000000008A37000007010701C1
:10BEB000000003000000000000000000000000007F
:10BEC0000000000000000000000000000000000072
:10BED0000000000000000000000000000000000062
:10BEE0000000000000000000000000000000000052
:10BEF000000000000000000003010000F82E0020F8
:10BF00008C2F002000000000000000000000000056
:10BF100000000000042E00200000000000000000CF
:10BF20000000000000000000000000000000000011
:10BF300000000000000000000000000000AC010054
:10BF400000000000000000000000000000000000F1
:10BF500000000000000000000000000000000000E1
:10BF600000000000000000006C3200202C42002085
:10BF7000C0B30100B0B30100402E0020010000005A
:10BF80000000000000000000683200202042002075
:10BF90000000000000000000102E00200200000041
:10BFA00000000000A02E0020703200204842002037
:10BFB00094B7010084B70100D42E00206042002015
:10BFC00000004100604200200023456789ABCDEFAF
:10BFD0000023456789ABCDEF0000000000000000A2
:10BFE00000000000FF00000000000000B049000059
:10BFF0000000D7070000000000000000743200209D
:10C00000B4420020A4AF010000000000742F002003
:10C010000000000000000000000000000000000020
:10C02000000000000000000000000000D8590020BF
:10C030000000000000000000000000000000000000
:10C04000000000000000000000000000F459002083
:10C05000706300004861000078620000020106037E
:10C0600002E0FF05FFD7070000000000574D345FD6
:10C070003030303000000000000000000909574D4A
:10C08000345F30303030051206006400020A0004CC
:10C0900010041000020000000CE004000100000089
:10C0A00028B201000200000012E0040001000000BC
:10C0B0002B3000200200000020B20100020000002E
:10C0C000000000000200000012E004000100000077
:10C0D0002C3000200200000024B20100000000000B
:10C0E000000000000200000018E00400030000004F
:10C0F000285A0020020000000CE0040001000000AB
:10C100003CB201000200000012E004000100000047
:10C110002D3000200200000034B2010002000000B7
:10C12000000000000200000012E004000100000016
:10C130002E3000200200000038B201000000000094
:10C14000000000000200000018E0040003000000EE
:10C15000385A00200000000000000000000000002D
:10C1600055555500C4DA0000000000000000000032
:10C170000000000064A7010000000000C2180100D8
:10C180009804010000000000000000000000000012
:10C19000102D0100FF000000343100203431002058
:10C1A00008200001FFFFFFFFFFFFFFFFFFFFFFFF72
:10C1B000000000000000000000000000010000007E
:10C1C000FFFFFFFF512563FCC2CAB9F3849E17A786
:10C1D000ADFAE6BCFFFFFFFFFFFFFFFF000000001E
:10C1E000FFFFFFFF96C298D84539A1F4A033EB2D8D
:10C1F000817D0377F240A463E5E6BCF847422CE179
:10C20000F2D1176BF551BF376840B6CBCE5E316BBC
:10C210005733CE2B169E0F7C4AEBE78E9B7F1AFE80
:10C22000E242E34F4B60D2273E3CCE3BF6B053CCCC
:10C23000B0061D65BC86987655BDEBB3E7933AAA68
:10C24000D835C65AE27101002A7101003A6F010027
:10C250000000000070BB010090BB010050BB01005A
:10C2600000000000000000000000000000000000CE
:10C2700000000000000000000000000000000000BE
:10C2800000000000000000000000000000000000AE
:10C29000000000000000000000000000000000009E
:10C2A000000000000000000000000000000000008E
:10C2B00000000000506000200202020001D70700C9
:10C2C000001001020A02081002000000FFFF000037
:10C2D000FFFF0000FFFF0000FFFFFFFF80000000E6
:10C2E0000A680000FF000000EC3100200102030496
:04C2F0000500000045
:020000040004F6
:10D000006F00C076000000000000000090000020CB
:10D010008C020020A9BDF9F590000020000000005E
:10D0200000000000900000209000002000000000A0
:10D030000000000090000020000000009000002090
:10D0400000000000900000209000002090000020D0
:10D050009000002090000020900000209000002010
:10D0600000000000900000209000002090000020B0
:10D0700090000020900000209000002090000020F0
:10D0800090000020900000209000002090000020E0
:10D090009000002001A0011113078008F3370780DA
:10D0A00093F787083EC201000100B71700409305BF
:10D0B00070052380B704130680FA2380C70401009B
:10D0C000010083C6B70493F6F60DA385D704238029
:10D0D00007049246F3A6068001000100937605023C
:10D0E000D5CEF336078093F6860836C401000100DA
:10D0F0002380B7042380C70401000100B706140091
:10D100007D89558D88C70100010001000100238041
:10D110000704A246F3A606800100010073370780CA
:10D12000137787083AC6010001002380B7042380E3
:10D13000C7040100010001000100372700409306E9
:10D140001005A303D78023800704B247F3A7078005
:10D150000100010093078008F3B7078093F7870861
:10D160003ECE01000100B717004013077005238071
:10D17000E704130780FA2380E7040100010003C7D6
:10D18000B70413670708A385E70423800704F24761
:10D19000F3A70780010001000561828093760504F2
:10D1A000BDC6F336078093F6860836C80100010035
:10D1B0002380B7042380C70401000100B7061400D0
:10D1C000938606047D89558D88C701000100010002
:10D1D000010023800704C246F3A606800100010077
:10D1E00073370780137787083ACA0100010023804C
:10D1F000B7042380C70401000100372700409306CD
:10D200002005A303D78023800704D24781B7733753
:10D210000780137787083ACC010001002380B70408
:10D220002380C7040100010098471367070C98C7C3
:10D2300023800704E24719BF011181460146814559
:10D24000114506CE7D2A93078008F3B7078093F730
:10D2500087083EC601000100B7170040130770059C
:10D260002380E704130780FA2380E704010001000C
:10D2700003C76704136717002383E70423800704A9
:10D28000B247F3A7078001000100F24005618280E8
:10D2900041118146014681451145A52213078008A9
:10D2A000F337078093F787083EC401000100B717E2
:10D2B0000040130670052380C704930680FA23807C
:10D2C000D70401000100FD552396B702238007040F
:10D2D000A245F3A50580010001007337078013778D
:10D2E00087083AC6010001002380C7042380D704C1
:10D2F0000100010003C76704136717002383E704D5
:10D3000023800704B247F3A707800100010001A0B2
:10D31000BD473305F50201007D1575FD8280411181
:10D3200022C426C206C6AA84014463179400B240F0
:10D33000224492444101828005041305803E420448
:10D34000C13F4180DDB72303048015472303E480F8
:10D3500001002302A480828083076480E3CE07FE5D
:10D3600023030480828083076480E3CE07FE0345A5
:10D370004480828083076480E3CE07FE2302A4807A
:10D380008280411126C44AC24EC006C61377F50BEF
:10D39000AD47AA892E8995446306F700194565377C
:10D3A000653F8D444E854537FD59FD146398340122
:10D3B000B240A244124982494101828013550901B9
:10D3C0001375F50F453F2209CDB7011126CC06CEC6
:10D3D000B704080051371545BD37713769372AC67C
:10D3E000A53F32459377150089EB1365150013753A
:10D3F000F50FF240E24405618280FD14E9FC01452D
:10D40000CDBF397126DC4ADA4ED852D656D45AD21C
:10D410005ED006DE62CE66CCB7E700E07D5783AA19
:10D42000070022C603AA470023A0E71823A2E71893
:10D43000B7170040130770052380E704130780FA2D
:10D440002380E70483C74704930B75FFB684E20784
:10D4500093FBFB0F8546AA892E8B32893724004027
:10D46000E187015763FA76016308D50089461307FF
:10D4700000026313D5000157D98F93F7F70FB71C3C
:10D4800000402382FC0411472303E4801305F00FBE
:10D490005D3D094CD135636D7C11B7050700DA9508
:10D4A00037870700795563F2E504B3879500636E0B
:10D4B000F702370B0800A94733EB65016399F906BA
:10D4C00089E48144513D26850DA0DA850945553D05
:10D4D00005090345F9FFFD14050B693D81C49377E8
:10D4E000FB0FFDF7DD3569FD7D55B71700401307CC
:10D4F00070052380E704130780FA2380E70403C73D
:10D500004704418B2382E704F250B7E700E023A0F1
:10D51000571123A24711E25432445259C259325A88
:10D52000A25A125B825B724CE24C21618280A54759
:10D530006395F90685691309F00FB3069900B37472
:10D540002B01B6941349F9FFB3749900856B3379B5
:10D550006901416B9387F9FFB3F7270199E363FCF6
:10D56000340193D94900C147E3E637FF99BF056904
:10D57000C1697D19D9B71305800D63886901130549
:10D5800000026384790113051008CA85DD3B353D2F
:10D5900021DD4E99B3843441D9B7DA852D45D53391
:10D5A000CA94E30099F205097D3BA30FA9FED5BFFC
:10D5B0009387F9FF93F7F70F6361FC0C83C71C0493
:10D5C00013073008631FF70437070800636BEB0489
:10D5D000B3079B00B706100063F5D704334BEB008D
:10D5E00089476393F9068980D549E38C04ECDA8591
:10D5F0000945413B11090327C9FF91472320E480D6
:10D6000003076480E34E07FE23033481FD17EDFB1F
:10D61000FD14110B81C49377FB0FE9FF7D3371F586
:10D62000E1B5B717004003C75704B70708001377E1
:10D63000070219E3B78707007955E378FBEA330758
:10D640009B00E3FFE7F855B58547E382F9F2DA85F9
:10D650002D45053B9389F4FFE38504E6293393F7D1
:10D66000390091EB832604800327090093074900C2
:10D67000E39AE6E43E89CE84F1BFB5476396F900AC
:10D680001305900BC93135BDB1471305B00AE38BC3
:10D69000F9FE99476391F904B7050800B365BB002B
:10D6A0002D45C53181448D4BA1497539639674016F
:10D6B000832704802320F9008504E39834FF83271F
:10D6C000048013172B01635507002312F900D5BB03
:10D6D0002322F900FDB39D476399F90281451305A3
:10D6E000B0044531BD442320090023220900FD591F
:10D6F0009D3993F77400CA9703C70700FD14398D4D
:10D700002380A700E39634FF6DBBA1476392F90421
:10D710006D398144630D0B008D479304C00363088A
:10D72000FB009304000563048B019304400413750C
:10D73000C507E30895D819453931393905452131EF
:10D7400026850D3909453D314931E31C05D669BBB4
:10D7500091476399F90013056006F536F53E130508
:10D7600090090DB7E38F09D4F154A9BB9731FB1F82
:10D770009381C17F1791FB1F1301C188170500001A
:10D78000130585889735FB1F9385C5871736FB1FC3
:10D790001306C6FD63FAC5008322050023A05500C9
:10D7A00011059105E3EAC5FE170500001305857311
:10D7B0009735FB1F938585FB1386818063FAC5002F
:10D7C0008322050023A0550011059105E3EAC5FE5B
:10D7D00013858180938581816377B50023200500BF
:10D7E0001105E36DB5FEFD42739002BC8D4273904E
:10D7F0004280B72200009382828873900230973271
:10D80000FB1F9382228093E2320073905230970282
:10D8100000009382622B73901234730020300D0647
:10D82000719A81473307F5006393C70082801443E0
:10D830003387F500910714C3F5B7914763EEB7023C
:10D8400017070000130787628A05BA959C41BA97AB
:10D850008287B717004003A7470B1345F5FF698F71
:10D8600023AAE70A03A7070B698F23A8E70A03A7E0
:10D87000070A798D23A0A70A8280B717004083A6E4
:10D88000470B1347F5FFF98E23AAD70A83A6070B88
:10D89000558D23A8A70A83A6070A758F23A0E70A38
:10D8A0008280B717004003A7470B498F23AAE70AD6
:10D8B00003A7070B1345F5FF45BFB717004083A625
:10D8C000470B1347F5FF758F23AAE70A03A7070A3B
:10D8D000598D4DB7B717004003A7470B498FEDB7D8
:10D8E000B71700408847420541819377050491EBC3
:10D8F0009377F5013755E801130505803345F502A7
:10D9000082809377050C130700046397E7009377F1
:10D91000F50137459C1CCDB72165130505D08280E4
:10D92000411122C406C62A84653F2947B307E50290
:10D93000B2408D83B3D7870222449507B3D7E7025D
:10D9400037370040C207C1832316F7404101828068
:10D95000716541111305052006C6D937B737004058
:10D96000130770F82381E7400D47A381E7401307B1
:10D970000004A380E74005472387E740B240410108
:10D980008280411122C491462A84138681809D653C
:10D990002D4506C69730FB1FE780A0A6B7F7070006
:10D9A00003C70701A5476313F70001A09306001002
:10D9B00001469D6525459730FB1FE78080A42384A1
:10D9C00081802244B2409146138681809D6529451D
:10D9D00041011733FB1F6700C3A2130101BF2326B8
:10D9E00011402324814023229140232021411737D5
:10D9F000FB1F0347A7D78D476310F706B7660200E2
:10DA00000146856505459730FB1FE780809F377489
:10DA1000020037A9FDFFB7D4040022851306004099
:10DA20008A85F53BB3052401930600400A86094523
:10DA3000130404409730FB1FE780A09CE31F94FC75
:10DA400005458137B76602000146B77502000545F6
:10DA50009730FB1FE780E09A856782978320C1405B
:10DA600003248140832441400329014013010141E3
:10DA700082800111914670009D652D4506CE97303C
:10DA8000FB1FE78000980347C10089469307F7FF13
:10DA900093F7F70F63E2F6029737FB1F2388E7CC73
:10DAA0009735FB1F83C585CC170500001305453D41
:10DAB0008528F2400561828085471737FB1F2307C1
:10DAC000F7CAF9BF41111305800406C69720FB1F52
:10DAD000E780605C371700408327870A1305002022
:10DAE0008D4593E707202324F70A813B953551376D
:10DAF000ED35B24001454101828081473737004012
:10DB0000A14663C3B70082800346B740E38EC6FEDA
:10DB10003306F5000346060085072304C740D5B742
:10DB20003571CAD813094108A6DAD2D4DAD02EC387
:10DB300086DEA2DCCED6D6D2DECEE2CCE6CAEAC8FB
:10DB4000AA8432C536C73AC93ECB42CD46CF4AC475
:10DB50008145014A170B0000130B4B3683870400E5
:10DB600085E789C5C205C1815285413FF65066549B
:10DB7000D6544659B659265A965A065BF64B664C09
:10DB8000D64C464D0D618280130750026389E70031
:10DB900063140A00268A814585058504C1B791C5AD
:10DBA000C2055285C181913F014A81471307B002E6
:10DBB0009305D002130500031308000293083002F6
:10DBC0008386140013861400638EE6026341D70235
:10DBD000638D0603638E1603138706FD1377F70F15
:10DBE000A54563EDE5060147254529481DA863873E
:10DBF000B600E393A6FE93E7170019A093E7070189
:10DC0000B2847DBF93E74700E5BF93E78700CDBFB0
:10DC100093E70702F5B73307070305062E971307A7
:10DC200007FD83050600938605FD93F6F60FE37462
:10DC3000D5FE830506009306E002639AD50C8305A2
:10DC40001600254593041600938605FD93F6F60FFE
:10DC5000636FD50881462545294805A89305A0028C
:10DC60007D57E398B6FC03270900138624001109A9
:10DC7000E35107FC3307E04093E707015DBFB3863C
:10DC800006038504AE96938606FD838504001386FD
:10DC900005FD1376F60FE374C5FE038604009305B5
:10DCA00080066308B6001376F6FD9305C00463137F
:10DCB000B60085040386040093058005630CB60452
:10DCC00093058007630AB604930750026307F600C2
:10DCD000854548002302F1000D3583870400A9CF54
:10DCE000854548002302F100093D81457DB51305B6
:10DCF000A0028146E393A5FA832609009304260037
:10DD00001306490063D306008146328979B7B2848D
:10DD1000FD5661B793E7070413F607045A8809E62E
:10DD2000170800001308081793FA070163880A0010
:10DD3000F99B9305000201A8FD1445BF13F61700D7
:10DD4000930500037DD6A302B1002303010093FBDA
:10DD500007020326090063830B00791741E61306C7
:10DD600000032306C1008549368C63D336014E8CEF
:10DD7000C58B330487418DE7A28C130D00026341EC
:10DD800090099307F4FF228763530400014733840B
:10DD9000E7408307610089C7854513056100B13BF2
:10DDA00063820B0293070003854513057100A303EB
:10DDB000F100A13393078007854513057100A30384
:10DDC000F100253B639D0A00A28A63435005930737
:10DDD000F4FF22876353040001473384E740930A2A
:10DDE0000003A1A06C0081491375F600429503451C
:10DDF0000500118285092380A500850575F6ADB75C
:10DE0000854513057100A303A101FD1CFD3185BFEC
:10DE1000854513055100D531FD1A45BF85451305CC
:10DE20007100A30351017D1CC939E3C989FFFD5A63
:10DE3000FD196398590193090002634F800011098D
:10DE40006DB57C00CE9783C707008545130571002B
:10DE5000A303F1005D31E9BF854513057100A303FC
:10DE600031017D145939D1BFEAF9FFFF12FAFFFFE2
:10DE70003AFAFFFF52FAFFFF6CFAFFFF496D616744
:10DE80006520466C616720253032780A000000006A
:10DE90003031323334353637383961626364656620
:10DEA0006768696A6B6C6D6E6F707172737475768A
:10DEB0007778797A000000003031323334353637E4
:10DEC00038394142434445464748494A4B4C4D4EF8
:10DED0004F505152535455565758595A000000004C
:08DEE000FF000000000000003B
:10E000006F00E2110000000000180118002801282C
:10E0100002280328002901290229032904290529A6
:10E02000062907290829002A012A022A032A042A84
:10E03000052AA62A78E8060056FD0400F002002012
:10E0400076030020C00200208E0200201C02002067
:10E050005EFF0400A6FF04004C010500D803050084
:10E06000C6040500B4FB040072FA040034FB04008B
:10E07000C4FA0400B60A05000C05002034FF0400B1
:10E0800082070500CC9F0600C4A106003CA2060042
:10E09000F66106002A62060056180600960D060074
:10E0A000A6990600B80705004669060004AA0500FF
:10E0B00092AA0500EAAA050046130500921305007E
:10E0C000FC1105002C660500E6600500C26F050026
:10E0D000927305003E7705001A530500B8520500FB
:10E0E000A0560500665305008E5205001253050028
:10E0F00040520500EA53050042540500F253050062
:10E10000F6530500905405004A5405007C54050060
:10E110009459050098590500E6530500EE53050093
:10E120008E540500965905003E550500065B050016
:10E130008685050004860500428605009068050076
:10E14000A8680500E4680500F24C0500104E0500C3
:10E15000864E05001C320500C22C05000843050050
:10E16000402D05006C3E0500C0C9060040C20600F7
:10E170001CC7060022DD060008DC060094DF06004E
:10E1800084DF06008CDF0600CCDF06005AB40600F0
:10E19000000000000000000000000000000000007F
:10E1A0003CE0060004DA06009AD9060000000000F0
:10E1B000000000000000000000000000000000005F
:10E1C00092830600B0710600367506000E730600D5
:10E1D000647D06004E9A0600000000008EB4060022
:10E1E000440C050066630600266906001E6A0600E8
:10E1F0000000000000000000000000008C6C050022
:10E20000C4820600000000000000000000000000C2
:10E21000607106001C0700203E640600B8DF06009F
:10E22000000000000000000088DF06006403050015
:10E23000E2690500C0DF0600688406003685060036
:10E24000B085060062C70600BCDF0600C4DF06001A
:10E25000220D0600C8DF060026110020EC10002069
:10E2600000000000000000000000000000000000AE
:10E27000000000000000000000000000000000009E
:10E280006373B60082801C419105110523AEF5FE33
:10E29000C5BFB72700203727002093878780130743
:10E2A00047D86373F700828023A007009107D5BF8A
:10E2B0004111B7E700E022C480433707200006C6BB
:10E2C000798C23A0E7180F10000011C199E5B7E77A
:10E2D00000E023A08710014545A893073500C20739
:10E2E000C183F19BC207C183130740036366F70232
:10E2F000372700200325079337270020832687929E
:10E300006391A602372700200327079C69D3C20721
:10E31000DD8D0545029765BF372700200325C7928D
:10E32000E1BF035765002DE7035745006362F70619
:10E33000B72600203306F7402148938686936378FA
:10E34000C8028328050003D86600138687001D8F46
:10E350002A9661172312E6002320160123130600D4
:10E3600010C12312F500130788FF2393E60023133F
:10E37000B50083D566002105B387F5402393F600E9
:10E38000B7E700E023A08710B24022444101828019
:10E390000841BDB7B7E700E003A807003707200032
:10E3A00023A0E7183378E8000F10000001E523A050
:10E3B00007118280B727002003AE0793B7270020FC
:10E3C00003A387928146F28763FC670A83A807004C
:10E3D000636BF50A63E9A80A138787006362E50A9D
:10E3E00003D66700216705076319E600372600207A
:10E3F0000347068905072308E6883726002013050A
:10E40000869383D5470003576500239307001306BF
:10E4100086932E97420741832313E5006387C70342
:10E42000372500200325C5926301F50203D5660058
:10E4300009ED83D7460023A016012107BE95A1054B
:10E440002392B6002313E600B6879843630A670257
:10E45000B726002083A6C6926304D70283566700BE
:10E4600085E283D64700835547001843A106AE9640
:10E470002392D70098C383576600A1072313F600A1
:10E48000B7E700E02DB7BE86C6873DBFB7E700E01F
:10E490009843B706200023A0D718758F0F100000EF
:10E4A00001C599C1814711E6B7E700E023A0E71055
:10E4B0008280B386F50003C80600B306F500850721
:10E4C00023800601E317F6FEC5B737E700E01C43DB
:10E4D000B70620002320D718F58F0F10000019C1B0
:10E4E00091C111E637E700E02320F7108280910503
:10E4F00003A7C5FF11057D16232EE5FEDDB737E71F
:10E5000000E01C43B70620002320D718F58F0F101A
:10E51000000001C53307C50011E637E700E02320FE
:10E52000F71082800505A30FB5FEE31DE5FEF5B7E4
:10E53000B7E700E09843B706200023A0D718758FEF
:10E540000F1000008147B306F5008386060099E6A8
:10E55000B7E600E023A0E6103E8582808507E5B798
:10E5600037E700E01C43B70620002320D718F58FBB
:10E570000F10000001C599C1014711EA37E700E01B
:10E580002320F710054582800507E309E6FE3308DE
:10E59000E500B386E5000348080083C60600E305EE
:10E5A000D8FE37E700E02320F7100145828037E7E7
:10E5B00000E01C43B70620002320D718F58F0F106A
:10E5C00000001307F6FFBA952A966317C50037E7D0
:10E5D00000E02320F7108280FD1503C71500050514
:10E5E000A30FE5FEDDB737E700E01C43B7062000C8
:10E5F0002320D718F58F0F10000001C53307C50081
:10E6000019E637E700E02320F71001458280050571
:10E610008346F5FFE397B6FEE31BE5FE37E700E030
:10E620002320F71005458280797126D2B724002077
:10E6300022D403A4C49806D64AD04ECE52CC56CA91
:10E640005AC85EC662C44DC8372A00203729002048
:10E65000B7290020814BB72A002037CBC901130A04
:10E660000A99130989939389C99D8357240099EFC7
:10E670005C44639A0B0023A6F498032CC400228503
:10E68000113B6284B9A823A6FB00C5BF83A74A98A3
:10E6900082971C443307F5406376F50003A74900D1
:10E6A0001D8F2A979306FB3763ECE60623280900A3
:10E6B0008355240003450400970005E0E78060B11E
:10E6C0005C405844B1C70C4403A64900AE97BE86CF
:10E6D00063E4B70063E4C700B386C74014C4A28BE9
:10E6E0003A8441F4B727002093878793984B894653
:10E6F00063FCE604791798CBB25022549254025925
:10E70000F249624AD24A424BB24B224C4561828066
:10E7100063950B0023A6E4988DB723A6EB00B1BF49
:10E7200003274A0219CB63EDA7003385A74083274F
:10E7300009016374F5002328A900A28B404455B752
:10E7400003A74900BA97D5B723A8070075B7B7271D
:10E75000002003A7479D411122C406C63E8411C371
:10E760000297B727002083C7279893F7F70F99E3FD
:10E77000232A049CB24022444101828001114EC6EA
:10E78000B729002083A7499606CE22CC26CA4AC8BC
:10E7900052C456C281C7829723A20996B72400208B
:10E7A000938744C883C7570037240020938444C804
:10E7B000858B1304449681CF83C774001947631671
:10E7C000F70EA3820400EF0030615C4482971C4482
:10E7D00091C3829737240020372900209307849320
:10E7E0000327899803C61700130A849383478493E9
:10E7F00093961700BA9683D60600F9C2834784938E
:10E8000063E8C70C83A74996230C0492639407120C
:10E81000B727002083A74798638E0710B7270020EB
:10E8200083A7079E2328FA00013583C7B4006393AA
:10E83000071083C7940081CF83C7740093F7F70F45
:10E8400099E7A3840400976006E0E780E007B72714
:10E85000002083A7479BF9CF83270A01E1CF83C715
:10E86000740015476368F70CB7270020938707CD1E
:10E8700083C7C700918BDDEFB727002083C7279898
:10E8800093F7F70FC5EB83461A000326899863CCEC
:10E89000D70A6244F240D2444249B249224A924ADB
:10E8A0000561170305E0670043F183C774001D4746
:10E8B000E31FF7F0A3820400EF0010521C4839B7A1
:10E8C000850793F7F70F230CF492E3E1C7F23DB706
:10E8D00086073E978355070023100700034584935E
:10E8E000B727002083A7079613172500B72A002013
:10E8F000BA979C4323900A98829783D70A98034734
:10E90000849393C7F7FF7D8D93171700032789988A
:10E910003E97835707005D8D2310A700834784939C
:10E9200081C78507230CF4920347849383471A0019
:10E93000E37AF7ECF2406244D2444249B249224AB7
:10E94000924A056182801397170032970357070098
:10E9500075F385072DBF37C700408326C720B7074B
:10E96000FCFFFD17F58F2326F72001000100B727D4
:10E97000002093878793C84F832787262326D72095
:10E980006A0593C7F7FF99835D8D8280B7270020C2
:10E9900003A3079F6303030002831305F00F828024
:10E9A0000327851163000712411122C406C683475D
:10E9B000C5008345E5042A8493F7C70F2306F500B5
:10E9C000834697000356C70013958601618563F15E
:10E9D000C508635A05060345870093F6F607A304A6
:10E9E000D700054693E627006314C50093E6170099
:10E9F0002306D4005C4389075CC3A30AB400032543
:10EA000004112E864C430905513483278411034693
:10EA10005401D44303D7C700B296118FD4C32396B1
:10EA2000E7008947A30DF400B727002003476403DC
:10EA300083C7279A6378F7048347C40093E70701E5
:10EA40002306F40081A093E717002306F40075B7AE
:10EA50009376F60F635D050203458700854513E64F
:10EA600027006314B50013E617002306C400A30AA9
:10EA7000D400A30407008547A30DF4008327841165
:10EA80009C43DDF3B240224401454101828093E77B
:10EA900017002306F400A30AD400A30407000325EB
:10EAA00004114C430905DD328327841103465401C8
:10EAB000D44303D7C700B296118FD4C32396E7007F
:10EAC0008D475DBF05458280B727002083A7C7C655
:10EAD000411122C406C6858B2A84DDEB41651305EE
:10EAE00025F5972006E0E78040E05DC18347A5005B
:10EAF0002315F50083270412B5E72320A41223224F
:10EB0000A41285472311F4042320050083476401E0
:10EB100054412316F5000347D4002304E5000547BC
:10EB2000A304E50037270020032787CA13851702AF
:10EB300015811C437D151375F50F9CC25C43DCC227
:10EB40001C479CC65C47DCC61C4B9CCA5C4BDCCAA1
:10EB50001C4F9CCE5C4FDCCE19CD9386060213076A
:10EB60000702C1BF8327441288C38357240423228A
:10EB7000A412850741BFB7270020938787B403D726
:10EB8000870005072394E700B240224441018280B8
:10EB90008347C40023090400054593C747002306A3
:10EBA000F400DDB78347850193F7E70FDDEB83477B
:10EBB0009501C5EB034625018346C50009CA3727E1
:10EBC0000020834565030347379A63E7E50013F7A1
:10EBD000060149CB014709C6C18A0357E51881C61A
:10EBE0008356251936973DCFB727002003D5479E7A
:10EBF0001307C71237460F00B335A702411113069A
:10EC00000624814622C426C206C67D543305A702C7
:10EC100097D006E0E780E07EB727002083C7779A89
:10EC2000B384A700B727002003A787BD8327070960
:10EC300063F387003E84184375FBB727002083A742
:10EC40004798829781476364A400B307A440B24009
:10EC50002244B3B7970093C7170092443E85410101
:10EC6000828081473E858280B727002003A7C7CADC
:10EC70003C5BFDFF010001008280011122CC4AC8EB
:10EC80004EC606CE26CA52C456C25AC00347B50065
:10EC900085472A842E8983290509631AF71E83571D
:10ECA0000508035BC503372A00209306CA9D83DA53
:10ECB0008600130ACA9D63F4671B834605016390AF
:10ECC000E61A03278511631C07180327450A6318F2
:10ECD00007188346F5001D476393E6180355A503FF
:10ECE000330BFB409307204E33056503832444090F
:10ECF00037460F008146130606243305F502B72771
:10ED0000002083C7679AB3549502B3B5AA02BE9494
:10ED1000C204C180231394083385AA0297D006E069
:10ED2000E780206EB307350133B5A7002E953E87E7
:10ED300083264A0019E163E4D7003387D740B384C0
:10ED40005403B7460F009387F623938606242320A7
:10ED5000E900A697B3D7D702DA97636CF70E1D8F39
:10ED60002320E900B729002083A7499883240900BC
:10ED7000829763E1A4123385A4406350050C83A7F6
:10ED80004998372B0020130BCB9D8297032709004E
:10ED90006368E510198D8357E40303578B008E07D2
:10EDA000B387E7021307003293870719B3D7E70247
:10EDB00063EDA70E374A0F00930AFA23130A0A24B9
:10EDC0008357040485072310F4048347041499E34C
:10EDD0002285512A2285971006E0E78000D87DE140
:10EDE000832604098327C40803274B00B6973E8572
:10EDF00063E4D70063E4E7003385E7408347F40129
:10EE0000835464082328A4088507A30FF4008357BC
:10EE10008B00B384F402D694B3D444036363950C9B
:10EE2000B304954083A7499823209900829763EE05
:10EE3000A40A3385A440E34505F8B727002083C71B
:10EE4000779A63E2A708B727002023A087BE014571
:10EE50009DA883264A00B387F6403E9711B7835496
:10EE6000640837470F009307F723B3845403BE9415
:10EE700093070724B3D7F40263E7F900B387F94097
:10EE80002320F900C5B503274A00BA99C5BF23A0BE
:10EE90003501C9BDB727002083A7079EBE94E1BDF9
:10EEA00083274B00998F3E95FDB5A145228597108C
:10EEB00006E0E780A0C3A305A402B727002083A72C
:10EEC000079C81EF7D55F2406244D2444249B249E9
:10EED000224A924A024B05618280894515458297F4
:10EEE000D5B7B3049740AA9435BF83274B00BE948F
:10EEF00089B72DC901116C0022CC06CE2A84B53BFE
:10EF000029CDFD576305F502372700201307079920
:10EF10005453B2479DC62547637FF700D9173EC6B5
:10EF2000B2450345940297F004E0E7808041F24047
:10EF3000624405618280372700200327079EBA9725
:10EF4000F1BF0347770163E4E700998FC9BFB72694
:10EF5000002083A6069EB697CDBF971006E0E780F7
:10EF6000404DF1B78280797126D206D622D44AD09C
:10EF70004ECE52CC56CA5AC85EC683475503034488
:10EF80007513AA843E941374F40F9307400263F63A
:10EF900087001304B4FD1374F40F03AA841383AA27
:10EFA000C413A38B841222865285D68597D006E09F
:10EFB000E7806042058915E503CBD41201498149F8
:10EFC000337B6403930B50024A865285D68597D0D3
:10EFD00006E0E7804040058915C563916903137415
:10EFE000F90F238B8412B250225492540259F249E1
:10EFF000624AD24A424BB24B456182808509E2099E
:10F0000093D989410509E31179FDE1BF832785097A
:10F0100003560504797193D60701BD8EC206C182DD
:10F02000358E1357764093575640898B058B5D8FED
:10F0300093573640918B5D8F93571640A18B5D8F10
:10F0400093171600C18B5D8F9317360093F7070255
:10F050005D8F931756009355860093F707041E069D
:10F060005D8F1376F60F518F93D7554013D63540E9
:10F07000118A898BD18F13D67540D18F13D6154045
:10F08000218AD18F13961500418AD18F13963500AE
:10F0900013760602D18F13965500137606049E054B
:10F0A000D18F93F5F50FCD8FA20745465D8F3307BE
:10F0B000C70222D42A8426D252CC56CA032A8413E9
:10F0C000832AC4135AC806D63697420741839357FA
:10F0D0007740135557400989858BC98F13553740A1
:10F0E0001189C98F135517402189C98F131517002E
:10F0F0004189C98F1315370013750502C98F131580
:10F10000570093558700137505041E07C98F1377A1
:10F11000F70FD98F13D5354013D755401189098B77
:10F12000498F13D57540498F13D515402189498FD3
:10F13000139515004189498F139535001375050204
:10F14000498F13955500137505049E05498F93F556
:10F15000F50F4D8F2207D98FB387C7024AD04ECE05
:10F160005EC662C4B697C207C18313D7774013D572
:10F1700057400989058B498F13D537401189498F2D
:10F1800013D517402189498F139517004189498F5D
:10F190001395370013750502498F1395570093D5C2
:10F1A0008700137505049E07498F93F7F70FD98FD2
:10F1B00013D5354013D755401189098B498F13D585
:10F1C0007540498F13D515402189498F1395150036
:10F1D0004189498F1395350013750502498F1395A1
:10F1E0005500137505049E05498F93F5F50F4D8F56
:10F1F0002207D98FB387C702130650025285D685DE
:10F20000B697BD8E93940601C18033F6C402137B7A
:10F21000F60F97D006E0E780001C05890DED8347C7
:10F22000D41201498149B3849702130C5002C18062
:10F230004A865285D68597D006E0E780C0190589B1
:10F24000937BF90F11C563863403850993F9F90F90
:10F250000509E31F89FD230B6413B2502254925415
:10F260000259F249624AD24A424BB24B224C4561A2
:10F2700082805E8BCDB70111B727002022CC03A47A
:10F2800087C026CA4AC84EC606CEAA8413092500DE
:10F29000854915C083C7140003473400858B630478
:10F2A000F700405CFDB71946930544004A85EFF02E
:10F2B0002FABE31835FF2285F2406244D244424925
:10F2C000B249056182804111B727002022C403A4FE
:10F2D00087C026C24AC006C693042500054901E836
:10F2E0002285B24022449244024941018280A6858F
:10F2F0001305A402974006E0E780C08DE30225FFD6
:10F30000405CF1BF0111B727002022CC03A407C045
:10F3100026CA06CE2AC42EC6854419E40145F24009
:10F320006244D24405618280834791000347140000
:10F33000858B6304F7000044CDB719469305A100FF
:10F3400013052400EFF0CFA1E31795FE0545C1BFDB
:10F35000EFF0EFBF73000000000000009712000004
:10F36000938262890383020023800200630F0300FB
:10F37000F32510342EC0970500009385A5FD7390EA
:10F380001534EF00A0477300203086DCEF00004703
:10F39000E65082800000B726002003A706C80111AE
:10F3A0004AC81C5F4EC606CE998322CC26CA858BDE
:10F3B0003689B7290020ADCF9307000637240020F7
:10F3C0001CDF930744C883C7670013070008930432
:10F3D00044C86319F70083A7C9C79C4393F7070480
:10F3E0002383F400834744C893F7070489CFB727E2
:10F3F000002083A747988297C8CC834744C893F7D7
:10F40000F70B2302F4C883C7440093F707048DE386
:10F410008547A382F400B727002083A7C7CA370710
:10F42000020098C7130700FC2382E4009848F8D331
:10F43000032709C81C5F9183858B95C31C5F93E7E5
:10F4400007011CDFB727002083A7C7CA054723A2EF
:10F450000706B7270020938747C82382E70083A7C2
:10F46000C9C7D8430583058B19C7D843759BD8C333
:10F47000D843799BD8C3F2406244D2444249B2494E
:10F4800005618280093F730020309317D50063DF48
:10F490000700B727002083A7C7CA7D57B8D7B7276B
:10F4A000002093878793D84F0507D8CF937785009F
:10F4B00099CFB7270020938747C803C72700136752
:10F4C00017002381E700130700F82382E7009377F2
:10F4D000150099CBB7270020938747C803C71700AB
:10F4E00013671700A380E700937765008DC7137734
:10F4F0004500B727002059CF03C747C81367170037
:10F500002382E7C8B727002003A707C85C57F19BF1
:10F5100093E717005CD79317F50063D20702B7276C
:10F520000020138787B483460707938787B4C18A6F
:10F53000BDCA8347070793E707022308F706931717
:10F54000E50063D60702B7270020938747C803C7A3
:10F550004700620761876355070005472382E7007C
:10F56000B727002083A7C7CA3707020098C7931799
:10F57000C50063D00702B7270020938787B403C76D
:10F580001707058B29C303C7170713672700A3882D
:10F59000E7068280938747C803C7370013671700C1
:10F5A000A381E70085B703C7070789463D8B63083A
:10F5B000D70003C707078D463D8BE312D7F81147E5
:10F5C0002388E706ADBF03C71707118B79D303C79D
:10F5D00017071367870065BFB7270020B7260020ED
:10F5E00003A6C7CA938746C803C746C8058B11C779
:10F5F00023820700A3820700828003C71700058BC0
:10F6000065FB785275F303C75700EDB73727002025
:10F61000032807C8832788039583858BC1E311C618
:10F6200083270803BD832300F60085CA832707C804
:10F63000985B4607935767016356070093E707C037
:10F64000C207C18303970600C207C18709C7BA97DB
:10F650000947B3C7E7022390F6009DCD8345150007
:10F6600085CDB7270020938747C883C767001387D6
:10F670009500894593F7070485C33A9583470500AC
:10F680000547994593F6F7066398E600E207E18798
:10F69000814563D30700B9452E8582808545EDBF3E
:10F6A000411126C206C622C44AC0B724002035ED47
:10F6B00083A6C4CAAE87F8527DFF372900201309FC
:10F6C00049C82301090037F400E03E85832704D1AF
:10F6D000B285ED9B2328F4D0832704D193E78702DA
:10F6E0002328F4D073005010975006E0E780E00A1A
:10F6F000B727002083A707C8B70680009843558F17
:10F7000098C3D857719BD8D783A7C4CAA30209004E
:10F71000A3000900094798C3832704D193E7870012
:10F720002328F4D07300501005A08D476314F5040E
:10F73000B727002083A707C8B70680009843558FD6
:10F7400098C3D857719BD8D783A6C4CAB7270020BF
:10F75000938747C803C72700058B19E703C73700FE
:10F76000058B51CB23820700B240224492440249C8
:10F77000410182808547E319F5FCB7F700E003A754
:10F7800007D16D9B23A8E7D003A707D11367870292
:10F7900023A8E7D07300501003A7C4CA8177FD17D0
:10F7A0005447F58F5CC70F10000003A7C4CAB70702
:10F7B0000200130600F81CC7B7270020938747C82C
:10F7C0002382C700B727002083A707C89C439D83D7
:10F7D000858B639FA700930760197CD354C737F7C5
:10F7E00000E0832707D193E787002328F7D01DBFC8
:10F7F0009307E01BDDB7F85231FFBDB7B7270020F4
:10F8000083A7C7CA8847D847798D09C988C7B7274A
:10F81000002003A3878963030300028382803727C4
:10F820000020B7260020138606CB130707CD834799
:10F83000D7008345B601484AAE97FD8BB355F50016
:10F84000A300F600A306F700858995E90347170191
:10F85000814613080002B3F7E7020147B355E500FC
:10F8600085899378F70F89C96395D700A30016019E
:10F870008280850693F6F60F0507E31107FF828065
:10F88000B727002083A74798011122CC26CA52C46B
:10F8900006CE4AC84EC68297B7240020938704CD6F
:10F8A0008047014A6301A406938404CD63668506FC
:10F8B000018D37270020930707CB83C7A701135477
:10F8C0005500137AF501130907CB636BF402B729CE
:10F8D00000209389C99DA1378346A90103A884000C
:10F8E00083A54900139756004297158C3A866364A6
:10F8F00007016364B7003306B74090C4E37DD4FCCE
:10F900001604336A4401F24062445285D2444249AB
:10F91000B249224A05618280B727002083A7079E4B
:10F9200033848740229571B7B727002003A7C7CA41
:10F930008967938707F47CD3B727002083A707D074
:10F9400083A60709139656006358060083A6070985
:10F9500013966600634406007453FDF28280000033
:10F96000B72700203727002083A707930327879214
:10F9700001456313F700828083D6670081E683D652
:10F98000470036959C43F5B7B727002083A5079914
:10F990003727002093870799138605222328C792CB
:10F9A00003D74700938785FFB72600204111BA97F8
:10F9B000056523A4F69206C61D05935637006374A9
:10F9C000E500930600203307D600372500202326C4
:10F9D000E59223A0E522E1162312D60023130600A8
:10F9E0001CC3998FE1172312F700231307008D3FE3
:10F9F000B240B7270020239FA79241018280B727FA
:10FA00000020B726002083A7079303A686922A87A3
:10FA1000B305B5406314F6003A8529A8938687009C
:10FA20009C43E369D7FEE377F7FE2E85E3E4D5FE3A
:10FA3000E3F2F5FE828023AC05FE1C4191E7010054
:10FA400001000CC18280BA8703A787FF6DFF23AC3A
:10FA5000B7FE8280184183A785FF6319B7001CC1D8
:10FA6000FD5723AC05FE238FF5FE8280232CF6FE86
:10FA7000C5BF411122C437E400E026C20440370765
:10FA8000200006C6F98C2320E4180F10000009E9B5
:10FA9000232094101545B2402244924441018280B3
:10FAA0000347E5FF9307F00F6306F7002320941048
:10FAB0001145D5B79700FB1FE7800067014523205C
:10FAC0009410D1BF411126C2B7E400E04AC003A997
:10FAD0000400B707200006C622C43379F90023A02A
:10FAE000F4180F10000009E923A02411B2402244A9
:10FAF00092440249410182809565938505D0C98D64
:10FB00002A842105C2054205C18141819700FB1F5E
:10FB1000E780405301CDFD572320050023128500C7
:10FB20002303F50023A024112105C9B723A0241124
:10FB300001456DBF0111B7E700E04AC803A90700FE
:10FB40004EC63707200006CE22CC26CAAA893379B2
:10FB5000E90023A0E7180F10000037250020032438
:10FB600045938144014619E499E8A1654E85EF006B
:10FB7000B00631A88347E4FF6397370395C8A6858D
:10FB800013054593C13D75D0A1654E85C92EF24040
:10FB90006244B7E700E023A0271126854249D244FA
:10FBA000B2490561828091E02286032484FF65BF0B
:10FBB000A284E5BF41114AC037E900E022C4032412
:10FBC00009003707200006C626C2798C2320E918D1
:10FBD0000F10000089E523208910154515A0B727CF
:10FBE000002083C79793AA842E8563F5F400894784
:10FBF00063EE9700BD3DB7E700E023A087100D45F9
:10FC0000B2402244924402494101828083A785FF89
:10FC100099E703C7E5FF9307F00F6308F700913DED
:10FC2000B7E700E023A087104DBF37250020238FC2
:10FC300095FE130545930135A16526850D260145E1
:10FC40002320891075BFB727002023AA079282803E
:10FC5000B727002083A7C79899E33E85828003D702
:10FC600027006316B70003C70700E308A7FEDC47B9
:10FC7000E5B7B9CD011106CE22CC26CA8147C146CF
:10FC800033D7F540058B21C312053E953147330527
:10FC9000E502372700208324079D05443314F40030
:10FCA0002EC642044180AA949C40C8408297B24527
:10FCB00023A0040023A20400A18DF2406244D24498
:10FCC0002E85056182808507E39CD7FA0144EDB754
:10FCD0002E858280BDCD797122D406D626D24AD017
:10FCE0004ECE01444147B3D78540858BB1CF120535
:10FCF000314722953305E502B727002003A9079D68
:10FD00008544B3948400C204C180BE892A99032724
:10FD1000090011C7032549002EC60297B245314795
:10FD20003304E40283A7099D3E941C4489E7232001
:10FD3000090023220900B2502254A58D0259925481
:10FD4000F2492E85456182800504E31EE4F8814472
:10FD5000DDB72E8582804111B7E700E026C28443DB
:10FD60003707200006C622C4F98C23A0E7180F101D
:10FD70000000B727002083A7079B37140020130437
:10FD8000847D91C782971C403E9508C031A0B7275B
:10FD9000002083A74798FDF70840B74703009387E3
:10FDA000D73F3305F502B7A72600938737ECB2405B
:10FDB0003E9508C02244B7E700E023A09710924484
:10FDC000410182800111B7E700E022CC80434AC89C
:10FDD0003707200006CE26CA2A892E86798C23A0D2
:10FDE000E7180F100000131506019305F004418178
:10FDF00032C69700FB1FE780E024AA8419C532466B
:10FE0000CA859700FB1FE780A041B7E700E023A069
:10FE10008710F240624426854249D24405618280BF
:10FE20007971B7E700E022D480433708200006D676
:10FE300026D24AD04ECE52CC56CA5AC85EC662C4EA
:10FE40003374040123A007190F10000005E123A05B
:10FE500087100945B250225492540259F249624A1D
:10FE6000D24A424BB24B224C45618280B7270020D8
:10FE700083A74798BA8A368AB28B2E8BAA89829733
:10FE8000B727002003A7079D3E898144B146C1479B
:10FE9000338CD40233068701104241E6C165938555
:10FEA00005F041459700FB1FE780C01919EDB72702
:10FEB000002083A7079C81C7814511458297B7E73A
:10FEC00000E023A087102D4571B7B727002003A7B6
:10FED000C79821E723A6A798230005008327099D3B
:10FEE00005473317970023260500232475012311A6
:10FEF000E50023225501E29723A0370123A26701E1
:10FF000023A4570163040A0023009A00B7E700E026
:10FF100023A0871001453DBF3E875C47F5FF48C7DA
:10FF200065BF8504E396F4F6B7E700E023A08710E9
:10FF300021450DB7B727002083A7879D411122C413
:10FF400006C6372400201304849389C782975C482F
:10FF50003E9548C84848B240224441018280B7E7F4
:10FF600000E09843B706200023A0D718758F0F1024
:10FF70000000B726002083C696936372D502372609
:10FF800000209316150003258698369583560500A4
:10FF9000D58D2310B50023A0E7100145828023A052
:10FFA000E7100D458280B7E700E09843B7062000D0
:10FFB00023A0D718758F0F100000B726002083C626
:10FFC00096936374D50237260020931615000325F7
:10FFD000869893C5F5FF369583560500F58D231059
:10FFE000B50023A0E7100145828023A0E7100D454E
:10FFF0008280011137E700E026CA0443B7062000DB
:020000040005F5
:1000000006CE22CC4AC84EC652C4F58C2320D7183F
:100010000F100000130705FF1377F70FFD4763E28A
:10002000E70AB146B306D502B727002003A7079D0C
:1000300036971C43D9C71359450005443D893315EC
:10004000A400131405014180AE894A85A2850931B7
:100050002A8A39C9A2854A85B937B727002083A7DC
:100060004798372900201309C99D82978357890033
:100070002A848146B385370313060064B3B7370378
:1000800013850532B335B500BE95EFE04110B307D7
:1000900085003E878326490063E4A70063E4D70018
:1000A0003387D7402324EA00B7E700E023A0971066
:1000B0000145F2406244D2444249B249224A0561B4
:1000C0008280B7E700E023A097100945DDB7011152
:1000D000B7E700E026CA84433707200006CE22CCCB
:1000E0004AC84EC6F98C23A0E7180F100000BD4780
:1000F00063E8A70431473307E502B727002083A749
:10010000079DBA979C438DCF05443314A400420445
:1001100041802E890145A285253EAA8911C5A28567
:100120000145513523A42901B7E700E023A097102A
:100130000145F2406244D2444249B249056182809D
:10014000B7E700E023A097100945E5B779714AD0D9
:1001500037E900E026D283240900B707200006D63D
:1001600022D44ECE52CC56CA5AC85EC6FD8C23202D
:10017000F9180F100000B727002083C79793637802
:10018000F500B727002083AB479863970B00B7E7CC
:1001900000E023A0971099A0B72900209389C99D5A
:1001A000AE8A03AB490083D58900B74736FE9387F3
:1001B00007C83E9BB387C5022A84328A8146B3B5FD
:1001C000C50213850732B337F50013060064BE95E8
:1001D000EFD0F17B6370AB02232099100145B25040
:1001E000225492540259F249624AD24A424BB24BCB
:1001F00045618280829B83D589002A891306006429
:10020000B38745038146B3B5450313850732B3373A
:10021000F500BE95EFD0B177B30725013E8903A75E
:10022000490063E4A70063E4E7003389E740D6852B
:100230002285393C09C923242501B7E700E023A022
:100240009710054569BF936504F0C205C18141451A
:100250009700FB1FE78000DF11E9B727002083A785
:10026000079C95D7A2851145829715B7372700209F
:100270008327C79895E32326A7988547232605005B
:10028000232425012311550123008500A300F50037
:10029000232205005DB7BA87D84775FFC8C7F1BFED
:1002A0007971B7E700E026D284433707200006D6ED
:1002B00022D44AD04ECE52CC56CA5AC85EC662C468
:1002C00066C26AC0F98C23A0E7180F1000002DC188
:1002D0004144B689B28A2E8A2A89B14C372B002034
:1002E000054D130C0003B30B940303270B9D5E977E
:1002F0001C43A5E39375F400B315BD0013554440AA
:10030000C2055686C1811375F50F893539C183271A
:100310000B9DDE9723A0270123A2470163840900D8
:1003200023808900B7E700E023A09710014521A0B2
:1003300023A097100945B250225492540259F24911
:10034000624AD24A424BB24B224C924C024D45611A
:1003500082800504E31984F9B7E700E023A0971031
:100360002145D1BF0111B7E700E026CA844322CC62
:100370004AC84EC63707200006CE2A84AE89328985
:10038000F98C23A0E7180F100000C9332285CE8511
:10039000C1302A8405C5B727002083D5479E1306A0
:1003A00000648146B3872503B3B52503138507325F
:1003B000B337F500BE95EFD0915D48C013351400FA
:1003C000F2406244B7E700E023A097104249D244CC
:1003D000B2490E05056182800111B7E700E04AC805
:1003E00003A9070022CC4EC63707200006CE26CA36
:1003F000AA892E843379E90023A0E7180F100000A2
:10040000EFF01F85AA8419C123110500A2854E852E
:10041000593EB727002083C7879363993701B727D1
:10042000002003D70798598C23908798B7E700E0FE
:1004300023A02711014591E01945F2406244D244BE
:100440004249B2490561828001114AC837E900E09A
:1004500022CC03240900B707200006CE26CA4EC6C8
:100460007D8C2320F9180F1000009307F00263E63B
:10047000A704B147B304F502B729002083A7099D5B
:10048000A6979C439DCB9377F5008545B395F500E2
:10049000C205C1811181893783A7099D0145A697AE
:1004A00023A0070023A2070023208910F240624402
:1004B000D2444249B24905618280B7E700E023A0F7
:1004C00087100945E5B74111B7E700E026C284432C
:1004D00006C622C437072000F98C23A0E7180F10A6
:1004E0000000EFF0EFF619E90145B2402244B7E70A
:1004F00000E023A09710924441018280B72700209A
:1005000083A7479800458297B72700209387C79D08
:100510006368A402D843B74636FE938606C83305FF
:10052000A4403697E372E5FC13070064B335E50297
:1005300003D6870081463305E502EFD0514575B7F4
:10054000D8433A94C1BF411122C426C237240020A7
:10055000B72400201307C49D938484939448584380
:10056000B727002006C683A747981304C49D63924B
:10057000E60882975440B74736FE938707C8B69778
:100580003387A7003A856364F7006364D7003305B7
:10059000D740B7240020938744C8DC53938444C8D1
:1005A00099CBB727002083A607D03707CDFF7D174B
:1005B0009C46F98F9CC611E14840B727002083A7CD
:1005C000479B829719E5DC5085C3EF60215CEF50B3
:1005D000B15ADC5091CBB727002003A707D0B7064C
:1005E00033001C47D58F1CC7B240224492444101BE
:1005F0008280829794485840B387A6003E8563E482
:10060000D700E3E8E7F83385E74061B74111B72742
:10061000002006C623ACA79C0295B240B727002055
:1006200023A8A794014541018280994763E9B70057
:10063000B72700208A0593874796BE9588C1828098
:10064000B727002023AAA79C11C5B727002005477C
:100650002381E7988280B727002023A60798B72731
:10066000002023AC079CB727002023A2079837253A
:100670000020B72700204111238107987146B72732
:10068000002081451305459606C623AA079C22C46F
:1006900026C2372400209700FB1FE78080BF130588
:1006A00084931306800281459700FB1FE78060BE9C
:1006B000EFF08FADB72700209387079903C5C703D5
:1006C00083C7D7031304849385453E958D4733052F
:1006D000F5029947B724002039051375F50F23015A
:1006E000A4003305F502130505249700FB1FE780DE
:1006F000609523A8A49C49C10346240099478145DD
:100700003306F602130606249700FB1FE78060B845
:1007100083A7049D03472400B72400209387072460
:100720000A0723A0F496BA97372700202324F798C6
:10073000EFF06FD1A5218347140083A604963706F6
:100740000500139727003697130646CD10C313876D
:1007500017001377F70F0A073706050036971306B9
:1007600026C710C313873700890793F7F70F8A0747
:10077000A300E400B69790C3B240224492444101E2
:10078000828037270020130787938347170083460B
:10079000270063F0D702B726002083A606961386AB
:1007A0001700A300C70013972700369708C33E859C
:1007B00082809307F00FE5BF1C41638C07104177DF
:1007C0007D8FB706002089476316D7100357450071
:1007D00063020710411126C21946AA849305F00F3F
:1007E000610506C622C49700FB1FE78000B90547D4
:1007F0008D47630AE50C9C4491C7D858994761C757
:10080000985C71C33724002013060004814513054A
:1008100004999700FB1FE780C0A713060004A68574
:10082000130504999700FB1FE780809F93070499A5
:1008300003D7C70009E7130700102396E70003C793
:10084000E70001E705472387E70003D7070101E732
:100850006D472398E70003C7F70001E71547A38713
:10086000E70003C7270101E705472389E70003C71E
:10087000370109E703C7F700A389E70003C757015A
:1008800001CB937637000983238ED702A38EE7022C
:1008900003C7470101E75547238AE70003C76401FF
:1008A00009E71307C003238BE7009C5791C7829782
:1008B000B72700202390A794B72700207D57A38255
:1008C000E7D6513B8147B240224492443E854101E4
:1008D000828089473E85828001114AC837290020DD
:1008E0008327C99D06CE22CC26CA52C456C24EC604
:1008F0008297130A0064B33545031309C99D835ACF
:1009000089008146568633054503EFD05108B72745
:10091000002013878793004FAA8401456306940241
:100920009389879333858440636E9400032549003F
:1009300056868146B335AA023305AA02EFD03105A7
:10094000018D269523AC9900F2406244D24442497D
:10095000B249224A924A05618280011122CC2E843A
:10096000B7E506000A8541469385C55D06CEEFD002
:10097000913B180806043A94B7270020035504FF5A
:1009800083D7679EF2406244AA9737450F0013054C
:1009900005243355F50205618280B727002083D7EF
:1009A000679E51471D45637CF70279471945637877
:1009B000F7021307200315456373F7021307B0040A
:1009C0001145637EF700130740060D456379F70074
:1009D0001307600909456374F70013B5B70F8280E8
:1009E000011122CC06CE2A842EC6EFF0CFB6B24536
:1009F000F240818D33A5A502229562441375F50F4F
:100A000005618280011122CC06CE2A842EC6EFF029
:100A10008FB4B245F240818D33A5A5022295624480
:100A20004205418105618280011122CC06CE2A84D3
:100A30002EC6EFF04FB2B245F240818D33B5A5021C
:100A40002295624405618280B727002013870799A9
:100A500018572DC3411122C426C24AC006C61389A5
:100A600007990297B72700201387879303578700BA
:100A70002A84938487930DCBBA876373A700AA87D0
:100A8000C207C183BA866373E400A286C206C1822C
:100A9000958F5147635AF7008327C90291C3829704
:100AA000EF50F17723948400B240224492440249EB
:100AB0004101828082800111B727002022CC372497
:100AC000002023A8079E93070499DC5706CE26CA68
:100AD000AA851304049981C72AC68297B245C9C161
:100AE0009C410545ADCBDC41BDC783D78500A5C77B
:100AF00083D7A500ADC3B72400201385C49D5146FC
:100B00009384C49D97F0FA1FE780807123860400C8
:100B1000B727002083A6C79D372700202322D79818
:100B2000034774011DE39387C79D03D5870093078F
:100B3000805737460F003305F50213060624814619
:100B40008145EFD0C164A30BA40037150500130540
:100B5000858D6D3C0145F2406244D244056182803E
:100B6000B7270020938787933707002023AE07001D
:100B70001307676EB727002023AEE79C3787320044
:100B80009387C79DFD56130727A1D4C398C7238613
:100B90000700B7C7004023A4D7269DBF011122CC70
:100BA0003724002093070499884706CE26CA4AC8EE
:100BB00001E90545F2406244D24442490561828020
:100BC000130404995C58F5D7185C65D77000854507
:100BD00082971844B247E30EF7FC0355C40093050F
:100BE000E004B724002097F0FA1FE780A0451387A0
:100BF000849308D3938484934DDD0356C4009305F6
:100C0000F00F014997F0FA1FE780A0688347E400DE
:100C10009050634DF900328597F0FA1FE780C0507D
:100C2000014523A0040223A2040269B78355C4002E
:100C30000844185CB3872503898105093E9508C2DD
:100C40000297E9B701114EC6B72900209387099989
:100C50009C4726CA4AC852C406CE22CC56C25AC0A5
:100C60002A8AAE843289638D071E9389099903A766
:100C70004903630407121307F01F6362A7123724A6
:100C8000002013078493832A070213048493639A32
:100C90000A0803D5C9009565938515E097F0FA1FFA
:100CA000E780403A08D02A866DC983D5C90083A75A
:100CB000490303A589008981829783A78900832A34
:100CC00004025CD089476316FA08C1476397F40CA5
:100CD00083D5C9009147938505FCB3C5F5028A0504
:100CE000D69503C725009307A0056314F70A83D799
:100CF00005006390470B4A852686910597F0FA1FF9
:100D0000E78000521C505685639357130145F2400B
:100D10006244D2444249B249224A924A024B056196
:100D200082805850E380E7FA03D5C9009565938522
:100D300025E097F0FA1FE780E030AA8A39CD83D505
:100D4000C9002A8683A7490303A589008981829760
:100D500095BF8D47631BFA00C1476390F40483D5A8
:100D6000C900938545FDF199A5BF91476318FA0025
:100D70006395440383D5C900A115F5B79307001007
:100D8000631DFA00A14763EA970083D5C900C11526
:100D9000D9BF1C5056856390570D29458DBF9D6A5C
:100DA000637C5509930A05E01947B3CAEA0203D7E1
:100DB000C900372B0020B38AEA02BE9A93078B93AF
:100DC000DC53130B8B936395570103240B021DE037
:100DD00003D5C9009305E00497F0FA1FE780802649
:100DE0002A8445DD83D5C90083A749032A868981E2
:100DF0005685829791451307A00589819397250011
:100E0000A29783C627006393E60483D60700639CFA
:100E1000460385058A052686A2954A8597F0FA1F1E
:100E2000E780004083270B02E38287EE228597F05C
:100E3000FA1FE780602FD9BD21677917E36FA7F408
:100E4000B30A5541ADB783C5370045BF83270B02B1
:100E5000E38587F4228597F0FA1FE780E02C35BF01
:100E6000B727002083A587958DD991479306A005C4
:100E70008983139727002E9703462700E31FD6F098
:100E800003560700631C460185078A072686BE9520
:100E90004A8597F0FA1FE780A0388DBD8347370059
:100EA000C1BFB727002093870799984729C3985F48
:100EB0001DCF8546631DD502411122C43724002071
:100EC00013048493105006C619CE83D5C70048502A
:100ED00089810297085097F0FA1FE780E0242320C9
:100EE000040223220402B240224441018280828013
:100EF000011122CC372400209307049956C283AAFB
:100F0000870026CA4AC84EC606CE52C42A89AE8475
:100F1000B28913040499638C0A1C1C5C99EB294563
:100F2000F2406244D2444249B249224A924A05619F
:100F300082805C58EDD79307F01F63E8A70C372A2F
:100F4000002093078A939C53130A8A93B9C70844D5
:100F500083274A02639FA70489476317F906C1479D
:100F6000E39FF4FA0355C4009147130505FC33458C
:100F7000F5029317250003250A022686CE853E95A5
:100F80009307A0052301F50023102501110597F013
:100F9000FA1FE780E028014561B70355C4009305B7
:100FA000E00497F0FA1FE780E0092320AA0245F148
:100FB000BDB78355C4005C5803260A028981829715
:100FC0001C442322FA0249BF8D47631CF900C14724
:100FD000E397F4F40355C400130545FD9377C5FF6B
:100FE00059BF91476318F900E39B24F30355C400EC
:100FF0002115EDB793070010E313F9F2A147E3E0E1
:1010000097F20355C4004115D1BF9D676378F5067B
:10101000930705E01947B3C7E7020357C400372A0F
:101020000020B387E702BE9A93078A939C53130A62
:101030008A93A1CF83274A026395570703250A02A3
:1010400091461308A0059305F00F93D72600139738
:1010500027002A97034627006316060783580700D0
:1010600003463700639C2805B306D64063C6960442
:1010700085078A072686CE853E9511BF2167791799
:10108000E36FA7E8B307F54049BF0355C4009305D4
:10109000E00497F0FA1FE780E0FA2320AA0259F94A
:1010A000BDBD8355C4005C5803260A02898156855C
:1010B000829723225A0359B72310B70093160601CB
:1010C000C18261B70356C400B3859600910513062B
:1010D00006FCE3F6C5E413863400719A1106B29655
:1010E0002301070123102701A301D70051B7372A95
:1010F000002093078A939C53130A8A93A9C303255C
:101100000A0291461308A0059305F00F93D7260015
:10111000139727002A970346270063140605835870
:1011200007000346370063982801B306D640E3D191
:1011300096F42310B70093160601C182C1BF034580
:10114000E4008357C4009305E0043305F50242052B
:10115000418197F0FA1FE780E0EE2320AA0245F1D3
:101160007DBB0356C4008345E400B385C5023386C6
:1011700096001106E3E5C5DAB9BF0145828083C751
:1011800005002300F50083D72500A300F50083D7D1
:101190002500A1832301F50083C74500A301F500C5
:1011A00011458280B727002023A60780B72700209B
:1011B00023A40780828029C1411126C206C622C409
:1011C000AA8401458DC52E84B7E5060022854146D7
:1011D0009385C55E97F0FA1FE780800483C70400FB
:1011E00005452306F40083C71400A306F400B240AB
:1011F000224492444101828001458280011122CC27
:1012000026CA06CE0947AA8432846381E504414692
:101210008147639BC500638FE6006397B6000DA806
:1012200041478147638EE600F2406244D2443E85E6
:10123000056182808A852285BD3F41468A8519A83D
:101240008A85953F41468A85228531A0E39AB6FC7E
:101250002E86A285268597F0FA1FE780A009AA8727
:10126000E1B7B727002023A4A7808280B7270020FA
:1012700023A6A7808280011122CC0354650006CEEC
:1012800026CA4AC84EC641C083298500AE842A8832
:1012900003C9090081471317890161876355070254
:1012A000B147054563FA87045114420403552800E9
:1012B000418033878900A2864E868545EFA0900C39
:1012C000B337A00085077D141355690042040589D2
:1012D0001379F90341802380F400A380A4002381C3
:1012E000240123928400014719C01387190098C470
:1012F00009476383E7000145F2406244D244424912
:10130000B249056182800545C5BFC167F917630A07
:10131000F502D94763F7B702011122CC2EC606CEDB
:101320002A84EF703055B2456368B5002285624467
:10133000F24005616F90E078F24062440545056136
:10134000828005458280C167F9176314F5006F70CC
:101350007052411106C6EF90806511E15D45B240C3
:101360004101828091476394F50283470500230081
:10137000F6008347250003471500A207D98F2311E4
:10138000F6008347350001452302F60082801145AF
:1013900082804111814522C426C206C6AA84052541
:1013A0002A8409E9B727002083A7878081C7F945E8
:1013B000268582972285B240224492444101828050
:1013C00039714ED656D25AD006DE22DC26DA4AD8F9
:1013D00052D4AA8A2E8BB28941EF36C6AD379145D9
:1013E000EF70105BAA844D492DC9B246054A23808F
:1013F00034010544630A0B00B68513851400029B73
:101400000505131405014180E20993D9894163D38D
:101410000902C1455685EF90C067654905E93386E5
:101420008400A2852685EFA000472A8905E13104C2
:101430004204418091472C085685231CF10026CE9A
:10144000231D8100EF8010702A8901C963070A00FB
:10145000268597F0FA1FE78020CDF25062544A8526
:10146000D2544259B259225A925A025B2161828067
:10147000BA84014AADBF011122CC26CA4AC84EC661
:1014800006CE2A893284B689253FAA840DE1B72782
:10149000002083A7C78081CF05476317E40003C4FA
:1014A000090005041374F40FA2854A858297F2405F
:1014B000624426854249D244B24905618280AE86A3
:1014C000B7150500014705469385E5176DB783D726
:1014D00005002300F50083D70500A183A300F500D4
:1014E0000945828083D705002300F50083D70500D6
:1014F000A183A300F50083D725002301F50083D73E
:101500002500A183A301F5001145828083D7050042
:101510002300F50083D70500A183A300F50083D73E
:1015200025002301F50083D72500A183A301F50041
:1015300083C755002302F50083C76500A302F500A9
:1015400003D58500190542054181828083D70500B6
:101550002300F50083D70500A183A300F50009450A
:10156000828083D705002300F50083D70500A1837F
:10157000A300F50083D725002301F50083D72500BC
:10158000A183A301F5001145828003D5450006051E
:1015900042054181828083D705002300F50083D76F
:1015A0000500A183A300F50003D525000905420528
:1015B0004181828083D705002300F50083D7050091
:1015C000A183A300F50083D725002301F50083D76D
:1015D0002500A183A301F50003D5450011054205AF
:1015E0004181828083C705002300F5000545828084
:1015F00083D70500411122C406C62300F50083D716
:1016000005002E841105A183A30EF5FE83D72500C6
:101610009505230FF5FE83D7D5FFA183A30FF5FE14
:1016200003C6F5FF97F0FA1FE78080BF034544002B
:10163000B24022441105410182808947639CF50034
:1016400083471500034705000145A207D98F2310E2
:10165000F60082801145828003D70500D94763FEDA
:10166000E702011122CC06CE2EC62A84EF7090200C
:10167000B24683D70600636DF50022856244F240CE
:10168000B7150500014709469385E54C05610DBB7B
:10169000F240624409450561828009458280914794
:1016A0009DC583460500FD15C2058547C18163922E
:1016B000F60213D725008D89914791E9914701CB17
:1016C00005052301D6002310E60048C281473E8568
:1016D000828009479147E39CE6FEC94733D7F5026C
:1016E000B3F5F502D1BFAE86B71505000147114627
:1016F0009385454EF1B193F7350091EB8981914780
:1017000089C52310B60048C281473E858280914733
:10171000EDBF03C745008947631AF702011122CCC8
:101720002A84C84506CEAE86014719C52EC69D45FA
:10173000EFE0EFACB2462A8722856244F240B7154B
:10174000050019469385C55005619DB909458280FC
:1017500099E1114582808347050005472311F60072
:10176000E379F7FEFD1593F5F50F33D7F502B3874F
:10177000E702E390F5FE050548C22310E6000145A7
:10178000828083C745000947AE866385E7004147ED
:101790006399E700B7150500014721469385055F6A
:1017A00005B1094582802310B60091E1014548C288
:1017B00001458280AE86B71505000147294693850D
:1017C000C554FDBE2310B60091E1014548C2014554
:1017D0008280AE86B71505000147314693852556B0
:1017E000C5B62310B60091E1014548C2014582808B
:1017F00003D74500854763FDE702011122CC2A8407
:10180000884106CE0DC12EC68545EFE04F9F2A8741
:1018100022856244B246F240B715050039469385E9
:10182000A558056171BEF240624409450561828098
:101830000945828091479DC5034705008D46914724
:1018400063F2E602FD15C205C181B3C6E5023308A5
:10185000D7026399050105052310D6002311E60080
:1018600048C281473E85828083C745000947AE86CE
:101870006385E70041476399E700B7150500014715
:1018800041469385055F2DBE09458280B335B00082
:10189000139525008280011122CC26CA06CE03C7EB
:1018A00085008547AA842E8449466310F702613C6F
:1018B0008357240049151306200963C8A700F24086
:1018C0006244D244094505618280034794008547FC
:1018D0006314F70013660604484011C58D4532C6EF
:1018E000EFE0EF913246A2866244F2402A872685D5
:1018F000D244B7150500938565590561D1B48D476C
:1019000063FFB7028347150003470500F115A207DF
:10191000D98F2310F6008347350003472500C20501
:10192000A207C181D98F2311F6002312B60089C501
:10193000110508C60145828023240600E5BF114534
:101940008280011122CC2A84884506CEAE8611C53C
:101950002EC69545EFE0AF8AB2462A8722856244BB
:10196000F240B715050059469385455B056189BC72
:10197000B335B000139525008280AE86B7150500FB
:10198000014761469385455E25BC8547114563F453
:10199000D7028347160083450600A207CD8F231088
:1019A000F7009387E6FF2311F70089476386F60067
:1019B000090650C30145828023220700E5BF014785
:1019C000814679468145EDBA83D705002300F500AD
:1019D00083D70500A183A300F5000945828083C752
:1019E000250005472300F50003D505006397E700B0
:1019F0000A050505420541818280C9473305F50284
:101A0000CDBF03D505000A0542054181828083D7F9
:101A100025002300F50003D5050083D725003305F5
:101A2000F502050542054181828003D505008280CB
:101A300003D50500828003D50500828083D7250069
:101A40002300F50003D5050083D725003305F502F3
:101A5000050542054181828083D705002300F500FA
:101A600083D70500A183A300F50083D725002301B8
:101A7000F50083D72500A183A301F50003D5450018
:101A8000110542054181828083D705002300F500BE
:101A900083D70500A183A300F50003D52500090520
:101AA00042054181828089471145639BF600834747
:101AB0001600834606000145A207D58F2310F700C4
:101AC000828003D70500D947AE8663F9E700B725C2
:101AD000050001470D469385859C71BA09458280B2
:101AE00011456393A602834716008346060001450D
:101AF000A207D58F2310F7008347360083462600C0
:101B0000A207D58F2311F700828083C725000547E0
:101B1000FD1793F7F70F6361F70483D705008DCFA7
:101B2000011122CC2A84C84106CE15C12EC6894592
:101B3000EFD0FFEC2A8722856244B246F240B725F7
:101B4000050015469385E59D05616FF0DF92F24033
:101B500062440945056182800945828095471145A7
:101B600063F9D706411122C426C24AC006C683477C
:101B70001600BA8403470600A2073284D98F239047
:101B8000F400834736000347260093054400A2076C
:101B9000D98F2391F40089472382F40009461385E5
:101BA0005400368997E0FA1FE78080679307A9FF02
:101BB0002394F4009947631BF90023A60400B24064
:101BC0002244924402490145410182801904C0C463
:101BD000FDB7828083D705008DCF011122CC2A84E6
:101BE000C84106CE15C12EC68545EFD05FE12A87D4
:101BF00022856244B246F240B72505001D46938512
:101C000025A005616FF03F87F240624409450561F8
:101C100082800945828099476395F604894741117E
:101C200006C62302F7008347160083460600B285E6
:101C3000A207D58F2310F70083473600834626007E
:101C400003464700A207D58F130557002311F7005D
:101C5000910597E0FA1FE780A05CB2400145410181
:101C60008280D14711456394F600C1474DBF828001
:101C700083D705008DCF011122CC2A84C84106CE1E
:101C800015C12EC68945EFD09FD72A872285624489
:101C9000B246F240B725050025469385E5A00561CB
:101CA0006FF06FFDF240624409450561828009458D
:101CB000828089471145639BF6008347160083465F
:101CC00006000145A207D58F2310F700828001117D
:101CD00022CC2A84C84106CEAE86014719C52EC63D
:101CE0008545EFD0DFD1B2462A8722856244F24093
:101CF000B72505002D469385A5A205616FF0AFF7C6
:101D000011456393A60283471600834606000145EA
:101D1000A207D58F2310F70083473600834626009D
:101D2000A207D58F2311F7008280011122CC2A84CB
:101D3000C84106CEAE8611C52EC68545EFD03FCC34
:101D4000B2462A8722856244F240B725050035460F
:101D5000938505A305616FF00FF293F71600114507
:101D600089EB89476387F60085822312D70010C369
:101D700001458280011122CC2A84C84106CE15C1BA
:101D80002EC68545EFD0BFC72A8722856244B2465A
:101D9000F240B72505003D46938565A305616FF0C8
:101DA0008FEDF240624409450561828083D70500CA
:101DB0008DCF011122CC2A84C84106CE15C12EC672
:101DC0008945EFD0DFC32A8722856244B246F240BC
:101DD000B725050045469385C5A305616FF0AFE9BA
:101DE000F240624409450561828009458280854749
:101DF00063FCD7022304A700A304B700834716009F
:101E000083450600A207CD8F2310F7009387E6FFD6
:101E10002311F70089476386F600090650C3014580
:101E2000828023220700E5BF114582800147814659
:101E30004D4681456FF02FE48D47114563FBD70276
:101E40008347160083450600A207CD8F2310F700B5
:101E50008347360083452600A207CD8F2311F70064
:101E60009387C6FF2312F7006386A600110610C7EA
:101E70000145828023240700E5BF011122CC2A847A
:101E8000884506CEAE8611C52EC69545EFD03FB724
:101E9000B2462A8722856244F240B72505005D4696
:101EA000938585A505616FF00FDD85471145639723
:101EB000F6008347060001452300F70082800147B2
:101EC0008146654681456FF00FDB011122CC2A84E3
:101ED000C84106CEAE86014719C52EC68D45EFD046
:101EE0001FB2B2462A8722856244F240B725050018
:101EF0006D46938585A805616FF08FCC011122CCCA
:101F00002A84C84106CEAE86014719C52EC68D4526
:101F1000EFD0FFAEB2462A8722856244F240B72551
:101F200005007546938585A805616FF06FC901119D
:101F300006CE2EC6EF80D02301C9B245F24003552C
:101F4000250005616FC0102EF24049450561828071
:101F5000B7270020A38C0782B7270020238C078295
:101F6000B727002023A00782B727002023A20782DB
:101F7000B727002023A40782B727002023A60782C3
:101F8000B727002023AE0780B727002023AC0780A7
:101F9000B7270020239A07A013064038938747A14C
:101FA0002391C70271761307400B130606B82391DD
:101FB000E7002392C70211671D46930600059305AB
:101FC000000A1305007D2392E7002393C7024147CF
:101FD0000546130810F82395E7002396E700239998
:101FE000E700239AE700239BE700239CE700239464
:101FF000E7022393B7002394B7002397D7002398D1
:10200000D700239DA700239E0700239F070023904E
:1020100007022395C7022396070323970702930815
:10202000F007239807022392E7042393E704239FF2
:10203000E7042390E7062391E7062392E706239916
:1020400017031307C01C239AC702239BC702239CB4
:102050000702239D0702239E0702239F0702239066
:1020600007042391C70423940704239507042396A8
:10207000C7042397D7042398D7042399A704239A46
:102080000704239B0704239C0704239DD704239E56
:10209000D7042393A70623940706239507062396C0
:1020A00007062397B7062398B70623990706239AAE
:1020B000E7067D57239B0706239007092391E7082E
:1020C0008280011126CAAA84214522CC06CE2E8404
:1020D00032C636C43AC2EFD0FF9E1DC9A24612478F
:1020E0003246930700FD2300F5009947A3009500B1
:1020F0002301F5002303D500A303E5002312C50047
:10210000AA8522856244F240D24405616FD09FAA1D
:10211000F2406244D24405618280B727002023A4A4
:10212000A7828280B727002023A6A7828280011180
:1021300022CC4AC806CE26CA2A890144B3048900A3
:102140006368B400F2406244D2444249056182802F
:102150002EC6EFD05FC093170501C183A183B2459E
:102160002380F4009307140093F7F70F850463F9B5
:10217000B700CA9709042380A7001374F40F7DBF2A
:102180003E847DBF411122C4372400201304449FA4
:1021900003556400C16706C6FD17630FF500B72736
:1021A000002003C687B3B725002093850583EF8001
:1021B000E05AFD572313F400B240224441018280CB
:1021C00009C925151375F50F1335850E134515002F
:1021D00082800145828023900500C9C6797122D48E
:1021E00026D24ECE52CC5AC806D64AD056CA5EC661
:1021F0003684328AAE892A8B814463F34407B3075D
:10220000940083C70700138914004209939A0701B9
:1022100093DA0A011359090163840A04CA976341D6
:10222000FA04B307240183CB07005E85513F0DC933
:102230009387FAFF2390F90063906B03130519004D
:102240002295B250225492540259F249624AD24A1B
:10225000424BB24B45618280D694C204C18071BFAB
:102260000145C5B701458280011122CC37240020E9
:1022700026CA4AC84EC69307449F06CE2E89D0CBA5
:102280008CCBC8C7AA8441469305F00F4A8597E0D6
:10229000FA1FE780800E85491304449F63193503B4
:1022A0000848C145693541469305F00F268597E0FA
:1022B000FA1FE780800C05496315250348446244F2
:1022C000F240D2444249B249C14505618DB541460B
:1022D00081454A8597E0FA1FE780200AE31535FD1E
:1022E000C1B741468145268597E0FA1FE780E0089F
:1022F000E30625FDF2406244D2444249B2490561F9
:102300008280411122C43724002026C24AC0AE84F4
:102310002A891306000281451305449F06C697E0EB
:10232000FA1FE78000F79307449FA3812701B7278F
:102330000020238E97B2EFC02071854719C18147D5
:102340004945230AF49EB240224492440249410185
:102350008280814781CD19C98547631BF50083C7FA
:10236000550093E707FCA382F50085473E858280F0
:1023700089476317F50083C7550093F7F703E5B75F
:102380000D478547E314E5FE03C755001377F703B0
:1023900013670704A382E500D1BF81478DC105C142
:1023A00003C755009306000C85471377070C630895
:1023B000D700930600048D476303D70089473E8505
:1023C0008280411122C4005D06C626C21DC8AA84AF
:1023D000085009C597E0FA1FE78000D5485009C5A5
:1023E00097E0FA1FE78040D4085409C597E0FA1F28
:1023F000E78080D3228597E0FA1FE780E0D223AC04
:102400000402B240224492444101828019E9B72774
:10241000002083C7679F91C73725002013050581DA
:102420008280372500201305C5A08280B7270020B1
:1024300003C5679F8280B727002003A507A082807D
:10244000B727002003A547A08280B727002083A7D5
:1024500087A088438280B72700209387479FD44B6B
:102460009842050798C203C537009307F00F63052C
:10247000F50091656FD0BFAE8280011122CC06CEEF
:102480002E8432C6EF80605F9147B2456310F5023B
:10249000B727002083A7C78295C303A30700630F54
:1024A000030022856244F24005610283B7270020C1
:1024B00083A7478281C703A34700D5B7F240624490
:1024C000054505618280011122CC2A84035545000F
:1024D00006CE26CA4AC84EC6EF8040383DC92A8972
:1024E000834405008349C500E93D4A85EF80101803
:1024F00003554400EF80A053372900201309898336
:1025000083470900B9CB639A9704B727002083C596
:1025100097832685293C19E12300090003554400CF
:10252000EF80A0559147631FF500B72700209387E0
:10253000479F8356440003D767006395E6007D57A5
:102540002393E700F2406244D2444249B249056114
:10255000828081499304F00F45B79307F00FE38F12
:10256000F4FA8346640003564400034524004E8772
:10257000A685813E65B779715EC6AA8B2E8552CC41
:1025800056CA5AC806D622D426D24AD04ECEAE8AD1
:10259000328B368AEF80802C7DC1045D2A89E5C0AC
:1025A0009C50614599C3130540039C5481C7510554
:1025B0004205418163050A00710542054181DC50F5
:1025C00081C75D0542054181EFD0CFCF2A8445C93F
:1025D0006146814597E0FA1FE780A0CBB72700202E
:1025E00083C947A46394090083490900930700FD48
:1025F0002300F400A947A30074012301F40023037E
:1026000064018C50231254011305840191C908C43C
:102610007146930A440397E0FA1FE78060C056852D
:102620008C5491C948C45146930A450197E0FA1F5A
:10263000E78000BF5685630C0A0008C87146D28542
:10264000930AC50197E0FA1FE78080BD5685CC50FC
:1026500099C548C85D4697E0FA1FE78060BCA2852F
:102660004E85EFD02FD52254B2509254F249624A8F
:10267000D24A424BB24B4A850259456199B3B25096
:10268000225492540259F249624AD24A424BB24B06
:102690004561828001114EC6AA892E854AC806CEA0
:1026A00022CC26CA2E89EF80601B21C9B7270020C3
:1026B00083C447A499E0834405001945EFD08FC037
:1026C0002A8405CD8145194697E0FA1FE78060BC52
:1026D000930700FD2300F400B947A3003401230150
:1026E000F40023122401A2856244F2404249B24917
:1026F0002685D24405616FD0EFCBF2406244D244CC
:102700004249B2490561828039715ECEAA8B2E851D
:1027100026DA4ED652D456D25AD006DE22DC4AD819
:10272000AE84328BB68A3A8ABE8942C6EF800013E5
:1027300021CD2A894145EFD0EFB82A8431C54146E1
:10274000814597E0FA1FE780C0B4B727002003C592
:1027500047A419E103450900930700FD2300F40095
:10276000BD472301F400B247A30074012312940073
:1027700023046401A304540123054401A305340187
:102780005CC4A285EFD00FC3F2506254D2544259B8
:10279000B259225A925A025BF24B216182807971BE
:1027A00026D2AA8439454AD04ECE06D622D42EC689
:1027B000B2893689EFD00FB121C1B2459307000D20
:1027C0002310F500B1472A842312B5002301F50038
:1027D000CE851905194697E0FA1FE78060A4230605
:1027E0002401A2852254B2500259F24913F5F40F84
:1027F000925445616FD00FBCB2502254925402598A
:10280000F24945618280411126C2B7240020938499
:10281000449F03C7340006C622C44AC09307F00F82
:10282000630CF7042A893945EFD0CFA92A8429C53A
:10283000930700FDB72500202300F500A300250124
:10284000230105009385C5A00D05194697E0FA1FE1
:10285000E780009D83D78400A28503C5340023153B
:10286000F40083C714002306F4002244B2409244CB
:10287000024941016FD00FB4B24022449244024950
:102880004101828001115AC02A8B314526CA4EC6A9
:1028900052C456C206CE22CC4AC8AE84B28A368A08
:1028A000BA89EFD02FA23DCD2A842685EF70107B08
:1028B00011C50347C500A1476314F704B7270020DB
:1028C00003C9779F930700FD2300F4009D47A300F1
:1028D00064012301F40023129400231354012314F0
:1028E000440123153401A2856244F240D244B24926
:1028F000224A924A024B4A85424905616FD08FAB0A
:10290000B727002003C9D7B3E31E0BFAB72700206F
:1029100083A7878D9C47DDD7CE865286D6852685B0
:1029200082974DB7F2406244D2444249B249224AAA
:10293000924A024B05618280011122CC2A842145F2
:1029400006CE2EC6EFD00F9821C1B245930700FDE9
:102950002300F500C5472301F50083C73500A30117
:10296000F50083D745002312F50083C765002303D4
:10297000F50083C77500AA85A303F500228562448C
:10298000F24005616FD00FA3F2406244056182807E
:10299000397162CC2A8C594526DA4AD84ED652D49F
:1029A00056D25AD05ECE06DE22DCAE8432C636C4A3
:1029B000BA8B3E8BC28A468A83590104034941047B
:1029C000EFD04F9025C93246930700FDA246230061
:1029D000F5009547A301C500A30085012301F5007B
:1029E0002A8419461105A9C2B68597E0FA1FE78027
:1029F000208323066401230A24012315740123176D
:102A000054012318440123193401A2856254F25061
:102A10004259B259225A925A025BF24B624C2685B5
:102A2000D25421616FD00F99814597E0FA1FE7805A
:102A30004086C1B7F2506254D2544259B259225A18
:102A4000925A025BF24B624C21618280411122C496
:102A5000372400201304449F8347240006C626C25F
:102A60008DCBB7240020AA8519461385048197D001
:102A7000FA1FE780E07A0345240093850481EFF094
:102A80005F8D2244B24013850481924441016FB0AE
:102A9000707CB24022449244014541018280411140
:102AA00026C2B72400209387449F06C622C44AC08A
:102AB00003C737009307F00F9384449F6304F70420
:102AC0002A892945EFD00F802A840DCD930700FD78
:102AD0002300F500A147A30025012301F50083C7CA
:102AE0002400B725002093850581A301F500194630
:102AF000110597D0FA1FE780A07203C53400A285A4
:102B0000EFD04F8B03C724008D476311F702B7271F
:102B1000002083A7878299CB03A387006308030063
:102B20002244B2409244024941010283B24022440D
:102B30009244024941018280797122D406D626D27C
:102B40004AD04ECE52CC56CA09445DCD2A8903558F
:102B50000500AE895144EF707050AA8455C53727DF
:102B60000020930787B383C747008546BA8AFD17BD
:102B700093F7F70F494463F9F6080347C500A147E7
:102B80006314F700639209089C5C4544B5EF9165B6
:102B9000938545711305C00297D0FA1FE780804ADC
:102BA00088DC2A8A4D442DC11306C002814597D086
:102BB000FA1FE780006E8357090093064A003685A6
:102BC0002311FA0071469305490036C697D0FA1FC3
:102BD000E780006589472300FA0003C5C400B246B8
:102BE0000356090083C58AB3611513351500EF80BC
:102BF000506D2A8463860900CE852685EF80A05615
:102C000001C42685EFF0EFFB2285B2502254925486
:102C10000259F249624AD24A45618280B7270020B0
:102C200083C7C7B30547FD1793F7F70F6378F70816
:102C3000894751C6011122CC26CA4AC84EC652C481
:102C400006CEAA89368AB2842E89EF7030412A8452
:102C5000D14729C9485509C597D0FA1FE780C04C0C
:102C6000F1452685EFD00F9648D4CD4705CD834654
:102C7000C40021478147639FE600630D0A000347B4
:102C8000A5010356050193062501AA854E85EF800F
:102C90002055AA8703474400630F090013676700A4
:102CA0002302E400F2406244D2444249B249224A3B
:102CB0003E850561828013674700DDB7C9473E85C1
:102CC00082809307000463EBA700B7270020938757
:102CD00047A106053E9503550500828041657D1597
:102CE0008280011122CC2A842E8526CA06CEAE848B
:102CF000EF70D0361DCDB7470F009387F7230945F6
:102D000063E4870281450A85414697D0FA1FE78030
:102D10004058A685231081000A8541802301810047
:102D2000A3010100EF809045F2406244D244056166
:102D300082804945D5BFB7270020238DA7B2828066
:102D40006F805052797152CC2A8A328522D426D291
:102D50004AD04ECE56CA5AC85EC606D662C4AE8B9C
:102D6000B28A368BBA843E89C2894684EF70102FAE
:102D700015C92A8C63140A0213774B008347450058
:102D800015CF93E727012302FC008DEC631C090299
:102D9000639A090205E8ED9B2302FC00832B8C0358
:102DA000639F0B06B250225492540259F249624A70
:102DB000D24A424BB24B224C45618280F59B93E74D
:102DC0000701D1B793E747002302FC0001CC1C4860
:102DD0004146A2852324FC0213058C0197D0FA1FDB
:102DE000E780004463910B02D5D80325CC0209C5C6
:102DF00097D0FA1FE7804033F1452685EFC09FFC4E
:102E00002326AC0261BFE30B09F80325CC0209C5F8
:102E100097D0FA1FE7804031F1454A85C5B79DC478
:102E200083A70B0299EB916593853571714597D016
:102E3000FA1FE780202123A0AB0203A50B0219C5CE
:102E40007146A68597D0FA1FE780803D6388090206
:102E500083A74B0299EB9165938525715D4597D0CA
:102E6000FA1FE780201E23A2AB0203A54B0219C55F
:102E70005D46CE8597D0FA1FE780803A1DC483A7B0
:102E80008B0299EB916593851571514597D0FA1F87
:102E9000E780401B23A4AB0203A58B0219C5514652
:102EA000A28597D0FA1FE780A0372254B2509254DF
:102EB000F249B24B224CCA865A860259424BD685F9
:102EC0005285D24A624A45616FF0EFEA011126CA83
:102ED00052C406CE22CC4AC84EC62A8AAE84EF70AF
:102EE000F01725C5AA893945EFC0DFBD2A8431CD49
:102EF000B727002003C947A46314090003C90900C8
:102F00009307000D2310F400AD472301F4009385CF
:102F1000690013053400194697D0FA1FE780403046
:102F200093F71400858085882306F400A306940097
:102F300023154401A2856244F240D244B249224A98
:102F40004A85424905616FC0FFC6F2406244D244DF
:102F50004249B249224A0561828001114EC652C4DB
:102F600056C206CE22CC26CA4AC8AA8A2E8AB2895E
:102F7000EF70D00E2DCD2A891305C002EFC09FB48B
:102F80002A8435C5B727002083C447A499E0834429
:102F900009009307000D2310F400E9472301F40012
:102FA0009305690013053400194697D0FA1FE7808E
:102FB0002027D285231554011305C400414697D01C
:102FC000FA1FE780E025CE851305C401414697D05E
:102FD000FA1FE780E024A2856244F2404249B249E8
:102FE000224A924A2685D24405616FC0BFBCF24096
:102FF0006244D2444249B249224A924A05618280DF
:10300000411122C43724002013048481084006C6DD
:1030100019C597D0FA1FE780201123200400B24081
:10302000224441018280011106CE22CC26CA4AC820
:103030002EC6EF70B00239CDB245B727002003C9C4
:1030400047A40CD5AA84631409000349050041452F
:10305000EFC05FA72A841DCD9307000D2310F50054
:10306000A5472301F50083C754009385640011052B
:10307000A30FF5FE194697D0FA1FE780601A9C54FB
:10308000A285F2405CC46244D2444A85424905614B
:103090006FC05FB2F2406244D2444249056182800F
:1030A0001D71A2CC86CE2A842EC6EF70207B05CD62
:1030B0008346C5001147AA8749456392E6029C5F93
:1030C000B24599C383C56701B7D605002308B1008F
:1030D0009386A6A7100889452285EF70907FF64059
:1030E0006644256182805145DDBFB727002083C734
:1030F000C7B30547FD1793F7F70F637AF7048947BE
:1031000021CA411122C426C24AC006C6B2842E89F1
:10311000EF70C0742A84D14705C56308090083474E
:10312000450093E727002302F5004146A6851305D5
:10313000840197D0FA1FE780A00E9C481CD48147D9
:10314000B2402244924402493E8541018280C947EF
:103150003E858280797122D406D62A842EC6EF70ED
:10316000E06F01CDB2452285230EB1006C08EF70EF
:10317000107CB2502254456182805145DDBF6F7092
:103180009004C1671387E7FF6395E502B727002026
:1031900083A7478291EB494582804945B24022444A
:1031A000924402494101828003A30700E30503FE24
:1031B0000283411122C426C24AC006C6FD172A89CD
:1031C0002E84B284639AF502B727002083A7478232
:1031D00091CF9C4381CF829711E9B7270020238CA0
:1031E0002783B7270020A38C97824DBFA6854A85E9
:1031F000EFE0FFD345F5D5B72E85EF70206651DDA2
:10320000834705000D45E39B27F922852244B24000
:103210000249A685924441016FB0D0009307000493
:1032200063E2A7064111C16722C406C626C2FD1784
:103230002A8409456382F502C547AE846313F4020C
:103240002E85EFB0B00537250020130545A10604F3
:103250002A94231094000145B24022449244410133
:1032600082809307A0036316F4002E85EFB0407CA4
:10327000D9BF9307B003E318F4FC13F5F50FEFB0D3
:10328000607BD1B709458280011106CE2AC6EFE0E6
:103290003FCCEF10C01CEFA0910EB7270020938702
:1032A000479F130700F02391E70023820700B72709
:1032B00000203245138787B3FD562301D700F24023
:1032C000238CA7B2954505616F50F06659719397AD
:1032D0000501A6D286D6A2D4CAD0CECED2CCD6CA2A
:1032E000DAC8DEC6E2C4E6C2EAC06EDEC187AE84DA
:1032F00063D3075237240020034584B337290020C5
:10330000372A0020EFC01F83AA8C22CCB72A0020C6
:10331000B72B00201304499F372C002063930C0225
:103320002165258DB650265496540659F649664AAD
:10333000D64A464BB64B264C964C064DF25D65611F
:10334000828083C70C001307200A639CE70083492F
:10335000340003D52C00C1656686FD15EFF0EF91B2
:103360009DA26247130787B38349270013071009FB
:103370006398E71683C71C001547639FE7006685BF
:10338000EFF06F946685EFC0CFEEE24703C587B3D9
:10339000EFC04FFAAA8C59B73947639BE71603D59C
:1033A0004C008567A5076316F50483A58C0003CB45
:1033B0000500631D0B00850591C9372500201946BE
:1033C0001305C5A097D0FA1FE78080E50347499F02
:1033D00085476317F71063080B00230A099E5A8577
:1033E000EFF06FC245B78947230AF99EEFB04066F8
:1033F00051BF896713872700631CE50403AB8C006A
:1034000063000B0E83470B0089EF83472B000347B4
:103410001B00A207D98F2314F40083473B00A300AD
:10342000F4000347499F8947631CF70A83470B0051
:1034300091C7230A099E03450B005DB7834514001D
:10344000035584008D47230AF99EEF50D051E5B70C
:1034500095076319F50083A78C0003C50700EFF0FB
:103460000FE40DB7F9771387A7FF2A974207418327
:10347000914663F1E6049387A7FCAA97C207C1832C
:1034800071476371F70289671387B7006310E5041A
:1034900083A70A82E38807EE9C43E685E38407EE70
:1034A000829715A0370700181307F770B357F70076
:1034B000858BA9CB83278A82E38607EC9C43E38331
:1034C00007EC66858297E31F05EA19A81387C700F2
:1034D0006311E50283A78C0083C70700E38407EA32
:1034E0009307F00FE380F9EAE6854E85EFC08FEC95
:1034F00069BDB9076318F50083274C82E38407E8A8
:10350000DC4361BF896793871704E303F5F8C9BFFC
:103510003D476399E70403D54C0089671387D700BB
:10352000E30CE5FC13879701E308E5FCCD07E319FD
:10353000F5FA03576400C167FD17631DF700832781
:103540004C82E38107E4DC43E38E07E20965E6850C
:103550004D05B9B7B727002083A7C782E38407E2E8
:103560009C43DDB71307E003E39CE7F683C72C0019
:1035700005476398E70E83C76C0037270020930D3B
:103580008781E1E783A70D00D5CF03CB0700A149D1
:1035900003C57C00138D8C00EA85EFE01FE083C734
:1035A0004C01A383AC0083D80C0103D8EC0003D7F3
:1035B0004C002A8603C53C003EC283D72C01EA8614
:1035C000DA853EC0CE87EFF0AFBC83C73C0095E7FD
:1035D000DD4783D80C0103D8EC0083C67C0083D57B
:1035E0004C003EC283D72C016A873EC0CE87054679
:1035F0005A85EF70805FA381AC0083A70D0081C75F
:103600001145EFF0FF9F138B8B8303450B00E30BFA
:1036100005D6B727002083C59783EFE05F91E303CA
:1036200005D683C63C0093071003638AF60003D6D1
:103630004C0083450B004E873685EFE09FA8238C16
:103640000B8289B3034B340099B783278A82034BDB
:103650003400914995DFDC4385DF81450145829740
:1036600005BF29476398E70A83C76C003727002006
:10367000930D8781A5EF83A70D00B5C703CB070086
:10368000A14903C57C0093868C0093772500BDCBB0
:1036900013761500138E4C0183C70C0283D8CC011E
:1036A00003D8AC0103D74C0003C53C003EC283D70E
:1036B000EC01DA8572CE3EC0CE87EFF06FAD83C7E6
:1036C0003C00724E9DFBDD4783D8CC0103D8AC0192
:1036D00083C67C0083D54C003EC283D7EC01728741
:1036E0003EC0CE8729B7034B340059BF83278A8257
:1036F000034B34009149D1D7DC43C1D78145014503
:10370000829741B7B68536CEEFE03FC9F2462A86AA
:10371000368E59B70947639CE70083A70A82E38383
:1037200007C6DC43E38007C666858297A1B92D47AB
:103730006398E70083A70A82E38607C49C47DDB746
:103740000D476397E70066868D4503D54C0039B178
:1037500019476395E7069305610213051031EFA041
:10376000A14A2C1013052031EFA0014A03D66C00AA
:103770008357810203D54C0063E8C70083D68C00D1
:103780000357610263F7E60093050002EFB00030D3
:10379000D5BE6374E6002393EC0063F4D700239452
:1037A000FC0003D7CC0083D6AC0003D68C0083D5B5
:1037B0006C0001488147EFB0202DE9B61D47E38139
:1037C000E7D231476395E7006686B145BDBF35470F
:1037D0006398E70083A70A82E38607BADC4799B7B4
:1037E0004947639DE70083278A82E38B07CEDC434A
:1037F000E38807CE814505458297DDB14D47E391CA
:10380000E7CE83278A82E38D07CCDC43E38A07CCAB
:10381000E6850945D5B793F7150089CFB72700206E
:1038200083A7078289C7DC4399C30145829713C5E3
:103830001400CDBC93F7250091CFB727002083A7B4
:10384000878291C7DC4381C781450545829713C5AF
:103850002400C9BC93F745000145E38507ACB727B1
:10386000002083A7C781372400201304449F91CFF1
:1038700085472302F400B727002083A7878291C7DA
:10388000DC4381C781450545829748442C10EF7081
:10389000507B2810EFF08F9BB727002083D767A3BA
:1038A00081CF130600643386C702B727002003C503
:1038B00087B39145EFC09F8913C54400A5B441115A
:1038C00022C4372400200325C48106C619C597D019
:1038D000FA1FE7806085232E0480B2402244410114
:1038E00082805971A2D4372400208327C48186D6D0
:1038F000A6D2CAD0CECED2CCD6CADAC80545638D00
:10390000070C9305F1041305F041EF807113930543
:10391000F1041305F041EF80B112B727002093871F
:10392000479F83C727000347F104B337F00011C353
:1039300089070327C4813EDE03453700930547000E
:10394000EFE03FA10327C4812ADC0D458345270012
:103950002EDAEFF00FB72AD81145EFF08FB6032417
:10396000C4812AD665450347A400034BB4003AD46A
:10397000EFF02FB5AA846945EFF0AFB42A897145FD
:10398000EFF02FB4AA896D45EFF0AFB32A8A7545E1
:10399000EFF02FB3AA8A7945EFF0AFB2E204625894
:1039A000F2572257B2564256D2551375F50F93FA75
:1039B000FA0F137AFA0F93F9F90F1379F90FE184DB
:1039C0002ACC56CA52C84EC64AC426C25AC0930808
:1039D00044000545EFB0400DB650265496540659A4
:1039E000F649664AD64A464B65618280011122CC6F
:1039F00006CE26CA8D472E846315F50603C735000B
:103A0000B7240020E94703D545009384449F6316FB
:103A1000F70083D764006382A706EF60306409C5AE
:103A2000835764002317F5000357A40083568400CE
:103A3000035664008355440003453400EFE09FE4DF
:103A40000357440083D764006309F7008547F240B9
:103A50006244D2443E8505618280FD572393F40081
:103A6000F5B78967CD07631DF50083C7250031478A
:103A70006385E7004547E39BE7FCEFE0AFF0F9B76C
:103A8000B1476319F500B727002003C5D7B3EFE0AE
:103A9000BFEA6DBF41677D178147E31AE5FA83C628
:103AA00055004947E395E6FA83C5450003552400D0
:103AB000300023140100EF60B04649BF411122C419
:103AC000372400208347A48326C206C64AC01307B2
:103AD000E00FAE846386E7041307F00F1304A4839A
:103AE0006387E7021145EFB0FFFD15C1930700FDA5
:103AF0002300F50089472301F5008547A3009500C1
:103B0000A301F500AA8503450400EFC0AF8AF95769
:103B10002300F400B24022449244024941018280D1
:103B20002A891145EFB01FFA75D5930700FD2300D0
:103B3000F50089472301F500A3009500A3012501A5
:103B40002244B7270020B24092440249AA8503C507
:103B5000B78341016FC00F8679714AD037290020A1
:103B60008327C98122D406D626D24ECE52CC56CA3D
:103B70004544D5EFB7240020938784B383C747001B
:103B80004944958BCDC7B72700202E8A9165A38D18
:103B9000A782AA8993857571314597C0FA1FE7807E
:103BA000604A232EA9804D4459C123003501A3004A
:103BB00005002946D285090597C0FA1FE7804066AF
:103BC0008327C981914603C7270063EDE60835EBDB
:103BD0004D472381E70003C72700136707012381AF
:103BE000E700930571001305F041EF80616583479D
:103BF0007100F1EBB727002003C7679F8D4763145F
:103C0000F70CEFE05F832C00EF70B0432800EFE08B
:103C1000FFE34545EFF0EF8A014411C91306006444
:103C20003306C50203C584B39145EFC02FD2228568
:103C3000B250225492540259F249624AD24A456122
:103C4000828085466314D700754761B7894663143F
:103C5000D7004947BDBF8D466314D700414795BF84
:103C6000554785BF9546CA8A630ED70099466316A5
:103C7000D70009472381E70031A01D466314C7021E
:103C8000238107006545EFF0CF839307F007E30A30
:103C9000F5F403A7CA818347270093E707042301AC
:103CA000F70081B721466314C7000547E1B72546F1
:103CB0006315C7002381D700F1B7A9460544E3186F
:103CC000D7F6114745BF31392A8435D1CD3E85B766
:103CD000011126CAB724002083A7C48122CC06CEB6
:103CE0004AC84944B1C783C707000D446392A7047B
:103CF00037290020034589B38945EFC0EFED03451F
:103D000089B3B72700209145239E0782EFC0CFECEF
:103D100083A7C48101478146A38087001306F10071
:103D2000854785450145A307F100EFA0505B2A8434
:103D30002285F2406244D2444249056182800111E9
:103D400006CE22CC26CA4AC88547631EF50637240C
:103D500000201304C48383570400A9CB3727002015
:103D60000347879F21E71307B003636CF702B7246B
:103D7000002003C584B38945EFC00FE60356040055
:103D80009307006403C584B33306F6028945EFC088
:103D9000EFBB23100400F2406244D2444249056163
:103DA0008280938747FC2310F400F5B7B7270020E3
:103DB00083A7C781EDD36244F240D244424903C590
:103DC0000700056131B7B724002083A7C481E1D77C
:103DD00037270020130987B383474900918BC5DF3C
:103DE00089476313F5062D452EC6EFB0BFCD2A8453
:103DF0005DD1B245930700FD2300F500E547A30020
:103E000005002301F50083C7350015051946230F6A
:103E1000F5FE83C745009505A30FF5FE97C0FA1F71
:103E2000E7800040034559009307F00F6316F50043
:103E300083A7C48103C50700A2856244F240D2442F
:103E4000424905616FB01FD7034587B38945EFC06D
:103E5000AFD86244F240D2444249B7270020239EA3
:103E6000078205616FF0BFA549458280B727002012
:103E700083C7C7B3958B638F07129307C01C63FC7E
:103E8000C70009458280F2406244D2444249B249A7
:103E9000094505618280B727002083A7C781638B0E
:103EA0000710B72700209387A78303C807001307CD
:103EB000E00F6311E810011122CC4AC806CE26CAD1
:103EC0004EC62380A700130586004205368932843A
:103ED0004181ADC991659385657197C0FA1FE780EF
:103EE0006016AA894DD1B724002003A54484938489
:103EF000448409C597C0FA1FE78000231385890011
:103F000023A0A9002286814523A0340197C0FA1F6F
:103F1000E78020389C402286CA85884397C0FA1FD4
:103F2000E78000309C40A286F240239287006244E2
:103F3000D2444249B249984305468D45054505613D
:103F40006FA0703991659385557197C0FA1FE7800E
:103F5000600FAA890DD9B724002003A5C4849384D7
:103F6000C48409C597C0FA1FE780001C1385890027
:103F700023A0A9002286814523A0340197C0FA1FFF
:103F8000E78020319C402286CA85884397C0FA1F6B
:103F9000E78000299C40A286F24023928700624479
:103FA000D2444249B249984305468D4505450561CD
:103FB0006FA0B032494582809307C01C63FCA70004
:103FC000094582800945F2406244D2444249B249DF
:103FD0000561828045CD011122CC2A8421054EC67F
:103FE0004205AE8991659385657141814AC806CEC7
:103FF00026CA97C0FA1FE780E0042A8961D5B72452
:10400000002003A544849384448409C597C0FA1F03
:10401000E7808011130589002320A90022868145AD
:1040200023A0240197C0FA1FE780A0269C40228687
:10403000CE85884397C0FA1FE780801E9C4023925C
:104040008700B727002083A7C7818DCFB72700201F
:1040500083C7C7B3958B8DCBB727002083A7478431
:1040600099CF984383D647006244F240D2444249F4
:10407000B24905468D45054505616FA0D02501472C
:104080008146DDB7014581B7494535BFB7270020D7
:1040900083A7C78195C7B727002083C7C7B3958B70
:1040A00095C3B727002083A7478481CB984383D645
:1040B000470005468D450545C9B701478146D5BF2F
:1040C00001458280494582809307C01C63FCA7009C
:1040D000094582800945F2406244D2444249B249CE
:1040E0000561828045CD011122CC2A8421054EC66E
:1040F0004205AE8991659385557141814AC806CEC6
:1041000026CA97C0FA1FE780E0F32A8961D5B72451
:10411000002003A5C4849384C48409C597C0FA1FF2
:10412000E7808000130589002320A90022868145AD
:1041300023A0240197C0FA1FE780A0159C40228687
:10414000CE85884397C0FA1FE780800D9C4023925C
:104150008700B727002083A7C7818DCFB72700200E
:1041600083C7C7B3958B8DCBB727002083A7C784A0
:1041700099CF984383D647006244F240D2444249E3
:10418000B24905468D45054505616FA010150147EB
:104190008146DDB7014581B7494535BFB7270020C6
:1041A00083A7C78195C7B727002083C7C7B3958B5F
:1041B00095C3B727002083A7C78481CB984383D6B4
:1041C000470005468D450545C9B701478146D5BF1E
:1041D00001458280494582809307C01C63F4A70093
:1041E00009458280797122D44ECE06D626D24AD095
:1041F000AE892A842DC1210591654205938575718B
:10420000418197C0FA1FE780E0E32A8909456306E8
:104210000908B724002003A584849384848409C5F5
:1042200097C0FA1FE78040F0130589002320A900FA
:104230002286814523A0240197C0FA1FE7806005EC
:104240009C402286CE85884397C0FA1FE78040FDB8
:104250009C4023928700B727002083A7C781014590
:104260008DCFB727002083C7C7B34945958B95C726
:104270006C001305D030EF903119B247014593F728
:10428000070F81CFB727002083A787848D45054579
:10429000944303D64700EFA0D004B2502254925466
:1042A0000259F24945618280B727002083A74784DD
:1042B00091CF03D647008C43411106C697C0FA1F21
:1042C000E78000F6B24001454101828009458280C5
:1042D000B727002083A747848DC7B727002003A7EF
:1042E000C784894705C3035647000C43411106C6DE
:1042F00097C0FA1FE780C0F2B24081473E85410176
:10430000828089473E858280797106D622D426D262
:104310004AD04ECE52CC8D4763FCA7008944B250A0
:104320002254268502599254F249624A456182809C
:10433000372900200347499FC144E312F7FE930742
:10434000F5FF9309499F93F7F70F8546AE842A84BA
:1043500003CA29001309499F63EAF6068DE19945CE
:104360002800EFD0DFDCB729002003C589B39145D1
:1043700023018900EFC04F8635E481444DB71946CB
:104380008145280097C0FA1FE780A0F019462C004D
:10439000268597C0FA1FE780E0F549F11946930595
:1043A000F00F280097C0FA1FE780A0EE19462C00F6
:1043B000268597C0FA1FE780E0F32DF11946A68500
:1043C000280097C0FA1FE780A0E571BFE31DE5F85C
:1043D00003A5C9002C00EF70C046AA8449D52381EB
:1043E000490135BF2800EFE06FE6AA840DED930583
:1043F00071001305F041EF70B16483447100B5FCA6
:104400008D47E31CF4F64545EFE0BF8B3DD5B7770C
:104410001800938707A03306F50203C589B39145B9
:10442000EFB05FF4EDBD23014901D5BDB7270020F2
:1044300083C7C7B3918B8DC3372500204111130566
:10444000058406C6EFD01FCEB240B72700207D57A7
:10445000239DE79E4101828001456FD0BFCCB727E5
:1044600000207D57A38DE782B72700207957238D41
:10447000E782B7270020238C07A8B7270020239EB8
:104480000782B727002023A20784B727002023A68E
:104490000784B727002023A4078437470500B727E0
:1044A00000209387078E1307876798C33747050057
:1044B0001307E7D3D8C3374705001307278E98C7DC
:1044C000B7470500372700209387C79E2320F7842E
:1044D0008280411126C2B724002083A7C48106C66A
:1044E00022C48DCF2A840D45EFB0CFDDAA8505C14A
:1044F000930700FD2300F5008D47A30085002301ED
:10450000F50083A7C48103C50700EFB0AFEA19C463
:104510002244B240924441016FF06FBAB24022444B
:10452000924441018280797152CC372A002083273E
:10453000CA814AD006D622D426D24ECE56CA0149C6
:10454000B1C703C91700B72400208547AA899384FF
:10455000449F6307F90483C74400054985EB0D4573
:10456000EFB04FD6AA8505C1930700FD2300F500E3
:104570009147A30035012301F5008327CA8103C5B4
:104580000700EFB02FE3EFF08FB30549B25022548C
:104590004A8592540259F249624AD24A4561828060
:1045A000B727002083A74784D28A85E30145EFE03F
:1045B0004FF12A8601CAB727002003C587B3894572
:1045C000EFB0DFB883A7CA8181A8944303D6470020
:1045D0009305E1000545EFD01FC069D98347050069
:1045E000858BE9D70545EFE0CFED9307B0032A842B
:1045F00063F0A704B727002003C587B35D661306E1
:1046000006708945EFB01FD6B7270020130444FC7D
:10461000239E87828327CA810947A380E70083C737
:10462000440081C72382040095B74E855D35B9BF2C
:10463000130600643306C502B5BF411122C42A84A3
:104640000D4506C6EFB00FC805C5930700FD230052
:10465000F500CD472301F500A30085002244B727CC
:104660000020B240AA8503C5B78341016FB08FD443
:10467000B24022444101828083564500011189677E
:1046800006CE22CC26CA138667002A876399C60005
:104690001C47014583C50700EFF04FC23DA81386B4
:1046A00087006397C6001C47054583C50700EDB723
:1046B000138697006395C602B727002083A7C7819A
:1046C000014595C71847034507006311050E0547C7
:1046D000A380E7000545EFA02038054509A813860B
:1046E000A700639BC6001C4703C507002D3DF24091
:1046F0006244D2440561828013866703E38AC6F868
:1047000013867703E381C6FA138687036392C60A8A
:104710001C45372400201307E00F83C4070083479C
:10472000A4831304A483638EE7021307F00F638648
:10473000E7021145EFB00FB9AA8505C1930700FD47
:104740002300F5008947A30095002301F500A3018C
:10475000050003450400EFB0EFC5F9572300F4004E
:10476000ADBFB727002003A7C7813E84014541D3D1
:104770008DEC85447D4523059100EFE08FD4231611
:10478000A10013050002EFE0CFD38327C481A30566
:10479000A1001307B100A380970074001306A100C5
:1047A00085450545EFA0A0330DBF26851D3335B7E0
:1047B00013869703E389C6F21386E7036397C6005F
:1047C0001C45094583C50700C1BD9387F703014513
:1047D000E39FF6F01C4703C5070005E96C001305CD
:1047E000D030EF906142B247414793F7070FE3861D
:1047F000E7EE9305B10013056031EF90E14003450A
:10480000B1008545EFA0202EC9BD053DF9B5B727FC
:10481000002083C7C7B3411106C6958B99CB3725B6
:1048200000201305058EEFD05F8F4D45B24041014A
:1048300082800145EFD07F8E0145CDBF03C70500C3
:10484000937625009377D70F99C2936727001318A3
:1048500085011358884113F7F7076354080013E7DD
:104860000708937685009377770F99C2936787003F
:104870001377050293F6F70D19C393E60702238019
:10488000D500634508009377A50281CB83470600D6
:1048900093E7C7002300F60082807DFD8347060072
:1048A000CD9BCDBF2D456319071403C805000947EB
:1048B0006310E814C84103471500034505002207AB
:1048C000498F42070D654187930825A0630B170B9D
:1048D000011122CC26CA4AC84EC606CEBE89B6846D
:1048E00032842E8963CEE800930705A0630DF7029A
:1048F000130515A06300A706239004000545B5A085
:10490000930745A06309F7086348F706130565AAEE
:10491000E314A7FE85472390F600DC4583C7070014
:104920002300F60091A0C84597C0FA1FE780809940
:10493000420541814E86637335012A862390C40067
:10494000420641828325C900228597C0FA1FE7806D
:10495000208D19A8DC4583D707002390060123008A
:10496000F600A183A300F6000145F2406244D24460
:104970004249B2490561828099472390F600194661
:10498000D1B785472390F600DC45014583C7070072
:104990002300F6008280DC45A9CB21472390E60066
:1049A00003D707002300E60003D707002183A300F5
:1049B000E60003D727002301E60003D72700218361
:1049C000A301E60003D747002302E60003D7470010
:1049D0002183A302E60003D767002303E60083D701
:1049E0006700A183A303F60041B723900600ADBF83
:1049F0002390060005458280828083C80500894790
:104A00006394F816DC41797122D406D626D24AD0B6
:104A10004ECE52CC56CA03C8170083C707002E8457
:104A200022083368F80042088D6713580841138341
:104A300027A0630C68102A8A3A89B684B285634C31
:104A40000301138707A0630BE802938717A0630194
:104A5000F80A854711A8138737A06303E80C13876A
:104A600067AA8D47E317E8FEB250225492540259C8
:104A7000F249624AD24A3E8545618280484432C644
:104A800097C0FA1FE7800084420541819D47E36D8E
:104A900025FDB72A0020938A2A8583C70A00B30917
:104AA0009900B24563D43701B5477DBF4844268697
:104AB000C2094A9597B0FA1FE780807603C60A00BC
:104AC000484493D9090105063306364181454E9580
:104AD00097B0FA1FE780E07BB727002083A74785C0
:104AE00099E3814751B79C438145E5DF52853DA05D
:104AF000AD47E31B09F6E39916FB8347160083468F
:104B000006005844A207D58F2310F700B7270020CE
:104B100083A74785F9D79C438545E1D78297D1B7CD
:104B2000AD47E31309F49947E390F6F84844194672
:104B300097B0FA1FE780C06EB727002083A747858C
:104B4000CDD39C43D9DF8D4555B7AD4711FF854780
:104B5000E39CF6F40347060093070008E3E6E6F05B
:104B6000DC452380E700B5BF85473E858280B727B7
:104B7000002023AA0784B7270020A3890784B7272A
:104B8000002023890784B7150020B707A00093856C
:104B9000457E938707059CC1B707E803DCC137F65C
:104BA0000600B71700209387076F1306C6C1D0C34E
:104BB000B71E002037F606000947938EFE7D1306C8
:104BC00006BF371E00202380EE00130ECE7DD0C717
:104BD00023AED70137230020B71800203718002054
:104BE0003715002037F60600B7FE06008546130687
:104BF00006C02300EE009388087E23AEC70313038C
:104C000003851308E87D1305D57D938E8EC037FE8E
:104C100006002380E8002380E7002388E700238044
:104C2000E7022388E7022380E7042300E8002384C7
:104C3000D70023950700D0CB238CD700239D0700F6
:104C400023A2D7032384D7022395070223A60702B2
:104C5000D0DB238CD702239D0702231003002300FF
:104C6000D500130E8EBF23A2C7052388E70423AE09
:104C700017052380E7062388E7062380E708B7F8AF
:104C8000060037F706001307C7BF938888C123A221
:104C9000E7082384D7042395070423A66704F0CBF1
:104CA000238CD704239D070423A217072384D70648
:104CB00023950706ECD7F0DB238CD706239D070648
:104CC00023AE07072384D7082395070823A6A70840
:104CD00037570500B7170020938707781307478ACF
:104CE00098C3375705001307A79FD8C323A407000D
:104CF0008280A54763ECA710B7E706009387C75FDC
:104D00000A053E951C41011122CC26CA06CE4AC88E
:104D1000B2842E8482879307800F63F9B7006145C0
:104D2000F2406244D2444249056182803719002032
:104D30009307096FC8571309096F09C997B0FA1F7C
:104D4000E780803EB72700202389078413061400DC
:104D5000916593850571328532C697B0FA1FE78059
:104D6000602E2326A90245DD3246814597B0FA1F01
:104D7000E78020520325C9022286A68597B0FA1F34
:104D8000E780004AB727002023898784014549BF6F
:104D90008947E396F5F803570600B72700202398C4
:104DA000E784EDB7A147E39CF5F6371500202146CF
:104DB000A6851305457E97B0FA1FE7806046F9B7D0
:104DC0008547E39EF5F4B71500209385056FD04D18
:104DD0009385850203C50400EFF05FA645BF8547B4
:104DE000E39FF5F2B71500209385056FD05D93859D
:104DF0008504CDB78547E394F5F203470600B7175E
:104E00000020A38EE77C59B7094519BF0945828068
:104E100005476302E5044111AA8706C62E8581CFA6
:104E200011476383E70425476388E7048947B24055
:104E30003E8541018280B717002083A5C77189474D
:104E4000FDD5B727002003C6278597B0FA1FE78056
:104E5000203D8147E9BFB727002083D707852390EE
:104E6000F50081473E858280B71500202146938555
:104E7000457EEF90416BF1BFB717002083C7D77D08
:104E80002380F500F9B7B72700209387378503C73C
:104E9000070015E305472380E700058909CDB7160C
:104EA000002037150020938606784146A545130556
:104EB000056F6F30406D01458280011106CE22CC16
:104EC0000546638CC50211460944639EC5023EC671
:104ED0003AC436C2EFD0EFC22A8492462247B24784
:104EE0001DE13E86BA853685EFD00FB8EFF03F92D0
:104EF000EFF0CFD3EF60F06F39A0EFD08FC02A84EE
:104F000019E1EFF0DF902285F24062440561828072
:104F100079714ECEAE896C0022D426D24AD006D604
:104F20002A89B284EF00707A2A840DE1CE854A8501
:104F3000EFC05F882A8419E93245B7160500268735
:104F40009386667A2D468145EF10C0122285B250B5
:104F5000225492540259F2494561828079714ECEB1
:104F6000AE896C0022D426D24AD006D62A89B284D1
:104F7000EF00B0752A840DE1CE854A85EFC0BF9160
:104F80002A8419E93245B726050026879386C68804
:104F90004D468145EF10000E2285B25022549254A6
:104FA0000259F24945618280397126DAAE844C009B
:104FB00022DC4AD84ED652D406DEAA893289368AF5
:104FC000EF00B0702A8431EDA6856303090283D710
:104FD00004002C002314F10083D724002315F100D2
:104FE000930720302316F100930780022307F10076
:104FF0004E85EFC00FF92A840DE55946A6851305A5
:10500000A1002304210197B0FA1FE7806021124517
:10501000B716050052879386067525462C00EF10BB
:1050200060052285F2506254D2544259B259225A34
:1050300021618280797126D2AE846C0022D44AD05C
:105040004ECE06D6AA893289EF0030682A840DE157
:10505000A6854E85EFC0EFF72A8419E93245B716C9
:1050600005004A879386467C3546A685EF1080006A
:105070002285B250225492540259F24945618280ED
:10508000BD47638CF50663E9B702A5476387F5065C
:1050900063EDB7009947638CF5049D47638FF50472
:1050A0009547638CF50401458280B5476387F50415
:1050B00063E1B704AD47F5B7DD47638EF50263EAF8
:1050C000B700C947638BF502D9476386F502C54728
:1050D000C9BFF5476383F50263E4B700ED47D1B775
:1050E00093072005638BF5009307200D5DBF4845AE
:1050F00082800841828008458280484182809307EF
:10510000F00F630EF506011126CAAA8413050002EA
:1051100022CC4AC84EC652C456C206CE3A89B68977
:10512000B28A2E8AEFA01F9A2A844D4515C893078C
:1051300000FB2300F400A3005401231144012302C7
:10514000340113058400614663050902CA8597B0DE
:10515000FA1FE780E00CA2852685EFA0BFA50145D8
:10516000F2406244D2444249B249224A924A05611D
:105170008280814597B0FA1FE780A011E9BF0945F9
:105180008280011122CC06CE2A842306B100A30618
:10519000C100EF50A06C15C18346C500B7270020A1
:1051A0002147938787B3639EE60003C567007800B5
:1051B0009306E0070146A2859937F24062440561F3
:1051C000828078009306E0070146A28503C5570058
:1051D000E5B7930700643306F6026FB06F8C05C91C
:1051E0000347050085469307270093F7F70F63F001
:1051F000F602411122C42A843A8506C6EFB0CFA434
:10520000FD572300F400B240224441018280828095
:10521000035705009307000B6313F702834745000C
:105220004947639CE7000347150185476399E700F9
:105230000355250085456F3090646D47C5BF82805A
:1052400001112314B1006C0022CC26CA4AC806CE34
:105250002A89B6842315C100EF0030472A840DE166
:105260002C004A85EFC02FC82A8419E93245B716A9
:10527000050026879386E66915462C00EF00905FAF
:105280002285F2406244D2444249056182807971AC
:10529000930720302314B1002315C1002316F10019
:1052A0002C0093078002014606D62307F100EFF099
:1052B000BFCFB25045618280C177797185073EC406
:1052C000894726D22316F100AE84930780024C0052
:1052D00022D44AD006D62A892307F100EF00F03EF7
:1052E0002A840DE12C004A85EFC00FD82A8419E9E1
:1052F0001245B726050026879386468345462C002F
:10530000EF0050572285B250225492540259456101
:105310008280B28605466FF03FC9797126D2AE848D
:105320006C0022D44AD04ECE06D6AA893289EF002C
:10533000D0392A840DE1A6854E85EFC0EFB12A84CD
:1053400019E93245B71605004A879386A6630D46CC
:10535000A685EF0030522285B25022549254025951
:10536000F249456182807971930720202314B100AE
:105370002315C1002316F1002C009307800201467B
:1053800006D62307F100EFF03FC2B250456182809C
:10539000011122CC06CE2A842EC632C436C2EF506A
:1053A000E04B0DCD0345C500B7270020A1469387EC
:1053B00087B312472246B245631CD50003C5670078
:1053C000B2862E86A2856244F24005616FF03FD31B
:1053D000B28603C557002E86A285F5B7F240624417
:1053E0000545056182806FF0BFB26FF07FB26FF04C
:1053F0007FC46FF03FC479714ECEAE896C0022D469
:1054000026D24AD006D62A89B284EF00102C2A84EC
:105410000DE1CE854A85EFC0AFBD2A8419E932453A
:10542000B716050026879386267E3D468145EF0008
:1054300070442285B250225492540259F249456177
:105440008280B28601466FF03FB6011122CC2E84D5
:105450006C0026CA06CEAA84EF003027DD47630A17
:10546000F500930710102314F400A2852685EFC0E1
:105470008FC2F2406244D2440561828023940500C9
:1054800083D7850099E36FF07FAD09458280FDB732
:10549000B727002003C7E788854763F9E7020111B2
:1054A00022CC2E846C0026CA06CEAA84EF00F021FE
:1054B00009E9930700102314F400A2852685EFC0A4
:1054C0008FBDF2406244D24405618280594582809A
:1054D000B727002023ACA7848280B727002023AE03
:1054E000A7848280011122CC26CA06CE2A84AE84EB
:1054F000EF50C036A6852285EFB03FE10DE9228549
:1055000023169100EF5080351DC18346C500B72793
:1055100000202147938787B36390E60203C56700A5
:1055200078009306F0070146A285EFF05FBDF240D8
:105530006244D2440561828003C55700D5B701118A
:1055400026CA06CEB68422CCDD4663E2B608D9462A
:1055500063FED50AA5466381D50A63EEB604954677
:10556000638CD50899466387D50A054441687D1840
:10557000631606093AC6EFB01FDD33068540324791
:1055800042064182420441803305C4004205BA8587
:10559000418132C6EF30D03FAA8749C181C432462B
:1055A0002390C400B30580406244F240D2443E855B
:1055B00005616FA0CFC4C5466380D504C9460D44BC
:1055C000E395D5FAC167FD17E31EF6FA65B7F54610
:1055D0006380D50463E4B600ED46D5B79306200595
:1055E0006388D5029306200DE391D5F8C167FD17B6
:1055F0000D446319F600BDBF09448DBF9306200D0D
:10560000E392D5F8310642064182ADBF15445DBF35
:105610000D444DBFC167FD171D447DB7F240624484
:10562000D24405618280011122CC26CA06CE03C66F
:1056300045002E841307000281469945AA8401374C
:105640002AC629CD8357040003464400930554001D
:105650002310F100835724002311F10089472312FE
:10566000F100930780022303F10097B0FA1FE7804F
:1056700020BB834744008A8526852314F100EFC0B0
:105680004F892A8411C5324597B0FA1FE780C0A917
:105690002285F2406244D244056182804D44CDBFF0
:1056A0005D7186C6A2C4A6C2CAC04EDE8947630623
:1056B000F600C14709446319F6040144B1C52E89B7
:1056C0004C0832C6B689AA84EF0030002A843246DC
:1056D00005EDC1778507CA851305D1013ECC230EA0
:1056E000C10097B0FA1FE780A0B32C082685253F9C
:1056F0002A8419E95245B71605004E879386666FCE
:105700001D462C08EF0010172285B640264496440B
:105710000649F25961618280797122D436844AD077
:105720004ECE52CCB2892E8A3A8981461307100296
:105730002286D94526D206D6AA8411352AC629C181
:105740002286CA85231481002312410123133101CB
:1057500097B0FA1FE780C0AC4C002685EFC06F9E63
:105760002A8411C5324597B0FA1FE780E09B228555
:10577000B250225492540259F249624A45618280E1
:105780004D44F5B7011122CC26CA06CE4AC8DD47E2
:105790002A84AE84638DF5028147035504006C00B2
:1057A0002306F100EFC06F9D0545638DA4080345F6
:1057B0008400B165938505B8EFA0BF83E547230159
:1057C000F400B7270500938707975CC09DA803479F
:1057D00055013149B2863306270318499C42329756
:1057E0001043E31BF6FA83D7460003564700E31540
:1057F000F6FA8C46084797B0FA1FE780A0AF49DD5C
:105800008347540103474401850793F7F70FA30A21
:10581000F40063FFE702B387270318480355040029
:10582000BA97984783D6470003D6270083D5070049
:10583000E5353DF103458400B165938505B8EFA0DA
:105840004FFB5945F2406244D2444249056182808F
:105850008347640199B7011122CC26CA06CEDD47E1
:105860002A84AE84639BF50603550500EFB0BFADF7
:105870000356C40183562401035744016D162A962A
:1058800042064182B307D640C207231EC400C1832B
:1058900063F0E7089305C5FF3308F740635BB80280
:1058A000BA96918EC206184C835504010355040024
:1058B000C1823E97953515E103458400B165938516
:1058C00005B8EFA00FF35945F2406244D244056198
:1058D00082806D1593160501F9B7814703550400C1
:1058E0006C002306F100EFC04F890545E38EA4FC50
:1058F00003458400B165938505B8EFA08FEFE547B8
:105900002301F400B7270500938707975CC065BFA4
:105910008547E9B7397126DAAE842C0022DC4AD8F3
:105920004ED606DE2A89B2894D232A8421ED4A8586
:10593000EFB07FA183D644006D1563C5A600931612
:105940000501C182984403D6240083D504004A850A
:10595000EFF09FDC2A841DE53146A6850808230662
:10596000010097B0FA1FE780A08B83D7240022455F
:10597000B72605004E879386E68F5D466C00231E92
:10598000F100CD2D2285F2506254D2544259B259C1
:105990002161828041B7BDBF797126D206D622D45B
:1059A0004AD04ECE52CC56CA5AC88944C5C159CEE7
:1059B0002E842A89BA8A368B328AEFB0DF98930513
:1059C00044008147711503D705006352A70A850774
:1059D00093F7F70FB105E318FAFE8A854A85F5219A
:1059E000AA842DE531453305AA029165938515708A
:1059F000CD4497A0FA1FE780E064AA8921C9314607
:105A00003306CA02A28597B0FA1FE7806081184466
:105A10008356440003562400835504004A85EFF062
:105A2000BFCFAA841DED0245B726050085475687DE
:105A30009386E68F5D464C002302F1004EC4230698
:105A40004101A3060100230761012D25B250225414
:105A5000268502599254F249624AD24A424B456124
:105A600082804E8597A0FA1FE780006CC5B7ED4491
:105A7000F1BF79714ECE37F60600AE89C16526D2E8
:105A80000147AA848946130646C2FD15054522D45E
:105A900006D64AD0EF10301A054431CD2A891307B3
:105AA000300281461146F5452685EFF05FA92AC6EA
:105AB000554431C18357A900CE8601462314F10015
:105AC00091472315F10085472300F500B2472C00CC
:105AD0002685A38007003247FD572301F700324790
:105AE000A301F700EF10F00A2A8411C5324597A0F0
:105AF000FA1FE78060632285B25022549254025903
:105B0000F24945618280411106C6EFF06FD719C591
:105B1000B240410117A3FA1F67000361B24041017F
:105B20008280011106CE2AC6EFB0CFE73245B727F3
:105B3000002023AC0784B727002023AE07849145BB
:105B4000B7270020A38CA7B2EF30E05EF2400561DA
:105B50006F20F0387971939705014AD006D622D488
:105B600026D2C187014963DE070AB727002003C593
:105B700097B32E89EF901FFC2A844DC1034705007F
:105B80009307000A6319F70885474C08A305F1003D
:105B9000EFB06FEEAA840DED834761017147637921
:105BA000F708138717FE1377F70F9306000263F8C1
:105BB000E608858BD5CBB727002083A78785994436
:105BC00081CB035524001306B1004C088297AA84A8
:105BD0008347B10099C7084409C597A0FA1FE78019
:105BE000A05495E05247B7070001938707F07D8FD7
:105BF000B707120093870710630FF700034761018F
:105C0000ED47631AF700035524008545EF30204720
:105C1000CD476388F4002285EF90BFE5A167334943
:105C2000F900B25022544A8592540259456182804B
:105C30003707301405073357F700058B3DDB37274F
:105C400000200327C78549D70347510151F3230695
:105C5000F10099472308F100035524006C00231735
:105C60000100EFB0DF85ADB7B727002083A7C78558
:105C70009DC3035524001306B1004C08829729D90F
:105C8000AA8483475101A9F7834761012308910042
:105C90002306F100D1B79944EDB7397122DC26DA39
:105CA00006DE4AD84ED652D456D25AD0A5472A84B8
:105CB000B2846399F5108347450203570600835A5F
:105CC000260085072302F5029307F7FFB387FA0240
:105CD0005442C207C183B69703C9170083C70700A0
:105CE0008346C50022093369F90085476390F602AF
:105CF00033075703231006008149014A130B35016E
:105D0000931A070193DA0A0163E15907C167FD1786
:105D10006302F90C83570401637EF90A05094209FD
:105D20008346C4001359090123172401054703556D
:105D300004009305E400639FE6002315F100930738
:105D400020302316F100930780022314210123073A
:105D5000F1002C00EFB0FFA203458400B1659385EC
:105D600005B8EFA00FA95945BDA083D62400DC409B
:105D700083452401ED1613865900C206C1823E9662
:105D80005A85EFB0AFC705C9630C3A01C84003D6C6
:105D90002400B3053501529597A0FA1FE7804048CB
:105DA00083D724003E9A83D70400420A135A0A017B
:105DB00085072390F40083D72400BE99C20993D9A4
:105DC000090199B703474600A9476310F7028347C3
:105DD000450281CF0145F2506254D2544259B25922
:105DE000225A925A025B2161828083462401130960
:105DF000340137F506004A8689451305C5C1EFB061
:105E0000EFBF19C10545C1BF8346240137F5060020
:105E10004A868945130505C2EFB04FBE65F5834636
:105E2000240137F506004A868945130545C1EFB0C0
:105E3000EFBC69F98346240137F506004A86894597
:105E4000130505C0EFB08FBB55FD03C74400BD4728
:105E5000E3EAE7FAA56793874712B3D7E700858B94
:105E6000D5D38347440285072302F40203D92400D3
:105E700071BDB727002003C607B4B727002003A7CA
:105E8000078681476315F600814636858280BA868B
:105E900013078702835587FDE389A5FE850793F7DE
:105EA000F70FCDB7011106CE2EC6E13701CD8347DE
:105EB000A500B245138717006396E50093F707F82E
:105EC0002305F500F24005618280011106CE2EC641
:105ED0004D3705C5B24591C188C183478500130779
:105EE000E00F5D456388E7001307F00F014563830A
:105EF000E7005945F240056182800945E5BF41113F
:105F000022C42A84210506C626C24AC0EFF02FAD5E
:105F100083472400A51793F7D70F91EB0347C400DD
:105F200085476310F7061C4881443149A9E3FD57B2
:105F300023010400A304F400230204021305C40097
:105F40002244B2409244024961468145410117A36F
:105F5000FA1F67000334B38724033E95084509C53B
:105F600097A0FA1FE780401C850493F4F40F834741
:105F700044010848E3E1F4FE97A0FA1FE780C01A45
:105F80007DB7084C75F965B7411122C4416406C656
:105F900026C29307E4FF630CF500AA8491EDD13D7E
:105FA00019E51305F4FFF13519C123109500B2402E
:105FB000224492444101828085476394F504EFF0C6
:105FC0005FEB2A846DD5FD572310F50083478400CD
:105FD0001307F00F6384E7021307E00F638BE700FA
:105FE000834624000345940001475146A685EFF0FF
:105FF0000F9122852937FD572304F400230504005F
:106000007DB78947E395F5FA8545EF40902845F13E
:106010002685EFF01FE62A8455F951BF39C9034799
:1060200085009307F00F6306F704011122CC06CE1A
:106030002A848346250083550500034595000147C2
:106040005D46EFF0CF8B03472400E1476319F7006B
:10605000035504006C0023060100EFB01F92F957AE
:106060002304F4002285EFF09FE9F24062440561C9
:10607000828082809307F00F6306F706011122CC1D
:1060800026CA2A844EC6AE84B689AA8593068500A0
:10609000376505004AC852C43A89328A1305C501DA
:1060A000794606CEEFF0EF92A304240123014401C8
:1060B0002322340185C01305C4006244F2404249E2
:1060C000B249224AA685D2446146056117A3FA1F48
:1060D00067000315F2406244D2444249B249224A61
:1060E000056182808280B72700202382A786828074
:1060F0009547639CF506834745028546850723023D
:10610000F50283570600584203462600FD17C207D2
:10611000C1836318D6048A07BA9703C7170083C7D9
:1061200007002207D98F0357E50063F9E7044111FF
:1061300006C622C485072316F5002A849305C500E8
:1061400003550500EFB02FDA03458400B165938550
:1061500005B8EF901FEAB2402244D9473E8541017D
:106160008280C946B387D70245BF83464600294788
:1061700085476396E6000347450211C381473E8584
:1061800082809D476392F506834745028356E5006A
:1061900085072302F502835706005842FD178A0738
:1061A0003E978347170003470700A207D98F01478F
:1061B00063F6D704411106C622C485072A84231634
:1061C000F5009305C50003550500EFF0CFC5034565
:1061D0008400B165938505B8EF90BFE1B2402244D9
:1061E00059473A854101828083464600A9470547C1
:1061F0006396F60003474502133717003A858280FD
:10620000411122C406C626C2B5472A84639BF50401
:1062100083474502B28485072302F5020355050032
:10622000EFB06F9283D704001307F5FF014563C5F4
:10623000E7020357E400035504009305C400BA972E
:106240002317F400EFB0EFD803458400B1659385C0
:1062500005B8EF901FDA5945B240224492444101FB
:106260008280034746009D470545E317F7FE034537
:10627000440213351500CDB7C547639EF506835715
:10628000060003572600FD17B387E70203474502C0
:1062900005072302E5025842C207C1833E978347A0
:1062A000370003472700A207D98F41677D17639501
:1062B000E70081473E858280138717002316E5009B
:1062C0000357E500E3F7E7FE411122C49305C5003B
:1062D0002A840355050006C6EFB00FD90345840094
:1062E000B165938505B8EF90DFD0B2402244D9471D
:1062F0003E85410182808346460029478547E39BCE
:10630000E6FA0347450255F775B7011122CC26CAB4
:106310004AC852C406CE4EC683C7250015472A8AEE
:10632000AE8432843689639DE7043686A28526854D
:10633000EFF01FDCAA8955E985476318F40A034783
:106340004900A9476301F70203C594004A878546BF
:106350000146D285EFE0BFDA19E585454A85EFE0D1
:106360003FD21334150083C6240003C594000147AF
:106370006946D285EFE0BFD82685EFF05FB851A01F
:106380001D476398E7003686A2852685EFF07FDFFC
:1063900055B725476398E7003686A2852685EFF036
:1063A000DF8F49BF35476398E7003686A28526858B
:1063B000EFF01FE541B745476398E7003686A285B1
:1063C0002685EFF07FEBBDB75D47639FE70003C70E
:1063D000C50085473686A2852685631DF702EFF046
:1063E0006FBA8547631BF5048549A5476317F40217
:1063F000835709009DE30544E38709F6D947E39DE8
:10640000F9F62285F2406244D2444249B249224A16
:1064100005618280EFF02FC4E9B703C594004A8775
:10642000A2860146D285EFE09FCD71F5A2854A850F
:10643000EFE01FC513341500C1B70544D9B7397152
:1064400022DC06DE26DA4AD84ED652D456D283D77C
:1064500005001944B1E783C925002A89328A938748
:1064600059FE93F7D70FAE84DDE7B727002083C628
:1064700047861307F00F938A478619446382E60222
:10648000F5476394F904EFF0DF9EAA8921C1034622
:10649000A5000DCE93178601E18763DD0700014457
:1064A0002285F2506254D2544259B259225A925A19
:1064B00021618280F5454A85EFE0BFCC83C7A90002
:1064C00093E707F82385F900D9BF814983D64400B3
:1064D000904483C5140003C504003800EFB0EFCA30
:1064E0002A845DFD83C6240003C50A0038000146E6
:1064F000CA85EFE0DFC02A8445F5B24799C323007F
:106500000A0083C724007547E39BE7F8E38909F88D
:106510002385F90071B7EFF0DF95AA8A49D1854745
:106520006391F90A83D5440088443000EFA09FE3CB
:106530002A843DF503C72A00C54763F2E70ADD4711
:106540006301F70CB727002003C59A0083C797B3F0
:10655000639CA70A014403C72A008D47631FF70401
:106560008357810003D7CA0063F4E7002396FA003B
:1065700083D5CA004A85EFE0FFF6B727002083D70E
:10658000079A6D47637BF70283D5CA005D47637640
:10659000B7021387350091056349F7001307B00F61
:1065A000BE856374F7009305B00F1166C20513062C
:1065B0000629C1814A85EF8060475685EFF03F94F8
:1065C000C5B5834725001144E39C37ED5C41E38961
:1065D00007EC83D5440088443000829791BFB727E9
:1065E00002009387072AB3D7E700858BA1DF03C694
:1065F00024003400D6854A85EFF03FD12300AA005D
:1066000045B583A70A01DDB783C6240038000146DB
:10661000CA85EFE0DFAE2A841DFD83C52400280073
:10662000EFE01FA605D923000A0035B7011122CCDF
:106630003724002006CE26CA4AC84EC652C4930943
:1066400084B303C589009307800291653305F50281
:1066500093856570372900209304098697A0FA1F57
:10666000E780409E03C68900930780028145330678
:10667000F60288C097A0FA1FE780A0C19C404D4554
:10668000A1C3930484B3130909860144130A800249
:10669000FD5983C78400636DF40237650500130557
:1066A000E543EFE0FFE237650500130545EAEFA09B
:1066B0005FBB37650500130585F8EF40A034014541
:1066C000F2406244D2444249B249224A0561828082
:1066D000B30744030325090061468145050413748B
:1066E000F40F3E95231035012301050023143501D5
:1066F0002305050023020502310597A0FA1FE78054
:1067000040B941BF01458280B727002083C617B436
:10671000814763E5D70001473A8582802E8791053E
:1067200003D6C5FFE30AA6FE8507E5B70DCD83476F
:1067300025000547890793F7F70F6376F7024111A4
:1067400022C406C62A848355050003453500014747
:10675000F9465D46EFE0BF9AF9572311F400B240C5
:106760002244410182808280B727002003C717B4EA
:10677000FD56814763E3E70082802310D5002301A3
:10678000050085071105FDB70145828037160020F9
:106790001306B67F930700022300F6003717002088
:1067A000FD57230DF77E37170020A306F77E371716
:1067B00000202306F77E8545B7170020239CB77E6F
:1067C000B727002023930786B727002023A8078632
:1067D000B727002023A00788B727002023AA078611
:1067E000B7160020B7F706009386067F938707C188
:1067F000DCC2B727002023840786B71700209387C1
:10680000C77809472380E6002380E7002388E70054
:106810002380E7022388E70237F70600130747C003
:10682000D4C7D8DBB7F606000D47238CE702938662
:1068300006C037270020D4CB0327C78637F50600CC
:10684000B7F606001305C5C1938646C2C8C32384A4
:10685000B70023950700238CB700239D0700D0CFF6
:10686000D4D3238407022395070223A60702239D7E
:106870000702D8DFB7170020377705009387C77C5A
:106880001307479423A00700D8C323A407008280DE
:10689000411106C6EFF05FE711C503452500B24080
:1068A000410182800145E5BF411122C426C24AC090
:1068B00006C6AA842E893284EFF01FE511E94165EE
:1068C000CA857D15EFF05FE4C54711C5231095001B
:1068D000230185008147B2402244924402493E850B
:1068E0004101828029E789483547639316050111E4
:1068F00006CE22CC26CA034716000346060093C7DD
:10690000F7FF2207598EF18F32C68DE7C4452A84DE
:10691000A685EFF0FFF732460147630FA6002285F8
:106920006244F240A685D24405616FF0FFF72D471F
:106930003A85828013070008F2406244D2443A85C7
:106940000561828083C8050009486395080303A890
:1069500045008347180003480800A207B3E7070172
:10696000C2070D68C18713082890639507018947FE
:106970006FF05FF705458280011122CC37140020AB
:106980001304D47E0347040006CE26CA4AC84EC666
:106990009307F00F6300F704AA892945B2842E8972
:1069A000EF904F9205C99307100B2310F5002302B7
:1069B0000500231135012313250123149500AA8511
:1069C000034504006244F240D2444249B2490561A1
:1069D0006F904F9EF2406244D2444249B2490561F1
:1069E00082804111B727002026C2AE8483A5C786C6
:1069F00022C406C62A84EFF0BFE9098909C92285A5
:106A00002244B240A685924441016FF08F86B24085
:106A100022449244054541018280411122C426C28C
:106A20004AC006C6AA84130445001309850B835780
:106A300004009DC3084409C59790FA1FE780C06E03
:106A400022853146814597A0FA1FE7808084310472
:106A5000231A04FEE31D24FDB2402244FD57239077
:106A6000F4000249924441018280B727002003C606
:106A700017B4B727002003A7878781476315F6005F
:106A8000814636858280BA861307870B835587F443
:106A9000E389A5FE850793F7F70FCDB7B727002049
:106AA00083A7078889CB03D747006314A7008847CB
:106AB00082809C43C5BF01458280411106C6F93FD3
:106AC00009C50845B240410182800145E5BF011179
:106AD00026CA9384450022CC4EC606CE4AC852C46C
:106AE00056C25AC0268781490144814681473D45A7
:106AF0000356070055CED9E20354470083572700B9
:106B0000B286A297C207C18385093107E392A9FE25
:106B100025C82E8991659385457022859790FA1F27
:106B2000E78040522A8B29CD814A014A8C4485C591
:106B300003D6440033054B019790FA1FE780406E5F
:106B400083D7440088443E9A420A135A0A01979018
:106B5000FA1FE780605D63890A003146814526851A
:106B60009790FA1FE780E072850AB104E3E03AFDEE
:106B70002326690123148900054521A0630DD60051
:106B80000145F2406244D2444249B249224A924A03
:106B9000024B0561828003562700E313F6FE03567D
:106BA00047003294B2974204C2074180C183A9BF13
:106BB0000545E37835FDA9BFB727002083A74787A0
:106BC00099E30145828098470357A7006315A70002
:106BD0001385470082809C43E5B7411106C6E93F13
:106BE00011C503550500B240410182800145E5BF52
:106BF000411106C6D13711C503452500B2404101F8
:106C000082804145E5BF411122C42A842E8506C6F3
:106C1000C537AA8505462285EF307047954763053D
:106C2000F500BD476313F5002145B2402244410100
:106C300082804111B727002022C406C603A44787DB
:106C400081469387478729C018440356A7001840F8
:106C50006317A60285CA98C22E8581C9214693056D
:106C600044009790FA1FE780A05B22859790FA1F57
:106C7000E780804B0145B240224441018280A286D8
:106C80003A84D1B798C3C9BF0545F5B73727002067
:106C900083270788014613070788A9C703D8470039
:106CA0009443631CA802011106CE22CC26CA0DCA49
:106CB00014C2AA843E852E849790FA1FE780C046AE
:106CC0002C002685EFF0FFF601E519C0B2471CC085
:106CD000F2406244D244056182803E86B68775BF29
:106CE00014C3C1BF05458280411122C42A8409050D
:106CF00006C6EFE0CFCEFD57A301F400B240224418
:106D000041018280B727002003C717B4B7270020AE
:106D100083A7C7872A86050781463E8583D7070054
:106D20006388C700850693076500E3E8E6FE014532
:106D30008280411122C4416406C626C29307E4FF43
:106D4000630EF500AA8485E1EFF0DFFB01E913058E
:106D5000F4FFEFF03FFB19C123109500B24022442D
:106D600092444101828085476394F504EFF09FF9D6
:106D70002A846DD5FD572310F5008347240013079F
:106D8000F00F6384E7021307E00F638AE70003450F
:106D900034000147F9465146A685EFE04FB62285FB
:106DA000EFF09FF4FD572301F400230204007DB7A8
:106DB0008947E395F5FA8545EF30B04D45F12685D5
:106DC000EFF05FF42A8455F951BF1D71A6CACEC6F3
:106DD00086CEA2CCCAC8D2C4D6C2DAC05EDEAE8429
:106DE00083C52500F947AA896397F504EFF09FF161
:106DF0002A8411ED01442285F6406644D644464972
:106E0000B649264A964A064BF25B25618280834743
:106E100025000547890793F7F70FE37DF7FC034546
:106E200035000147F9460146CE85EFE04FAD22859A
:106E3000EFF09FEBC1B703AB0400B70700019387E6
:106E400007F037071200B377FB0013070710B28A69
:106E50000149638AE7022EC6EFF0DFEA2A89B245CC
:106E60001DC10346450005C293178601E187E3C3B0
:106E700007F84E85EFE0EFB08347490093E707F846
:106E80002302F90085BF371A00200347AA7F930722
:106E9000F00F130AAA7F1944E30FF7F4E147E3EC7C
:106EA000B7F493D71500FD1713973700B7E706001F
:106EB00093874762BA9703A80700E30E08F283ABF3
:106EC0004700E38A0BF2420B135B0B0163050B00D7
:106ED000C947E392F5F283D64400904483C5140079
:106EE00003C50400380802982A84E31605F02C082C
:106EF0004E85829B2A8421C983C71400E39D07EE37
:106F000083C72400230AA10039472308F1006399AD
:106F1000E70262478347170003470700A207D98F9C
:106F20000C084E852319F100EFA06FD9E30405EC9E
:106F300014080546D9454E85EFE08FC52A8465BD06
:106F400083578101F1BF83C624009147E384F6EAA9
:106F500003450A0038080146CE85EFE04F9A2A849F
:106F6000E31B05E883C524002808EFE06F9119C1F1
:106F700023800A009840B7070001938707F07D8FB0
:106F8000B707120093870710E306F7E6E30409E664
:106F900083C724002302F900B9BD011106CE2EC615
:106FA000EFF05FD601CD83474500B2451387170048
:106FB0006396E50093F707F82302F500F2400561B8
:106FC0008280B727002003A7478719E3014615A849
:106FD0001C4703D8A700636B050183584700B3869D
:106FE00008016355D5008146639416011843F1BF2B
:106FF0003E86C10703D3A7FF6317A30099C123905F
:107000000501328582808506C206C182F1BF3971D1
:1070100052D42E8A4ED69305E101AA89528522DCEC
:107020004AD856D206DE26DA328936C63AC4BE8A35
:10703000EFF03FF9054435C5AA840355E101394411
:10704000EFF0DFA539CD03284500630C0804224783
:10705000B246D6874A86A6854E8502982A8431E1B3
:107060009307E00F638FFA0203C704008947631A8E
:10707000F702D8408347170003470700A207D98FBC
:10708000C2070D67C18713072790639CE7008347FA
:10709000190003460900D285A2075D8E4E85EFF0E8
:1070A000BF8D2285F2506254D2544259B259225AAD
:1070B000925A21618280797122D4035425004ECEE8
:1070C000AA89228556CA06D626D24AD052CC5AC898
:1070D0005EC662C4AE8AEFF05F9901E92285EFA037
:1070E0001FDE594429E90144B9A003C78900854737
:1070F000AA840144631AF702AA8513858900EFF078
:107100001F9D29CD03D7640083D68400D04483D546
:10711000440003D52900E147EFF07FEFD9472A84E7
:107120006318F50223A604002685EFF01F8F49C0DF
:10713000D947E30AF4FA2285B250225492540259F4
:10714000F249624AD24A424BB24B224C456182809C
:1071500061DD83D744002390FA00F9B71389440016
:10716000014AB94B594C3D4B83550900D5DDE147E8
:1071700063067A010357C90011C3D9470357290091
:10718000835649000326890003D52900EFF03FE824
:107190002A846319850123240900050A3109E315AE
:1071A0006AFD59B77DD9835709002390FA00F5B7D6
:1071B00003D529002DB701112317C1009307E00F54
:1071C0001306E1000147894606CEEFF05FE4F24086
:1071D00005618280797122D42A840355850026D2E4
:1071E000AE849305210106D64AD0EFF09FDD6308F7
:1071F000050E834785002AC693F707028DCF0355F6
:107200002101EFF09F8BAA87B24501ED83578400DF
:1072100039452390F400B2502254925402594561EA
:107220008280035524004946829711C58357840004
:107230002390F400CDB7035924004A85EFF0FF8274
:1072400011ED41657D15EFF05F8219E583578400EC
:1072500025452390F400C1B72310250113074500ED
:107260008147BD46035607002DE63147B387E70245
:10727000130984003146CA8591073E959790FA1FFD
:10728000E78000FA3146CA8548089790FA1FE780E0
:1072900020F90356C4000355240041478146DD45CB
:1072A000EFE0EFA92ACE19E58357840045452390E6
:1072B000F40095B70C480356C4009790FA1FE78076
:1072C00020F6035524004C08EFA03FBB29D55945B3
:1072D00099B785073107E397D7F8254581BF05455D
:1072E000B1B7797122D42A840355850026D2AE84A1
:1072F0009305E1014AD006D63289EFF09FCC51C503
:107300008347850093F70702A9E703471401930712
:10731000200519E3834744008356A4005044835555
:107320008400035524000147EFF07FCEAA8721E9AE
:107330008347140199E703552400EFA03FAFD947D5
:1073400011E18147B2502254925402593E85456161
:1073500082802AC60355E101EFF02FF6AA8705C9FE
:10736000B2450355240049468297AA8759DD035741
:1073700084002390E4000347140161F7E1B7594703
:10738000E317E5FE230009006DBF8547CDB7B94778
:10739000F9BF397122DC4AD84ED652D406DE26DA3D
:1073A000AA892E8A32C63689EFF0DF95094415C5C1
:1073B000834725001307E00FAA845D44638FE7002D
:1073C0001307F00F5944639AE700324605E2D2856D
:1073D0004E85EFA0BFB22A8415CD2285F2506254AB
:1073E000D2544259B259225A2161828003550A006F
:1073F0009305E101231F0100EFF0BFBC0355E1013C
:10740000EFF00FFFAA8505464E85EF3040482A84ED
:107410005DDDE1B79307F00FE301F9FC3765050087
:10742000938624007946A6851305C572EFD07FDACE
:10743000A38124015DB73971B727002026DA83A420
:10744000478752D45AD05ECE62CC06DE22DC4AD8C0
:107450004ED656D266CA2A8BAE8B328C368A99E0CB
:107460008149B9A0804483DC44000149835AA400C7
:10747000631499018440E5B78357A400A28963F897
:10748000670105094209135909014104D5B7E3EA27
:10749000FBFE630C0A00834504004840D2866286E6
:1074A0003AC6EF90BFD5324769DD19C323105701A3
:1074B000F25062544E85D2544259B259225A925ACD
:1074C000025BF24B624CD24C2161828003D70500F3
:1074D00083D62500854763E9E60439C7411183C691
:1074E000450026C237F506009384550022C426863F
:1074F0002E841305C5C1894506C6EF903FD0C1470C
:1075000011CD8346440083552400035504000147F0
:107510002686EFF05FF2814711E1A947B24022448D
:1075200092443E85410182803E8582802E860355AD
:10753000060083D52500854763E2A50205C1834681
:10754000460041110147150606C6EFF0DFEE814700
:1075500011E1A947B2403E85410182803E8582808B
:107560002E860355060083D52500854763E2A502D4
:1075700005C18346460041110147150606C6EFF0D6
:107580009FEB814711E1A947B2403E8541018280CE
:107590003E85828039714ED683D7250083D9050078
:1075A00006DE22DC26DA4AD852D456D25AD05ECE33
:1075B00062CC66CA6AC863E037198547638E0914CE
:1075C000416BAE8A2A8A2314010002C60144014994
:1075D0007D1B894B054CC94C054D83D52A000147BD
:1075E000814601464E8523130100EFF0DFE4AA84B3
:1075F0006300051209EC13072002930661005A8606
:1076000095455285EFD0BFF32A84630805120357CE
:10761000810083C7040045C70347A100630CA70787
:1076200041476385E7022C005285EFA00FCE09CDBC
:1076300034001546D9455285EFD09FD511C5324546
:107640009790FA1FE78040AE8147F9A083D7A40046
:107650004146130524002300F40083D7A400A1832E
:10766000A300F400CC409790FA1FE78060BB490468
:10767000835781008507C207C1832314F10063F992
:10768000270983D7A400638567098509C20993D9AF
:107690000901A1B7E39977F983D7A4000946130537
:1076A00024002300F40083D7A400A183A300F400E6
:1076B000CC409790FA1FE780A0B6110455BF22C6B0
:1076C0000359610003C7A4001305240063827703F4
:1076D00033599903230571012300E40083D7A400E3
:1076E0004146A183A300F400CC401379F90FA5BF54
:1076F000230581012300E40083D7A4001359290046
:107700001379F90FA183A300F4000946CC4055B7C3
:107710008357810089FBA947F2506254D2544259E1
:10772000B259225A925A025BF24B624CD24C424DF1
:107730003E85216182808547C5B7C547F1BFB72720
:10774000002003C7E788854763F3E706011122CCD1
:1077500026CA4AC806CE2A843289AE84EFF08FDA70
:1077600001C9034725009307E00F5D456308F70053
:10777000631C0900A6852285EFA02FF5F240624424
:10778000D24442490561828003D504009305E1009B
:1077900023170100EFF0FF820355E100EFF04FC522
:1077A000AA8505462285EF30800E69D5C1BF5945AF
:1077B000828013F7050201C7B2856FF0CFC4411173
:1077C00026C24AC006C622C413F98500AA846317DC
:1077D0000900139785016187635D0702328536844E
:1077E000EFF00FC1AA8505466313090001462685FF
:1077F000EF30E00901E90145B240224492440249D8
:107800004101828083479400E5DB83478400E5F7EC
:10781000E5B793F72500E5F30D45F9BF7971AE861D
:1078200022D42A8403D506009305E10106D636C684
:10783000EFF02FF909CD83458500B2460356E101EB
:107840002285EFF01FF7B250225445618280054532
:10785000DDBF13F7050201C7B2856FF0CFBA411142
:1078600022C426C206C693F485002A8491E41397A5
:1078700085016187635007023285EFF06FB7AA85F3
:10788000054691E0014622852244B24092444101DE
:107890006F20F07F93F72500014591E30D45B2403D
:1078A00022449244410182807971AE8622D42A8496
:1078B00003D506009305E10136C606D6EFF06FF05A
:1078C000B24601CD834585000356E1012285EFF0E4
:1078D0005FF8B2502254456182800545DDBF797161
:1078E00026D2AA840355A500C16722D44AD04ECE21
:1078F00006D623170100FD173284B6890149630DAE
:10790000F500050583C60400D04042051307E100D9
:107910004181EFF05FB22A8983C60400D04037F579
:10792000060089451305C5C1EF905F8D1DC503D4C1
:10793000A4002285EFF06FAA09C57D142A944204A1
:1079400041806384090023908900B25022544A8503
:1079500092540259F2494561828083C60400D040A6
:1079600037F506008945130505C2EF903F8961F19F
:1079700083C60400D04037F506008945130505C0CD
:10798000EF90DF8719C9E30609FA8357E100E39214
:1079900087FA0354A9007D145DB703D4A40055B73A
:1079A000397122DC26DA4AD84ED652D456D25AD071
:1079B00062CC06DE5ECEBE8983C785002A8AAE848D
:1079C000C18B328C36843A89C28A468B9DE783CB41
:1079D00004008947638BFB046285EFF02F8C1DC187
:1079E00083280500638008025A88D6874E87CA8696
:1079F0002286A6855285829839A03285EFF0EF8BDA
:107A0000AA8711ED3945F2506254D2544259B25905
:107A1000225A925A025BF24B624C216182802946C3
:107A2000A6855285829745D5F9BFD8408347170070
:107A300003470700A207D98FC2070D67C1879306C6
:107A400007906384D72263CEF60693062780638E61
:107A5000D70C63C1F60213070780E3CFE7F62D4585
:107A6000E39309FADC4403C60700CC432310C900A2
:107A7000228569A213073780E390E7F62D45E3944A
:107A800009F885472310F900DC44814583C70700C6
:107A90002300F40003D5A400050542054181EFF061
:107AA0004FD2835709006317051291072310F9007D
:107AB00011468145130514009780FA1FE780607D09
:107AC00029A2930627906383D71863CED712930613
:107AD0003790638CD71813074790E39FE7EE2D4547
:107AE000E39309F2DC441D472310E90003C70700B4
:107AF0002300E40003C71700A300E40003D7270016
:107B00002301E40003D727002183A301E40003C776
:107B100047002302E40003D76700A302E40083D7F1
:107B20006700A1832303F4004DA02D45E39D09ECDC
:107B3000DC446C0083C9170003C70700A209B3E93E
:107B4000E90011472310E90083C707004E85230091
:107B5000F400DC4483C71700A300F400EFF06FC605
:107B6000AA8435C50356C100C1659306E100FD1521
:107B70008329C500EFF0BFD619ED83C60400D040BD
:107B800037F506008945130505C2EF902FE701E59B
:107B9000FD572317F10003C7090089476310F70257
:107BA00083A549000946130544009780FA1FE78022
:107BB00020678357090089072310F9008357E100E4
:107BC0002301F400A183A301F40001452DBD231777
:107BD0003101EDB7034705008907BA972310F90073
:107BE0008357A500A300F4008357A500A1832301B8
:107BF000F400034605004C41130534009780FA1F3A
:107C0000E7800062D9B7C8449780FA1FE780806B8D
:107C100093170501C1832A871D45E3E637DF639982
:107C2000F90023100900CC4403560900CE9589B50C
:107C30004207B3863A01418363C7E600B387374101
:107C40002310F900CDB723105901F1BF2D45E39C56
:107C500009DACC445285EFE0BFC323107901230039
:107C6000A4002181A300A4008DB72D45E39D09D870
:107C7000DC442310790183C707002300F400DC44AF
:107C800083C71700A300F40089B71D71CAC82A89E9
:107C900003552500A2CCCEC6D2C4D6C2DAC05EDE61
:107CA00062DC66DA6ED686CEA6CA6AD8AE8AEF9055
:107CB0008FE9130CF5FF93170C01B72B0020C1833C
:107CC0002A8A814913840B8F3EC6372B0020B72C9C
:107CD0000020C16D8357C90063F6F9008357040083
:107CE00063CC87010355290093850B8FEFA08F8804
:107CF0002A8D15CD594D25A8832789001397190082
:107D00009305E101BA9783C4170083C70700A20453
:107D1000DD8C2685EFF0EFAAAA8515E923909A005D
:107D20004840054D09C59780FA1FE780E03FF640BF
:107D300066446A85D6444649B649264A964A064B61
:107D4000F25B625CD25C425DB25D2561828032484A
:107D50008348490083A60C870356E1010355290097
:107D6000814713076B86EFF0BFC32A8D13880C87FA
:107D700009C523909A00484075B75C4085E70355D4
:107D80002900514781461386FDFFBD45EFD02FFBEB
:107D9000B727002048C01388078709E523909A0079
:107DA000454D71B78357040003576B8693046B8668
:107DB0003E976347470113C7F7FF52972390E400AC
:107DC000484003D60400832508003E958509978026
:107DD000FA1FE780E0448357040003D70400C20978
:107DE00093D90901BA972310F400EDB5397122DC5B
:107DF0002A840355250006DE26DA4AD84ED652D408
:107E00005AD05ECE62CC66CA2E8B56D26AC8EF902C
:107E10008FD32A8A8346C4008355A4000355840067
:107E200078001306D400130CBAFF651AEFF0AFE028
:107E3000420A37290020AA898144135A0A01B72B24
:107E40000020B72C00201309098F6386090463D42E
:107E50008405938A0C878348440083A60A0003564E
:107E6000C100035524005288814713876B86CE8555
:107E7000138D6B86EFF0DFB215C5814A0356C10042
:107E80008355A4004E859306E100EFF05FA5AA8913
:107E9000639D0A065DF9E5E08357840029452310B8
:107EA000FB0089A083570D0003560401E317F6FC7D
:107EB00083A50A0048489780FA1FE780A04355DD54
:107EC00083274900A1E303552400416645478146C5
:107ED0007D169D45EFD0AFE605E583578400454507
:107EE0002310FB00F2506254D2544259B259225A24
:107EF000925A025BF24B624CD24C424D216182801D
:107F00002322A90083DAA90095BF83274900A697F9
:107F10002380570193871400139707018327490093
:107F2000418393DA8A00BA9723805701138724008C
:107F30008326490093873400420791044183C20796
:107F4000C204C183C180369711CD8356E10023005E
:107F5000D70003274900BA970357E1002183238004
:107F6000E700E5B5FD562300D70003274900BA977F
:107F70002380D7000DB703552400B7250020898042
:107F80002398958E9385058FEF90DFC421DD5945A9
:107F900091BF411122C406C693F705012A84328598
:107FA00085C3EFE0FFC4AA8505462285EF20300E89
:107FB00095476305F500BD47631DF502214515A8EA
:107FC00093F7450099CBEFE0BFC20546AA8522850D
:107FD0002244B24041016F20900B93F7050489C7FA
:107FE000EFE01FC10146DDB713F51500133515008D
:107FF0000605B24022444101828079714AD04ECEBA
:1080000052CC06D622D426D22A8AAE89014983D7F9
:1080100049006364F9000145A1A083A70900131476
:108020001900930414003387970003470700A297B1
:1080300003C5070022079305E100598DEFE07FF8A3
:1080400005E983A7090005453E9403470400238002
:10805000E70083A70900BE9403C70400A380E700DC
:10806000B250225492540259F249624A45618280C8
:10807000834585000356E1005285EFF09FF105C16D
:1080800083A709003E94034704002380E70083A7E9
:108090000900BE9403C70400A380E700D1B7050917
:1080A000420913590901A5B7011122CC2A8403D52D
:1080B00005009305E10006CEEFE0BFF001CD83455A
:1080C00085000356E1002285EFF0BFECF2406244E8
:1080D000056182800545DDBF1D71CAC82A89035527
:1080E000250086CEA2CCA6CAD2C4D6C2DAC05EDE35
:1080F00062DC66DA2E8ACEC66AD86ED6EF90AFA45E
:108100002AC68346C9008355A9000355890078080B
:108110001306D900EFF02FB2B247B7240020416B0D
:10812000938AA7FFC20AAA8B014493DA0A01372C6B
:108130000020B72C00209384048F7D1B63860B18CE
:108140000356C10183C58B0003552900EFF07FE47E
:10815000AA8D631605168348490083A60C8703562B
:10816000C101035529005688814713076C86DE85B7
:10817000EFF01F83AA8D93096C86138D0C87631013
:10818000051429C003D7090083D72400110763977A
:10819000E7003247A2976D1763CAE706B7250020AC
:1081A0009387058F03D72700035529009385058FF3
:1081B0003354E40223908700EF905FBFAA8D15C16E
:1081C000D94D05A003552900494781465A86C54522
:1081D000EFD0EFB6C8C015E583D7AB00C54D23106F
:1081E000FA00F64066446E85D6444649B649264AAA
:1081F000964A064BF25B625CD25C425DB25D2561E1
:10820000828083D7090091072391F400DC4003D7D3
:10821000AB009306E101A2972380E70093071400C7
:1082200013970701DC4041835E85BA9703D7AB0003
:1082300021832380E7000356C1018355A900EFF095
:108240000FEAD440130724000356E101420741839B
:1082500036972300C700D84093073400C207C18374
:10826000BA970357E101AA8B110421832380E70009
:10827000C8404204418003D6090083250D002295A1
:1082800063950B029780FA1FE78080F983D7090076
:108290003E9442044180E31304F083578900231085
:1082A000FA00E3900DF4A94D2DBF9780FA1FE780E7
:1082B00020F783D709003E944204418041B583D71B
:1082C000AB002310FA00C1BF814DF1B75D71A6C2AA
:1082D000CAC0AA840359850003552500A2C44EDEF6
:1082E00052DC5AD85ED662D466D286C656DA6AD0D6
:1082F0006ECE2E8BEF902F85930BD5FF7115131A31
:108300000501B72900200144135A0A01372C002027
:10831000B72C00209389098F6359741583C6C40054
:1083200083D5A4001307E1001386D4004A85EFF03B
:108330008F902A8D630B05120359A5008345850094
:108340000356E10003D52400EFF0BFC46314051207
:1083500083C8440083A60C870356E10003D524009C
:108360005288814713076C86EA85EFF06FE3930D1F
:108370006C8613880C87631F050E1DC883D70D00FC
:1083800003D729008907630CF706B7250020138758
:10839000058F8357270003D524009385058F335419
:1083A000F40223108700EF90BF8C15C5594525A016
:1083B00003D5240041664D4781467D16A545EFD083
:1083C0000F98B727002023A2A900138807871DE173
:1083D00023102B014545B640264496440649F259E0
:1083E000625AD25A425BB25B225C925C025DF24DF1
:1083F0006161828083D70D0089072391F90083D7BB
:108400000D00A29763D3770783A749000357AD00F8
:10841000930A2400A2972380E70005049317040120
:1084200003A44900C183C20A3E948357AD0083254B
:10843000080093DA0A01A1832300F40003A5490090
:1084400003D60D0056959780FA1FE78060DD03D4B0
:108450000D00C167FD17569442044180E30EF9EA0E
:10846000050942091359090145BD294519FC231085
:108470002B0195B76DDC11BF8357050081E7894754
:108480003E858280411126C2444122C406C64AC0AC
:1084900083C60400D0402A8437F5060089451305B9
:1084A000C5C1EF80BFD519C9834724002547E5170B
:1084B00093F7F70F6377F702E14729A883C6040013
:1084C000D04037F506008945130505C2EF801FD35C
:1084D00061FD8947B2402244924402493E854101F0
:1084E0008280371900208356897F85471309897F49
:1084F000F5D2035704003697C166E3CDE6FC9165DB
:108500009385257031459780FA1FE780A0B3AA8430
:10851000CD4769D1314681459780FA1FE78060D702
:10852000835704008355090001460147B386E500DF
:10853000C206C182636BF702AE97C207C18319C23C
:108540002310F90023A004002146A28513854400CE
:108550009780FA1FE780C0CCB72700209387478712
:10856000984311EF84C38147B5B7504013154700B6
:1085700005072A962315D60005464DBF3E871C43A6
:10858000F5FF04C381BF011106CE22CC26CA4AC81A
:1085900009E98944F240624426854249D244056192
:1085A00082802AC62A84280036892314B100230534
:1085B000C100EFF07FECAA8471FDE30D09FC835745
:1085C000A400E1DB91659385557031459780FA1FD2
:1085D000E78040A715C58357A40023200500232466
:1085E00025012312F500B7270020938707889843B9
:1085F00001E788C345B73E871C43F5FF08C359BF51
:10860000CD4449BFB72700209387878603C707005B
:1086100015E305472380E700058909CDB71600203B
:10862000371500209386C67C414691451305C578D1
:108630006FF07FF501458280B7170020A386A77EE3
:108640008280C167FD176315F5002E856FE0CF911D
:10865000411106C6EFE04F8B11C5FD572310F50001
:1086600023010500B2404101828001114AC806CEB3
:1086700022CC26CA85472A896393F5044A85EFE010
:10868000CFBE39E9C16437F606009385F4FF1307BE
:10869000E1008946130646C00545EFE0DFD92A848C
:1086A000FD140DC44C444A85EFF0BFF90356E100B8
:1086B00022858146A685EFF08FA22A84DDB78947FF
:1086C0006396F5008545EF20C03C4DD9F2406244E9
:1086D000D244424905618280EFE02FB465B70111B1
:1086E00026CAB7240020938484B322CC03C5940007
:1086F0003724002013048487B72700203727002061
:1087000006CE4AC84EC62320040023AE0786232681
:10871000078649C91389C7879307200C3305F502DB
:108720009165938515709309C786190542054181A6
:108730009780FA1FE780009103C694009307200CEE
:1087400081453306F60208C019069780FA1FE780B4
:1087500040B41C4003C7940081459386870B7D5528
:1087600063ECE5069306800BB306D7020146FD5580
:108770000507B6972320F900BE862390B600A38193
:10878000B6002381B6002382060005069906E3663B
:10879000E6FEF9562390D70099463307D702BA97D9
:1087A00023A0F900377505001305A5DCEFC0FFD243
:1087B000377505001305A5F9EF805FAB3775050028
:1087C000130525D3EF200024F2406244D2444249ED
:1087D000B2490145056182802394A6F41386C6F44C
:1087E00023100600232406003106E31BD6FE850570
:1087F0009386860BB5B7411106C622C42A84EFC002
:108800000FB7EFD0BFF8B71700202386877EB727B2
:10881000002003A5C786EFD03FF5B7170020238DB2
:10882000877E2244B240378505001305A5664101C5
:108830006F20401D93970501C18763D30734B71795
:10884000002003C5C77E797122D45AC806D626D225
:108850004AD04ECE52CC56CA2E8BEF70AFAD2A8482
:1088600029C9034705009307000B6311F704B724D8
:108870000020854793840487A304F1009C402315BE
:108880000100A9E7EF00007F91659385357097702F
:10889000FA1FE780207B88C015E98347910099C7BC
:1088A0008345440013058400EFD0EFA52285EF70C7
:1088B0004F9CB250225421653345AB00925402596B
:1088C000F249624AD24A424B45618280372A0020EF
:1088D0006146814513050A8F9780FA1FE780609BE8
:1088E00003494400894793040A8FD289930A0A8F67
:1088F0006314F906EF0000782390A40003552400C8
:1089000093050A8FEF90EF9B0357240083D7040051
:108910008356840011ED63E4F6002314F4008355BC
:1089200084003A85EFC01FBC2285EFC07F8EB5B7AB
:1089300063E4F6002314F40083578400D94593863A
:10894000098F0D463A852390FA00EFC07FA48D452C
:1089500061DD1385098FD1A09947631AF902930548
:10896000A1002285EFF08FC8AA845DDDD947639608
:10897000F40E0509035524001379F90FD9459386A0
:10898000098F4A86EFC0DFA0CA8559DDD9B7A14754
:108990006318F9009305A1002285EFF03F93E9B732
:1089A000A947631FF906035584006C00EFE06FE1EF
:1089B0002A89630D05140355240041669306E100DE
:1089C00055477D16AD45EFC09FB7C8C0AA8649C1BF
:1089D000834844000358E1000356C10003552400B6
:1089E000814713070A8FCA85EFE09FFBAA84631EA5
:1089F000050E0355240093050A8FEF904FAD0DD55A
:108A00000355240093060A8F2D46D945EFC05F9881
:108A1000E30C05F0AD4513050A8FEFD0CF8E29B7D3
:108A2000B147631BF90E035584006C00EFE06FD96A
:108A3000AA8469CD0355240041669306E100594795
:108A40007D16B545EFC0BFAF23A2AA00AA8629E9CB
:108A500083578400C5442315F10003471400D14710
:108A6000E304F7EC83474400035524009385098F02
:108A70002380FA008357A10023829A002391FA00F1
:108A8000EF80FFA3E30205EA035524009386098FD4
:108A90000546D945EFC0DF8FE30805E8854555BD9C
:108AA000834844000358E1008357A4000356C100E3
:108AB00003552400A68513070A8FEFE07FEEAA84F2
:108AC0000DE50355240093050A8FEF900FA6E30DE3
:108AD00005E403552400D94593060A8F3546EFC0B7
:108AE0003F8BB545E30205E4ADB5D9476393F40088
:108AF000814403A54A009770FA1FE780E062E3858E
:108B000004E2835784002315F10081BF835784005A
:108B100085442315F10091B7B9476318F90093050F
:108B2000A1002285EFF06F9681B5C1476318F90067
:108B30009305A1002285EFF02FDA3DB5C947631AEE
:108B4000F900130691009305A1002285EFE06FF96B
:108B500021BDD947631DF9009305A1002285EFE0EF
:108B60006FE7AA84E31405E0A304010075BBE147A5
:108B7000E31CF9DA9305A1002285EFE0CFD3EDB332
:108B800001458280EDC2011152C42E8A854522CC56
:108B90004EC656C206CE26CA4AC8AA8AB6893284AA
:108BA000EF10306FD1471DC5B727002037270020B1
:108BB00083C7C7888346D788814419E0B684BE86B8
:108BC000372700200327478893974400BA9763ED1F
:108BD000D400D547F2406244D2444249B249224AC5
:108BE000924A3E85056182803E89C10703D727FFEF
:108BF00009C7850493F4F40FD9BF25C09565938503
:108C000025C0130500029770FA1FE780A0432326B2
:108C1000A90061D113060002814593840404977072
:108C2000FA1FE7800067231199002300090023132E
:108C300059011DC437270020834794000326C7A984
:108C40002304F900118C8327C90011841180238E1D
:108C5000870023A029018147B5BF23260900F1B76A
:108C600023044901FDB785473E858280B727002050
:108C700083C5C788B727002003A747888147639526
:108C8000F50081463685828003562700BA8619C2D0
:108C9000E30AA6FE850793F7F70F4107CDB7B7277D
:108CA000002003C6C788B727002003A7478881474D
:108CB0006315F60081463685828083552700BA8683
:108CC00089C583454700E388A5FE850793F7F70F1D
:108CD0004107F9BFB727002083C5F788B7270020D1
:108CE00003A7C7A981476395F50081463685828031
:108CF00003560700BA8619C2E30AA6FE850793F752
:108D0000F70F4107CDB7B727002003C8D788B7278B
:108D1000002083A7478801476315E8008146368510
:108D2000828003D62700BE8619CA03D6670063185F
:108D3000A600D04709C603562600E302B6FE050783
:108D40001377F70FC107C9BF411122C4404526C29E
:108D500006C6AA8415C0484409C59770FA1FE78063
:108D6000A03C484809C59770FA1FE780E03B228580
:108D70009770FA1FE780403B2685414681459770F2
:108D8000FA1FE7800051B2402244FD57A384F4004B
:108D9000924441018280011122CC2A84035525008E
:108DA00006CE2EC6EF10F018324622858145EF0020
:108DB000B07222856244F24005616FF0FFF80DC584
:108DC00003572500411122C406C62A8411CBDD4574
:108DD000EF00707422852244B24041016FF0DFF64B
:108DE000B2402244410182808280411126C2B146B4
:108DF0009304C5FFB386D402B72700201387C7AA00
:108E000006C622C436978356A7006398B602484325
:108E10000DC51384C7AA9307F00F6306F6008347B6
:108E20000500639CC7009770FA1FE780E02FB147E9
:108E3000B387F402A29723A20700B24022449244CF
:108E400041018280411122C42E8426C24946AA844F
:108E50008145228506C69770FA1FE7808043A5C02A
:108E600083C7C40113974700B727002083A7C7A96A
:108E7000BA9703D707002310E40003D7270083D74E
:108E800067002311E400372700200357A788231227
:108E9000E40003D704002313E40003D724002314C1
:108EA000E40003D744002315E40003D7640023162D
:108EB000E40003D784002318F4002317E400B24031
:108EC0002244924441018280B727002083C5C7888D
:108ED000B727002003A8C7A9B727002003A6478803
:108EE000014781476394E5003E8582808346060002
:108EF00081CE544691CA83C6C6019206C2966315B6
:108F0000D500850793F7F70F05071377F70F41068D
:108F1000D1BF130600643386C50293069500AA8567
:108F2000379505001305E5DB6F708FB7411122C43B
:108F300006C62A8403459500EF700FD1FD57A304A0
:108F4000F400B240224441018280011122CC4AC87F
:108F50004EC652C456C25AC006CE26CA2A89AE8907
:108F60000144372A0020B72A00201D4B8347DA88A6
:108F70006365F40463990902B7290020372A0020A9
:108F8000930AF00F83C7C9886367F4061144A144AC
:108F90002285050442041306F00FCA854180EFF0D4
:108FA000DFE4E31794FEF2406244D2444249B249FE
:108FB000224A924A024B0561828083A74A88931411
:108FC0004400BE9483C704009DC383D764006390AC
:108FD00027036396690103D52400EF108075268569
:108FE0004E868145EF00504F2685EFF0FFD50504F2
:108FF0001374F40FA5BF83274A8893144400BE94CA
:1090000083C704009DC383C794006380570383D73D
:109010006400639C27012685EFF05FF12685D1452A
:10902000EF00704F2685EFF03FD205041374F40F64
:1090300091BF41677917630BE502411122C406C64F
:1090400085472A846399F50022852244B2408145F0
:1090500041016FF09FEF89476396F5008545EF105A
:1090600050237DD1B24022444101828082809D45BF
:109070006FF0BFEDB727002003D5A7888280B72700
:10908000002003C78788011106CE2317A1002316ED
:10909000B10085476318F70070009305E1000545AE
:1090A000EF509019F24005618280A947631CF604D5
:1090B00083C7150003C70500A207D98F2310F50049
:1090C00083C7350003C72500A207D98F2311F500F8
:1090D00083C7550003C74500A207D98F2312F500A7
:1090E00083C7750003C76500A207D98F2313F50056
:1090F00083C7950003C78500A207D98F2314F50005
:10910000014582800545828091476314F60283C73A
:10911000150003C70500A207D98F2310F50083C7E8
:10912000350003C72500A207D98F2311F50001459B
:109130008280054582809387C5FF93960701C1828F
:109140000D476360D7023147B387E7023727002016
:109150001307C7AABA972381A7002390B700014538
:109160008280094582809306402037270020AA8705
:1091700063F4A60093074020F1172315F788B7275B
:1091800000202387B788B72700202388B7888280EC
:109190001905956542054111938535C0418106C683
:1091A0009770FA1FE78000EA11C5B240E955410106
:1091B0006F60FF84B24041018280B727002023877F
:1091C0000788B72700207971054723840788B727C8
:1091D00000202384E7AA4ECEB7270020B72900201D
:1091E00022D426D24AD037240020B7240020A388D6
:1091F000078837290020B72700209389F98806D6E9
:1092000052CC2AC623060488A3860488239507889F
:109210002322098823800900EF1040593245B727DF
:109220000020130600032380A7AA3725002013057A
:10923000C5AA81459770FA1FE780A005372A00204C
:109240000345CAAD1304C4889384D488130949889C
:1092500015CD9565938545C012059770FA1FE78077
:1092600060DE37270020232EA7A80DC10346CAAD14
:109270009307CAAD83C717002380C9008145120632
:109280002380F4009770FA1FE780A000B727002022
:1092900003C507B483C704009565938555C03E9503
:1092A0001375F50F2300A40012059770FA1FE780CD
:1092B00060D92320A90049C5034604008145120650
:1092C0009770FA1FE780E0FC03270900834604003B
:1092D000814725077D56639EF604EF100072B14763
:1092E0003305F5029565938565C042054181977008
:1092F000FA1FE78020D5B727002023A2A7AA2A8437
:1093000001CDEF10806F31463306C50281452285BD
:109310009770FA1FE780E0F72254B2509254025936
:10932000F249624A379505001305250345616F1020
:10933000606D85072300C70093F7F70F410761BFF2
:10934000230004002380040049BF411193970501C5
:1093500026C206C622C44AC0C187AE8463D1070AAA
:1093600037290020034509AAEF60CFFC2A8429CDC4
:1093700003470500930700096315F7040347150029
:10938000CD47631CF706B72600200348250003C518
:10939000F699372700208347E78813066400814544
:1093A00081461307E788AA886318D80299C1230069
:1093B000F7008347070091C7034509AA8545EF6079
:1093C0001FBA2285EF60EFEA2165258DB240224465
:1093D000924402494101828083450600AE9793F58D
:1093E000F70F93F7F80F63F4A50093F7F50F8506D1
:1093F00093F6F60F0906854545BF012DD9B793F7BA
:1094000015000145E1D7EF00107009CDB727002006
:1094100083C7E78881CBB727002003C507AA854506
:10942000EF60FFB313C5140055B785462A8763FB69
:10943000C60483C7150003C60500A207D18F2310F9
:10944000F500639CD70083C7350083C62500A207BB
:10945000D58F2311F500014582808946014563942B
:10946000D70283C7350083C62500A207D58F2311F5
:10947000F70083C7550083C64500A207D58F231286
:10948000F70082800545828091476314F60283C706
:10949000150003C70500A207D98F2310F50083C765
:1094A000350003C72500A207D98F2311F500014518
:1094B00082800545828091476314F60283C71500B8
:1094C00003C70500A207D98F2310F50083C7350015
:1094D00003C72500A207D98F2311F500014582801B
:1094E00005458280A1476314F60483C7150003C7AE
:1094F0000500A207D98F2310F50083C7350003C7E5
:109500002500A207D98F2311F50083C7550003C793
:109510004500A207D98F2312F50083C7750003C742
:109520006500A207D98F2313F50001458280054508
:1095300082808947631CF60083C7150003C70500B6
:10954000A207D98F2310F50001458280054582804E
:109550008357260079714ECE06D622D426D24AD021
:109560001307F007AE896372F70209473AC423165E
:10957000F100300093F5F50FEF10801AB25022542D
:1095800092540259F2494561828003574600D946F8
:109590002A89328463F8E6008357660063F4F60094
:1095A0006379F70023140100300093F5F90F4A8521
:1095B000E1B70355060002C4EFF0CFF1AA8459C108
:1095C000EFF09F9083C784006369F5001146A246BF
:1095D000CE854A85EF10400A55B73400268693059C
:1095E000F00F4A85EFF00FDA75F1A24703578400B8
:1095F000DC472390E700035724002391E70003573B
:1096000044002392E700035764002393E70003D745
:1096100044002394E700DC4485CB93F4F90F2286C1
:10962000A6854A858297C167FD172A86E311F5FA58
:1096300022459947F9452300F50023029500EFF0F4
:109640005F8D2DBF094661B7014651B7A947631C1D
:10965000F60483C7150003C70500A207D98F23109E
:10966000F50083C7350003C72500A207D98F231152
:10967000F50083C7550003C74500A207D98F231201
:10968000F50083C7750003C76500A207D98F2313B0
:10969000F50083C7950003C78500A207D98F23145F
:1096A000F500014582800545828083C705002300BF
:1096B000F50083C71500A300F50083C7350003C775
:1096C0002500A207D98F2311F500828023220500EF
:1096D00003C7450089476304F7000545828083D6A8
:1096E00065000D47E37BD7FE9C45011106CE22CCD9
:1096F00026CA4AC84EC683C4170003C60700A20480
:10970000D18C138644006311D60403C4370083C789
:109710002700AE8922045D8C9307C4FFC207C18372
:109720002A89636FF70003A589002311990023108C
:109730008900F155EF60AFAC2322A900014531A0AB
:109740002285EFF0AFD265F10545F2406244D24484
:109750004249B24905618280397122DC2E848347F7
:1097600004004AD806DE26DA4ED619472A89B28581
:10977000639AE706034624002800EFF0FFD0AA848E
:1097800015E903558100EFF06FCEAA8983451400D7
:1097900015C937A705002E861307076534009D45B8
:1097A0004A85EF00D0424E850946814535234E85D6
:1097B000EFF08FD9F250625426854259D254B259F3
:1097C0002161828089472310F100835781000A8636
:1097D0002311F1008357A1002312F1004A85EF0005
:1097E0003074C9BF4947639DE7020356240028002F
:1097F000EFF05FCFAA845DFD372500201305C5AAD1
:109800008357C50099E3814475B703471400834625
:1098100004000345E5003C000146CA85912659BF76
:1098200051476390E702035624002800EFF0FF87BA
:10983000AA8449F18345140030004A85EFF05FD1D6
:1098400095BF59476393E706035624002800EFF0BD
:10985000BF8BAA8425F1835581004A85EFF0AFCAFA
:109860001DC958458356A10083570700B697C20704
:10987000C1832310F700C1DB5C47D1D7B727002095
:1098800083C7E788C9D3B727002003C507AA854542
:10989000EF60EFEC05B789473EC0835781000A8629
:1098A000834514002312F10015BF834514000A8676
:1098B00023100100EF00D066B9B75D71A6C256DA79
:1098C00086C6A2C4CAC04EDE52DCAA8A03C51500F1
:1098D000AE8432C6EFF0AFBCB24501ED8144B64074
:1098E0002644268506499644F259625AD25A616145
:1098F0008280230205002311050083C904008547E7
:109900002A84639AF90003C624002808EFF0FFB107
:10991000AA8405492DA09D476394F90403470500D7
:109920008D47E31DF7FA03C6240028080549EFF028
:109930009FB8AA8409E5054681452285712E2285B6
:10994000EFF0CFDE034584003C080147CE86268633
:10995000D6853924E30509F82285EFF0EFBE41B73B
:10996000CD47639DF900034705009147E318F7F6DB
:1099700003C624002808EFF0DFBB59BFD547E39F9B
:10998000F9F4034A05008947E31AFAF403C62400F0
:1099900028080549EFF09FCBAA8455F183570102AF
:1099A000BDE3035781011306F0035C44930607FCF3
:1099B000C206C182636CD6000356A101D94663F783
:1099C000C6008356C101D94563EFD5000355240075
:1099D0002391E7000549EF00D05503560102D285D7
:1099E0002285692CA9BF8355E1012391E7002392C9
:1099F000C7002390B7002393D70085472300F400C6
:109A0000014A0149D9BF014AC9BF7971AA8522D447
:109A100026D203542500AA84280806D6EFF01FCBCF
:109A2000F24599E535E985452285EFF04FE5C1A07E
:109A3000835781011547639BE7060357A1018D47B3
:109A400063FCE7046800EFF05FC60357E100DD4701
:109A500063FCE7008345D100B707170085071008AE
:109A600022853EC8EF00D04B8357E1000357A10188
:109A700091076305F7002285EFF06FDF8347C10090
:109A800072466C00858B1106228591CFEFF0FFE2C4
:109A900001C52285EFF0AFDD884451D59760FA1FEC
:109AA000E780806849B7EFF03FCBDDB711476389A6
:109AB000E7001387A7FF42074183854663EEE6026E
:109AC0003147F117B387E702372700201307C7AAEA
:109AD000BA9703D7070069D303C527003008A285CA
:109AE0000D205DF9035781019147E31EF7F2B25053
:109AF00022549254456182802C082285812E49FD92
:109B0000FDB701114AC82A89314526CA06CE22CCA2
:109B10002EC6B284EF501FFB31C1B2459307000A35
:109B20002310F5002311B5002A84214611058DC0AC
:109B3000A6859760FA1FE780A06EA2854A85EF6030
:109B40006F870145F2406244D244424905618280F8
:109B500081459760FA1FE780C073C5B70545DDB73B
:109B6000797126D2AA841305000206D622D42ECEFD
:109B700032CC36CA3AC83EC6EF50DFF431C962462D
:109B8000F2454247D246B2472A84130520FA230001
:109B9000A400A300C4002311B4002302E400A30224
:109BA000D40013058400614691CFBE859760FA1FEB
:109BB000E7800067A2852254B25026859254456101
:109BC0006F505FFF81459760FA1FE780806CDDB7BB
:109BD000B25022549254456182805845797122D402
:109BE00006D62A84AE8649C383572700231DF10079
:109BF00093072006639FF504B727002003D6A788A4
:109C0000835767006373F600B28713F6F70F835527
:109C10002701834707018D8F93F7F70F81E58907A8
:109C200093F7F70FB297FD17B3C7C702231EF100D2
:109C3000835724008355640003458400231CF100EE
:109C400001473C080146EFF0BFF1B2502254456194
:109C500082800347C701B727002083A7C7A912073F
:109C6000BA9783D76700D9B72EC619468145280809
:109C70009760FA1FE780E061B2465DBF797122D438
:109C800006D626D22A848DC1814701479306000655
:109C90002E868355640003458400EFF07FECB250BC
:109CA0002254925445618280B284280059469760BC
:109CB000FA1FE780005E2314910089E8835724008F
:109CC00048446C002315F100EFF0CF973C000147AA
:109CD00093060006014675BF797106D6814799ED56
:109CE0008357250058452316C1002314F1003C007A
:109CF00011C7835727002315F1003C002E8683559A
:109D0000650003458500014793060006EFF05FE517
:109D1000B25045618280411122C406C683470500C6
:109D200011472A846395E7022E8683556500034513
:109D3000850081470147CD46EFF09FE249468355B4
:109D400064002244B240154541016FF00F8A13F7B9
:109D5000B70F89466317D7000146EFF03FF251462F
:109D6000F9BF0D476398E7002244B2400146410124
:109D70006FF09FF6B24022444101828003D7050074
:109D8000B146B727002071173307D7029387C7AAB8
:109D9000BA97D84319EBD8412395A7000145D8C3FA
:109DA00003D725002394E70082805945828079718A
:109DB00022D4404526D24AD006D6AA842E8925C070
:109DC000484419C59760FA1FE7800036232604002F
:109DD0008357040083D5640003C584002315F10074
:109DE000835724000147930640062316F10083574A
:109DF00084004A862317F1001C483EC883D72400FC
:109E00002314F1003C00EFF0BFD5A30E240123285A
:109E10000400B250225492540259456182802800B5
:109E2000314681459760FA1FE780A04683D724001A
:109E300083D5640003C584002314F10001473C006E
:109E4000930640064A86EFF0BFD1E1B7797152CC54
:109E50002A8A03D5050026D206D622D44AD04ECE71
:109E600056CAAE84EFE09FE019E18547BDA84045A2
:109E7000AA8965DC83576500E39947FF835784000F
:109E8000638707128346C401B72A002003A7CAA923
:109E90009206FD173697C20703576700C183231444
:109EA000F4006316F70093053006EFF01FD35C480B
:109EB000A5EFC8400349150083470500220933690F
:109EC000F90083D7240013072900631AF702F95514
:109ED000EF50FFB2C8C02391240103C58900268634
:109EE000D285EFF01FC2814721E1B2502254925433
:109EF0000259F249624AD24A3E854561828095659F
:109F0000938515C04A859760FA1FE780A01348C85B
:109F1000C840231C2401F955EF507FAE83D724009D
:109F2000C8C0F9172391F400484859C503D6240046
:109F30008356A401835784013308D60063C0070900
:109F40000347C40183A7CAA995451207BA9783D7C7
:109F5000270063CF0705CC4036959760FA1FE7804E
:109F6000202C0357A40183D72400BA97C2070357B4
:109F70008401C183231DF400E399E7EE03D7290090
:109F800003C5890030002314E1005848D285231509
:109F9000F1003AC6EFF0FFB611C548489760FA1FC6
:109FA000E7808018232A0400232C04007DBD9945F6
:109FB0004E85EFE05FDE55BDA545DDBF9145CDBFC8
:109FC00003D725007DC3B727002083D6A788ED4798
:109FD00063EEE60C011122CC2E8426CAAA844840E6
:109FE000914506CEEF50BFA183572400AA862300D7
:109FF000F50083572400A183A300F50083570400D4
:10A000002301F50083570400A183A301F500035643
:10A010002400C167F9171106420641826396F404D1
:10A020002AC4314532C6EF50FFA9AA85CD471DC5C8
:10A03000930700F92300F5003246F957A246231191
:10A04000F50089472302F500B72700202313C50038
:10A0500014C503C507AAEF50FFB58147F24062441B
:10A06000D2443E850561828081452685EF40F028F7
:10A07000AA8711E9B726002003C7E68865D37D17B4
:10A080002387E688E1BF09476304E5021D476303B0
:10A09000E50249476302E5027D47E311E5FCB72687
:10A0A000002003C7E6888147D1BFED473E85828007
:10A0B000D1476DB791475DB789474DB701114AC880
:10A0C00031471309C5FF3307E902B727002026CA25
:10A0D0009384C7AA06CE22CCBA94D84029CB138445
:10A0E000C7AAB727002083C6E788854795CA2314E7
:10A0F000A10083D7840003D5A4002C003AC6231501
:10A10000F100EFF0FFEB11C5C8409760FA1FE78040
:10A11000A001B147B307F902A29723A20700854720
:10A12000F2406244D24442493E85056182808147C3
:10A13000C5BF797126D24445372700204AD083D73E
:10A1400064000359A78852CC06D622D44ECE56CAF4
:10A150002A8A63F327013E8903D724014209135950
:10A16000090183D7040141CB998F4A8463D5270124
:10A1700013940701418089452285EFF06F81AA89F8
:10A18000CD4A25C183D724002AC623158100231474
:10A19000F10083D7240185E383D7040193092500C7
:10A1A0002300F50083D70401A183A300F5006376A3
:10A1B000240503D4040183D72401CC4422864E8590
:10A1C000BE959760FA1FE780A00503556A002C0032
:10A1D000EFF01FDFAA8A15C54E859760FA1FE7804A
:10A1E000A0F4B2502254568592540259F249624A60
:10A1F000D24A4561828089078DBF7914420441802B
:10A200005DBF03D7240183D704003A94FD17C2072A
:10A21000420403D70401C18341802390F4002399B1
:10A2200084006377E400D5FFFD57A38EF40055BF8B
:10A2300081455285EFF0BFB76DB779714AD03729A4
:10A24000002052CC034A198922D456CA5AC85EC685
:10A2500062C406D626D24ECE5284B72A0020054BC1
:10A26000930BF00F372C002083A74A8893144400E7
:10A27000BE9483C90400639D6907DC44B5CBD8470D
:10A2800025CB03D7070029CBB727002083C7E78852
:10A2900099CF2685EFF0FFE9AA8515E9B7270020B9
:10A2A00083C7D78805046351F402A3088988B25094
:10A2B00022544E8592540259F249624AD24A424B84
:10A2C000B24B224C45618280A3080988CDB7268510
:10A2D000EFF0FFAD8149E1BF83C7D701639A7701F2
:10A2E000930520062685EFF05F8FDC44A38E0700E0
:10A2F0008347DC8805041374F40F6363F40001449E
:10A30000E31444F7C1BF4111154506C6EFF01FDB4A
:10A3100009C50545B240410182801945EFF01FDAB9
:10A320006DF91145EFF09FD96DF51D45EFF01FD97F
:10A330006DF1B727002083C7D788E9DFB24041011C
:10A340006FF0BFEF83D705000D47F117C207C18338
:10A350006365F706DC41B5C3411122C42E848545EF
:10A3600026C206C6AA84352739C926858925C1672C
:10A37000F9176381F40219ED8357240081CF8356C6
:10A38000040019476393E604372700200357A78882
:10A3900063FDE702B727002083C7E788A2852685EB
:10A3A00099C72244B240924441016FF07FC12244D8
:10A3B000B240924441016FF07F9C09458280514533
:10A3C000B24022449244410182806D45D5BF39712B
:10A3D00026DA4ED6AA84AE895D4589454AD806DE7E
:10A3E00022DC328936C63AC4EFE09FDA35C522470F
:10A3F0002A84014511C7B24613054400B685029769
:10A400009357850023003401A3002401A301F40025
:10A410009547231CF100B727002083C7E788230155
:10A42000A4001105231DA10022CE2C08268595C36A
:10A43000EFF01FB9AA8411C522859760FA1FE78043
:10A44000A0CEF250625426854259D254B2592161AD
:10A450008280EFF0BF92F9BFCD44E5B7797126D283
:10A460004AD052CC56CA06D6BA8A22D44ECE194702
:10A470002E89B284368A639DE50603552600094479
:10A48000EFE0CFFE2AC62DCD5C458359650083D70A
:10A4900027002390F400B247B726002015472380F9
:10A4A000570103C686AA2391E70013071600137706
:10A4B000F70F2384E6AA2382C70001E70547238418
:10A4C000E6AA5147631AE90015472391E400DC47E7
:10A4D00003D784002394E7005287A686CA854E8559
:10A4E000EFF0FFEE2A84324515C4EFE0FF8509A89E
:10A4F00042867400BE85AA89EFE0CFE82A8441DD58
:10A500002285B250225492540259F249624AD24AE8
:10A5100045618280F945EFE0DF9FDDB783D7050015
:10A520002300F50083D70500A183A300F50083D79E
:10A5300025002301F50083D72500A183A301F500A1
:10A540001145828083D705002300F50083D70500DD
:10A55000A183A300F50083D725002301F50083D74D
:10A560002500A183A301F50083D745002302F50050
:10A5700083D74500A183A302F50083D76500230399
:10A58000F50083D76500A183A303F50021458280F0
:10A5900083D705002300F50083D70500A183A3001E
:10A5A000F50083D725002301F50083D72500A1837B
:10A5B000A301F50083D745002302F50083D74500AA
:10A5C000A183A302F50083D765002303F50083D799
:10A5D0006500A183A303F50083D785002304F5005C
:10A5E00083D78500A183A304F5002945828003D782
:10A5F00005008546AA872300E50003D705002183CF
:10A60000A300E50003D70500631DD70003D725008D
:10A610002301E50003D725002183A301E5001145AF
:10A62000828009456315A70203D7250019452381B8
:10A63000E70003D725002183A381E70003D7450066
:10A640002382E70003D745002183A382E7008280AD
:10A6500083D705002300F50083D70500A183A3005D
:10A66000F50083D725002301F50083D72500A183BA
:10A67000A301F50011458280797126D24AD04ECED1
:10A68000B2842A89AE8929468145480022D406D65B
:10A6900036849760FA1FE780C0BF231691008DECC7
:10A6A000835724002312F100B727002083D7A788FF
:10A6B0002314F1005C448DC383C6C70137270020F3
:10A6C0000327C7A9920683D7870036970357270029
:10A6D0002315F1002313E10037A705004A8513076E
:10A6E0000759540013F6F90FD545EFF05FCE2A89CC
:10A6F00011C19DE085472300F400230204000146B8
:10A7000081452285EFF08FD7B25022544A8592546A
:10A710000259F249456182802285EFE0EFE2EDB710
:10A7200037A70500B2861307E75E2E8685456FF0D2
:10A730001FCA01112317A100B7A6050041657000CB
:10A7400001489307F00F0D479386C65199457D1533
:10A7500006CEEFF0BFD0F24005618280B7A60500BB
:10A76000B28701482E86114793864654C9456FF03B
:10A77000FFCE011122CC37240020130444AE26CA98
:10A780004AC84EC606CE2A89AE89930404031C40EB
:10A7900081C7CE854A8582971104E31A94FEF24060
:10A7A0006244D2444249B24905618280411137274F
:10A7B000002022C406C626C2130707998347C70391
:10A7C0000345D70337240020130484B3A304F40003
:10A7D000AA9793F7F70F2304F400A5CF1305C0033E
:10A7E0003385A702A5658505B72400209760FA1F69
:10A7F000E7804085034684009307C0038145330604
:10A80000F60223A0A4AE9760FA1FE78080A883A772
:10A8100004AE83468400014789077D566341D70211
:10A820002244B2409244372500201306000381459C
:10A83000130545AE41011763FA1F670083A52390F6
:10A84000C7002381070023A5070205079387C703D5
:10A85000F1B7B2402244924441018280B7270020E0
:10A8600003C607B4B727002003A707AE81476315C7
:10A87000F600814636858280BA861307C703835562
:10A8800067FCE389A5FE850793F7F70FCDB70111A4
:10A8900022CC2EC632C406CE2A84EFF03FFC2246DC
:10A8A000B24511E9C167F9176303F4005145F2405D
:10A8B00062440561828054558347450095C213F771
:10A8C000270141456314A700154575F2C18B3D452D
:10A8D000F9DF83C7A6010145E3FBB7FC3145C1BFE2
:10A8E000C18B0145E9F71545D9B7797126D24AD010
:10A8F000B7240020416922D44ECE52CC56CA5AC841
:10A9000006D6AA890144938484B3372A0020930A87
:10A91000C0037D19054B83C784006364F4000145BF
:10A9200035A8B307540303270AAEBA9703D7270005
:10A930006316270105041374F40FF1BF03C5570014
:10A94000300093856700EF1051311946CE852800FD
:10A950009760FA1FE780009AE31E65FDB25022540B
:10A9600092540259F249624AD24A424B456182806E
:10A97000B727002083C507B4C166B727002003A707
:10A9800007AEFD1681476395F5000146328582804A
:10A99000035827003A866306D80003480700E307F8
:10A9A000A8FE850793F7F70F1307C703E9BF411107
:10A9B00006C6EFF0BFEA11C503554501B24041019B
:10A9C00082800145E5BFB727002083C607B4B727BB
:10A9D000002003A707AE0145814711076393F600E6
:10A9E00082800346070001C605051375F50F85072C
:10A9F00093F7F70F1307C703D5B7B727002003C591
:10AA000007B4828037270020930647AE814713079B
:10AA100047AE31468C4291E58A07BA9788C3014513
:10AA2000828085079106E397C7FE4D4582804111DC
:10AA300006C622C4EFF09FE21DCD2A8403552500EF
:10AA40008545EFF01FD3485409C59750FA1FE7809A
:10AA5000A06D22851306C00381459760FA1FE78029
:10AA60004083FD572311F400230204000145B24046
:10AA70002244410182800945DDBF411106C6EFF045
:10AA8000FFDD11C50345C500B2404101828001458B
:10AA9000E5BFC167F9176304F502411122C406C678
:10AAA0002E84EFF0BFDBAA87014591C703C547009D
:10AAB000698C33358000B2402244410182800545D3
:10AAC0008280011106CE2EC6EFF05FD9854711C9ED
:10AAD00003574501B24585476305B700231AB50002
:10AAE0008147F2403E850561828031CD01114AC81F
:10AAF0004EC637290020C16922CC26CA52C456C28C
:10AB000006CE0144AA84130989B3372A0020930A88
:10AB1000C003FD1983478900634BF400F24062448F
:10AB2000D2444249B249224A924A056182803305A1
:10AB3000540383270AAE3E9583572500638337016C
:10AB400082940504C1BF8280B727002003C607B4E2
:10AB5000B727002083A707AEC166014589070147D3
:10AB6000FD1691456313E600828003D80700630950
:10AB7000D80003C8A7006315B80005051375F50FC5
:10AB800005071377F70F9387C703E9BFB72700209F
:10AB900003C607B4B727002083A607AE0147814745
:10ABA00091066310E602858393C7F7FFC207C1834E
:10ABB00005456364E50285473395A7004205418159
:10ABC000828083C5060081C583D5C602CD8F050767
:10ABD0001377F70F9386C603E9B793F61700E1FEE4
:10ABE000050585831375F50FE9B7797156CAAA8AE9
:10ABF0002E8526D24AD04ECE52CC5AC85EC662C4EA
:10AC000006D622D4AE84328B368CBA8B3E8AC28969
:10AC10004689EFF0BFC449E141657D15EFF01FC4DF
:10AC20002A84554531CC1946DE8513056400A302FC
:10AC300084019750FA1FE780A05E83570103231118
:10AC40009400230264012319F40083574103230075
:10AC5000540123260402231AF40023064401231777
:10AC6000340123182401EFF07FF22318A402232AD1
:10AC700004022685232C04028145EFF09FAF014595
:10AC8000B250225492540259F249624AD24A424B7B
:10AC9000B24B224C456182804545DDB7B727002085
:10ACA00083C607B4B727002003A707AE8147639583
:10ACB000F60041657D1582803A861307C7038355E8
:10ACC00047FF6395A500035526008280850793F70B
:10ACD000F70FF1BFB727002003C807B4B72700203C
:10ACE00083A607AE416601477D169548114363145C
:10ACF000E8000145828083D7260036856380C7043B
:10AD0000CC5A8DCD83C7350083C5250089CD938569
:10AD100097FD93F5F50FE37FB3FC9387D7FA93F78D
:10AD2000D70F89EF82809385F7FD93F5F50FE3F355
:10AD3000B8FC9387D7FA93F7D70FCDDF05071377C2
:10AD4000F70F9386C60365B7B727002083C507B4FE
:10AD50004166B727002003A707AE7D168147254827
:10AD60006394F50001458280835627003A85638C01
:10AD7000C600545B89CA83C636009386E6FD93F607
:10AD8000F60FE372D8FE850793F7F70F1307C70393
:10AD9000C1BF011122CC2A84494506CEEF707FF253
:10ADA00015C12AC62285EFF07FAB09CD6244B727D3
:10ADB0000020324683550503F24003C5B7B3056151
:10ADC0006F50CFB8F24062440561828039714ED62F
:10ADD00052D4AE892A8A93053005414526DA4AD8ED
:10ADE00056D206DE22DC32C63689BA8A9750FA1F5E
:10ADF000E7804025CD4431C92A848944638209040F
:10AE000032468145231AC10041469750FA1FE78018
:10AE100040485686CE8522859750FA1FE7804040ED
:10AE20002146630E0902CA8528089750FA1FE78059
:10AE3000203FA28650082C085285EF307043AA8428
:10AE400022859750FA1FE780202EF2506254268503
:10AE50004259D254B259225A925A21618280814574
:10AE600028089750FA1FE780C042E1B7411122C479
:10AE7000405926C206C6AA8429CC085409C5975051
:10AE8000FA1FE780602A285809C59750FA1FE78003
:10AE9000A029685809C59750FA1FE780E028285C68
:10AEA00009C59750FA1FE7802028685C09C59750AC
:10AEB000FA1FE78060270325040809C59750FA1F89
:10AEC000E780802622859750FA1FE780E02523AA95
:10AED00004022244B727002083D50403B2409244E1
:10AEE00003C5B7B341016F502FCF411126C206C62B
:10AEF00022C4AE84EFF09F9621C54C592A84A9C183
:10AF000083A8C50703A88507FC59B85983C66500FF
:10AF100003D6050083C525002685EF70BFE2228594
:10AF2000EFF0DFF4EFF05FE201CD2244B72700201D
:10AF3000B240924403C5B7B3854541016F502F829B
:10AF4000B2402244924441018280011122CC06CEBB
:10AF50002A842EC6EFF09F905C5991CF83D70700CB
:10AF6000B245639A870085476397F5006244F240D3
:10AF700005616FF0BFEFF2406244056182804111CC
:10AF800006C622C426C2EFF0FFD421C54059AA84C8
:10AF900029C0834724008DCBB727002083A787B122
:10AFA00089C7DC4399C322858297034734009307FE
:10AFB000F0026310F702224403D52400B240924409
:10AFC000814541016FF07FF2B727002083A747B189
:10AFD000C1BFB2402244924441018280411126C245
:10AFE0004AC006C622C4AA842E89EFF03F8731C129
:10AFF00040595DCC83570400639C970A8347340013
:10B0000013071002639CE70883472400D9C37C54CC
:10B010000327040883D7470105E713F717000DC37B
:10B02000185403574700058B01CF93072002A30153
:10B03000F400B24022449244024905454101828015
:10B0400013F7270009CB185403574700098B01C792
:10B0500093074002E9BF918B89CB1C5483D74700EB
:10B06000918B81C793076002D9B7B727002083A7C8
:10B0700087B1E1D3DC43D5DF2285829703473400D3
:10B080009307F0028145E316F7FA2685EFF0FFE516
:10B090004DB7B727002083A747B1E1BF1307A00230
:10B0A0006398E7006304090013092003CA85F1BF10
:10B0B000631C09002685EFF06FFA19C58347450028
:10B0C00093E707012302F500A6854A85EF708FDC20
:10B0D0008DB7797126D29947231DB100AA842E8598
:10B0E0008D4522D406D632C636C4231CF100EFE0CB
:10B0F0002F8A2ACE4D441DC13246A246AA853285EA
:10B1000082962A8419E52C082685EFF0AFA32A84BD
:10B1100011C572459750FA1FE78000012685EFF0B0
:10B120005FC72285B25022549254456182804111FA
:10B13000B7D6050022C42E862E84938606A689459E
:10B1400006C626C24AC02A89EFF0BFF8834504002C
:10B15000AA844A85EFF07FD9B2402244268502496D
:10B16000924441018280B727002083A747B195CB45
:10B170009C4385CB1D71A2CC86CE984110082A84B1
:10B180003AC8D84185453ACA829701C92306A10029
:10B19000035524006C00EFF09FF9F64066442561EA
:10B1A00082808280AE8715C5785505C78346070023
:10B1B0002380D50083461700A380D500834627014E
:10B1C0002381D50083468701584BA381D500D8C180
:10B1D0008280414681453E851753FA1F6700630B05
:10B1E000B727002083A787B191C703A38700630314
:10B1F000030002830945828037270020032787D078
:10B200001DC75843AA8705450DC703A50708411167
:10B2100006C6930605021306050C930505061305DD
:10B2200005040297B2401375F50F41018280054570
:10B23000828082804DC9357122CD2A840355050054
:10B2400026CB4AC94EC756C306CF52C55AC1DEDE09
:10B25000B68AB2892E89EFF06FE0AA8439C50C183E
:10B260002285EFF03FF483472400138A6400A9CBC2
:10B27000EF70CF9B2A8B014583CB5400EF700F9961
:10B28000AA840C100818EF10605F08542C10EF10FF
:10B29000805FD288268A56C05E88D2875A8714106B
:10B2A0003010CE854A85EF20B01AFA406A44DA445D
:10B2B0004A49BA492A4A9A4A0A4BF65B0D6182808A
:10B2C000EF70CF96AA8B014503CB5400EF700F941B
:10B2D0002ACE08540C10EF10605A2C100818EF10EA
:10B2E000805AF2484DBF8280C14709CD1455C147ED
:10B2F00091CA785501CB83C73600BD4663F4F6008A
:10B30000834787013E8582808947630905106387EB
:10B310000510411106C622C426C2834715002E849B
:10B320002380F50083472500A380F500834735007F
:10B330002381F50083474500A381F500834755002D
:10B34000858B9396870083D7450093F7F7EFD58FCA
:10B350002392F5008346550093F7F7DFA20693F694
:10B360000620DD8E2392D5000347550093F6F6BFE5
:10B37000220713770740558F2392E5008347550036
:10B38000FD769386F67F8D87858B758FAE07D98F77
:10B390002392F50083466500F99B858ADD8E239212
:10B3A000D500034765009377270013F7D6FF5D8F1D
:10B3B0002392E5008347650093F647009377B7FF34
:10B3C000D58F2392F50003476500DD9B4D45218B0A
:10B3D000D98F2392F500EF70DF8EAA845145EF706C
:10B3E0005F8E0347340093F4F40FC94763629702FA
:10B3F0001375F50F636EE500834604001147E147BE
:10B400006368D7008346140005476363D70081470C
:10B41000B240224492443E85410182803E85828032
:10B4200015C1AA8709458DC141112E8541469385D5
:10B43000170006C69750FA1FE78080DEB24001452C
:10B440004101828009458280828089471DC595C55A
:10B45000411106C603471500AE8719462380E50053
:10B4600093052500138517009750FA1FE78040DBEE
:10B47000B24081473E85410182803E85828015C170
:10B48000AA8709458DC141112E8541469385170034
:10B4900006C69750FA1FE780A0D8B2400145410187
:10B4A000828009458280828089471DC995C94111E2
:10B4B00006C60347250083461500AE872207558F31
:10B4C0002390E5002146930535001385270097500A
:10B4D000FA1FE780E0D4B24081473E854101828077
:10B4E0003E85828015C1AA8709458DC141112E85EF
:10B4F00041469385170006C69750FA1FE78040D251
:10B50000B24001454101828009458280828089479D
:10B5100019C991C903471500BD46E14763E5E60037
:10B520002380E50081473E85828015C1AA870945B1
:10B530008DC141112E8541469385170006C697504F
:10B54000FA1FE780E0CDB240014541018280094504
:10B550008280828015C1AA8709458DC141112E853F
:10B5600041469385170006C69750FA1FE78040CBE7
:10B57000B2400145410182800945828082801DC11F
:10B58000AA87094595C141112E85130600049385AC
:10B59000170006C69750FA1FE78080C8B2400145E1
:10B5A0004101828009458280828015C1AA870945B0
:10B5B0008DC141112E8541469385170006C69750CF
:10B5C000FA1FE780E0C5B24001454101828009458C
:10B5D000828082801D71A2CC2A84084586CEA6CAAC
:10B5E000230601008344050035479387F4FF93F752
:10B5F000F70F636AF70C37E706008A0713074768F7
:10B60000BA979C4382870C08EFF01FD0C94763129A
:10B61000F50299472306F100035524006C00EFF072
:10B620001FB1F6406644D644256182800C08EFF0D5
:10B630007FEB29C98347C100E5F303552400EFF0F0
:10B640004FF5C5B70C08EFF05FEEE5B70C08EFF06B
:10B650001FECC5B70C08EFF0BFDCE1BF0C08EFF042
:10B66000BFE4C1BF0C08EFF09FE1E1B70C08EFF0B9
:10B67000DFDDC1B70C08EFF0FFED65BF83471500B4
:10B680002308F10003552400EFF04F9DA1470DC1A1
:10B690000347C500631BF702B727002003A787B144
:10B6A0009D4719C7184309C71008A6850297AA879E
:10B6B0002306F10041B70C08EFF07FEC9DBF0C08AA
:10B6C000EFF0BFEEBDB79D47B1B7B727002003A786
:10B6D00047B1F9B7011122CC06CE26CA4AC84EC6D8
:10B6E00003470500930720092A84631CF712834748
:10B6F000150039476395E70A8356450009676107D6
:10B7000081476398E610B729002003A589B2CE844B
:10B71000630105100C4403C90500631F090083473A
:10B72000050085052146A9CF29059750FA1FE78016
:10B7300020AF83A784B2B5C34945EF40AFB82A8490
:10B740001DC5930710FC2300F500A300250183A568
:10B7500084B20905414689059750FA1FE78040AC3D
:10B7600083A784B2A28503C51700EF40AFC403A529
:10B7700084B29750FA1FE780209B23A404B231A81B
:10B7800009059750FA1FE780A0A9EF30202E054940
:10B790004DF183A789B22380270185479DA8130710
:10B7A000E003639EE708034725009547631FF70200
:10B7B00003554500EFF06FAC9147E310F5FEB72756
:10B7C000002083A747B1F1DB03A38700E30703FC55
:10B7D0000356E40003554400930564006244F240BC
:10B7E000D2444249B24905610283A147631EF70072
:10B7F00083456400035544006244F240D244424908
:10B80000B24905616FF08FFD930600038147E301A4
:10B81000D7FEF2406244D2444249B2493E850561B6
:10B8200082809306000A8147E315D7FEEFF09FDA86
:10B83000084425D59750FA1FE780008FB9BF81478C
:10B84000C9BF011126CA06CE22CC89441DCD95CD93
:10B85000AA842E8468008D45EF607F8D8347E100C8
:10B860002685228693F7F70393E707046C002307E6
:10B87000F100EF20E034AA8409E90D466C001305BD
:10B8800034009750FA1FE780A099F2406244268561
:10B89000D244056182805D714EDE86C6A2C4A6C216
:10B8A000CAC052DC56DA5AD85ED6894945CD5DCA3F
:10B8B000138B4500420B135B0B01AE8A2A8A93055A
:10B8C00030055A85B2849740FA1FE780A0772A8412
:10B8D000CD4949C9EF607FB72A895686D285935AE8
:10B8E0008900135A0901937BF90F1305440093FA59
:10B8F000FA0F137AFA0F135989019750FA1FE7804C
:10B9000040A4A301740123015401A30044012300B6
:10B910002401EF60FFB2AA85414608089750FA1F3C
:10B92000E78020A2214734005A86A2850808EF202C
:10B93000C04FAA891DE121462C0023807401A380F9
:10B94000540123814401A3812401138544009750AD
:10B95000FA1FE780009FEF601FB022859740FA1F13
:10B96000E780807CB64026444E8596440649F259CD
:10B97000625AD25A425BB25B6161828001114AC84D
:10B980002A892E8506CE22CC26CA2EC6EFE01FEDD0
:10B9900071C5405971C4834754000947B24593F6B5
:10B9A000B70F6387E60011471305E00F6392E708BE
:10B9B000835704000945639DB706930484004146FC
:10B9C000CA8526859750FA1FE78080854146CA853B
:10B9D000130584019750FA1FE780808403473400E1
:10B9E00085469307F7FE93F7F70F63E9F60413060E
:10B9F000C4033285C14532C6EF606FF33246930609
:10BA0000C402A6852285EFF0FF828347240089CBFC
:10BA100022856244F240D244424905616F10800D94
:10BA200003473400C947E305F7FEA301F4000145CD
:10BA3000F2406244D2444249056182809307100576
:10BA40000145E317F7FE83472400FDD322856244B6
:10BA5000F240D244424905616F1040100945C9BF08
:10BA60004945F9B729CD011126CA06CE22CCAA84B0
:10BA70000945A9C10D4628002E848D059740FA1F5F
:10BA8000E780007A8347A10070002C0093F7F7034A
:10BA900093E7070426852305F100EF20601219E9DA
:10BAA0000D46A28568009750FA1FE780A0847D1597
:10BAB0003335A000F2406244D244056182800945DA
:10BAC0008280011152C42A8A32854EC656C25AC09B
:10BAD00006CE22CC26CA4AC82E8BB28AB689EFE09F
:10BAE000FFD709ED8944F240624426854249D24499
:10BAF000B249224A924A024B056182805C592A89E6
:10BB0000C544F5F34D45EF70CF9B1374F50F5145C8
:10BB1000EF702F9BE38809FC83C78901E3E487FC6E
:10BB20001375F50FE360F5FC930530051305400828
:10BB30009740FA1FE7800051232AA9022A84CD44A6
:10BB40005DD11306400881459740FA1FE780607475
:10BB5000A3010400230144012302640123105401C2
:10BB60002326340723240402A30204008144E30CA7
:10BB70000AF62285EF001072AA8435D54A85EFF0C7
:10BB8000EFAE95B7397122DC06DE26DA4AD84ED6FA
:10BB900052D456D25AD05ECE62CC66CA0944630BE8
:10BBA000061063090710AA8B3A89368BB28A2E8C4D
:10BBB000EFE0DFCA2A8A5144630E050E9305300573
:10BBC00041459740FA1FE780E047AA894D447DC16F
:10BBD0008344190083472900A204C207BE94834707
:10BBE0000900BE9483473900E207BE9483278A0286
:10BBF00063E697007D5709446399E70A63070C00E1
:10BC000083474A000544898BCDC3930C4B002146E2
:10BC100081450A85C20C9740FA1FE780806793DC54
:10BC20000C019305300566859740FA1FE780804137
:10BC30002A8C4D443DC95A86D68511059740FA1F76
:10BC4000E78020701146CA8562859740FA1FE78019
:10BC5000406F414693058A014E859740FA1FE78061
:10BC6000406E21478A866686E2854E85EF20E01B7E
:10BC70002A841DE521468A8528009740FA1FE7801F
:10BC8000406C21469305490028009740FA1FE78041
:10BC900060668547631EF502A6855E85EF70AFB8C6
:10BCA00062859740FA1FE78020484E859740FA1F2B
:10BCB000E78080472285F2506254D2544259B259EB
:10BCC000225A925A025BF24B624CD24C2161828022
:10BCD0000544F9B779719397050122D406D626D287
:10BCE0004AD04ECEC1872E8463D50704B7240020E6
:10BCF000938484B303C53400EF30DFE32AC611CD4B
:10BD0000EFF05F9DB24519E503C524009307F00FDE
:10BD1000631EF5002E85EF30DFD52165218DB250F1
:10BD2000225492540259F24945618280EF309FE8D3
:10BD3000EDB793F7150091C7EFF06FA4134514000A
:10BD4000F9BFA1E10145E1BF850493F4F40FEFE0F1
:10BD5000DFCAE3F9A4FE33959900131905011359BD
:10BD60000901B3772401EDD34A85EFE03FF3C167C2
:10BD7000FD176305F500DD45EFF02F9733452401EE
:10BD800079BF85448549E1B7B727002023A407B2CE
:10BD9000B727002023AC07B037C70500B72700201E
:10BDA0001307873A23AA07B0B727002023A6E7B2D4
:10BDB00037C705009387C7B21307470BD8C337B7F8
:10BDC00005001307C7DC98C737D70500B727002041
:10BDD0001307273423AEE7B037D705009387C7B1E1
:10BDE0001307A7EAD8C337D705001307E71898C782
:10BDF0008280B727002083C7C7B3918B89C7B72735
:10BE000000209387C7B137270020232AF7B00145C8
:10BE10008280011106CE2AC6EFF01FF73245B72700
:10BE200000209945A38DA7B2EFD0EFB0F24037B50F
:10BE300005001305A5F405616FE0DFBC1C5581C743
:10BE4000A1473E858280011122CC26CA2A84AE8475
:10BE5000130500049305300506CE9740FA1FE780CE
:10BE6000601E08D46305051013060004A6859740DC
:10BE7000FA1FE780E03A78548347270193F687005A
:10BE8000638E0610145483C62600A18A63880610A8
:10BE900083270408E9EF9305300513050010974048
:10BEA000FA1FE780201A2320A4088D4771C1A3023E
:10BEB0000400785483C714008346170081EF81EE95
:10BEC00083C72400918BDDEB83472701918BDDE74E
:10BED000854711A889C62147A302E40099C7834773
:10BEE000540093E70701A302F4006C5483C72501B3
:10BEF000858B91CF1C54054783C727008D8B639892
:10BF0000E7008347640093E717002303F4008327C7
:10BF1000040899C78347640093E787002303F4006C
:10BF20008347540005476398E70C93048400414617
:10BF3000814526859740FA1FE780A0354146814517
:10BF4000130584019740FA1FE780A0341306C40349
:10BF50003285C14532C6EF608F9D83270408324683
:10BF6000BDC72285EF00903F9307000525CDA1476F
:10BF7000F2406244D2443E850561828083C704005A
:10BF8000834607001547B387E70237E70600130724
:10BF9000876DBA97B69783C70700B1B783C61400F9
:10BFA00091C68346170099C2E14735BF83C6240076
:10BFB000D58F918B91DF83C7040083460700154717
:10BFC000B387E70237E706001307C76BD9B72285A7
:10BFD0009306C402A685EFF0EFA52285EF0090310D
:10BFE00059F5C14703550400A301F4008145EF60F2
:10BFF000FFED8147B5BF13F7870149C3C18B930498
:10C0000084004146A9CB890526859740FA1FE78021
:10C01000202141468145130584019740FA1FE7809E
:10C020004027834764001306C403328593E7470023
:10C030002303F400C14532C6EF606F8F83270408E5
:10C0400032468DC32285EF0070319307200505F13C
:10C05000A301F40079BF814526859740FA1FE78048
:10C06000402345BF9306C402A6852285EFF08F9C2E
:10C070002285EF003028CD4761DDD5BD09478545D4
:10C080006388E70093F7D70F11476397E700894567
:10C0900003550400EF609FE38347640093E7470084
:10C0A0002303F4008327040881C7930710054DB7C5
:10C0B000C54779BF8347250063830726797122D45A
:10C0C00006D626D24AD083473500130750052A8466
:10C0D000639FE706034975001306C503C1459357DF
:10C0E0003900AA97328583C4870032C6EF602F8457
:10C0F000B727002083A787D0A9C79C47B9C30325CA
:10C10000040893767900B3D6D4403246858A9305E5
:10C110000504180893E606081305050882971375A9
:10C12000F50F05E141460C081305C4029740FA1FBC
:10C13000E780000F2285EF00F01B93076005A30145
:10C14000F400B25022549254025945618280130780
:10C1500010026395E7021C550327050883D74700A3
:10C1600069EB13F7071071C7785503574701137729
:10C17000071061C393077002A301F40083473400E2
:10C1800013077002639FE70C3C5885E39305300565
:10C1900071459740FA1FE780E0EA28D819C5714633
:10C1A00081459740FA1FE780C00E2458B9C883C75D
:10C1B000A40191E72285EFF02F93238DA400285846
:10C1C000814541469740FA1FE780A00C28583D471B
:10C1D0008345A5019387F5FF93F7F70F6364F70095
:10C1E000EF50FFF4EF303FB73C58A1452398A7002C
:10C1F00013852701EF50BFF32C5803550400EF00BF
:10C20000D0409307800203550400A301F400EFE03F
:10C21000EFE4414611C58357E50013D617003E965B
:10C22000B727002003C5B7B306068545EF301FF2D8
:10C2300009BF13F7072011CB785403574701137731
:10C24000072001C79307900205BF93F707409DD7CA
:10C250007C5483D7470193F707408DD39307B002EF
:10C2600021BF13078002639BE7023C5889CB83D52B
:10C2700007010355040013862701EF00903E1C546C
:10C2800083D7470013F707202DC37854035747017E
:10C290001377072039CB93079002B5B713079002A5
:10C2A000639CE700EF602F99AA8503550400EF0017
:10C2B000503A9307A00281BF1307A0026393E704DB
:10C2C000EF60CF96AA85854701456384F5008145D7
:10C2D00005452EC6EF608F932A86B24503550400AC
:10C2E000EF00B0331C5483D7470093F707408DC746
:10C2F0007C5483D7470193F7074099CF9307B00247
:10C3000019B71307B0026399E700EF606F93AA852E
:10C3100003550400EF0070389307F0020DB58280DA
:10C32000411122C4405926C206C67C54AA8483D730
:10C33000470113F7071019C718540357470013771D
:10C3400007101DE313F7072019C7185403574700B8
:10C350001377072011EB93F707408DCF1C5483D739
:10C36000470093F707409DC793071002A301F4000D
:10C370002285EFF03FD4034734009307F0026310A7
:10C38000F702224403D52400B24092448145410182
:10C390006FE0BFB59307F002A301F400DDB7B24030
:10C3A0002244924441018280397122DC405926DACC
:10C3B0004AD84ED606DEAA89AE843289630F043C81
:10C3C00003552500835704006384A700A14429A0D6
:10C3D0008347240091EB9D44F250625426854259D4
:10C3E000D254B259216182809387E5FF93F7F70F0A
:10C3F0002D47E362F7FE37E706008A071307476F0A
:10C40000BA979C438287B2852285EFF03FA3AA8426
:10C41000E1B74146CA851305C4049740FA1FE78077
:10C4200020E022851127AA8411C1A144834734004A
:10C43000130740056397E70093079005A301F400F5
:10C4400061BF130760056395E7009307A005FDB77B
:10C45000D147EDB79309C4054E854146CA8597403B
:10C46000FA1FE780E0DB0325040855C98347340041
:10C47000130790056399E700228591279307E0054C
:10C48000A301F40059A81307A0056394E7088347A4
:10C49000740013D737002297834687009D8BB3D64D
:10C4A000F640B727002083A787D0858A93E606F851
:10C4B00093F6F60F81DF9C4791DB9305050818087A
:10C4C0004E861305050482979374F50FE39004F0EC
:10C4D00041460C081305C4049740FA1FE78080E129
:10C4E000834774004D47850793F7F70FA303F400C4
:10C4F0006377F7002285E1259307E00581B7B72729
:10C50000002003C5B7B38545EF307FA593075005DD
:10C5100035B71307C005E381E7F6814475BD1309FC
:10C5200084004E86CA8522851408EFE0BFD04146BC
:10C530009305C40408089740FA1FE780A0DBE30DC9
:10C5400005E88A861306C403CE854A85EF10900459
:10C550000DE12285EFE05FD9B72700202A8783A766
:10C5600047B303550400814601468A858297AA8411
:10C5700011C1A14493072002D1B583450600EFE025
:10C58000DF9661BF0347340093072002E315F7E409
:10C590007C5889EB9305300571459740FA1FE78079
:10C5A00060AA68D86858E30805E24146CA85974002
:10C5B000FA1FE780E0C664582285EFE0FFD2238DA2
:10C5C000A400930730026DBD034734009307300287
:10C5D000E313F7E0835706006858214693052900C6
:10C5E0002318F50049059740FA1FE78060C37C5483
:10C5F00083D7470113F7270035CB1854035747005B
:10C60000098B2DC793074002A5BD0347340093074C
:10C610004002E312F7DC3C5C81EB85455D459740C9
:10C62000FA1FE78020A228DC285CE30805EE834798
:10C6300009004146CA85230BF5009740FA1FE780A1
:10C6400020BE930750022DBD0347340093075002CC
:10C65000E313F7D8285C1946930519004105974064
:10C66000FA1FE780E0BB7C5483D74701918B9DCFB5
:10C670001C5483D74700918B95CB9307600209B573
:10C680007C5C89EB9305300551459740FA1FE780A4
:10C69000609B68DC685CE30B05D24146CA85974025
:10C6A000FA1FE780E0B77C5C7D5798CB4E85EFF0B2
:10C6B0003FC7A5B50325040813060004CA85130562
:10C6C00005049740FA1FE780A0B52285EFE0DFB2AE
:10C6D00083473400130700056395E700930740057F
:10C6E00045B313071005639CE700B727002003C577
:10C6F000B7B38545EF30BF869307500551B3130795
:10C700002005E39CE7E0B727002083A787D0E38FCD
:10C7100007CA9C47E38C07CA832504089304840056
:10C72000180893850508814626862E85829703552D
:10C7300004001008A685EF605F829307B00589B3F7
:10C74000034734009307E005E317F7C8832504087F
:10C7500041464A859740FA1FE780C0B9AD44E30DD2
:10C7600005C6032504084146CA859740FA1FE7809D
:10C7700020AB2285EFE05FB7B72700202A8783A789
:10C7800047B32C5803550400814601468297AA847A
:10C7900011C1A1449307100255B1AD47E39FF5D6EF
:10C7A00083460600835525001306650003450500F2
:10C7B000EF50FFFE9DB3894761C2DDCD2300A60087
:10C7C00083C70500A300F60083C715002301F60008
:10C7D00083C72500A301F60083C73500A302060026
:10C7E0002302F60083D74500A183858BA302F600C0
:10C7F00003D745001377072009C793E72700A30253
:10C80000F60083D7450093F7074099C78347560042
:10C8100093E74700A302F60083D74500139747012B
:10C82000635807008347560093E78700A302F6008A
:10C830002303060083C74500858B2303F60003D737
:10C840004500098B09C793E727002303F60083D728
:10C850004500918B99C78347660093E74700230300
:10C86000F60003D745008147218B19C703476600AF
:10C87000136787002303E6003E8582802E86AA8503
:10C8800005456FF05FF32E86AA8509456FF0BFF26C
:10C8900089478DC505C5411106C6AE870D47AA85D6
:10C8A0002380E7001385170041469740FA1FE78071
:10C8B0002097B24081473E85410182803E8582803B
:10C8C00089478DC505C5411106C6AE871147AA85A2
:10C8D0002380E7001385170041469740FA1FE78041
:10C8E0002094B24081473E85410182803E8582800E
:10C8F00089478DC505C5411106C6AE871947AA856A
:10C900002380E7001385170041469740FA1FE78010
:10C910002091B24081473E85410182803E858280E0
:10C9200089479DCD15CD411106C61D472380E500E1
:10C9300003570500AE872146A380E5000357050095
:10C9400021832381E5009305250013853700974057
:10C95000FA1FE780E08CB24081473E85410182802A
:10C960003E85828089478DC505C5411106C6AE87C3
:10C970002147AA852380E700138517004146974089
:10C98000FA1FE780E089B24081473E8541018280FD
:10C990003E858280894795C90DC9411106C6254744
:10C9A0002380E50003470500AE871946A380E50014
:10C9B00093051500138527009740FA1FE7804086EE
:10C9C000B24081473E85410182803E858280894711
:10C9D0008DC505C5411106C6AE872947AA852380A6
:10C9E000E7001385170041469740FA1FE780408310
:10C9F000B24081473E85410182803E8582808947E1
:10CA000095C50DC5411106C6AE873147AA8523805D
:10CA1000E70013851700130600049740FA1FE7800C
:10CA20002080B24081473E85410182803E858280E0
:10CA300089478DC505C5411106C6AE873547AA850C
:10CA40002380E7001385170041469730FA1FE780DF
:10CA5000207DB24081473E85410182803E858280B3
:10CA6000894791C909C995472380F5008347050087
:10CA7000A380F50081473E858280894791C909C915
:10CA8000AD472380F50083470500A380F50081476B
:10CA90003E85828015C55D718A8586C6A2C42A84BA
:10CAA000EFE04FF003550400B7D605000A869386E1
:10CAB000C6879D45EFE0EFE1B64026446161828084
:10CAC0000545828015C55D718A8586C6A2C42A8403
:10CAD000EFE04FED03550400B7D605000A869386B4
:10CAE00066889D45EFE0EFDEB640264461618280B6
:10CAF000054582805D71A2C49305C5022A84414622
:10CB00000A8586C69730FA1FE780807103550400B6
:10CB1000B7D605000A8693860689C545EFE06FDB28
:10CB2000B6402644616182805D71A2C49305C5034D
:10CB30002A8441460A8586C69730FA1FE780406EF0
:10CB400003550400B7D605000A869386068CC545B2
:10CB5000EFE02FD8B640264461618280B7270020DD
:10CB600083A787D0B1CB9C435D71A2C486C62A84BB
:10CB70001305E00F95CF032504089305050C130555
:10CB80000508829783250408130600040A85938507
:10CB900005089730FA1FE780A06803550400B7D650
:10CBA00005009386E69F0A8693051004EFE06FD296
:10CBB000B6402644616182801305E00F82803171A6
:10CBC00022DD2A840355050026DB06DF4AD94ED72D
:10CBD00052D556D35AD15ECF62CDEFD03FC83C5824
:10CBE000AA8489EB9305300571459730FA1FE780D9
:10CBF000604528D82858CD470DC9714681459730E2
:10CC0000FA1FE7800069032904072285EFE0CFEDD2
:10CC1000230DA9008347240037290020638A0712C7
:10CC2000832789D085E39307E00FFA506A54DA54DA
:10CC30004A59BA592A5A9A5A0A5BFA4B6A4C3E85A3
:10CC40002961828083AB0701E38F0BFC032B04086F
:10CC5000EF50CFFD2A8C0145EF504FFB83C75400A6
:10CC60003858130B0B029309C403130AC405938AA3
:10CC700064003AC0B337F0002A879308010456884D
:10CC8000B33680015286CE855A85829B1C5403C7D9
:10CC900027002307E10203C71700A306E10283C7A9
:10CCA00007002306F102832789D0B5DF03AB4701D4
:10CCB000E30B0BF683C75400B337F0003ECEEF50C2
:10CCC000EFF6AA8B0145EF506FF403270408F247F3
:10CCD0002AC03AC2B338700156887810930684008F
:10CCE0004E86D2858800029B7C5403C7270123050A
:10CCF000E10203C71700A304E10283C7070023046E
:10CD0000F102832789D003A94701EF502FF22A8B24
:10CD10000145EF50AFEF83C854009C082A883EC2FB
:10CD2000B3381001B337600138109306840152867E
:10CD3000CE8556C08800029903550400B7D6050079
:10CD4000938606A39008C545EFE0AFB8AA87F1BD6A
:10CD500083C65400832789D0032B0408B336D00040
:10CD600083AB070136CEEF506FEC2A8C0145EF50B4
:10CD7000EFE93C58F246130B0B02130AC405930962
:10CD8000C403938A64002A88930801044E86D285DE
:10CD90003EC05687B33780015A85829B1C54130BC3
:10CDA000010303C727002307E10203C71700A306F7
:10CDB000E10283C707002306F102832789D083ABF2
:10CDC000470183C75400B337F0003ECEEF500FE663
:10CDD0002A8C0145EF508FE3F2472AC0B338800117
:10CDE00056887810930684004E86D2855AC28800F1
:10CDF000829B8325040841465A859730FA1FE780B5
:10CE0000604FAD47E31205EE0DB5B7D605002E868F
:10CE10009386068FC5456FE0CFAB5D71B287A2C424
:10CE20002300B1002A84BE8513051100194686C669
:10CE30009730FA1FE780C03EB7D605000A862285E4
:10CE400093864699A145EFE0CFA8B640264461619C
:10CE50008280B7D605002E8693864696C5456FE03C
:10CE60004FA75D71B287A2C42310B1002A84BE858A
:10CE700013052100214686C69730FA1FE780403A05
:10CE8000B7D605000A86228593860692AD45EFE067
:10CE90004FA4B640264461618280B7D605002E8635
:10CEA0009386E69CC5456FE0CFA2797122D406D661
:10CEB00026D283473500130730052A846384E708A8
:10CEC000130750056396E7089307A005A301F50033
:10CED00083477500C14513D737002A9783468700DB
:10CEE0009D8B1305C503B3D6F640858A93E606F8F5
:10CEF00093F6F60F36C6EF508FA3B246B727002041
:10CF000083A787D09DCB9C478DCB032504081808A9
:10CF10001306C403930505041305050882971375CA
:10CF2000F50F01ED1305C40241460C089730FA1FB6
:10CF3000E780002F2285EFF0FFBBB25022549254BD
:10CF40004561828093079005A301F50081467DB776
:10CF5000130710026396E7027C550327050883D761
:10CF600047016316070E13F717006302070E1855E3
:10CF700003574700058B61CF93072002A301F400FC
:10CF80008347340013072002639DE70E3C5889EB6A
:10CF90009305300571459730FA1FE780A00A28D81D
:10CFA0002458C9C02285EFE02FB4238DA40028584F
:10CFB000814541469730FA1FE780A02D28583D470C
:10CFC0008345A5019387F5FF93F7F70F636DF7028C
:10CFD000B727002083C737D1D5C34146814508080C
:10CFE0009730FA1FE780E02AB7250020194693857D
:10CFF000C5A008089730FA1FE780802230580C0837
:10D000002E85EF90401FEF201FD53C58A145239857
:10D01000A70013852701EF508F912C58035504006A
:10D02000EFF0BFDE9307300203550400A301F400C4
:10D03000EFD0DF82414619C10356E500B727002033
:10D0400003C5B7B306068545EF304F90FDB513F71E
:10D05000270009CB185403574700098B01C79307D2
:10D06000400229BF918BE38D07F01C5483D7470002
:10D07000918BE38707F09307600209B7EF502F8B7E
:10D0800059B713073002639AE7023C5889CB83D51E
:10D0900007010355040013862701EFF09FDC7C5441
:10D0A00083D7470113F7270021CF185403574700B0
:10D0B000098B39C79307400285BF13074002639C61
:10D0C000E700EF504FB7AA8503550400EFF07FD873
:10D0D0009307500291BF130750026390E704EF508B
:10D0E000EFB40DE9814505452EC6EF502FB22A86D3
:10D0F000B24503550400EFF05FD27C5483D747015B
:10D10000918B9DC71C5483D74700918B95C3930780
:10D11000600219BF85450145C1BF130760026399CD
:10D12000E700EF50EFB1AA8503550400EFF0FFD6FA
:10D130007C540327040883D7470119EF13F707101E
:10D1400001CF1854035747001377071011C79307EF
:10D150007002A301F400D5B313F7072011CB1854C4
:10D16000035747001377072001C793079002D5B7ED
:10D1700093F7074091CB1C5483D7470093F70740A0
:10D1800081C79307B002F1B79307F002D9B739719D
:10D1900022DC26DA4ED652D406DE4AD8AE89328A4E
:10D1A000AA84EFD0AFEB4059414681450A859730BC
:10D1B000FA1FE780000E25C803590400631599067D
:10D1C0000347340093071002631FF7028327040804
:10D1D00099CF2C58A9C94A85EF10900A0545F250FD
:10D1E0006254D2544259B259225A216182808A86AD
:10D1F0001306C4059305C40313058400EF0090399A
:10D200001DE18A85C9BF2C5899CD83D70501639C40
:10D2100047012146C9054E859730FA1FE780800DEA
:10D2200019C12C584DBF2685EFD04FE32A84054500
:10D230005DD44C54A1C983D70501639547052146A8
:10D24000C9054E859730FA1FE780C00A8547631BE2
:10D25000F502B727002083C7378091C74C5483C796
:10D26000B501639BA70CBD452685EF10E07BB72772
:10D27000002083A7079C0145BDD31D4589458297A2
:10D280000145B1BFB727002003C747D1B729002008
:10D2900093890999058B3E8931C3B727002003473D
:10D2A000540083C7C7D0631BF702B7250020194677
:10D2B0009385D5D0130564009730FA1FE78080036B
:10D2C0008547631DF50083A7090381C791451D4567
:10D2D0008297BD452685EF10207509B737270020B6
:10D2E000034737D183A7090331CB034749D1098BC2
:10D2F00009CB81C795451D4582972685EF1080781B
:10D30000F1BD81C78D451D4582974146814508087D
:10D310009730FA1FE780E0F7B7250020194693857C
:10D32000C5A008089730FA1FE78080EF0C082E850B
:10D330000A86EF80506C8A85268579BD8545C5FFB4
:10D340006DBF797122D440594AD04ECE52CC06D608
:10D3500026D2AA892E8A3289630D046A03552500D4
:10D3600083570400638CA700A144B2502254268541
:10D3700002599254F249624A4561828083442400F2
:10D3800099C09D44DDB79387F5FF93F7F70F3147B9
:10D39000E369F7FE37E706008A0713074772BA9773
:10D3A0009C4382871C54E9F3930530051305000460
:10D3B0009730FA1FE78000C908D45DD503470900FC
:10D3C000914763F4E7008D444DB703471900854743
:10D3D000E3EBE7FE13060004CA859730FA1FE780E7
:10D3E00020E40C547054A3020400D4415C4A858AA2
:10D3F000FD8E83574601F99BD58F231AF600D8413D
:10D40000544AF59B0583058B8582F98E8606DD8E51
:10D41000231AD600DC41584AED9A8983858B09830B
:10D420007D8F0A07558F231AE600D4415C4A5D9B25
:10D430008D82858A8D83F58F8E07D98F231AF6000A
:10D44000D841544A93F7F7EF2183058BA182F98ED7
:10D45000A206DD8E231AD600DC41584AA583858BAF
:10D4600025837D8F9317970013F7F6DF5D8F231ABF
:10D47000E600D4415C4AA982858AA983F58F9396F8
:10D48000A7009377F7BFD58F231AF600D441584AE7
:10D49000AD82858A2D83758FFD769386F67F2E0764
:10D4A000F58FD98F231AF600834726010325040838
:10D4B000A18B6387071083C72500A18B63820710A8
:10D4C000E31405EA93053005130500109730FA1FA1
:10D4D000E78040B72320A408E30705EE7C54A302AD
:10D4E00004000347190083C6170089EA45C3834730
:10D4F000540093E70701A302F40029A0A147A30267
:10D50000F40075F72285EFF0EFDB6C5483C725013B
:10D51000858B81CF1C5483C727008D8B99C7834788
:10D52000640093E717002303F4008327040899C7D6
:10D530008347640093E787002303F4008347540084
:10D5400005476393E70C41468145130584009730F6
:10D55000FA1FE78000D441468145130584019730C6
:10D56000FA1FE78000D3C1451305C403EF403FBC59
:10D57000032704089307000511E3C147035504007E
:10D58000A301F4008145EF507F94C5B303C7270181
:10D59000118B19E703472900118B19E38547A1BFB8
:10D5A00083C70700154783460900B387E70237E7BB
:10D5B00006001307876DBA97B69783C7070025BF84
:10D5C00019C59730FA1FE78020B6232004087C5441
:10D5D00003C7170011C70347190019C3E14721BF4B
:10D5E00003C72701118B09E703472900118B5DD77A
:10D5F00083C70700154783460900B387E70237E76B
:10D6000006001307C76B45BF13F7870131CFC18BE6
:10D61000130584004146A9C389059730FA1FE780A6
:10D6200020C041468145130584019730FA1FE780E9
:10D6300040C683476400C1451305C40393E7470010
:10D640002303F400EF40BFAE8327040881CF930784
:10D650002005A301F40011BB81459730FA1FE78034
:10D6600040C3C1B7CD47F5B7094789456386E70091
:10D6700011476398E700854503550400EF501F8567
:10D6800021A01947E389E7FE8347640093E7470039
:10D690002303F4008327040881C79307100555BFAF
:10D6A000C54745BF4146CA851305C4049730FA1FD4
:10D6B000E78000B78347340013076005639CE700E9
:10D6C000B727002003C5B7B38545EF205F899307CF
:10D6D000500541B745476383E7029306C40213062A
:10D6E000C403930584002285EFD0DFB42285EFF0D8
:10D6F0006FC0AA8411C1A144D147A1BFC94791BF3E
:10D700009309C4054E854146CA859730FA1FE780C4
:10D7100020B10325040861CD834734001307900529
:10D720006398E7002285EFF02FC09307E00515B757
:10D730001307A005639EE706B727002083A787D0BD
:10D74000E38107C403A88700E30D08C28347740080
:10D75000930505084E8613D7370022978346870026
:10D760009D8B0A87B3D6F640858A93E60608130593
:10D770000504029841468A851305C4049730FA1FB0
:10D78000E78040B711E1D2842285EFF0EFB98347FB
:10D790007400CD461307E005850793F7F70FA30341
:10D7A000F40063E4F60013076005A301E40075BE0E
:10D7B0001307C005E39BE7BAB727002083A787D0EC
:10D7C000E38107BC9C47E38E07BA9305050813095C
:10D7D00084000A8781464A862E8582970355040075
:10D7E0000A86CA85EF506FF79307B0059DB58A8604
:10D7F0004E86930584002285EFD0DFA34146930532
:10D80000C4040A859730FA1FE780C0AE8547D284EA
:10D81000E31DF5B42285EFF02FB1AA84E31605B419
:10D82000930710023DB50347340093077002E31AD3
:10D83000F7B47C5889EB9305300571459730FA1F92
:10D84000E780408068D86858E30D05B2CA85414634
:10D850009730FA1FE780C09C032944072285EFD048
:10D86000BFA8230DA90093078002E5B30347340046
:10D8700093078002E317F7B08357060068582146E4
:10D88000930529002318F50049059730FA1FE78012
:10D8900020997C5483D7470113F7072025CF1854CC
:10D8A000035747001377072035C79307900255B3F6
:10D8B0000347340093079002E315F7AC3C5C89EB17
:10D8C000930530055D459720FA1FE780A07728DC97
:10D8D000285CE30805AA4146CA859730FA1FE7800D
:10D8E00020949307A002B5B3034734009307A00226
:10D8F000E319F7A883470600285C19469305190029
:10D90000230BF50041059730FA1FE78060917C54A6
:10D9100083D7470193F70740B1C71C5483D747000B
:10D9200093F70740A1C39307B00225B30347340020
:10D930009307B002E317F7A47C5C89EB93053005ED
:10D9400051459720FA1FE780E06F68DC685CE30DC3
:10D9500005A04146CA859730FA1FE780608C7C5C41
:10D960007D5798CB03D529008145EFD00FD8F5BA64
:10D97000034734009307F004E3F8E79E0325040807
:10D98000E304059E13060004CA85130505049730B9
:10D99000FA1FE780E0882285EFF04F9CAA84228559
:10D9A000EFD09F858347340013070005639FE7008E
:10D9B000B727002003D6E90003C5B7B3854506069F
:10D9C000EF20CFF89307300569B113071005639571
:10D9D000E70093076005B5B913072005E397E798BB
:10D9E0009307C005BDB1034734009307E005E31D6D
:10D9F000F796032504084146CA859730FA1FE78049
:10DA000020822285EFF0AF9BAA8419BD83450600D2
:10DA1000A9BF85478144E39AF594032846008347CC
:10DA2000360003472600834616008355250003462B
:10DA300006000145EF405FCD0DBA8147C14633076F
:10DA4000F500B388F5000347070083C808003308D2
:10DA5000F6008507334717012300E800E391D7FE5E
:10DA600082800147BD471308F00F3306F500834657
:10DA70000600B388F500FD178606558F2380E80061
:10DA80000347060093F7F70F1D83E39007FF82809B
:10DA90008147930800F8414893F6F70F3387F50064
:10DAA00063FCC600B306F50083C606002300D7005A
:10DAB0008507E39307FF82806395C6002300170163
:10DAC000C5BF23000700EDB701114AC856C22E8911
:10DAD000AA8A93053005414506CE22CC26CA4EC6F9
:10DAE00052C4328A9720FA1FE780C055AA84930552
:10DAF000300541459720FA1FE780C0542A84CD495C
:10DB0000A5C431CD414681459720FA1FE780607852
:10DB10002686A2855685EF80006EAA8929E1838733
:10DB2000040063D30706A2852685EFF09FF3B7E5CF
:10DB300006004A86938585752285EFF01FF08307DE
:10DB4000090063D80704A2854A85EFF09FF1B7E585
:10DB500006005286938585752285EFF01FEE268597
:10DB60009720FA1FE780405C11C422859720FA1F96
:10DB7000E780805BF24062444E85D2444249B2491C
:10DB8000224A924A05618280CA852685EFF07FEDA0
:10DB90007DB7D2854A85EFF0DFECD1B781474146AA
:10DBA000B306F5003387F5000347070003C80600F6
:10DBB0008507334707012380E600E393C7FE828091
:10DBC000011126CA4EC6AE84AA89930530051305F5
:10DBD00000034AC806CE22CC32899720FA1FE7807C
:10DBE00060462DC51306000381452A849720FA1F3D
:10DBF000E780206A4146CE8522859720FA1FE7807C
:10DC00004074A6850D461305D4019720FA1FE780BE
:10DC1000407313060402930504012285EF80A05D82
:10DC2000AA840D469305D4024A859720FA1FE780FF
:10DC3000407122859720FA1FE780004FF24062442E
:10DC400026854249D244B24905618280CD44FDB760
:10DC50005D714EDE62D4AE892A8C930530051305C2
:10DC60000003A6C2CAC052DC56DA5AD85ED686C6AF
:10DC7000A2C4B28B368BBA84BE8A4289468A972068
:10DC8000FA1FE780203C6305051013060003814559
:10DC90002A849720FA1FE780C05F4146E2852285EB
:10DCA0009720FA1FE780E069414681450A85972061
:10DCB000FA1FE780005E1D46DE850A859720FA1F61
:10DCC000E78020681D46DA85130571009720FA1F4A
:10DCD000E780206733392001B33490004146814505
:10DCE000080823072101A30791009720FA1FE78066
:10DCF000405A1946D68548089720FA1FE780606485
:10DD00001946D2851305A1019720FA1FE7806063A9
:10DD1000930404014146CE8526859720FA1FE780AB
:10DD200040628A852685EFF07FE7930904024E86DC
:10DD3000A6852285EF80204C2A890DE94146CE85B3
:10DD400026859720FA1FE780A04D0C082685EFF066
:10DD5000FFE44E86A6852285EF80E0492A89464564
:10DD60004146CE859720FA1FE780A05D2285972047
:10DD7000FA1FE780603BB64026444A859644064930
:10DD8000F259625AD25A425BB25B225C6161828074
:10DD90004D49D5B7011126CA52C4AA842E8A13054B
:10DDA0000003930530054AC84EC606CE22CC328900
:10DDB000B6899720FA1FE780E02835C52A84A68512
:10DDC00041469720FA1FE780C0579304040121467B
:10DDD000D28526859720FA1FE780A056CA8521465E
:10DDE000130584019720FA1FE780A0551309040248
:10DDF000A6854A862285EF800040AA844146CA85CE
:10DE00004E859720FA1FE780C05322859720FA1F7E
:10DE1000E7808031F240624426854249D244B249CB
:10DE2000224A05618280CD44F5B739715AD05ECE61
:10DE30002A8BAE8B41459305300506DE26DA52D497
:10DE400056D262CC66CA6AC8368C328DBA8C22DC55
:10DE50004AD84ED69720FA1FE780C01EAA8A93059B
:10DE6000300541459720FA1FE780C01D2A8ACD441E
:10DE7000638E0A0859C52A86D6855A85EFF0DFC415
:10DE8000AA8441E19305300541459720FA1FE780B8
:10DE9000601B2A899305300541459720FA1FE780CA
:10DEA000601AAA89630A090E6306050E1304FD00B1
:10DEB00011841376FD0049C07D144204418035EE83
:10DEC000131544004E86D6855E95EFF01FB7414688
:10DED00081454A859720FA1FE780A03B014D9317A3
:10DEE0000D01C18363F48708BDC04A859720FA1FDE
:10DEF000E7808023638709004E859720FA1FE7801B
:10DF0000A02256859720FA1FE780002263070A00A7
:10DF100052859720FA1FE7802021F250625426850F
:10DF20004259D254B259225A925A025BF24B624C75
:10DF3000D24C424D216182800144131544008A85F0
:10DF40005E95EFF0FFB44E86D2850A85BDBF93156E
:10DF50004D000A86DE954A85EFF03FAE4A868A85F7
:10DF60005A85EF804029AA84050D95BFBDFC0A861D
:10DF7000CE854A85EFF07FAC4A868A855A85EF8048
:10DF80008027AA846686CA8562859720FA1FE78063
:10DF90002029A1BFCD4491BFCD44A9BF397162CC26
:10DFA0002A8C594526DA4AD84ED652D456D25AD05F
:10DFB0005ECE06DE22DCAE8B328BB68A3AC63E8A55
:10DFC000C289468983440104EF10DFAF49C19167DC
:10DFD000938717E92310F50085472301F5002A846C
:10DFE00032472105630C0C0493071003A301F400CE
:10DFF000194681459720FA1FE780A0292303640171
:10E00000A3035401230A940023127401231744012B
:10E010002318340123192401A285B7270020625454
:10E02000F250D2544259B259225A925A025BF24BE0
:10E03000624C03C587B321616F10DFB7A3010400F1
:10E040001946BA859720FA1FE780801D45BFF25018
:10E050006254D2544259B259225A925A025BF24B3C
:10E06000624C21618280011122CC2A84314506CE86
:10E070002EC632C436C23AC0EF10DFA429C1916760
:10E08000938717E92310F500B245224692460247CE
:10E090008D472301F500A30185006244B7270020C6
:10E0A0002312B5002313C5002314D5002315E50062
:10E0B000F240AA8503C587B305616F10BFAFF24078
:10E0C00062440561828001114AC82A89394526CAFD
:10E0D00006CE22CC2EC6B284EF10DF9E31C1B245EF
:10E0E0009167938727E92310F50091472301F500F5
:10E0F000A30125012312B5002A84A685190521460E
:10E100009720FA1FE780C011A285B727002062443C
:10E11000F240D244424903C587B305616F109FA9FD
:10E12000F2406244D24442490561828001114AC8EA
:10E130002A89414526CA06CE22CC2EC6B284EF10CB
:10E140007F9829C19167B245938727E92310F5008D
:10E1500095472A842301F50023122501214619053C
:10E160009720FA1FE780C00BA28523179400B727DA
:10E1700000206244F240D244424903C5B7B305616E
:10E180006F105FA3F2406244D2444249056182802D
:10E19000011122CC2A84394506CE2EC632C436C29D
:10E1A0003AC0EF103F9229C19167938717E9231076
:10E1B000F500B24522469246024799472301F500F1
:10E1C00023128500B727002062442313B5002314CF
:10E1D000C5002315D5002316E500F240AA8503C526
:10E1E00087B305616F101F9DF24062440561828014
:10E1F000797122D406D62A842EC632C436C23AC0D9
:10E20000EFC0CFE51DC1B245224692460247231C0E
:10E21000B100231DC1002C081306F00F2285231E18
:10E22000D100231FE100EFC06FD3B25022544561EB
:10E230008280011122CC2A84394506CE2EC632C4F2
:10E2400036C23AC0EF101F8829C19167938717E93A
:10E250002310F500B2452246924602479D4723010E
:10E26000F50023128500B727002062442313B50070
:10E270002314C5002315D5002316E500F240AA8516
:10E2800003C587B305616F10FF92F24062440561D8
:10E2900082805D712AC613052002CAC04EDE52DCA0
:10E2A00056DA5AD85ED662D466D26AD086C6A2C47E
:10E2B000A6C26ECE2E8CB28B368B3AC43E8DC28CEB
:10E2C000C68A035A01058359410503498105EF10A8
:10E2D0006FFF69C591663243938616E9A9472A8480
:10E2E0002310D5002301F500930DE40021059304CC
:10E2F00044012247630D030693071003A301F400B2
:10E30000194681459720FA1FE780A0F819468145F4
:10E310006E859720FA1FE780C0F71946814526854C
:10E320009720FA1FE780E0F623037401A30364013A
:10E330002300240323128401231D5401231E4401BE
:10E34000231F3401A285B72700202644B6409644F7
:10E350000649F259625AD25A425BB25B225C925C25
:10E36000025DF24D03C587B361616F10BF84BA854A
:10E37000A301040019469720FA1FE78060EAEA85A6
:10E380006E8519469720FA1FE78080E91946E685D1
:10E3900026859720FA1FE780A0E879B7B640264483
:10E3A00096440649F259625AD25A425BB25B225CE9
:10E3B000925C025DF24D61618280011122CC2A845F
:10E3C000214506CE2EC632C436C2EF10AFEF15CDB2
:10E3D000224692469167938717E92310F500B245CC
:10E3E000B1472301F500A30185002303C500A30362
:10E3F000D5006244B72700202312B500F240AA8559
:10E4000003C587B305616F10EFFAF24062440561FE
:10E41000828041110D4506C6EF10CFEA0DC5930766
:10E4200010F92300F5009307E003A300F500C547AA
:10E430002301F500B7270020B240AA8503C587B3A2
:10E4400041016F102FF7B24041018280011122CCAF
:10E450002A84294506CE2EC632C436C2EF108FE676
:10E4600015CDB24592469167938717E92310F500C1
:10E470002246C9472301F5002302B500A301850008
:10E480002304D5006244B72700202313C500F240BF
:10E49000AA8503C587B305616F10CFF1F2406244CE
:10E4A0000561828001114AC82A892D4526CA06CEF7
:10E4B00022CC2EC6B284EF10EFE029C5B2459307F7
:10E4C00010F92300F5009307E003A300F500CD4702
:10E4D0002301F500A30125012302B5002A84A685A6
:10E4E000150519469720FA1FE78080D3A285B72724
:10E4F00000206244F240D244424903C587B305611B
:10E500006F104FEBF2406244D24442490561828071
:10E51000011122CC2A84214506CE2EC6EF108FDAB7
:10E5200005C9B2459167938717E92310F500D147D4
:10E530002301F5002303B50023128500B72700202F
:10E540006244F240AA8503C587B305616F108FE668
:10E55000F240624405618280011122CC2A84214567
:10E5600006CE2EC632C4EF10EFD51DC52246B245E9
:10E57000930710592310F500230185002303C500DC
:10E580006244B72700202312B500F240AA8503C5D4
:10E5900087B305616F100FE2F2406244056182802B
:10E5A000011122CC2A84214506CE2EC632C4EF109A
:10E5B0006FD11DC922469167938727E92310F50083
:10E5C000B245A1472301F50023038500A303C5003D
:10E5D0006244B72700202312B500F240AA8503C584
:10E5E000B7B305616F100FDDF240624405618280B0
:10E5F000011122CC2A84314506CE2EC632C436C241
:10E600003AC0EF102FCC15CD22468567B245924611
:10E610000247938717C92310F500230185002303C0
:10E62000C5006244B72700202312B5002314D5008B
:10E630002315E500F240AA8503C587B305616F1075
:10E640006FD7F240624405618280011126CAAE8410
:10E650004AC82A891385C40006CE22CC32C6EF10E0
:10E660006FC61DCD8567938717E9B2452310F50066
:10E6700023019500231225012A84310508C426862A
:10E680009720FA1FE780C0B9A285B727002062440F
:10E69000F240D244424903C587B305616F108FD160
:10E6A000F2406244D244424905618280011122CC89
:10E6B0002A84194506CE2EC6EF10CFC005C985673E
:10E6C000938717F92310F500B2458547A301F5009C
:10E6D000230185006244B72700202312B500F240D1
:10E6E000AA8503C587B305616F10CFCCF2406244A1
:10E6F00005618280411122C42A840D4506C6EF10AF
:10E700006FBC05C5930710F92300F500E947A30086
:10E71000F500230185002244B7270020B240AA85D6
:10E7200003C587B341016F10EFC8B24022444101D5
:10E730008280011122CC2A84214506CE2EC6EF10FC
:10E740006FB80DC99167938727E92310F500B2458B
:10E75000930700032301F500230385006244B727D4
:10E7600000202312B500F240AA8503C5B7B30561A6
:10E770006F104FC4F240624405618280011121454F
:10E7800006CE2EC632C4EF10EFB305C98567B24579
:10E790002246938707392310F50085472301F500AA
:10E7A000B72700202312B5002313C500F240AA8525
:10E7B00003C507AA05616F10EFBFF24005618280B3
:10E7C000397122DC1304F5FF4AD852D456D25ECEFA
:10E7D000420406DE26DA4ED65AD0894B2A8A32897E
:10E7E000B68A418063967515B72B002083C70B89C5
:10E7F0005E8B89448DCF83C9160083C70600914480
:10E80000A209B3E9F900B727002083D7079AF517C3
:10E8100063DFF9009307C6FF639DF90831452EC6F3
:10E82000EF104FAA2A84B24519ED9304F00FF2506D
:10E83000625426854259D254B259225A925A025BE6
:10E84000F24B216182804209135909012302B5006C
:10E8500023132501930700F91509A1652310F5007D
:10E860002311450185054A859710FA1FE780807DB1
:10E8700008C415C983C70B899385EAFF135629007D
:10E88000FD172388FB889720FA1FE780409D1C44D2
:10E89000A28589071CC4B727002003C507AAEF106B
:10E8A0006FB1814469B722859720FA1FE780C0873E
:10E8B000ADBF9307D6FFE3CAF9F6B1473304F402BC
:10E8C000B724002083A744AAA29703C7A70019C7AB
:10E8D000884309C59720FA1FE78000851385490002
:10E8E000A16542058505418103AA44AA9710FA1F34
:10E8F000E780407583A744AA229A2320AA00A29702
:10E90000884305D505472385E70083470B894A8659
:10E91000D685FD172308FB889720FA1FE7804090D3
:10E9200083A744AA3E94231324012312340195BFE4
:10E930008547E39CF5EEB1473304F402372B002002
:10E9400083274BAADA89A29703D76700884345CB70
:10E9500083D74700B306C700910763C2D70A3A9529
:10E96000D6859720FA1FE780A08B03274BAA814406
:10E97000229783576700CA97C207C1832313F70002
:10E98000035747001107E394E7EA3145EF108F93EF
:10E99000AA8521C1930700F92310F50083274BAA0C
:10E9A0002302750123114501A29703D767009C43F9
:10E9B0002313E5001CC5B727002003C507AAEF10E5
:10E9C0006F9F83274BAA3E94231304002305040062
:10E9D000B9BD83274BAAA297884311C99710FA1F84
:10E9E000E780807483274BAAA29723A0070083A700
:10E9F00049AA3E9423130400230504005DB511C900
:10EA00009710FA1FE780407283A749AAA29723A014
:10EA1000070083A749AA85443E94231304002305D5
:10EA2000040031B56FA0B0136FA0F0146FA0903D3B
:10EA30000545828005458280411106C6EFA0F0138E
:10EA4000B2400145410182806FA070166FA09018FE
:10EA50006FA0D01B6FA0F01D6FA0F01F6FA0F02162
:10EA60006FA0F0236FA0F0256FA090276FA09029D2
:10EA70008347160003460600A2075D8E6FA0D02ACA
:10EA80006FA0102C6FA0D02E6FA090316FA07034AB
:10EA90006FA0703A6FA0903C6FA0B03E6FA0D040C6
:10EAA0006FA0F0426FA0104503430100030E410028
:10EAB000834E8100034FC100834F01018342410116
:10EAC000834381017EC816CA1ECC7AC676C472C240
:10EAD0001AC06FA030446FA030496FA0504B6FA098
:10EAE000704D0545828005458280054582806FC056
:10EAF000E05105458280054582806FC00058B7E629
:10EB000006008147938686761308F00F3387F60058
:10EB1000034607001317060141836364E50063138E
:10EB20000601828003D605006365C7002390E500D7
:10EB30008280850793F7F70FD1BF411193970501A5
:10EB400022C406C626C2C1872E8463D50702EF0001
:10EB50007FFEAA8409CD83470500054793C70708B0
:10EB60006364F700EF5030342685EF009FF0216595
:10EB7000218D21A893F7150091CFB727002083A7F7
:10EB8000C7BA91C3829713451400B24022449244FD
:10EB90004101828093F7250091CBB727002083A7FE
:10EBA00007BB91C3829713452400C5B793F785002F
:10EBB00099CBB727002083A7C7BBFC5791C3829787
:10EBC00013458400D9B793F7450099CBB7270020A8
:10EBD00083A7C7BBBC5791C382971345440075B741
:10EBE00093F7050281CFB727002083A707BD83A72E
:10EBF000070991C382971345040241BF93F70501AA
:10EC000081CFB727002083A707BD83A7C70891C37B
:10EC100082971345040195BF939725010145E3D6DB
:10EC200007F6B7270020938787B483C6770003C60B
:10EC3000670083C5570003C54700EFA0704409650E
:10EC400005BF411126C2B7240020B72700201306B4
:10EC50000012814522C42A84138584B406C623A6E3
:10EC600007C64AC09710FA1FE780A0620145EF204F
:10EC7000400B0145EF202012B7270020A38D87927B
:10EC8000B707D707138484B4B1075CC8B7C70C0CA7
:10EC9000938717131CCCB7C7D707938717135CCC80
:10ECA000F177938717132310F40281477D47232EB2
:10ECB000F40C8327840C232CE40C5D671307F71FE7
:10ECC00037290020D98F130909992324F40C23280C
:10ECD000F40C8347E9000327C40CA30C0402A30A25
:10ECE000F40AA30EF40AF977FD17231FF40E23107C
:10ECF000F410FD472301F41093073030231DF40274
:10ED0000231EF402232AE40CEF103FC99307C01C12
:10ED10002319F4068357490003570901A301A400EE
:10ED2000A983A30EF4069306B00F938784B463F40B
:10ED3000E6001307B00F93150701C1811386E500A4
:10ED400093163600C206C1822395E7022397E70295
:10ED50002396D7022398D7026D45938484B463F336
:10ED6000A5006D472391E40293058014368763F470
:10ED7000B600130780142392E7022394E7020547A5
:10ED8000A38FE702370703001307C71CB8C3370771
:10ED900016000E061307079023A207042393C70249
:10EDA000D8DBEF703055EF30B02FEF70600B22449E
:10EDB000B2409244024941016F50D067397122DC60
:10EDC0003704400026DA4ED6AE84AA899305E4FFC4
:10EDD000054506DE4AD8EF103FC5498C13170401DC
:10EDE000418321839317840013590401D98F23167B
:10EDF00001001379F90F10088A854E852317F10059
:10EE0000A306210102C002C202C402C802CA02CC87
:10EE100002CEEF70403E8347E1010347D101A38159
:10EE20008400A2074207BA970347F1012180238299
:10EE30008400BA97F25062542380F40013D78700FD
:10EE4000C183A3822401A380E4002381F4004259FA
:10EE5000D254B25921618280B72500203725002085
:10EE6000011119469385859A130585C206CE22CCD9
:10EE700026CA4AC891644EC69710FA1FE780403AE6
:10EE80009385F4FF0145EF10FFB72A84FD55014536
:10EE9000EF109FB9A287FD147D5933F79700B36631
:10EEA000E500D5CA631425016307970A37240020BB
:10EEB000130784B42308F70EA18393E707FC916935
:10EEC000C1642326A70EA308F70E130484B4FD190A
:10EED000FD14CE850145EF10FFB22A89FD5501458D
:10EEE000EF109FB4B3672501EDD7FD576314F5000C
:10EEF000E30139FF93570501230AF40E9357850167
:10EF0000A30AF40E8317040E2319A40E230B240F57
:10EF10004205135989001379F9034185A30B240F86
:10EF2000658DE58F6312F5020317440F8317240ED6
:10EF3000658FE58F631AF7000317640F8317440E7C
:10EF4000658FE58FE307F7F8F2406244D244424907
:10EF5000B24905618280A6850145EF10BFAA2A84C7
:10EF6000FD550145EF105FACA28705BF411126C2D8
:10EF7000B724002006C622C44AC0938784B403C7BE
:10EF8000E70383C7F703636AF70001442285B240B1
:10EF9000224492440249410182802A89930510202B
:10EFA000130580079710FA1FE780C0092A8471DDD6
:10EFB000130680078145938484B49710FA1FE78075
:10EFC000402D63150900C1572302F400BC48A1EF8E
:10EFD000E0C4A0C8E0C8232004008547238FF402C2
:10EFE0008547A302F400930700F9A303F400B727B1
:10EFF0000020938747C89853DC5338C47CC4FD571E
:10F000002309F400B727002003C5479A2302A4066A
:10F01000EF70004583472406A308A40093E7370058
:10F020002301F406A5B7FC4880C3E0C823200400F0
:10F0300083C7E40385075DB78347A501411122C457
:10F0400006C69907A306F5003C4511472306E500CF
:10F050002380E7003C450347D5002A84A380E700CE
:10F0600083471503858B91E7034705038947631998
:10F07000F70038448347070093E707042300F700AD
:10F08000284493052403194609059710FA1FE780C1
:10F09000201928440356A4010C5421059710FA1F87
:10F0A000E7800018930730F9A303F400B24022442C
:10F0B0004101828041114AC037290020930789B459
:10F0C00083A7C70A06C622C426C299E3054515AA26
:10F0D000AA84130989B4EF70C05D8327C90A829797
:10F0E000EF30C0572A847DD19C50EC442324F5088E
:10F0F00003C774009307A009631BF710854723001B
:10F10000F51483C7F4052303F514A303F51483C78B
:10F11000F50003C705010148A2074207BA9703C7D4
:10F12000E5001546F905BA9703C735FF13058413A3
:10F130006207BA97232CF40883C755FF03C765FFFE
:10F14000A2074207BA9703C745FFBA97232EF408D0
:10F1500083C775FFA30BF40283C795FF03C785FF21
:10F16000A207D98F231CF40283C7B5FF03C7A5FFED
:10F17000A207D98F231DF40283C7D5FF03C7C5FF9C
:10F18000A207D98F231EF40283C7F5FF03C7E5FF4B
:10F19000232E0413A207D98F231FF4028147232CA7
:10F1A000F4129710FA1FE780A007F844834737024C
:10F1B000FD8BA30AF40203473702ED1793F7F70F0D
:10F1C00015832308E4022D476368F7028357A403DD
:10F1D00005679306A7C7E917C207C18363EEF60068
:10F1E0008356C4039307301F63E8D7008357E403B3
:10F1F000130707C8637EF70203558400EF3080626F
:10F200000145B24022449244024941018280832751
:10F21000090D13971701E35C07EEBC4403C7070011
:10F2200083C70500F98F9583858B2300F514C5B539
:10F230008327090B228582978327890D0355840034
:10F24000294693F7072091E3054693050008EF5000
:10F25000005F8327090D13971701635907000355B2
:10F260008400514693050008EF50605D8327C90470
:10F27000BC4B13974700E35B07E403C54400A38935
:10F280000400494693050008EF50605B81B5B7273D
:10F29000002083C797B4411122C406C626C24AC0C3
:10F2A0002A848DEB0347C40085476316F70E834716
:10F2B000940303471404858B631DF70C19469305CB
:10F2C00024041305A4039710FA1FE780A002B334A7
:10F2D000A00091A883471504CDC783477504130781
:10F2E000000493F7070C639EE708485521C51309EE
:10F2F0002404CA851305A502EF5080668547AA84B9
:10F30000631AF502485489472300F4048347350003
:10F310001946CA8593E72700A300F4045105971006
:10F32000FA1FE780E0EFB24022442685024992446A
:10F33000410182800347C40085476304F704834783
:10F34000C405918B9DEF8347840385EF1305040467
:10F350009720FA1FE78060D048D405C5894723006D
:10F36000F4048347350019469305240493E72700E6
:10F37000A300F40451059710FA1FE78060EA854462
:10F380005DB783478403898B91DF5C5483C7170083
:10F3900091FB814449BF8347C405918B89FB834717
:10F3A000940013F717000DC38346F4000D47639DC7
:10F3B000E60028406C402244B24092440249410198
:10F3C0001723FA1F670043CD898BD5DB0347F40071
:10F3D0009547E316F7FAF1BF4111B727002022C481
:10F3E00006C6938787B423880706930710F9A303FB
:10F3F000F500B727002003A487C60DC0B72700205B
:10F4000003C5B7938545EF100F8C9307102733057D
:10F41000F50222832244B24041010283B2402244D9
:10F42000410182808347650199C7034765006314E2
:10F43000F7006FF07FFA0347550111CF834665004F
:10F440006382E6022303E500B727002003C5B793D4
:10F4500089456F00DFB0F1DF0347650079FB2303C7
:10F46000F500DDB7F9D7E5BF6C45314783C7150017
:10F4700093F7F7032307F5006386E7009307000877
:10F480003E85828083C705000D47BD8BA307F5002D
:10F49000E396E7FE41114AC01309250322C4194629
:10F4A0002A84A1054A8506C626C29710FA1FE7805E
:10F4B00060E491470DC56C4413052404194683C7C5
:10F4C000050089059987858BA300F4049710FA1F1E
:10F4D000E78000D52285EFF09FDB09E9A147B24024
:10F4E0002244924402493E85410182801305000472
:10F4F00083040401EF30EFFC62056185E3C0A4FEE4
:10F5000024449D472306F4002380F400854723818B
:10F51000F400A381F4001946CA85138544009710AE
:10F52000FA1FE780E0CF83C7240003C734009907A0
:10F5300093F7F70F136787002381F400A381E4009A
:10F540003844BA9703578406A381E70083C7240091
:10F5500038448346D4053E97835784069206A18398
:10F56000BD8BD58F2302F70003C72400814709070D
:10F570001377F70F2381E4000356A4018346C405E3
:10F5800001CA93F70604DDEFF957998F93F7F70F48
:10F5900093F6060495C203C6340034441366060489
:10F5A000A381C400369783461401A301D70003C783
:10F5B000240005072381E4000356A401014719CE66
:10F5C00063EEC70083C7240028440C548D073E9582
:10F5D0009710FA1FE780C0C40347A40183C6240024
:10F5E00093F7F60385073E97A306E4002381D40032
:10F5F00083471403858B91E7034704038947631905
:10F60000F70038448347070093E707042300F70017
:10F610003C448345D400A380B7000345F405930719
:10F6200090F9A303F400EF6010700346D400834503
:10F63000F4050D459720FA1FE780C0DFEF706007E3
:10F64000814771BDF55791B76C451307200283C7F9
:10F65000150093F7F7032307F5006399E7164111A7
:10F6600022C406C626C24AC083C7050015472A849D
:10F67000BD8BA307F500639CE7021946A10513059E
:10F6800025039710FA1FE780E0C69147630905122A
:10F690006C4419461305240483C70500890599871E
:10F6A000858BA300F4049710FA1FE78060B72285CA
:10F6B000EFF0FFBDA14763040510372700201309B1
:10F6C000C79D835789009304003293870719B3D4E9
:10F6D00097028327C79D829783264900B307950029
:10F6E0003E8763E4A70063E4D7003387D740244410
:10F6F000A1472306F40018D02380F4008547238116
:10F70000F400A381F40019469305240313854400F3
:10F710009710FA1FE780C0B083C7240099072381A0
:10F72000F40083C7340093E72700A381F4008347E4
:10F73000140481CB38448347070093E707F823007C
:10F74000F7001946930524041385A4009710FA1FA7
:10F75000E78000AD83C72400990793F7F70F13F7ED
:10F76000F7030507A306E4002381F400834714038D
:10F77000858B91E70347040389476319F7003844F1
:10F780008347070093E707042300F7003C448345C1
:10F79000D400A380B7000345F4059307A0F9A303A1
:10F7A000F400EF6050580346D4008345F4050D453E
:10F7B0009720FA1FE78000C8EF60B06F8147B24022
:10F7C0002244924402493E85410182809307000809
:10F7D0003E85828041114AC0372900200326C9CACC
:10F7E00022C426C206C6930780077CD2B727002012
:10F7F00083A707C8B70533002A84D857719B1367BE
:10F800001700D8D798431377F7CF98C39843137747
:10F81000F7CF1367072098C337270020032707D0A7
:10F820001447CD8E14C7B70603009386862534CAC5
:10F830005457F59A54D70347E5059376F70798434D
:10F84000137707F8558F98C324459D472306F50085
:10F8500085462380F400A38104002381D4008347DC
:10F86000B5050D476385E7001947639BE71E85478C
:10F87000A381F400194693052403138544009710CF
:10F88000FA1FE780E09983C7240099072381F400D9
:10F890000347B40599476316F70483C734001385FB
:10F8A000A40093E72700A381F40083471403898B06
:10F8B000638507164C5483C72501638007161946D4
:10F8C000D1059710FA1FE780A095384483470700B9
:10F8D00093E707F82300F70083C7240099072381E3
:10F8E000F40083C7340003C7240093E78700A38193
:10F8F000F4003C44BA9703578406A381E70083C70A
:10F90000240038448346D4053E97835784069206E4
:10F91000A183BD8BD58F2302F70003C72400814745
:10F9200009071377F70F2381E40003568401834608
:10F93000C40509CA93F7060463930710F957998F12
:10F9400093F7F70F93F6060495C203C634003444C8
:10F9500013660604A381C400369783461401A301ED
:10F96000D70003C7240005072381E4000356840160
:10F9700069EA014703C624008347A4059376F6038A
:10F98000850636979A07D18FA306E4002381F400F9
:10F9900083471403858B91E7034704038947631961
:10F9A000F70038448347070093E707042300F70074
:10F9B0003C440347D400A380E700930760F9A30306
:10F9C000F40038448327C9CAB8DFB727002083C7AB
:10F9D000879E81EB37050600814513054560EF00E2
:10F9E000DFC4B72700200327C9CA938747C8A3816C
:10F9F0000700238207005C43014593E717005CC3BF
:10FA00000346D4008345F4052244B240924402499F
:10FA100041011723FA1F6700E3A18347940381CBB9
:10FA200038448347070093E707F82300F700194697
:10FA30009305A4039700FA1FE780807E71BDF557F8
:10FA4000FDBDE3E8C7F283C7240028444C508D076E
:10FA50003E959700FA1FE780A07C0347840119BFF9
:10FA60001387E7FF1377D70F631307109305250359
:10FA7000A381D4001946138544009700FA1FE7803C
:10FA8000207A83C7240003C734001146990793F7EF
:10FA9000F70F136787002381F400A381E400384443
:10FAA000BA9703578406A381E70083C7240038442C
:10FAB0008346D4053E97835784069206A183BD8B67
:10FAC000D58F2302F70003C7240081470907137766
:10FAD000F70F2381E4008345B4058346C405639989
:10FAE000C50093F70604D1E3F957998F93F7F70F01
:10FAF00093F6060495C283C6340093E60604A381F8
:10FB0000D4003444369783461401A301D70003C7B9
:10FB1000240005072381E4000346B405914601470C
:10FB20006313D6020356840119CE63EEC70083C760
:10FB3000240028444C508D073E959700FA1FE7801B
:10FB4000206E034784010346B4059146B727002081
:10FB5000938787B46313D61883C6070793F6060FF7
:10FB600093E656002388D70631B5F557BDBF93F706
:10FB7000B70F0547E39FE7DEA381F4009305250354
:10FB80001946138544009700FA1FE780606983C710
:10FB9000240099072381F40083C7340093E72700EA
:10FBA000A381F4008347940381CB38448347070043
:10FBB00093E707F82300F700834714031385A40095
:10FBC000898BE5CB4C5483C72501E5C71946D10580
:10FBD0009700FA1FE780C06438448347070093E723
:10FBE00007F82300F70083C7240003C73400054645
:10FBF000990793F7F70F136787002381F400A38118
:10FC0000E4003844BA9703578406A381E70083C70A
:10FC1000240038448346D4053E97835784069206D1
:10FC2000A183BD8BD58F2302F70003C72400814732
:10FC300009071377F70F2381E4008345B405834652
:10FC4000C4056399C50093F70604D1E7F957998F66
:10FC500093F7F70F93F6060495C283C6340093E634
:10FC60000604A381D4003444369783461401A301CB
:10FC7000D70003C7240005072381E4000346B40529
:10FC8000854601476313D6020356840119CE63EEFD
:10FC9000C70083C7240028444C508D073E95970029
:10FCA000FA1FE780E057034784010346B405854601
:10FCB00071BD8347940381CB38448347070093E7A2
:10FCC00007F82300F70019469305A4039700FA1FCD
:10FCD000E780005509BFF5579DBF83C6070793F618
:10FCE000060F93E66600BDBD01115AC0372B0020F8
:10FCF00056C2930A8BB483A7CA0906CE22CC26CA61
:10FD00004AC84EC652C4639F07502A840945EF6013
:10FD1000B022372900200326C9CA93078007372A53
:10FD200000207CD283270AC8B7290020B7053300FA
:10FD3000D857130B8BB4719B13671700D8D7984310
:10FD40001377F7CF98C398431377F7CF136707203C
:10FD500098C303A709D01447CD8E14C7B706030074
:10FD60009386862534CA5457F59A54D703476400BE
:10FD70009376F7079843137707F8558F98C383470F
:10FD8000A4003844BD8B2306F4002300F7001D4770
:10FD900024446392E73A8547A38104002381F40059
:10FDA0008345B4058D46639DD522035784016313B3
:10FDB0000714A381F4001946930524031385440016
:10FDC0009700FA1FE780C04583C72400990793F77F
:10FDD000F70F2381F4000347C4051377070415C305
:10FDE00003C7340013670704A381E4003844BA97BB
:10FDF00003471401A381E70083C7240085072381FB
:10FE0000F40023080B0683C624008347A40513F7D8
:10FE1000F60305079A07D58FA306E4002381F400B3
:10FE2000930740F9A303F40083471403858B91E7FC
:10FE30000347040389476319F700384483470700E1
:10FE400093E707042300F7003C440347D400370638
:10FE500000827D16A380E7000325C9CA5C4193E7B1
:10FE600017005CC18305440683260AC893F7F5038F
:10FE700013979701DC56F18FD98FDCD69307A00337
:10FE800063D4B73603A709D0370600077C4FD18F5C
:10FE90007CCFB7C7898E938767ED9CC6B75755004F
:10FEA00093875755DCC2B7270020938747C8094777
:10FEB000A383E700A3810700238207003C44834417
:10FEC000040681453CDD3705060013054560EF005B
:10FED000CFF50346D4006244F2404249B249224A77
:10FEE000924A024BA685D244014505611713FA1FB9
:10FEF00067004354A147A381F400835784062382FB
:10FF0000F400835784060347D4053444A1831207C1
:10FF1000BD8BD98FA382F60003C6240005470906CE
:10FF20001376F60F2381C40083C70A078326C9CA44
:10FF30006318F708034744019307E6008E07231868
:10FF4000F4069387C708B387E702F9450945238874
:10FF5000AA06416588C6938707FBC207C1839387BA
:10FF60007716B3C7B70213970701B387B702418368
:10FF70008607BCD283C7340093E70701A381F4004E
:10FF80003C443E968347E40593E70704A301F6004B
:10FF900083C624003C44B6972382E70083C624002E
:10FFA0003C4421837D8BB6978346F4059606558F96
:10FFB000A382E70083C724008D072381F400A1B545
:10FFC000B852F94705833357F702BC52E85285838C
:10FFD000FD8BAA97FCD22388BA064207418359BFFA
:10FFE00019476399E50A035784014DE7A381F4009B
:10FFF000138544001946930524039700FA1FE780F0
:020000040006F4
:10000000202283C724001385A40099072381F400CC
:1000100083C7340093E72700A381F40083471403C8
:10002000898BB9C74C5483C72501B9C31946D1057B
:100030009700FA1FE780C01E38448347070093E704
:1000400007F82300F70083C72400990793F7F70FF9
:100050002381F4000347C40513770704E30307DA99
:1000600083C63400384493E60604A381D40041B328
:100070008347940381CB38448347070093E707F80D
:100080002300F70019469305A4039700FA1FE780A1
:10009000201955BFA147A381F4008357840623820A
:1000A000F400835784060347D4053044A183120724
:1000B000BD8BD98FA302F60003C6240005470906AD
:1000C0001376F60F2381C40083C70A078325C9CAA4
:1000D0006313F704034744019307F6008E072318C0
:1000E000F4069387C708B387E702F94609452388D2
:1000F000AA06416588C5938707FBC207C18393871A
:100100007716B3C7D70213970701B387D702418386
:100110008607BCD185B5B851F94705833357F70237
:10012000BC51E8518583FD8BAA97FCD12388DA0660
:100130004207418381B50547639CE708B147A306A1
:10014000F40083471403898BADC34C5483C7250146
:10015000A9CF1946D105138584009700FA1FE780BF
:10016000200C38448347070093E707F82300F70083
:10017000284419469305240309059700FA1FE780D0
:10018000200A83270B0D13971701635D0700834730
:10019000A400B98B81EB38448347070093E707023B
:1001A0002300F700930720F9B5B98347940399C753
:1001B00083C7040093E707F82380F4002844194616
:1001C0009305A40321059700FA1FE78060054DB74A
:1001D000035684014C50138584009307660093F7FF
:1001E000F703A306F400C5B71307200283A709D0BD
:1001F000635CB700F84F370600F97D16718F37063C
:100200000005518FF8CF71B1370700F91306F7FFDA
:10021000F84F6948718F37060003E344B8FE37068C
:100220000001C5B7F2406244D2444249B249224A71
:10023000924A024B05618280B727002041119387C3
:1002400087B422C4A04F06C6054783468400639046
:10025000E60283C7070711476315F7002285EFF011
:10026000AF9722852244B24041016FF0FFA7B24010
:10027000224441018280B727002083A787B999E3F0
:100280003E85828003C74700E30CA7FE9C43C5BFA1
:10029000011106CE22CC26CA4AC84EC6EFF0BFFDD9
:1002A00011E90149F24062444A85D2444249B249C7
:1002B0000561828083471503B72900202A8493842F
:1002C00089B489EFB72500201946938585C21305A7
:1002D00024039700FA1FE780A0F4A5A80547639CB4
:1002E000E70083C724004949D5DFB7250020194618
:1002F0009385E5C2E9BF5C55A1EB834785032308DD
:10030000050291EB0347140385472308F40289474C
:10031000E319F7FC45BF130585039710FA1FE78023
:10032000C0CE48D415C1EF40606A4C5483C7A500C5
:1003300081CF89472308F4021946B1051305240328
:100340009700FA1FE780C0ED034704038947E31BCA
:10035000F7FA83C714009DCB8347840385CB83477B
:10036000F403130700041305840393F7070C639247
:10037000E70E9710FA1FE78040CE48D45C5499C727
:1003800083C7270181C78947230CF40203498400EE
:10039000E31909F085472304F400A302F400B7270A
:1003A000002083C7779A238409B48349A4009394D7
:1003B00007012319F40613F7F9009947C18063F682
:1003C000E70403578401B726002003C5E6C8931746
:1003D000370037460F00AA971305A00F3357A7021F
:1003E0009387970E13060624814691042607BA9731
:1003F000372700200355479EB3A5A7023305F50212
:10040000EFD0F058AA94231994068357A406231614
:100410000406A9C7034524019307F00F6307F500FD
:10042000EF008F82FD572309F4000356A4069306BC
:100430002401120637150600A2851305E5C8EFF062
:100440003EE6B727002003C5B7938545EFF03EB1E0
:1004500091BD9710FA1FE78040BB05B78547E3922F
:10046000F9FE034524019307F00F6307F500EFF051
:10047000BEFDFD572309F40005669306240113060B
:1004800006804DBF411122C42A84094506C626C2F2
:10049000EF60802AEF60E021228523040400A3039B
:1004A0000400A3020400B7240020EFE0FFF29384CD
:1004B000849303C534008545EFF01EF203C5340074
:1004C0008945EFF07EF1034524019307F00F6307A0
:1004D000F500EFF07EF7FD572309F400B240224407
:1004E0009244410182806C45411106C622C426C255
:1004F0004AC083C715007D4793F7F7032307F5002C
:10050000E91793F7F70F637BF70093040008B240F5
:1005100022442685024992444101828083C7050016
:10052000BD8BA307F500F51793F7D70FF9FF2A84C2
:100530001946A105130525039700FA1FE78080DB04
:10054000914471D56C4485472300F40483C70500AA
:10055000194689059987858BA300F40413052404A3
:100560009700FA1FE780C0CB2285EFE05FD2854776
:100570002A89E31CF5F80347F4009547631EF70248
:10058000EF00F054B727002083C7C79C6376F502BD
:100590008347C400E36BF9F6B727002083A7479889
:1005A0008144829708D02285EFE0DFB0E31125F780
:1005B0002285EFF03FEDA1BF8347C40081C71947F3
:1005C000E395E7F41305000483040401EF206FEFC3
:1005D00062056185E3CBA4F22285EFE0FFA58345A8
:1005E000D400034504068144EF50F0730346D40061
:1005F000834504060D459710FA1FE780A0E3EF60DE
:10060000400B31B779714AD037290020930789B45C
:1006100022D4A04F26D252CC56CA37EA0600B724BD
:100620000020B72A00204ECE5AC806D6130989B436
:10063000130A0A78938444C8B7290020938A0A9938
:10064000130B0401834774002D479387E70693F744
:10065000F70F6363F7188A07D2979C438287114785
:1006600083470907E31EF7FE2285EFF0AF96D9BF57
:100670000146930550020145EF5070751306500274
:10068000814505459710FA1FE780C0DA83C734001B
:10069000858BBDCB684481465A868145A381040081
:1006A0009710FA1FE780C0CF01E52285EFF0BFE386
:1006B0000347740093073009E306F7F8EF50707FA3
:1006C0002285EFE03FD6B250225492540259F249AB
:1006D000624AD24A424B4561828083C72400858B9F
:1006E00085C38347C4002381040005476375F70071
:1006F0001947E395E7FC9307B0F9A303F40099B712
:1007000083A7C9CAFC539DFF2382040045BF83C74A
:100710002400858B638C072E23810400EF507079B1
:10072000B724002083A7048A85CFDC4395CB894773
:100730002302F10083471404130561001946A30244
:10074000F10083470401930524042306F100970078
:10075000FA1FE780E0AC83A7048A4800DC43829755
:100760008347340689CF83451404034544001306A8
:100770002404EFA0D02583473406898BB1F322856A
:10078000EFE09FC589B70345F40501469305500284
:10079000EF50F0638345F4051306500205459710AA
:1007A000FA1FE78020C983C73400858B638507263D
:1007B000684481465A868145A38104009710FA1F38
:1007C000E78000BE01E52285EFE01FE803477400E3
:1007D0009307A009E308F7E6EF50B06D4DB7034566
:1007E000F405014693055002EF50705E8345F40511
:1007F0001306500205459710FA1FE780A0C383C770
:100800003400858B63890720684481465A86814578
:10081000A38104009710FA1FE78080B801E52285C4
:10082000EFE09FC4034774009307900965B783C73F
:100830002400858B638C071C23810400EF507067B4
:100840008347090709476307F700834709070D47EF
:100850006315F70283A6C9CA03570407BC521307DE
:10086000C712858363FBE700930750F9A303F400E5
:10087000BC528583E39807DC19B7034754018347CB
:1008800064011DCF834664006300D71C6387F600B4
:100890002303E4002285EFF02FC583C7740093F78C
:1008A000F70FE39107DA8347090709476307F70062
:1008B000834709070D47E314F7EC930750F935BD5B
:1008C000E9DF0347640071FB2303F400E1B783C74A
:1008D0002400858B638C071223810400834709075A
:1008E0001547BD8B639BE700EF00701E83C7CA03EB
:1008F000E374F5EE9307D0F909B583470907194763
:10090000BD8BE39BE7EC9307C0F9C5BB83C724000D
:10091000858BE38907D223810400834709071547A4
:10092000BD8BE389E7FC834709071947BD8BE38C3F
:10093000E7FCEF50105841BB83C73400858B8DC74F
:10094000EF503057B727002003A707C83C57ED9B4F
:100950003CD7238504003717004083578701C6071B
:10096000C583231CF70021BD83A7C9CAFC53E39BA1
:1009700007CCEF501054B727002003A707C83C57F7
:10098000ED9B3CD723850400371700408357870130
:10099000C607C583231CF70023820400CDB383C799
:1009A0002400858BA5C7228523810400EFE0DFA208
:1009B000B724002083A7048A85CFDC4395CB8947E1
:1009C0002302F10083471404130561001946A302B2
:1009D000F10083470401930524042306F1009700E6
:1009E000FA1FE780E08383A7048A4800DC438297EC
:1009F00083473406858BE38807CC8345140403457D
:100A0000440013062404EFA0807C75B983A7C9CAEB
:100A1000FC53E39907C2238204007DBBB727002063
:100A2000938747C803C72700058B01CF23810700A1
:100A3000EF5030482285EFE0EFE72285EFF09FA4EA
:100A400059B12382070049BBE38907E4B5BD4111D1
:100A500026C2B7240020938784B422C4E04706C688
:100A60004AC063000422034784008547631BF720C4
:100A7000B7270020938747C803C777009546638749
:100A8000E60083C777000D47631EF7002244B727AF
:100A90000020B2409244024903C5B7938545410105
:100AA0006FF0EECB8356C4011307006483C784B490
:100AB0003347D702138984B4850793F7F70F232CA4
:100AC00089042384F4B463C6E700EFF0FEF72384BF
:100AD00004B40347A4009D476318F70483475406F2
:100AE0008DCF8356C40663E7F6028345440093071F
:100AF0003004A309F4001305300493F6F60F014601
:100B0000EFA0A06C22852244B240924402494101E8
:100B10006FF05F9785062316D406930530020545CE
:100B2000EFF01EEC230FA40485472308F9060347C2
:100B300044018D476315F70AEFF0EEA10D8901ED31
:100B4000930770022303F40093075002A30AF400F2
:100B50009307600231A88547631CF506930760027E
:100B60002303F40093075002A30AF40093077002D2
:100B7000230BF4000347A400B727002083C4B793D6
:100B800085476314F70E0356C40185452685EFF0AB
:100B9000EEDB83471403898BEDC383478403F1CFD6
:100BA0004C54E1CD83C7A500E9CB89472308F40263
:100BB0001946B1051305240397F0F91FE780406635
:100BC00022852244B2409244024941016FF0CF9104
:100BD000930750022303F4009307700285BF8946F0
:100BE0008347B4006319D70213F7170011CF130717
:100BF00050022303E400898B81CF93076002A30A8C
:100C0000F400230B0400BDB7930760022303F40034
:100C100093077002EDB79DC313F7170001CB93073D
:100C200050022303F400A30A0400E1BF898B81C7AB
:100C300093076002FDB793077002E5B7834754013D
:100C4000130740026365F7009307500201A8850768
:100C500093F7F70F13077002E368F7FEA30AF40097
:100C6000834754012303F40069BFB9450545EFF0FC
:100C70003ED70356C4012A9609BF85472308F402CC
:100C800081B7B2402244924402494101828001115D
:100C900022CCFD5706CE2309F5008357A5062A84EA
:100CA00085C78346C506834545009307C003A3094E
:100CB000F50001461305C003EFA0205122856244D0
:100CC000F24005616FF00FFC8347A5000547BD8B1F
:100CD0006386E7008347C505918BEDD3B7270020D6
:100CE00083A707C293F7072085C302C402C202C0CC
:100CF00081480148814701478146054681451305E2
:100D0000C003EFA0A04A5DBF02C0814801488147EF
:100D100001478146054681451305C003EFA0E04623
:100D200071BFB727002023A4A7C68280B727002061
:100D300083C7B793411106C689EB37F50500130544
:100D4000A5B3EFF01EA4EFD0DFEFB727002037F7F1
:100D50000500938787B41307C7F6F8CF3707060057
:100D600013070729B8D3371706001307E7A4F8D3EA
:100D7000B2403707060013078723B8D741018280A6
:100D800011C98327050A93E707082320F50AFD57B1
:100D90002303F5028280B727002023A8A7C68280FC
:100DA000B727002083A707B99C5799E33E85828027
:100DB00003D78701E30CA7FE93878705FDB70111D1
:100DC00022CC06CE2A84034565029307F00F2E86B7
:100DD0006309F5002EC6EFF02EE73246FD572303D8
:100DE000F4028347A402035784049306640293E742
:100DF00007062305F40283570404A285F240BA973C
:100E00002313F404624437150600130505D8056161
:100E10006FF00EC9011122CC06CE2A84034575025B
:100E20009307F00F2E866309F5002EC6EFF0CEE192
:100E30003246FD57A303F40293067402A28562446E
:100E4000F24037250600130545BF05616FF04EC51A
:100E5000011122CC06CE2A84034585029307F00FA8
:100E60002E866309F5002EC6EFF00EDE3246FD57E2
:100E70002304F40293068402A2856244F2403725DB
:100E800006001305E5C105616FF08EC1B72700208C
:100E9000938787B483D5270203D6E70203D70703D6
:100EA00083D66702B7074801ED072322F5182324EC
:100EB000F5182310B518231EC516231FE516231198
:100EC000D5186D48AE876373B800ED479395070159
:100ED0002318F5186D48C181B2876373C800ED47C8
:100EE0002316F51813068014B6876374D60093078B
:100EF00080142319F51893068014BA8763F4E6006A
:100F0000930780142317F5182307B504828003473D
:100F10006514894683572519631ED70283568514A5
:100F2000938787E899C6B3C7E702938757FD2147A0
:100F300031A02147B3C7E702938757FDB3C7E70244
:100F400003570519C207C18363F3E7003E872307F0
:100F5000E504828085466316D7009387C7FB114757
:100F6000F1BF938707FBE1B78357C5170357851870
:100F7000411106C663F3E7003E87931807018357C4
:100F8000A5180357E51793D808016373F700BA87CC
:100F900013980701835645188357051813580801FD
:100FA00063F3D700BE86035725188357651813933C
:100FB0000601135303016373F700BA878346751460
:100FC000C2070947C183639AE6000566130606A9AE
:100FD00042876370C802328729A803270510931639
:100FE000470163CC06000566130686844287E364E6
:100FF00006FF1318070113580801834665140947B3
:10100000639EE6060357A5039306204E3307D702D7
:1010100093F6F80F9A061386F63C9386C64F634400
:1010200006019306C812158F63D3E7003E87420777
:1010300005664183130606A9BA876373C700B287A2
:10104000C207C1830356C51813F7F80F9376F30F41
:101050006316E6040356E5186312060503560519E0
:10106000631ED60203562519631AF602230E0506DF
:10107000EFF0FFE90945B2404101828003270510E6
:1010800093164701E3C006FC056613068684BE85F9
:101090006373F600B2859397050165B70546230E85
:1010A000C5062316E518231705192318D518231983
:1010B000F518EFF0DFE501457DBF0357251883578D
:1010C0006518411106C66373F700BA8703466514B5
:1010D0001397070189464183631BD606856693866D
:1010E00006A96373D700B687139707014183835717
:1010F00025196387E70085472319E518230EF506B0
:101100000357E5178357A5186373F700BA8703469B
:10111000751413970701894641836317D6048566C2
:10112000938606A96373D700B68713970701418397
:101130008357E5186387E70085472317E518230ED3
:10114000F506EFF0DFDCB2400145410182808567A2
:1011500013868784E37DE6F883260510938707804E
:10116000F58FD1F7328761B7856713868784E3717E
:10117000E6FC8326051093870780F58FD5FB328721
:1011800045BF0357A50495470356E503B307F70288
:101190008356A50393D537406355B600118F931737
:1011A0003700B3C7D702C207C1832314F504828076
:1011B000832745110D469306F00F03C707000D8BDB
:1011C000A306E5006314C70083C62700A30BD50060
:1011D00003C70700418B2309E50083C71700230BD2
:1011E000F50082808347C500CD9B2306F5008280F1
:1011F000832745110347C50083C70700935637402F
:101200008987B58F858B99C7134787002306E5002B
:101210000145828005458280832745110347C5002B
:1012200083C70700935627408D87B58F858B99E735
:10123000134747002306E50001458280054582806B
:101240008327450E85072322F50E91E78327850E18
:1012500085072324F50E8327850E93F7070891C78A
:1012600085472322F50E2324050E8347A50293F715
:10127000070491CF8357050403578504BA972313B6
:10128000F5048327450A93F7F7BF2322F50A8280E6
:101290008327C50E85072326F50E91E78327050FC3
:1012A00085072328F50E8327050F93F7070891C7B5
:1012B00085472326F50E2328050E8347A50213F73D
:1012C000070409C793E707022305F5028280B727C1
:1012D000002083A787BD0145054791E3828083C62F
:1012E000B7006393E60005059C43C5BF411122C4C6
:1012F00026C22A8491450145B724002006C693845E
:1013000084B4EFF0EEED03D7840A231BA4048547D1
:1013100063FDE704035524198357E4183727002099
:1013200037460F00AA970355479E938787571306A2
:101330000624B3A5A70281463305F502EFC0306548
:10134000835704040357E4058355840583A80409DF
:101350001D8F3307B7028327040905461383F5FF62
:10136000130E80023E9763676600B24022449244A7
:10137000410182803308C603C687FD563A9881E74B
:10138000231BC404DDB76314F4001C40F5DB83AEFB
:10139000C7086398BE0083A60709B306D840B3F612
:1013A000B60263E4A6009C43D9BF09066DBF411194
:1013B00026C2B7240020938484B403D7840A06C6C7
:1013C00022C4854763F3E7042A848357E51803554D
:1013D00025193727002037460F00AA970355479E47
:1013E0009387875713060624B3A5A70281463305C2
:1013F000F502EFC0D0590346540583A80409854679
:101400007D161303800263E7C600B2402244924473
:10141000410182803387660283270409FD553E9788
:10142000C68781E7231BD404CDB76314F4001C40A6
:10143000F5DB03AEC7080328C408631A0E0103A82E
:101440000709B305E84063640701B305074163E496
:10145000A5009C43F9B785067DB7B7270020938781
:1014600087B483D6870A05476371D70E411122C41A
:1014700003A4070906C626C2A28789EB09EC230E3E
:101480000500B240224492444101828003C7D70143
:101490006DFB9C43DDB76314A40000406DD083470F
:1014A000B400D5E30327C4088327C508630DF708F4
:1014B0000347C50193070008AA84631DF7048357F7
:1014C000A403194693050008231AF506231BF50605
:1014D0008357C403231DF5048357E403231EF50437
:1014E00003558500EF30A0358547A38EF40083C7F0
:1014F000C40193F7F707238EF400130584062244F2
:10150000B240924431469305F00F410117F3F91FA1
:10151000670023D88357A503194693050008231AAB
:10152000F406231BF4068357C503231DF4048357D5
:10153000E50303558400231EF404EF30403089474F
:10154000A30EF4005DBF004015BF230E050082808E
:10155000B7270020938787B483D6870A411126C214
:1015600006C622C40547AA846372D71A03278510CA
:10157000098B630D071883A70709BE85ADED03D658
:10158000041901447D581306260205862D067D5553
:10159000A5EB630D04108347B4000357A403D5EBF8
:1015A0008947231CE404A30AF40403570406835761
:1015B00004042285BA97C1071D8B998F231FF40459
:1015C0008357C403231DF4048357E403231EF40448
:1015D000EFF0DFD18327440A93E717002322F40AB0
:1015E0008547230AF4008D47A30EF400B24022443D
:1015F00092444101828003C7D5016DFB8C41BDBF80
:1016000098436394970051D7BA8783A6070903A725
:10161000040963E2E6023387E64083A6C40863F464
:10162000E6003377D7026376A7003A856373C70075
:10163000BE859C43B1BF158F83A6C70863F4E6003F
:101640003377D702E37707FF3A88E374C7FE3E8417
:10165000CDB783D7A403B3F7E702C9FB9D469947EB
:1016600063F5E600935717008D070567231AF40604
:10167000130707C88A076353F700BA87231BF406CA
:101680008357C403035584005D46231DF404835728
:10169000E40393050008231EF404C947A30EF400D5
:1016A0002244B240924441016F306019A5C103D772
:1016B000A40383D7A503B3F7E702A9EB8387C4018B
:1016C00063D607049D46994763F5E60093571700D4
:1016D0008D070567239AF406130707C88A07635323
:1016E000F700BA87239BF40683D7C40303D584008D
:1016F0005D46239DF40483D7E40393050008239EED
:10170000F404CD47A38EF400EF306013238E040061
:10171000F1BDB7270020B726002023AA07C693866D
:10172000C69DB727002003D6860023A007BE835797
:101730006508AA8503270509B387C70237460F0046
:101740001305F62313060624AA97B3D7C702372634
:1017500000200346769A3E96636EC7003306C74064
:1017600003A7C5083715002093869502130525C8E1
:101770006FE00EEBDC423E97D5B7B727002003A7FA
:1017800007C701114AC806CE22CC26CA4EC62A89EE
:1017900059C7BE89B727002003D707BF8547631005
:1017A000F708B72400209387C49D83D7870003548C
:1017B0006908032505099384C49D3304F402B747DF
:1017C0000F001387F723938707243A943354F402C6
:1017D000636B8506B727002083A7479833048540AD
:1017E00082976365A406098C635304000144B727FC
:1017F000002003C5779A83A909C70581637B850407
:10180000098C37450F0013050524B335A40203D610
:10181000840081463305A402EFC0701782999307B4
:1018200000FB2307F9008347990262448545F24093
:10183000D2444249B249B395F500C205C181014580
:1018400005616FE0CEF1DC403E9569B7DC403E9427
:1018500059BF0145E1B7411106C6EF00306019C913
:1018600083278511014581E7B240410182809C4375
:101870000505D5BF7D55CDBFB7270020938787B419
:1018800003A7C709411122C426C206C62A84AE8412
:101890006314A70023AE07088327041281CB0355E6
:1018A0008400014693050008EF20707983574404B3
:1018B00081CB035584004D4693051008EF20307806
:1018C00003558400154693051008EF205077B24069
:1018D000230A9404230504002308040022449244AC
:1018E0000145410182808347A50063830730835708
:1018F0000508411122C406C626C285072310F50833
:101900008347F500230C05002A8413F7270005E719
:1019100003570504954763E4E700014501A89305D3
:10192000E003EFF07FF5A305A4020945B24022448D
:1019300092444101828013F7070239CF93F7F7FDF4
:10194000A307F5008327050A0347B500A305050291
:1019500093E747002320F50A8547631FF702835763
:10196000A5031306204E03274509B387C702B3D743
:10197000E702372700208346679A0347750393865B
:1019800006053307C702B697C207C1832312F508BD
:101990008607BA972311F50883471401858BF5C78D
:1019A0008357E40503570404639FE7208357C40368
:1019B0008355C405034584022310F4068347540568
:1019C000231FB4029205A30BF40283576405F91593
:1019D000B7240020231CF4028357A4059384C49DDC
:1019E000231EF402EFE0EEE00347B40023100408E6
:1019F0008357840383568405631C071803D7840028
:101A0000CC40B387E7021307003293870719B3D797
:101A1000E70203270409D1073E973A866364F7007B
:101A20006364B7003306B7408347D4012328C40852
:101A3000231DD40281C72285EFF07F9703D784004E
:101A40008357A4039306003223110402B387E702ED
:101A500033D6D702B3F7D7029306204E2326C40805
:101A6000B387D702B3C7E7022310F40283570404F5
:101A70002312F4028347F40093E70702A307F4005C
:101A800083471401F99BA308F40083471401898B51
:101A9000B9C70357E41283570404B306F7401396FB
:101AA000060163470612631CF7028147014893044D
:101AB0008413232CF412232E041315469305841249
:101AC000268597E0F91FE780A0752685EF00905ED8
:101AD00083471401A306A412F59BA308F4008347CF
:101AE000140113F7070125C78356C41403570404D0
:101AF0003386E6409315060163CC050C6399E60432
:101B0000BD9BA308F4008347A41491C7898BF9CB2C
:101B100085472303F4148347B41491C7898BF1C715
:101B20008547A303F4142285EFF02FD98347C40718
:101B300099C78327040A93E707102320F40A832711
:101B4000040AA305040293E707202320F40A83472D
:101B5000A40293F70704E38207DC03576404835766
:101B60000404E31CF7DA034704019307A004631598
:101B7000F70085472308F40083278410C18BE38E88
:101B800007D88327440A93E707402322F40A71B356
:101B900085CB03D78400CC40B307F702130700328C
:101BA00093870719B3D7E702032704093E973A86BC
:101BB0006364F7006364B7003306B7402328C408A2
:101BC000231DD402A5BD998F13970701E35F07EA90
:101BD000930580022285EFF03FCAA305A4021305F6
:101BE0008002A9B3230304143DB7A303041425BF43
:101BF0000545828005C541119305200222C406C611
:101C00002A84EFF07FC7FD57A305A4022308040030
:101C1000A303F402B24022444101828082800DC9B4
:101C2000411122C406C68347F5002A849305E003C8
:101C3000898B91C3A145EFF03FC4FD57A305A402D2
:101C4000230804002304F402B240224441018280AC
:101C500082808327050A411122C406C626C24AC0D3
:101C60002A846380073613F7270019CBF59B2320BE
:101C7000F50A03558500194693050008EF20303C0E
:101C80008327040A13F747004DC7ED9B2320F40A6E
:101C90008347A40293F7070491CF83278410C18B55
:101CA00099C78327440A93E707402322F40A228531
:101CB000EFF02FCD0347B400854703464401835618
:101CC00024066319F74A8357A4031307204EB387EA
:101CD000E70203274409B3D7E70237270020034769
:101CE000679A13070705BA97C207C1830347B4026F
:101CF0002312F40886072311F4089307000819C378
:101D000093070004230EF40019E68347A40293E727
:101D100017002305F40281EA035584000D4693055C
:101D20000008EF20D03123110406230A0400A30E7B
:101D300004008327040A13F787000DC303558400AA
:101D4000DD9B2320F40A154693050008EF20302F71
:101D50008347A40293E747002305F4028327040A7C
:101D600013F7070139C7BD9B2320F40A8347D40426
:101D700003558400214689C7A30604041306000303
:101D800093051008EF20B02B8347C40489CF832725
:101D90008410C18B89CB8355A40422859205C2058A
:101DA000C181EFF0CF818347A40293E71700230599
:101DB000F4028327040A13F7070415CB0347F4043E
:101DC00093F7F7FB2320F40AA14763FBE70083475F
:101DD000B40099E78327440A93E707012322F40A12
:101DE00003558400314693051008EF2050258327C2
:101DF000040A13F7070245CB8346B40093F7F7FDB7
:101E00002320F40A0327C4108327841099EA137748
:101E1000070801CB0327440A37064000518F2322CD
:101E2000E40A93F7070263820738ADE28357E417A9
:101E30000357E4186304F702834674140947639058
:101E4000E6360567130707A9637AF7008327440A74
:101E5000056713070780D98F2322F40A83572418B4
:101E6000035724196304F702834664140947639BEC
:101E7000E6320567130707A9637AF7008327440A48
:101E8000056713070780D98F2322F40A03558400BE
:101E9000114693050008EF20901A8347A40293E7A8
:101EA00017002305F4028327040A13F7071005C758
:101EB0000355840093F7F7EF2320F40A230E04065A
:101EC0001D4693050008EF2090178347A40293E76F
:101ED00017002305F4028327040A13F7070809CF24
:101EE0000355840093F7F7F72320F40A13067005CF
:101EF00093051008EF20B0148327040A13F7072076
:101F00001DC793F7F7DF2320F40A2285230F04006F
:101F1000EFE0FFFF03558400314693050008EF20F2
:101F200010128347A40293E717002305F4028327C6
:101F3000040A139727016357070079777D17F98FF4
:101F40002320F40A8327040A13970701635A07041E
:101F5000B727002003C5B7B483450403EFE0FE9F15
:101F60008357A4031307204E232AA408B387E7024C
:101F700037270020B3D7A7020345679A61777D17FB
:101F800013050505AA972312F4088347A40293E7D3
:101F900017002305F4028327040AF98F2320F40A8B
:101FA0008327040A858B91CF8347A4028345440588
:101FB000228593E717002305F402EFF0FF8BA305BA
:101FC000A4028347A400B9C38327041299CF83478F
:101FD000A40181EF03558400014693050008EF201A
:101FE000100601E58547230DF4008357440499CF7B
:101FF0008347140381EF035584004D469305100871
:10200000EF20F00301E58547A308F4028347A4020B
:10201000E1CB918B91CF03460401C165938505A067
:102020002285EFE03FDF8347A402ED9B2305F40206
:102030008347A402858B8DC3034574029307F00F79
:102040006307F500EFE04EC0FD57A303F40283479A
:10205000A402F99B2305F4028347A402898B91CF44
:102060008355E403034584029205F915EFD07EF809
:102070008347A402F59B2305F4028347A402A18BA6
:1020800085C38355E4030D4622859205F915C205E3
:10209000C181EFE03FD88347A402DD9B2305F40212
:1020A0008347A40213F7070101CF0345640293F7A6
:1020B000F7F82305F402EFE02EB9FD572303F402ED
:1020C0008347A40213F7070201CF8355A4040345F5
:1020D000640293F7F7FD2305F4029205EFD07EF139
:1020E0008347C40193F7070C89CB0347B4008547A6
:1020F00022856313F70CEFF0AFC583570404ADC717
:1021000013074006B3F7E702A5E3B727002083A72C
:10211000C7C6B7240020938484B4898BB1C3372900
:10212000002013090999032709031DCB83D7040154
:1021300083D524012545C207DD8D02978327090336
:1021400083D5E40029458297832709038315240357
:102150002D458297832709038305440331458297E0
:102160002397040023A80400B24022449244024969
:102170004101828093070004230EF40019E683478F
:10218000A40293E717002305F402E39006BA03556F
:1021900084000D4693050008EF20606A79B61307A6
:1021A00080145DB113078014C1B98327440A7D7779
:1021B0001307F77FF98FC9B9EFF02FAA3DBF0111BF
:1021C0004EC6B7290020938789B422CC03A487097F
:1021D0004AC8372900209307C99D83D7870026CA9C
:1021E000835464080325040906CEB384F402B74778
:1021F0000F001387F7239387072452C456C25AC08F
:10220000938989B41309C99DBA94B3D4F402636F56
:102210009502372A002083274A98B3049540829775
:1022200063EAA402898C63CB040283570404A30FDE
:10223000040085072310F4048347041463900712F5
:10224000228597F0F91FE78040AB31AA8327490028
:102250003E95C1B783274900BE94E9B783274A98C2
:102260008297032784086366E50A198D8357E40380
:10227000035789008E07B387E7021307003293875D
:102280000719B3D7E70263EBA708B74A0F00138B10
:10229000FA23938A0A248357040485072310F4043D
:1022A0008347041491E7228597F0F91FE780E0A4A3
:1022B0002285EFF04FE36318052483260409832762
:1022C000C40803274900B6973E8563E4D70063E45A
:1022D000E7003385E7408347F401835464082328EB
:1022E000A4088507A30FF40083578900B384F40280
:1022F000DA94B3D45403636B9504B30495408327F5
:102300004A98829763E8A4043385A440E34505F81E
:1023100029BF83274900998F3E9589BFA145228512
:10232000EFF08FD5A305A402B727002003A3079CD5
:10233000630B031C6244F240D2444249B249224A30
:10234000924A024B8945154505610283B3049740C3
:10235000AA9475B783274900BE947DB7228597F06C
:10236000F91FE780E0A32285EFF0EFD7631D051882
:102370000355890083576408B7460F001386F62378
:10238000B387A7029386062403270409230B0402BC
:10239000832A4900B297B3D7D7026360F718B3070F
:1023A000F7408326C4082324F408014BB387E600D2
:1023B000BE8463E4D70063E45701B3845741835775
:1023C000040223289408B1CB835604040357440223
:1023D00037460F002312D4023387E640B387E70263
:1023E000035724021306062481468145BA97C20783
:1023F000C1833385A7022311F402EFB0505911CDE8
:102400002695B3349500AE94AA8763149B00636449
:102410005501B30755412328F40883274A9882972A
:10242000AA8483274A988297E30D95FE83274A98CA
:1024300083248408829763E7A40E3385A44063074E
:10244000050E035A890083576408B7440F001387A9
:10245000F423B387470393840424BA97B3D797022E
:10246000372700200347779ABA9763E1A70CB33563
:102470009502035924025286814633059502EFB036
:102480001051B30AA9003305490337460F0013065C
:10249000062481468145EFB0904F05C1B3379502C0
:1024A00052868146B385B4023385A402BE95EFB04F
:1024B000104E3305A9402311A4023545EF40C02733
:1024C00023AC89080347B4008547631DF7009307D1
:1024D00000FD2307F400B727002003A587C7814527
:1024E000EFE0AE94B7270020938747C81547A38332
:1024F000E700B727002083A7C7CA37071000860A5E
:1025000098C723A85707F2406244D2444249B249CF
:10251000224A924A024B05618280B3065701B38773
:10252000F64041B583274900BE9401BF23AC09089A
:102530008347940285456244F240D2444249B249FD
:10254000224A924A024BB395F500C205C18101456A
:1025500005616FD0DEA0411122C406C62A848327FC
:102560008411CDEB83270412E1EB0325041109C587
:1025700097E0F91FE78040BB034574029307F00F13
:102580006304F500EFD05EEC034564029307F00F9F
:102590006304F500EFD05EEB034584029307F00F70
:1025A0006304F500EFD05EEA034594029307F00F51
:1025B0006307F500EFD05EE9FD57A304F40203556D
:1025C00084008D24B7270020938787B403D7870A18
:1025D00015EF37270020232A07C6372700200327B7
:1025E000079E23A2E70AB727002083A7879999CFE0
:1025F0003724002013048493085009C997E0F91F79
:10260000E78080B22320040223220402B240224445
:1026100041018280C84309C597E0F91FE780C0B037
:102620008327841103D7A700136707F02395E700DA
:102630009C43232CF41025B7C84309C597E0F91F24
:10264000E78080AE8327041203D7A700136707F043
:102650002395E7009C432320F41229B7B7270020D5
:1026600083A787BD99E33E85828003D78700E30C6B
:10267000A7FE9C43C5BFB727002083A787BE372787
:102680000020C1668345F799FD16014703D6A700D0
:102690006309A6006307D6000507C107E3D8E5FE76
:1026A00081473E858280411122C4372400201304D3
:1026B00084B48327040A06C626C2A1EBB7240020EF
:1026C0000355E4029384049983C7F40013051502AB
:1026D00015858507160592073E95420541819305AC
:1026E000B02097E0F91FE780E09505C183C6F400AC
:1026F0002320A40A81471387160012072A9713067E
:1027000040F5930520F563D7F600B2402244924489
:102710004101828099EB2315B50058C18507C20796
:10272000A3040500C1834105F9BF2315C500232279
:102730000500EDB74111930530261305801906C633
:1027400022C426C297E0F91FE780C08F13068019C4
:1027500081452A8497E0F91FE780A0B3014505CCA5
:10276000B7240020938784B483A60709938484B494
:1027700095CA36878547035687006304F6061843D3
:102780007DFB2314F400B9E3228597E0F91FE7806D
:10279000A09903558400B2402244924441018280B2
:1027A0003687D1BF85472314F40023A8840823AAC1
:1027B00084082394F40AEFF01FEF83A7440923A0B1
:1027C00007002305040023070400E1B783A7440999
:1027D00080C383D7840A23AA840885072394F40A34
:1027E000E9BF138717009317070113160701C18369
:1027F000E35806FA814771B7B7270020138787B4DB
:102800000325070A411122C406C6138487B409C5EB
:1028100097E0F91FE78040912320040AB240224448
:1028200041018280411122C437240020930784B4DF
:1028300083A6070906C60147B687130484B4B1CB43
:1028400003D68700631BA60405EB98422328E408FF
:102850003E8597E0F91FE780208D8327440923A058
:1028600007008357840A9DE3EFF01FF9232804082B
:10287000B240224441018280832644096395F600D8
:10288000232AE408F1B7944314C3D9B7FD172314DE
:10289000F40A8357840AE9FFC1BF3E879C4345B7CA
:1028A0003725002071468145130585BD17E3F91FC3
:1028B0006700239E83471500034725008346450094
:1028C000A2074207BA9703470500FD8A0548BA9751
:1028D000034735009305000201456207BA97014797
:1028E0003316E8007D8E01C605051375F50F050743
:1028F000E318B7FE8147214633D7F640058B01C761
:1029000005051375F50F8507E398C7FE8280011151
:1029100052C656C4032A8513832AC51322CC26CA5D
:102920004AC806CE2A84A30B0512A30605128144C9
:102930001309500226865285D685EFB0900205898C
:1029400011C58347D4128507A306F4128504E393C7
:1029500024FFF2406244D2444249324AA24A05610D
:102960008280834665010D47AA876384E60005459A
:1029700082800327451103464700A305C50203478C
:1029800037006316D7020347B50075F30347050107
:10299000930600026307D7009306300201456317D0
:1029A000D700130760022388E70001458280BD46F7
:1029B0006310D7020347050193060004014513770E
:1029C000B70FE315D7FE130750042388E700828072
:1029D000B946631AD7008346050113070003E3983D
:1029E000E6F80547C9B7D1466317D7008346050106
:1029F00013070005EDB7D9466318D70283460501D2
:102A000013075005E395E6F60327050A1367072029
:102A10002320E50A05472308E50003C717011367CC
:102A200007F8A388E70051B7E946631BD700834640
:102A3000050113075006E39CE6F21307A006A5B7AD
:102A4000FD46631BD700834605011307A007E390EB
:102A5000E6F2130710F881BF93063002E319D7F0AE
:102A60008346050113075008E393E6F00547230862
:102A7000E5000347A502136717002305E50271BFB0
:102A8000832705110947A30AE50095C32381E700C1
:102A900003474505A381E7008347A50293E7870025
:102AA0002305F502F1472308F500014582801D4505
:102AB00082808547A30AF5008327051191CB15472E
:102AC0002381E7009307B0022308F50001458280C7
:102AD000054582808547A30AF5008327051191CB20
:102AE00019472381E7009307D0022308F500014529
:102AF0008280054582808947A30AF5008327051156
:102B000081CF1D472381E700832705110347D502A5
:102B10000145A381E7008280054582808547A30A9D
:102B2000F5008327051191CB2D472381E7009307FB
:102B300070032308F5000145828005458280032744
:102B400005119947A30AF500B1472301F700B727FC
:102B50000020938787B483D64701A301D70083C69B
:102B600067012302D70083D66701A182A302D700A1
:102B700083C687012303D70083C79701A303F70008
:102B80008347E50213F7070409CF9307A00323083F
:102B9000F5008347E50293F7F7072307F5020145A0
:102BA0008280858BFDD78327050AA30505022307AD
:102BB000050293E707042320F50AE1BF8947A30A2A
:102BC000F5008327051181CF35472381E70083274F
:102BD00005110347B5020145A381E7008280054541
:102BE00082808D47A30AF5008327051191CF4547C1
:102BF0002381E7000347C502A381E7000347B5022D
:102C000001452382E7008280054582808547A30A2B
:102C1000F5008327051185C349472381E700930702
:102C2000A0042308F5008347A50293E74700230586
:102C3000F50201458280054582808547A30AF5009B
:102C40008327051191C74D472381E7000145828005
:102C50000545828083270511D9C32547A30AE500CE
:102C600051472381E7000347C5178355E51785665C
:102C7000A381E7000347D51793868684035625185A
:102C80002382E70003470518A383E70003471518CD
:102C90002384E7002E8763F3B6003687420741831B
:102CA000A382E700856621832383E70093868684D9
:102CB000328763F3C600368742074183A384E70067
:102CC00021832385E7008347A50293E74700230577
:102CD000F502930700052308F500014582800545AC
:102CE0008280032705118D47A30AF500D9472301E8
:102CF000F70083464514A301D70083475514918AF2
:102D00002302F70003572519B1C69306F034814713
:102D100063FDE600930787E80357851415CB858785
:102D2000938757FD8D87C207C1830357051963F346
:102D3000E7003E878347A5022307E50493E74700A2
:102D40002305F502930750052308F500014582800D
:102D50008D87F9B7858B99C7930707FB2147B3C7C1
:102D6000E702D1B79307C7FB1147D5BF032705116A
:102D70008D47A30AF500DD472301F700834745147B
:102D8000A301F700834655142302D7000347B51467
:102D9000F98F93F6470003572519B1C69306F0340F
:102DA000814763FDE600930787E80357851415CB39
:102DB0008587938757FD8D87C207C1830357051900
:102DC00063F3E7003E87930780052308F5008347F8
:102DD000A5022307E50493E747002305F502014513
:102DE00082808D87F9B7858B99C7930707FB2147A9
:102DF000B3C7E702D1B79307C7FB1147D5BF8326F7
:102E000005118D47A30AF500E5472381F6008347A6
:102E10007514034665140547B317F7003317C70049
:102E2000D98FA381F600834715142382F6008347C8
:102E3000A50293E747002305F50293070006230840
:102E4000F50001458280411126C28324051106C682
:102E500022C4B547A30AF500A9C091472A8423815B
:102E6000F4009305051721461385340097D0F91F08
:102E7000E780003B1385B40011469305841797D073
:102E8000F91FE780E039930720022308F400014589
:102E9000B24022449244410182800545D5BF832738
:102EA0000511A1C7411122C406C62547A30AE500A2
:102EB0002381E7002A84032505119305840F214609
:102EC0000D0597D0F91FE780A0358327040AA305D5
:102ED0000402014593E707022320F40A85472308EB
:102EE000F400B24022444101828005458280A5471A
:102EF000A30AF50083270511A9C3411122C406C600
:102F000039472381E7002A84032505119305840F9F
:102F100021460D0597D0F91FE78080308347A40232
:102F2000014593E747002305F402930700032308B4
:102F3000F400B24022444101828005458280E1478D
:102F4000A30AF50083270511D9CF411122C406C673
:102F50003D472381E700034745072A8493058506FB
:102F6000A381E7000347550731462382E700034763
:102F70006507A382E7000357650721832383E700E2
:102F80000347A505A383E7000357A50521832384F1
:102F9000E7000347C505A384E7000347D50523855C
:102FA000E70003574506A385E70003476506238628
:102FB000E700035765061385E7002183A386E70032
:102FC00097D0F91FE780C0258347A402014593E706
:102FD00047002305F402930700042308F400B240DD
:102FE00022444101828005458280E147A30AF50021
:102FF00083270511C9CB411122C406C6414723814D
:10300000E700034745072A8493058506A381E70067
:103010000347550731462382E70003476507A3822C
:10302000E7000357650721832383E7000347A505CE
:10303000A383E7000357A50521832384E700034703
:10304000C505A384E7000347D5052385E70003579B
:103050004506A385E700034765062386E700035777
:1030600065061385E7002183A386E70097D0F91F43
:10307000E780001B930740042308F400B240224479
:10308000014541018280054582808325451141111A
:1030900026C206C622C483C7450003C7350005689B
:1030A000A207D98F1387A7FF420741839306A8C7BA
:1030B000F94463E2E60C03C7650083C655001308B4
:1030C00008C82207558FF9446367E80A6365F70A61
:1030D00003C6850083C675002206558E9306301FF1
:1030E00063EBC60883C6A50083C89500A206B3E6B5
:1030F00016016362D808130816003308F802939883
:103100003600635A180783C8B5001398080113588E
:10311000080163840800636007078358A50381449E
:10312000639D1701631BF7008358C5036397C800AD
:103130008354E503958C93B41400231DC504231A0E
:10314000F506231BE506231ED5042312050783C7B6
:10315000D50003C7C5002A84A207D98F2313F5061B
:103160003146B9051305850697D0F91FE780400B56
:103170009147A30EF400B2402244268592444101B7
:103180008280832745111303000E03C6470003C73F
:1031900037002206598E130756FE420741836367A4
:1031A000E30683C6670003C757001168A206D98EDD
:1031B000138786EB42074183130888146368E80489
:1031C00003C7870083C87700220733671701930876
:1031D00057FEC20893D80801636A130383C8970097
:1031E00083C7A700A207B3E71701938887EBC2083C
:1031F00093D80801636C18012312C5182313D5183E
:103200002314E5182315F5186FD01FD605458280C5
:103210008346B5000547AA8705456395E60C83C636
:10322000670131470545639FE60A03A747118346B7
:103230003700A38AD7048346570003464700A206F7
:10324000D18E239BD7048345770083466700A20570
:10325000D58D239CB704034697008346870022063A
:10326000558E239DC7048346B7000345A700A206D9
:10327000C98E239ED7040345C7000347D700220702
:10328000498F03D5A703239FE7040147631BB500BC
:1032900083D5C7036397C50003D7E703158F13379B
:1032A00017002391E70603C7070193060004630490
:1032B000D702930640046315D70005472388E7002B
:1032C00003C717019546A38ED700136717F8A38885
:1032D000E7000145828003C7A70213671700238513
:1032E000E702E1BF8280034765018947631DF7005C
:1032F0008327451183C73700230AF504F5472308C0
:10330000F500014582801D4582808347B5002A87EC
:10331000D9EB83466501B54705456397F6088346B3
:103320000701930700026391F608832747110145BF
:1033300083C6570003C64700A2064206B29603C6DC
:103340006700B29603C637006206B2962320D70CF8
:1033500083C6970003C68700A2064206B29603C63C
:10336000A700B29603C677006206B296232ED70A4C
:1033700083C6C70003C6D700A2064206B29603C69C
:10338000B70083C7E700B296E207B6972320F70E8F
:103390008347170193E78700A308F70093073002DC
:1033A0002308F7008280054582808347B5009DE3AE
:1033B000034765018547631DF70083460501130731
:1033C00030026397E6009307C0022308F5008147A7
:1033D0003E8582808547EDBF834665010547AA8704
:1033E0000545639CE60203C707019306B002631A12
:1033F000D7001307E0022388E700A38507020145F1
:1034000082809306D00205456319D7001307E002B6
:10341000A38507022388E700DDB7828003476501A3
:103420008947631EF704E947A305F5028327451181
:10343000394783C737006392E702034705019307C3
:103440000003631EF7028327050A93E70702232080
:10345000F50A85472308F50049A83D476393E7022D
:103460008327851003470501F59B2324F510930757
:1034700000046316F700930760042308F500014574
:10348000828049476391E704034705019307A0043D
:10349000E317F7FE85472308F5008347A50293E766
:1034A00017002305F5028347150193E707F8A308E2
:1034B000F50083270510C18BF9F383278510BD9B89
:1034C0002324F5106DBF51476398E70203470501B8
:1034D00093070005E315F7FA85472308F5008327CE
:1034E000050A93E707102320F50A8347150193E7A0
:1034F00007F8A308F50061B75947639DE700034744
:10350000050193075005E31CF7F68327050A93E7A7
:10351000072035BF6947639FE7000347050193070D
:103520005006E31EF7F48327050A05671307078093
:10353000D98F31BF7147E384E7F47547639CE70097
:103540000347050193075007E31BF7F28327050A9A
:103550002167F9BF13073002E393E7F20347050140
:1035600093075008E31DF7F085472308F5008347CC
:10357000A50293E717002305F50285BF0347B500B1
:1035800085476311F70203476501631BF700034793
:1035900005016317F700930760032308F5008147CF
:1035A0003E8582808547EDBF834665010547AA8732
:1035B00005456393E60603C7070193067003631589
:1035C000D70203C7A702238607049376070499C688
:1035D0001377F7FB136707012385E70213078003BF
:1035E0002388E70001458280930650030545631553
:1035F000D702130780032388E70003C7A7022386A7
:10360000070401459376070481CA1377F7FB136714
:1036100007012385E702828082800347650199477D
:10362000631EF7080327451183473700A307F504F6
:103630008347570083464700A207D58F2318F50418
:1036400083477700834667001307A003A207D58F3F
:10365000834605012319F5048347E5026395E604D3
:10366000858B99CB8327050AA3050502230705024D
:1036700093E707042320F50A8347A50293E7170081
:103680002305F50285472308F5008347150193E7D5
:1036900007F8A308F5008347E50293F7F7FB230734
:1036A000F50201458280E207E187E3D007FE832728
:1036B000450A93E707042322F50AC1BF0545828026
:1036C0000347650189476304F70005458280832726
:1036D00045111307000483C73700A305F50283478C
:1036E000050193F6B70F6397E6009307500423088C
:1036F000F50025A0130750056393E7028327050A09
:1037000093E707202320F50A85472308F500834720
:10371000150193E707F8A308F50001458280130718
:1037200050066395E7009307A006D1B7130750082A
:10373000639CE70085472308F5008347A50293E7CC
:1037400017002305F502E1B70347B5003DFF130756
:1037500000026386E700130730026395E7009307D2
:10376000600271B71307A007E391E7F6930710F81B
:10377000BDBF834665010547AA8705456394E604F6
:1037800003A787100545418B15CF03C707016318B1
:10379000A7001307B0042388E700014582801306C1
:1037A000A004631AC70003C7A7022388D7001367C2
:1037B00017002385E70203A7870A1367070423A4DA
:1037C000E70AE1BF8280834665010547AA87054570
:1037D0006393E60283C607011307A0040545639CB3
:1037E000E60003C7A7022388A70001451367170057
:1037F0002385E70282808280034765018D47631F2E
:10380000F718834715018D8B91EB834605012147FE
:10381000938706FC93F7F70F6361F702D9472306F6
:10382000F5029307A002A305F5028327850A93E713
:1038300027002324F50A014582808347B50003262B
:10384000451163900714930750056398F600D94714
:103850002306F50293073002F9B7B72700209387B4
:1038600087B48345460003C7A70383C7B7038348CC
:1038700065146D8F2305E51403463600F18F054668
:10388000A305F514331616016314C70023050514A8
:10389000034875148545B39505016394B700A305E6
:1038A00005140347A5148347B5145DCFD9CB937591
:1038B0002700B1C113F627001DCE93072020231542
:1038C000F5140347A5148547B39717016314F70050
:1038D000230505140347B5148547B39707016314FF
:1038E000F700A305051485476398F608930760055C
:1038F0002308F50089B71376470001CA13F3470080
:1039000063050300930740405DBF058B19C713F79C
:10391000170001C7930710105DB7094781E51147EC
:1039200011E205472305E51413F7270009C7894766
:10393000A305F51479B7918B99C39147D5BF8547F6
:10394000C5BFB3570741858B81C72305B51495BF04
:103950009377270089C789472305F5149DB7118BF5
:1039600091477DFB8547CDBFA9DF33D71741058B35
:1039700045DFA305C514B1B78327850A93E7071070
:103980004DBD85476397F60083474600A305F514B0
:10399000B1BF8327850A93E7072061BD0545828073
:1039A000834665010D47AA8705456394E61483C6DF
:1039B0000701130750050545639DE61203C7B700CD
:1039C0006319071283C6471403C7571403A6471188
:1039D00033F5E6008345460019ED6396B6000345CE
:1039E0003600630AE5002395071413077005238842
:1039F000E70001458280ED8E2385D714034636000B
:103A000003C86714718F0546A385E71433160601B2
:103A10006394C6002385071403C577148545B395C1
:103A2000A5006314B700A385071483C6A71403C7B2
:103A3000B714C5CA41C793F526009DC91376270060
:103A400005CA130720202395E71483C6A71405474A
:103A5000331707016394E6002385071483C6B71460
:103A600005473317A700E392E6F8A3850714B5BF0F
:103A700013F6460001CA93784700638508001307D0
:103A80004040D1B7858A99C69376170081C613073F
:103A9000101055BF894681E5914611E28546238580
:103AA000D7149376270089C60947A385E71471BF09
:103AB000118B19C31147D5BF0547C5BF33D7A640E2
:103AC000058B01C72385B71449B713F7260009C72B
:103AD00009472385E71495BF918A1147FDFA0547E9
:103AE000CDBF25D7B3560741858AC5DEA385C71448
:103AF000A9BF82808346B5000547AA870545639F15
:103B0000E60683C66701154705456399E60603C7C0
:103B10000701930650056306D70093068005631FCF
:103B2000D70403C7A70283A547111367170023858E
:103B3000E70203C645001147636EC70083C6350020
:103B4000636AD7001307F6FF1385F6FF718F758D33
:103B5000498F11C705472388E7000145828003C7C5
:103B6000650003C555002385C7142207498F239696
:103B7000E714A385D7141307A005F1BF82808347FC
:103B8000B50095E3834665010D478547639BE600D5
:103B9000034705016317F700930710062308F50094
:103BA00081473E8582808547EDBF83270511DDC3B0
:103BB0002547A30AE50055472381E7000347C517BA
:103BC0008355E5178566A381E7000347D5179386DC
:103BD0008684035625182382E70003470518A3832C
:103BE000E700034715182384E7002E8763F3B60028
:103BF000368742074183A382E700856621832383BA
:103C0000E70093868684328763F3C60036874207CF
:103C10004183A384E70021832385E7008347C50709
:103C2000A305050299C78327050A93E707102320F8
:103C3000F50A8327450A13974701635807007D77E4
:103C40001307F77FF98F2322F50A85472308F5002C
:103C500001458280054582808347B500EDE741112B
:103C600022C406C603476501E1472A840545631857
:103C7000F70C03470401930700046312F70C832534
:103C8000441105659306A5C703C7450083C73500E2
:103C900022075D8F9307A7FFC207C18363ECF60875
:103CA00083C7650083C65500130505C8A207D58FD5
:103CB0006362F50863E0E70803C6850083C6750004
:103CC0002206558E9306301F63E6C60683C6A500FE
:103CD00003C89500A206B3E60601636DD50413057B
:103CE00016003305E502139836006345A80403C89F
:103CF000B5001315080141816304080063ECA702B5
:103D0000231DC4042312A406231AE406231BF4066D
:103D1000231ED40483C7D50003C7C5003146A207BC
:103D2000D98F2313F406B9051305840697C0F91F2C
:103D3000E780004F930770042308F4000145B24068
:103D400022444101828005458280411126C206C677
:103D500022C403476501E14785446318F7048327BC
:103D600085102A848544898BA9C38347B500639154
:103D70009706EFF08FB183470401A305A402639770
:103D80009700930710042308F40039A813070004D0
:103D90006393E702930710042308F4008347A40207
:103DA00093E717002305F4028144B240224426859C
:103DB0009244410182808327040A93E7270023204D
:103DC000F40A8347140193E707F8A308F400E9BF56
:103DD000834715018D8B99CF9307A002A305F402A9
:103DE000BD472306F4028327840A93E72700232490
:103DF000F40A5DBF8347050163979700EFF0EFA8D2
:103E0000A305A402BDBF130700026390E702EFF011
:103E1000CFA7A305A402814449F98327440A3707A1
:103E20000080D98F2322F40A49B713070004E39EC8
:103E3000E7F6930730025DB7411126C206C622C4D9
:103E40008347B5008544A5E703476501A547854439
:103E5000631FF7048327850FA18BB1CB8325451101
:103E60002A8421468D051305051097C0F91FE780A8
:103E7000203B83270410B73678089386060DDD8E25
:103E80008327441013E707018327840FF58F23242A
:103E9000F4108327C40FF98F2326F41083470401FD
:103EA000639D9700930710032308F4008144B240F8
:103EB000224426859244410182808327840A93E725
:103EC00007012324F40ADDB7411126C206C622C425
:103ED00003476501A5478544631AF70603470501B3
:103EE0009307000385446313F706832545112A844D
:103EF00021468D051305051097C0F91FE780403254
:103F000083270410B73678089386060DDD8E832745
:103F1000441023089400A305040213E70701832734
:103F2000840F8144F58F2324F4108327C40FF98F65
:103F30002326F4108327040A93E707022320F40AB8
:103F40008347140193E707F8A308F400B240224422
:103F500026859244410182808347B50005476395D9
:103F6000E708411122C406C68346650125472A8415
:103F700005456390E606034704016310F7068325B1
:103F800044112146130504108D0597C0F91FE780E1
:103F9000202983270410B73678089386060DDD8E16
:103FA0008327441013E707018327840FF58F232409
:103FB000F4108327C40FF98F2326F41093071003FE
:103FC0002308F40083471401014593E707F8A30889
:103FD000F400B2402244410182808327840A93E79F
:103FE00007012324F40AF9BF054582800347B50081
:103FF0008547631CF704411122C406C626C2034745
:104000006501A1472A840545631CF70283244411F6
:104010001305841215469385340097C0F91FE78075
:10402000202083C7940003C784000145A207D98FCD
:104030002317F4128347140193E727F8A308F40029
:10404000B240224492444101828005458280034768
:10405000B50085476310F716834665015D47639C8D
:10406000E614011126CA8324451122CC21462A8454
:10407000938534001305751506CE97C0F91FE780A8
:10408000201A83C7C40003C7B400A207D98FA30FA7
:10409000F414A1832300F416EFB0FECB2AC4EFB0D2
:1040A0009ECB2AC62C0013050417214697C0F91F82
:1040B000E780001783C7F40003C7E40013058417E3
:1040C000A2074207BA9703C704012C001146BA970A
:1040D00003C7D4006207BA972324F40C83C73401C2
:1040E00003C72401A2074207BA9703C74401BA973E
:1040F00003C714016207BA972322F40C034714176D
:10410000834724174207A207BA9703473417BA9781
:10411000034704176207BA972320F40C0347541788
:10412000834764174207A207BA9703477417BA97E1
:10413000034744176207BA97232EF40AA24737476A
:1041400003001307D73FB387E70237A726001307FB
:1041500037ECBA973EC497C0F91FE780600C83C75D
:10416000640103C77401A2074207BA9703C7540149
:10417000BA9703C784016207BA97232EF40C03474A
:10418000A417834794174207A207BA9703478417D7
:10419000BA970347B4176207BA972320F40E930720
:1041A00010022308F400F24062448147D2443E8565
:1041B0000561828085473E85828003476501A5476A
:1041C000631EF704411122C406C683460501130786
:1041D00000052A8485476397E602EFE09FFA05E928
:1041E0008327040AA305040293E707102320F40A97
:1041F0008347140193E707F8A308F40085472308D1
:10420000F4008147B24022443E85410182808347C9
:10421000A40293E717002305F402D9BF85473E8522
:10422000828003476501A5476309F7000545828041
:104230000545B24022444101828083278510411107
:1042400022C406C693F707022A84FDD3EFE07FF36A
:104250008547E30FF5FC034704016318F700930754
:1042600010052308F4000145E9B78327840A93E782
:1042700007082324F40AC5BF8347C500A30A050025
:10428000F19B93E717002306F5000325051113356D
:104290001500828001458280411106C6EFE00FBC07
:1042A0000DC10357C5058356A505035665078355FC
:1042B000450703558500EF60F06E0145B2404101AE
:1042C00082800945E5BF011106CE22CCEFE00FB98F
:1042D00031CD0347B50085472A84631CF702B72711
:1042E000002003A707BA094515CF034604038346F8
:1042F00017048358E4030358C4038357A403835566
:1043000084000345B4021307270432C00546EF605A
:10431000D0678347F400A3050402014593E7170023
:10432000A307F400F2406244056182800945DDBFC5
:10433000411106C6EFE08FB219C983450514035534
:104340008500EF6010690145B24041018280094556
:10435000E5BF9375F50F01112E8506CE22CC2EC632
:10436000EFB07FF10DC12A848346C506B2450345EF
:1043700035010546EF6070650145A3090400F24070
:104380006244056182800945DDBF411106C6EF60C8
:104390009063B240014541018280411106C622C4AA
:1043A000EFE0CFAB0DC983467514034665142A842C
:1043B000835585000345B5028506050693F6F60F7D
:1043C0001376F60FEF60F05F0145A3050402B240DB
:1043D0002244410182800945DDBF397106DE22DCBD
:1043E00026DA4AD8EFE08FA769C90347B5008547A9
:1043F0002A846315F708B727002083A407BA094564
:10440000D9C483C704041946898BC1CBCC5483C754
:10441000A500C1C7B105280897C0F91FE78040E093
:1044200083C71404138924041946898BB5CFCA8520
:10443000081097C0F91FE780A0DECC5419469105FB
:10444000281097C0F91FE780A0DD83470403835835
:10445000A40383C614040346B400835584000345B3
:10446000B4023EC48357E4031308010238103EC26D
:104470008357C4033EC03C08EF6050538347F400A9
:10448000A3050402014593E71700A307F400F250C7
:104490006254D2544259216182808145280897C0D4
:1044A000F91FE78000DFADBF8145081097C0F91FF5
:1044B000E78020DE1946CA8561B70945C9BF4111A9
:1044C00006C6EFE0AF990DC10357E5188356C5182E
:1044D000035625198355051903558500EF60D04C07
:1044E0000145B240410182800945E5BF411106C640
:1044F00022C4EFE0AF960DC92A840357C505835641
:10450000A505035665078355450703558500EF60EC
:10451000304983471401014593E74700A308F4009D
:10452000B2402244410182800945DDBF411106C6E7
:10453000EFE0CF920DC1834705160346F5159305AD
:10454000751503558500A2075D8EEF603045014566
:10455000B240410182800945E5BF411106C622C42F
:10456000EFE0CF8F0DC12A84130605108355850017
:104570000345B502EF6050420145A3050402B24075
:104580002244410182800945DDBF411106C622C493
:10459000EFE0CF8C0DC52A840357C5058356A505CA
:1045A00003568505835585000345B502EF60903EAF
:1045B0000145A3050402B24022444101828009451D
:1045C000DDBF01111375F50F06CEEFB0DFCA29C9A3
:1045D000B727002083A707C293F707209DC302C413
:1045E00002C202C081480148814701478146054611
:1045F00081451305C003EF60703B0145F240056142
:104600008280834695031307A50302C081480148B1
:104610008147054681451305C003EF601037F1BFA0
:104620000945E9BFB7270020938787B403A7870808
:10463000094529CB83A7870D011106CE93F70720E3
:104640008DC302C402C202C08148014881470147AC
:10465000814601468145EF607035F24001450561B4
:104660008280835807020358A701835707058346B2
:104670005707014602C01307670781450945EF60E8
:10468000D030E1BF828001458280014582800145B2
:1046900082800145828001458280014582800145FA
:1046A000828001458280411106C622C4034705006D
:1046B000930700086314F70203471500DD4685479A
:1046C00063E4E606B7F706000A0793878781BA977F
:1046D0009C430355250082978147B9A09306100893
:1046E00085476313D70403471500CD466308D70EEB
:1046F00063E3E602A146630DD708B146630DD70A0E
:1047000095466313D70203552500EFD03FF52A8461
:1047100015E9894711A893060003630FD70E63EAD2
:10472000E600E946630FD70CB24022443E854101C2
:10473000828093077005630FF70E930717F0B33766
:10474000F000DDB78327851195C70356450405069C
:10475000420641829C4313071600420741839DE7AE
:104760002312C40401CA835584000545EF60D0209C
:10477000231204040345B402034644058355840010
:10478000EF60501E2285EFD01FDDB9B73A86D9B74A
:1047900003552500EFD09FEC2A8425DD0346C50490
:1047A000835585000345B5023336C000EF60D01B4A
:1047B000A305040215B703552500EFD03FEA2A846C
:1047C00029D903572505835605050346F504835566
:1047D00085000345B502EF607019D9BF0355250068
:1047E000EFD0DFE72A8415D50356450401CA835567
:1047F00085000545EF60501823120404A308040245
:10480000E1BD03552500EFD07FE5E30405F0034546
:10481000B502EF60B016C9B503552500EFD01FE40F
:104820002A84E30805EE835585000345B502EF6051
:104830003015BDBF03552500EF60D01471BD0111C7
:1048400022CC37E400E026CA04404AC806CEB707A7
:1048500020002EC632C42A89FD8C2320F4180F10A4
:1048600000001145EFB00EA61DC5B245224623112A
:1048700025012300B500A300C50023209410B7270D
:1048800000206244F240D2444249AA8503C5B7934E
:1048900005616FB02EB223209410F2406244D244DE
:1048A000424911450561828041114AC037E900E063
:1048B00026C28324090006C622C4B7072000FD8C47
:1048C0002320F9180F100000EFD05FD911E9232041
:1048D00099100945B2402244924402494101828024
:1048E00083270512230D05002A84A5C70347F50079
:1048F000058B19EF03558400014693050008EFF07E
:104900001FF439C9B7E700E023A097100145D9B7D4
:10491000D44303C6C70083C58700035585008906B5
:10492000EF60700605E58327041203D7A700A38470
:104930000700136707F02395E7009C432320F41238
:104940008357240481C7FD172311F404832704121D
:10495000D5F3231104047DB78547230DF4005DB71B
:10496000797122D406D683C735002E842316010020
:10497000A307F10083C74500100802C02307F10018
:1049800083C755008A8502C2A306F10002C402C88B
:1049900002CA02CC02CEEF10C04D0347F10183479B
:1049A000040001456310F7020347E1018347140047
:1049B00001456319F7000345D101834724001D8D8C
:1049C00013351500B250225445618280B72700206C
:1049D00083A787C091E382806384A700DC5FDDBF8B
:1049E000411122C406C68347A5002A8491C79305B6
:1049F000C5006905EFA08FBC8347240191CB9305C7
:104A000044011305A4022244B24041016FA00FBB30
:104A1000B240224441018280AA862E86AA8537555B
:104A200006001305A5A26FB0BE87B7270020138725
:104A300087B40327070C411126C206C622C49384FB
:104A400087B411E7B240224492444101828063045A
:104A5000A700585FFDB78347A5002A8491C7930537
:104A6000C5006905EFA08FB58347240199C7930559
:104A700044011305A402EFA06FB422852244CC5850
:104A8000B240924441016FF03FF901114AC8372901
:104A90000020930789B422CC03A4070C26CA4EC673
:104AA00052C456C206CEAA84014A130989B4930996
:104AB0004500854A65E8930520251305000497B055
:104AC000F91FE78020582A841D4561C483C734003C
:104AD00019469385440013054400A301F40097B0E0
:104AE000F91FE780E073938AA4014146814556850A
:104AF00097C0F91FE780608879E99309A401D685FA
:104B000041464E8597C0F91FE780A083854723055E
:104B1000F400834734009305C4004E8593E72700D3
:104B2000A305F400EFA08FA99384A4024146814518
:104B3000268597C0F91FE780408449ED9307A402BA
:104B4000A6853E854146BE8497B0F91FE780607F09
:104B500085472309F40083473400930544012685E3
:104B600093E72700A309F400EFA04FA5A3000400DA
:104B7000832549032285EFF03FEA63100A062320CC
:104B8000890C232E04028347C90B01458507230E98
:104B9000F90AF2406244D2444249B249224A924A56
:104BA000056182800347340083C734006305F70042
:104BB000228A405C01B74146CE851305440097B078
:104BC000F91FE7802073E31555FF4945D9B7230541
:104BD000040099BF2309040051BF232E8A0255B750
:104BE000011126CAB7240020938784B422CC03A4E1
:104BF000070C4AC806CE4EC6938484B47D5901EC96
:104C0000F240624423A0040C238E040A4249D24499
:104C1000B2490561828003450400EFB0FE8283291A
:104C2000C40323002401228597B0F91FE780C04FF9
:104C30004E84F1B7B7270020938787B4238E070AE5
:104C400023A0070C6FA04FA101114EC606CE22CCA7
:104C500026CA4AC8EFD01FAEAA893DC9EFD01FA00F
:104C60002A84630B050E930710112315F500930793
:104C700000FB2307F5003729002085472308F500AE
:104C80009307099983D7070113074010130909995E
:104C9000A5073E85C207C1836374F7001305401062
:104CA000131705014183930700046374F70013058C
:104CB0000004420593053025418197B0F91FE78034
:104CC00060382328A41009ED03558400EFD09FB568
:104CD000F24062444E85D2444249B2490561828025
:104CE000B727002083A787CAB7240020938484B401
:104CF000232AF41083A7440D03A7040D2285232E35
:104D0000F40E2326F41083D7A403232CE40E2324CB
:104D1000E4102312F414FD572310F4042313F402B7
:104D20002314F4028347E4022313041493E707FCDB
:104D30002307F4028567938787BB2315F404EFC02C
:104D40006FCA034549012301A414EF106071A30148
:104D5000A41423940400ADBF85499DBF01114AC826
:104D600037290020930789B406CE22CC26CA4EC626
:104D700052C42A8403C5370083450403372A002020
:104D8000A307A402EFB07EBD130ACA9D03588A0090
:104D90008357A40393060032B72900203307F80293
:104DA000232AA408130989B43356D7023377D702CC
:104DB0009306204E2326C40837460F001306062408
:104DC0003307D702B387D70233470703B3D7A70206
:104DD0002310E40213870999834467019389099991
:104DE000BE94835784039384C417C2048507B38792
:104DF000D702C180814623129408858FB3B507037B
:104E000033850703EF90A0388327840883264A0060
:104E1000AA9733B5A7002E9501E53E8763E4D70036
:104E20003387D740834774032328E4081307204EB1
:104E3000B387E70286042285BE9423119408EFC04D
:104E4000EF842285EFC0EFB38355E40322859205FA
:104E5000F915C205C181EFB0BFFF2285EFD03FAB8E
:104E6000B727002083A7C7C6232E8908898B91CF37
:104E700083A7090399CB832584093545829783A7A6
:104E800009038325C4093945829722856244231783
:104E9000090023280900F240D2444249B249224A7B
:104EA00005616FC01F87035705088946835745086A
:104EB00063F3E6000947B397E7002313F5086FB0E3
:104EC000BEB8011122CC26CA4AC806CE4EC68347B8
:104ED00065032A84372900208507230BF5028347C1
:104EE0003501B7240020639507488347C5008346F2
:104EF000150113070004BD9B93E737002306F50057
:104F000093978601A30D0500A309E500E18763D906
:104F1000070093F6F607A308D500EFF0EFB539A820
:104F20000327850A93772700BDC783270510759B44
:104F30002324E50A918BA9CFEFD0BFCA0347B40160
:104F400085476310F706832784110347C400DC43B9
:104F50002380E7008327841103475401DC43A380A7
:104F6000E700032784118327C9CA5843B8DF83A702
:104F700004C8B70680009843558F98C3D857719BD3
:104F8000D8D7F2406244D2444249B2490561828096
:104F9000EFD0DFC265B7937717008DC7799B2324C5
:104FA000E50A832704110347C4002380E700832711
:104FB000041103475401A380E7008327C9CA0327CC
:104FC00004116DB7834705018549639137133DC7C8
:104FD0009377070199C73D9B2324E50AEFD03FEC67
:104FE000B1BF9377070281CB1377F7FD2324E50A3E
:104FF000EFD0BFFFA1B79377070481CB1377F7FBFF
:105000002324E50AEFD07FC315BF9377070889CB28
:105010001377F7F72324E50A2285EFE01FB939BF9C
:105020009377072089CB1377F7DF2324E50A2285BE
:10503000EFD0DFD321B72324050AA5B78327450A7C
:105040006381071E13F7070401CB93F7F7FB2322B5
:10505000F50AEFD0DFAEDDB513F7071001CB93F7FC
:10506000F7EF2322F50AEFD09FE8C9BD13F7072019
:1050700011CBCD8ACDE293F7F7DF2322F50AEFD0EB
:105080001FEC6DBD13F7074001CB93F7F7BF232249
:10509000F50AEFD0BFB75DB513974701635B070013
:1050A0007D771307F77FF98F2322F50AEFD09FBA98
:1050B00071B513973701635C0700CD8AA9EE7D7740
:1050C0007D17F98F2322F50AEFD0BFC185BD139755
:1050D0001701635A070071777D17F98F2322F50AAC
:1050E000EFD0FFD1A1BD2322050A65BD8DC71307EF
:1050F00080036388E7206367F70C130770026386F9
:10510000E71E6364F70475476381E71E6367F70072
:105110006D476386E71C228509B513071002638576
:10512000E71E13075002E398E7FE83270510918BD3
:10513000638007208D472306F502EFD09FAA83479F
:105140001401DD9BA308F4009DA21307E002638411
:10515000E71E636FF7021307A002E39EE7FAEFD0A2
:105160005F958347D40491CB41469305C40A130548
:10517000C40C97B0F91FE780A00A8347C404232614
:10518000040E2328040E93E717002306F4047DB3CE
:1051900013071003E384E7E413076003E39DE7F6D6
:1051A00097B0F91FE7800059E30A05D88547A306A1
:1051B000F4042285EFD09F968347C404F99B23060D
:1051C000F404ADBB1307B004638FE718636CF702F8
:1051D000130710046385E70CE37FF7F29387B7FBAF
:1051E00093F7F70F8549E3E8F9F2EFF0EF888327AB
:1051F000040A230834012311040693E747002320FF
:10520000F40A2DBB13076005E383E7E26362F7024C
:1052100013071005E382E7E013075005E39DE7EE6F
:10522000228597B0F91FE780E050E30905D0E5B586
:1052300013078005E386E7FE1307A005E39DE7EC6F
:105240000347A51401CF034665148547B397C700EC
:105250006386E70093E60601A308D5000347B4146C
:1052600011CF834674148547B397D7006388E7004E
:105270008347140193E70701A308F4008347E4017F
:1052800099CB83471401C18B99E78327040A93E7DD
:1052900007202320F40A2285EFE01FFE09A8834798
:1052A000B5028DC705476398E700EFD01FD4854747
:1052B0002308F40061B183270510918BB5C7BD4762
:1052C0002306F4022285EFD0DF91D5B7EFE0DFFAB5
:1052D0008327040A93E727002320F40AC9BFEFD0ED
:1052E0002FFAD947230AF40491B92285EFE0DFF8B9
:1052F0008327040A93E717002320F40A23080400F5
:1053000035B9EFE07FF7DDBF83278510858B81C737
:10531000EFD07FB325B1E947A305F5028327051038
:10532000918B99C38D4769BF2285EFD03F8941B7E3
:10533000EFD0DF8829B58347C5042322050E232437
:10534000050E93E727002306F504EFD0AFF8834757
:105350001401A3050402DD9BA308F4008327040ABB
:1053600093E7070195BFEFD05F8D23083401F9B6AD
:10537000B7270020938787B403D707010507239831
:10538000E7006DBE79714AD037290020930789B4B0
:1053900022D403A487094ECE52CC56CA5AC8B72984
:1053A0000020372A0020B72A002037EB060026D23B
:1053B0005EC606D662C466C26AC0814B130989B450
:1053C000938449C8130ACA9D938A0A99130B0B7BCD
:1053D0008347E4001307000D6393E71E372C00207A
:1053E0008327CCCA98430D8B0DC737270020230194
:1053F0000798B84B1377F78FB8CB9843136787009C
:1054000098C39C438D83858B89C7010001000100EF
:10541000010097B0F91FE780605E8347C404858B65
:1054200089C7A2850545EF00506B372D00208326E4
:105430000DC88347241437060082D85693958701F8
:105440007D1693F7F703718FE607D98FDCD6B72C5B
:105450000020E1851307A00383A70CD06350B71089
:10546000F84F37060007518FF8CF832784090327A9
:10547000CCCA9CC68327C409DCC25C4393E71700EF
:105480005CC38355C41895470356E418910503453A
:105490007414A383F400C205930710FD2307F400DE
:1054A000C181930700FC2382F9C8EF104012034624
:1054B000741485468357240803576408631AD60C6E
:1054C000938757030326CCCA0607BA975446017739
:1054D0007D17758F58C60F1000000327CCCA3706FA
:1054E0000200860710C7130600F82382C4007CD38D
:1054F00054C70326CCCAA38204008547A3800400B6
:105500001CC28346C40483270DC803A70CD0858A18
:10551000D9C29443B705330093F6F6CF94C39443AE
:1055200093F6F6CF93E6062094C31447CD8E14C7A6
:10553000B70603009386861734CA5457F59A54D792
:10554000034764139376F7079843137707F8558F4B
:1055500098C397C0F91FE78060E19DBD1307200243
:10556000635AB700F84F370600F97D16718F37067A
:105570000005D5BD370700F91306F7FFF84F694559
:10558000718F37060003E340B5EE37060001E1BD39
:105590009387970405BF9443B705330093F6F6CF7E
:1055A00094C3944393F6F6CF93E6062094C314472E
:1055B000CD8E14C7B706030093868615B5BF1307B3
:1055C000100D639FE75683C749C8858B6380074CDE
:1055D00083C749C8E207E18763D4070C8347F40017
:1055E00003CC6A0193F7070285C38357A40313070B
:1055F000204EB387E70203274409B3D7E702130716
:105600000C05BA972312F40803554408035D8A0079
:1056100037460F0013059504B325A50381461306ED
:10562000062483ACC4013305AD02EF805036032756
:10563000C40883264A003305A74033079501BA857D
:105640006364A7006364D700B305D7400327040948
:105650006362B71603566408835724080D8F131529
:105660001600AA97B387A70337450F001308F52341
:1056700013050524C297B3D7A7026366F700B38763
:10568000F64063F4E7002328B408420C9357160051
:10569000135C0C0163E287132313F408231004083E
:1056A0008345C404032544119306240313064403CD
:1056B000858997C0F91FE780A0CE8347440303473D
:1056C00069042383A400998F230AF40283C764002A
:1056D000858B6396072A8347A40293E72700230557
:1056E000F40283C749C8E207E18763D3070283470F
:1056F000641313D7370093F6770022978547B39743
:10570000D7008346071393C7F7FFF58F2308F712D7
:105710008347F400898BE9C32285EFB07FAD4DED5F
:105720008347F400A309040093E74700A307F400AC
:10573000832784118DCF0347B40115CB03C797008E
:10574000058B15E703D7A700C843136707F0239518
:10575000E70097B0F91FE780209D83574404850731
:105760002312F404832784119C43232CF4108347D1
:10577000540181CB8347C404898B81C72285EFB054
:105780003FAC8347040113072002639AE702832793
:10579000040AA305040293E787002320F40A834741
:1057A000140193E78700A308F4009307400223083D
:1057B000F4001DA0369779BD23138409C5B51307DE
:1057C0000006639BE70A85472308F4008347A40289
:1057D00093E717002305F40283C76400898BE5C7AC
:1057E0008347C404858BE5C3834794018507A30CD5
:1057F000F4008347F40013F7270029E393E7270019
:10580000A307F400930700F8230EF4008357A403C2
:105810001307204EB387E70203274409B3D7E702F3
:1058200003C76A0113070705BA97C207C18323128A
:10583000F40886072311F408232E09082285238201
:1058400009C8EFF00FE8834554010345641491053E
:10585000EF00704D83475401638A071E8347C404D9
:10586000898B6385071EA2850145EF00501F6303E6
:105870000512EF0010646DA413077006639BE70226
:10588000B727002003A707C83C57ED9B3CD72385CB
:1058900004003717004083578701C607C583231CC0
:1058A000F7008347C40093F7F7FD2306F40085470C
:1058B000FDBD7147E392E7F28327040A93E71700DF
:1058C0002320F40A11BF2285EFB01F951DF1A30C10
:1058D00004002285EFB0DF8D83471401A18B85CFB3
:1058E000834764018DCB83477401094793F7B70F52
:1058F0006383E7029307D003230AF404930770023B
:105900002308F4008347C404858BE38407EE2285D3
:10591000EFB01F98F9BD8347D4000D476393E704A8
:1059200083477401130780026373F702834774018E
:105930001D476384E702A306F4028327840A2285B5
:1059400093E717002324F40AEFD0EF9A39A08A07CF
:10595000DA979C432285829771F983476401DDF3CE
:1059600049BD99CB83476401E38507E8228597B059
:10597000F91FE780A0EEAA8BE39D0BE6F9BF8347F2
:1059800084018507230CF4008357E900850723175A
:10599000F90085B5B727002003A707C8B70633006D
:1059A0001C4393F7F7CF1CC31C4393F7F7CF93E740
:1059B00007201CC3B727002003A707D01C47D58F9B
:1059C0001CC7B727002003A7C7CAB70703009387E0
:1059D00087273CCBB727002083A707C8B7068000DE
:1059E0009843558F98C3D857719BD8D7930720FDFC
:1059F0002307F4008347CA00E39D07B483270412FA
:105A0000E38907B40347F400058BE30407B4D443E8
:105A100003C6C70083C58700035584008906EF507D
:105A20008076E31805B28327041203D7A700136713
:105A300007F02395E7009C432320F41283572404A6
:105A4000E38907B0FD172311F40421B6B72700201E
:105A500003A707C8B70633001C4393F7F7CF1CC34F
:105A60001C4393F7F7CF93E707201CC3B727002009
:105A700003A707D01C47D58F1CC7B727002003A753
:105A8000C7CAB707030093878725A1B7B7270020A8
:105A900083A7C7CAFC53E39D0792938749C8238213
:105AA0000700EF00104183C749C82285E207E1875C
:105AB00063DA071CEFF02FBF835729010357040453
:105AC0008507C207C1832319F90039CB9306400625
:105AD0003377D70231E7372700200327C7C6098B62
:105AE00005CFB724002093840499985815C783558F
:105AF00009012545C205DD8D02979C588355E900B3
:105B0000294582979C58831524032D4582979C58DC
:105B10008305440331458297231709002328090090
:105B200022852254B25092540259F249624AD24A12
:105B3000424BB24B224C924C024D45616FB0FFC3B9
:105B40001307200DE397E7D283C71400858B638E7C
:105B500007128327040AA380040013972701634ACE
:105B6000070E228597B0F91FE78000DD8547631295
:105B7000F50E8355C4180356E418034574149105B3
:105B8000C205C181EF00B0248347C404372C002034
:105B9000B72C0020858B372D0020BDCFA285054571
:105BA0002D2F03A70CC8B70633001C4393F7F7CF7C
:105BB0001CC31C4393F7F7CF93E707201CC30327AD
:105BC0000DD01C47D58F1CC70327CCCAB7070300CD
:105BD000938787173CCB0327CCCA930710FD230775
:105BE000F40054478177FD17F58F5CC70F10000054
:105BF0000327CCCAB70702001CC7930700F823820B
:105C0000F40083A70CC89C439D83858BA1C3930795
:105C100060197CD354C735BA03A70CC8B706330044
:105C20001C4393F7F7CF1CC31C4393F7F7CF93E7BD
:105C300007201CC303270DD01C47D58F1CC7B707EF
:105C400003000327CCCA9387871569B79307E01B26
:105C5000C9B7EF0010268347940185C793F7070F54
:105C600081CB9305D0032285EFB01FC1A305A40209
:105C7000B727002083A7079C89C7954513055008BF
:105C800082972285EFB0FFFC61BDB727002083A774
:105C9000C7CAFC53639E07F223820400EF00702101
:105CA000CDB7411106C6EFB06F88B7270020375730
:105CB0000600938787B4130787C423A6E70A3757DC
:105CC00006001307C7D523A8E70AB240B757060056
:105CD0003727002093874738232CF7C6410182805D
:105CE000011122CC37240020930784B426CA83A450
:105CF000870B4AC84EC652C456C206CE2A8981496D
:105D0000130484B4130A2500854AA9E49305702579
:105D1000314597A0F91FE780E032AA840145B9CC4C
:105D200083471900194693052900A380F4001385C1
:105D3000240097A0F91FE780A04E8327840BA1EBD6
:105D4000232C940A23A404008347440B8507230AC9
:105D5000F40A25A003C71400834719006305F70060
:105D6000A68984445DB71946D2851385240097A07F
:105D7000F91FE7802058E31555FF0545F2406244BE
:105D8000D2444249B249224A924A05618280E38B59
:105D900009FA23A499007DB7011126CAB72400206F
:105DA000938784B422CC03A4870B4AC84EC652C43E
:105DB00056C206CEAA890149938484B4130A2500E9
:105DC000854A19E80145F2406244D2444249B24949
:105DD000224A924A056182800347140083C7190052
:105DE0006305F70022890044E9BF1946D2851305EF
:105DF000240097A0F91FE780E04FE31555FF1C44EE
:105E00006315090023ACF40A19A02324F9002285A4
:105E100097A0F91FE780403183C7440B0545FD1764
:105E2000238AF40A4DB7411122C437240020930776
:105E300084B403A5870B06C626C2130484B411E9F3
:105E4000232C040A230A040AB2402244924441014A
:105E50008280044597A0F91FE780002D2685C5B7ED
:105E6000B7270020938787B423AC070A238A070A41
:105E70008280372700208327C7C79306001094C36A
:105E800001000100010001008327C7C723A007000C
:105E90008346150003482500A2064208C29603481F
:105EA0000500C296034835006208C29694D783461F
:105EB000550003486500A2064208C2960348450003
:105EC000C296034875006208C296D4D783469500EF
:105ED0000348A500A2064208C29603488500C29660
:105EE0000348B5006208C29694DB8346D500034898
:105EF000E500A2064208C2960348C5000345F50026
:105F0000C2966205AA96D4DB83C6150003C5250098
:105F1000A2064205AA9603C50500AA9603C5350048
:105F20006205AA9694CF83C6550003C56500A206F4
:105F30004205AA9603C54500AA9603C575006205E9
:105F4000AA96D4CF83C6950003C5A500A206420534
:105F5000AA9603C58500AA9603C5B5006205AA9650
:105F600094D383C6D50003C5E500A2064205AA96D0
:105F700003C5C50083C5F500AA96E205AE96D4D345
:105F8000D443F59AD4C3D44393E61600D4C39443C0
:105F900093E6160094C3BA8783A6C7C7D842058B79
:105FA00059E7984E01452300E60003A7C7C7184FDD
:105FB0002183A300E60003A7C7C7184F418323012D
:105FC000E60003A7C7C7184F6183A301E60083A7B4
:105FD000C7C7D84F2302E600D84F2183A302E600AB
:105FE000D84F41832303E600D84F6183A303E60023
:105FF00098532304E60098532183A304E6009853A2
:1060000041832305E60098536183A305E600D85336
:106010002306E600D8532183A306E600D853418324
:106020002307E600DC53E183A307F600828001002A
:10603000A5B7372700208327C7C79306001094C34E
:1060400001000100010001008327C7C7894694C3EE
:106050008346150003482500A2064208C29603485D
:106060000500C296034835006208C29694D783465D
:10607000550003486500A2064208C2960348450041
:10608000C296034875006208C296D4D7834695002D
:106090000348A500A2064208C29603488500C2969E
:1060A0000348B5006208C29694DB8346D5000348D6
:1060B000E500A2064208C2960348C5000345F50064
:1060C000C2966205AA96D4DB83C6150003C52500D7
:1060D000A2064205AA9603C50500AA9603C5350087
:1060E0006205AA9694CF83C6550003C56500A20633
:1060F0004205AA9603C54500AA9603C57500620528
:10610000AA96D4CF83C6950003C5A500A206420572
:10611000AA9603C58500AA9603C5B5006205AA968E
:1061200094D383C6D50003C5E500A2064205AA960E
:1061300003C5C50083C5F500AA96E205AE96D4D383
:10614000D443F59AD4C3D44393E61600D4C39443FE
:1061500093E6160094C3BA8703A7C7C75443858A3A
:10616000C9EA23200700184F01452300E60003A7D2
:10617000C7C7184F2183A300E60003A7C7C7184F5E
:1061800041832301E60003A7C7C7184F6183A3011A
:10619000E60083A7C7C7D84F2302E600D84F218364
:1061A000A302E600D84F41832303E600D84F618362
:1061B000A303E60098532304E60098532183A30425
:1061C000E600985341832305E60098536183A305B5
:1061D000E600D8532306E600D8532183A306E60041
:1061E000D85341832307E600DC53E183A307F6007D
:1061F0008280010095B7011122CC2A84354506CE54
:106200002EC632C4152BB727002003A7C7CA228584
:106210003C4B93E707083CCB2246B245EFF07FC5E5
:10622000F2406244014505618280011122CC2A843A
:10623000354506CE2EC632C40123B727002003A75A
:10624000C7CA22853C4B93E707083CCB2246B245A0
:10625000EFF03FDEF2406244014505618280B727DE
:10626000002003A7C7CA3C4B93E707083CCB0100BB
:10627000010001000100B727002083A7C7C703A7BB
:10628000450E16051365050888C398CB03A7850E30
:106290000145D8CB03A7C50B98CF03A7050CD8CFD2
:1062A00003A7450C98D303A7850CD8D303A7C50C27
:1062B00098D703A7050DD8D703A7450D98DB03A7EB
:1062C000850DD8DB03A7C50D98C703A7050ED8C752
:1062D00098431367070498C38280B727002003A759
:1062E000C7CA3C4B93E707083CCB01000100010003
:1062F0000100B727002083A7C7C703A7C50E16054F
:106300001365050888C398CB03A7050F0145D8CBB3
:1063100003A7C50B98CF03A7050CD8CF03A7450C3F
:1063200098D303A7850CD8D303A7C50C98D703A788
:10633000050DD8D703A7450D98DB03A7850DD8DB3E
:1063400003A7C50D98C703A7050ED8C798431367C1
:10635000070498C3B7270020938747C8130700F89E
:106360002383E7008280B727002083A707C8885BC4
:106370003D81620561858280B727002083A707C819
:10638000B70680003706008298437D16558F98C364
:106390001307F00F98DF13070005D8DBD857B706AF
:1063A0000080558FD8D7372700200347479AD45706
:1063B000931587011377F703F18E6607558FD8D7AA
:1063C000E185372700209306A003032707D063DE6B
:1063D000B602744F37060007D18E74CF370702001C
:1063E0003907D8DF984B137707FC1367E70098CB82
:1063F00037E700E0D147A309F704B71700209387D8
:10640000472193E717007CD782809306200263DA46
:10641000B600744F370600F97D16F18E3706000579
:1064200065BFB70600F91386F6FF744F6945F18E14
:1064300037060003E342B5FA3706000171BFB727FC
:10644000002083A707C89C5BC60713D5670163D6E6
:106450000700136505C042054181420541858280E0
:106460009307A00363EFA7041307A0028D47636897
:10647000A7041307200289476363A7046947854778
:10648000636FA70251478147636BA7024947FD57D6
:106490006367A7023947F5576363A7022947ED579A
:1064A000636FA7001947E157636BA7001147D957DE
:1064B0006367A7000947B1576373A700C5573E85B7
:1064C00082809147EDBFB557634DF50449578D471D
:1064D0006347E5045D5795476343E50465579D476A
:1064E000634FE5027157AD47634BE5027957BD47EE
:1064F0006347E502CD4763440502D5470DC1054713
:10650000ED47630EE5000947930730026309E50094
:106510000D479307B0036314E5009307B0023E856F
:1065200082808547EDBFB727002083A7478999CB95
:10653000944BD04B9842518F98C294439C479842B9
:10654000D98F9CC2B727002003A707C8B727002010
:10655000938747C883C6A7003728002085489386BD
:10656000E6090326C8CA631D150308431365050819
:1065700008C3484601777D17698F58C60F10000081
:106580000327C8CA37060200AD0510C7130600F876
:106590002382C7008A05B69586056CD348C78280DA
:1065A00008431375F5F708C3484601777D17698FCF
:1065B00058C60F1000000327C8CA37060200A905F5
:1065C00010C7130600F82382C7008E05E9B7B72766
:1065D000002083A7478989CFD44303A88700984226
:1065E0003367070198C2D447DC4B9842D98F9CC2CD
:1065F000B727002037270020854683A707C89505C1
:10660000130747C86318D50294438E0593E606081E
:1066100094C3944F93F606C093E6A61394CF9306C3
:106620008007A389D7009385C5030CCB19C2060642
:1066300010CB82809443920593F6F6F794C3944F5F
:1066400093F606C093E6261394CF9306F007A3892A
:10665000D700D1BFB7270020138747C883468700DC
:1066600021476397E60437270020034707CB4111F2
:1066700022C4138447C8B727002006C6938707CDD6
:10668000058B03C6370083C6270005C3C84311CD59
:10669000834515000905EF00106A01C58547A3046D
:1066A000F400B24022444101828081450145E5B7B2
:1066B0008280372700208327C7CAB44B93F6F68F12
:1066C000B4CB944393E6860094C39C438D83858B1F
:1066D00089C70100010001000100B727002083A63F
:1066E00007C89C4293F7F7CF93E707109CC2B727E0
:1066F000002003A607D0B706CEFFFD161C46F58F77
:106700001CC68327C7CA37070300B8CBB7270020AA
:1067100083A7478999CBD44390479842518F98C219
:10672000944BDC4B9842D98F9CC2B72700209387AB
:1067300047C8A38307008280B727002083A7C7CA62
:106740009C438D8BC5CF411122C43724002026C223
:10675000930744C806C683C777000D47AA8413046D
:1067600044C8631AF700B727002083A707CC014667
:106770008145454582971947639EE402834794000B
:1067800099C78347840063949700A3040400834758
:10679000740021476316F700930780102314F40058
:1067A0002244B2409244B727002023810798410138
:1067B0006FF03FF09D47639BF40083479400E1DB5B
:1067C000034784008D47E314F7FCC1B78346740088
:1067D000630BD700034774006387E70083477400A7
:1067E0002147E31FF7FA83479400DDFB83477400DA
:1067F0002304F4008547A304F4005DB782800111EF
:1068000022CC2A8411452EC632C436C206CEEFF001
:10681000BFF2B727002083A707C8B7083300D857AF
:10682000719B13671700D8D7372700200325C7CAE5
:106830001307800778D198431377F7CF98C398430D
:106840001377F7CF1367072098C337270020032754
:1068500007D0B245924603288700224633681801C4
:10686000232407013708030013088825232805057A
:10687000C1CD4C5713640404F5994CD71377F40732
:106880008043137404F8598C3747767180C313071B
:10689000971298C7375755001307575537240020CC
:1068A000D8C3930744C89853B685130444C838DD49
:1068B00023810700A3810700238207005841799BA9
:1068C00058C111470145A383E70097B0F91FE7803E
:1068D00060B6B727002003A7478911C7544318475C
:1068E0009C42D98F9CC283473400858B91CBB727BC
:1068F0000020938787B403D7870005072394E70018
:10690000F2406244056182804C57F5994CD7137769
:10691000F4078043137404F8598C37C7898E80C3F9
:10692000130767EDBDB7B727002023AAA78819C9A9
:10693000584154491C43D58F1CC3184914451C4366
:10694000D58F1CC38280011126CA4AC84EC6C164B5
:106950003709006AB70900AC22CC52C406CE054400
:10696000FD141309690E9389E90C130A000205E46A
:106970009305000F4145EFA0AE86B7B7006A420508
:10698000938767CE5D8DF2406244D2444249B2495A
:10699000224A05618280A6850145EFA0AE86931745
:1069A000850013F7071033E5270119C333E53701D5
:1069B00081470147E145B356F50085073356F50099
:1069C000858A058A6307D60005071377F70F63E406
:1069D000E504E39247FF81471306F003ED46335782
:1069E000F5001377F70305CB6307C7028507E39824
:1069F000D7FE135785009377F50F1377F70FE394BE
:106A0000E7F8135705011377F70FE39EE7F61357DF
:106A10008501E39AE7F605041374F40F89BF0111A9
:106A200022CC37240020130444C88347740006CEC8
:106A300026CA4AC84EC652C411476305F70AB7278B
:106A4000002003A7C7C7B7C7004093870730631B61
:106A5000F7083545EFF05FCE372A0020052AEF1002
:106A60009017EFF07F9183270AC8B7290020B70657
:106A70003300984337290020B70403001367070841
:106A800098C398431377F7CF98C398431377F7CFFA
:106A90001367072098C303A709D01C47D58F1CC7CD
:106AA0008327C9CA13878455B8CBEF10F035EF2080
:106AB000F009EF10901BEF10902403270AC81C4325
:106AC00093F7F7CF93E707101CC383A609D03707C6
:106AD000CEFF7D179C46F98F9CC68327C9CAA4CBDD
:106AE000A3030400F2406244D2444249B249224A1C
:106AF00005618280B7C700409386073037270020A2
:106B0000232ED7C69386072037270020411123263E
:106B1000D7CA37270020B7D6004022C42320D7D0B9
:106B2000938707103727002037240020130444C818
:106B30002320F7C88547A303F400B727002083A7C5
:106B400007993727002006C65CD0938707111CD011
:106B5000B71700209387A721232CF788EFF03FEC8D
:106B6000B7E700E0A305040003C757411367070810
:106B7000A38AE740B24037071000224423A0E71061
:106B80003707200023A0E71041018280B7270020AB
:106B900083A7C7CA1307C00893066007D8CBD4CF12
:106BA000D8D31306E006D0D7D8DBD0DFF8C3F4C7BC
:106BB000130780072393E700F84BB7060080558F33
:106BC000F8CB5147F8CB37270020032787CAF8DFD7
:106BD0007D5798C737071F003D07D8C78280B72762
:106BE00000203725002003A707D0130605CBB727C1
:106BF000002083A607C88347160013F8F707D9C5F6
:106C00005C429042137606F83366060190C213F692
:106C1000150001CA93F5050341466386C5069387AF
:106C200087C150574168130808A01366260050D743
:106C300033D60703B70810FEFD18B3F707037D8AA4
:106C4000931546017043337616014D8E70C31306BB
:106C5000A00FB705FCFFAA07B3D7C70270436D8E1C
:106C6000BA07B983D18F7CC3834705CB898B99CB76
:106C70009C4293F7F70713E707049C4293F707F842
:106C8000D98F9CC282809387078361BF5C57F59B35
:106C90005CD79C4293F707F8B3E707019CC2E9B7BA
:106CA0004111B727002006C6238F07CCEFF07FA045
:106CB000B240014541018280411122C437240020A5
:106CC000130444C88347340006C6858B95C3EFF090
:106CD0003FFDB727002003A307CCA3010400230234
:106CE00004000146814505452244B240410102832A
:106CF000B727002083A7C7CAFC5389EFEFF05FFADC
:106D0000B72700202302040003A307CC01468145D6
:106D10004545D9BF834774000D476317F700B72770
:106D2000002005472381E798B24022444101828038
:106D3000411126C2B724002022C44AC006C61384CB
:106D400044C88347240037290020858BEDC7B72727
:106D5000002003A707D0938444C8238104005C5714
:106D600037240020034504CB8583858B130404CB93
:106D7000B1CB504093760503C145930786C1639418
:106D8000B60093070683C165938505A0B3D6B70205
:106D9000370810FE7D18B3F7B702FD8A1396460137
:106DA0007443B3F60601D18E74C39306A00F370661
:106DB000FCFFAA07B3D7D7027443F18EBA07B98391
:106DC000D58F7CC38345C401118501460D89EFF041
:106DD0001F8037750600130565E7EF907E86032751
:106DE000C9CA8177FD175447F58F5CC70F100000A3
:106DF0000327C9CAB70702001CC7930700F82382FC
:106E0000F400B727002083A707C89C439D83858B88
:106E100085C393076019032304017CD354C701463B
:106E2000814505452244B240924402494101028312
:106E30009307E01BCDB78327C9CAFC5389EFEFF056
:106E40003FE6B72700202302040003A307CC014636
:106E500081454545C1BF834774000D476317F7005F
:106E6000B727002005472381E798B2402244924487
:106E7000024941018280011122CC3724002026CA18
:106E800006CE930444C883C73400858BC9CBEFF08A
:106E90003FE1130444C84850A301040081458146E2
:106EA0001306F1002302040097A0F91FE780404F6A
:106EB00093158501B7240020E185938404CD99EDD5
:106EC0005C509306F00F03C707006309D70083C720
:106ED00014006385D7006303F7008945B7270020B6
:106EE000038707CB6347070058508346F100230010
:106EF000D700938707CB9C4B505093F5F50F09456E
:106F0000829783C7C400898B91C703C50401854557
:106F1000EF90EE84F2406244D24405618280B7274C
:106F2000002083A7C7CAFC5391EFEFF07FD7B727A4
:106F3000002083A707CC23820400014681454945F0
:106F40008297C9BF83C774000D47E315F7FCB727C5
:106F5000002005472381E79875BF397126DA5AD09A
:106F60005ECE06DE22DC4AD84ED652D456D29307E5
:106F70000008AA8BAE84328B631AF60237240020F5
:106F80003D49130404CB97A0F91FE780A068E37C78
:106F9000A9FE8347A4019607C117E3E6A7FEB7271A
:106FA000002083A7C7CA13078007F8D3372A002019
:106FB00003270AC8B72A002013840ACB5C578145EF
:106FC000B7290020F19B93E717005CD70345140015
:106FD00037290020EFF0BFC083270AC837063300E7
:106FE00098431377F7CF98C398431377F7CF136776
:106FF000072098C337270020832607D09846518F53
:1070000098C603A7C9CAB70603009386862534CB62
:10701000144494C7544437240020130444C8D4C3F0
:107020005C4393E717005CC3130709CD8347E70070
:10703000130909CD93E727002307F7009307FBFF08
:1070400093F7F70F0547636AF70A08502686DE852F
:1070500023006501A300950009059790F91FE780BB
:10706000201C185083A7C9CA93950401C181B8DFB9
:1070700023010400A30104000D4723020400A3031D
:10708000E400130700086317EB08F8537DFFB727E8
:10709000002083A747982EC6829703278900B24510
:1070A0006363E506198D1C50B70480000D811387BA
:1070B000F42F6205598D88C303C50ACB11850D894C
:1070C000EFF06FC683270AC89843458F98C3D857F7
:1070D000719BD8D783A7C9CAA3020400A3000400E8
:1070E000094798C3F2506254D2544259B259225AB5
:1070F000925A025BF24B2161828093070008E312EF
:10710000FBF68944B9BFB727002083A7079E998F54
:107110003E9551BF03C50ACB11850D89EFF0AFC075
:1071200083270AC8B70680003785060098431305F1
:10713000050F558F98C3D857719BD8D7EF904ED075
:1071400083A7C9CA23060900A3020400A300040000
:10715000094798C38347C90093F7F70FE5DF59B78D
:107160000111300099451305001006CEEF909EAD39
:107170000DED19469305F00F28009790F91FE78051
:10718000C01F85476303F50219469305F00F2800D9
:107190009790F91FE780E00F300099451305001024
:1071A000EF901ED50545EF90DECFF240056182805D
:1071B0001C49638C0714411126C206C622C44AC06A
:1071C00083470500AA8493F7070481C75C410945FA
:1071D000F9CB37290020130600028145130509CB9E
:1071E0009790F91FE780E00A13060002A6851305B1
:1071F00009CB9790F91FE780A002930709CB83C7BB
:107200009701130409CB89E793078002A30CF400CC
:107210008347A40181E7A147230DF4008347B4010C
:1072200081E7C547A30DF4008347C40181E7ED570B
:10723000230EF4008347D40181E7ED57A30EF40039
:1072400083C7040093F7070481CF5C4037B724005D
:107250001307F7E9636FF70493075002A300F400E4
:10726000B7240020938704CDC843938404CD09C577
:107270009790F91FE78040EB834709CB23A20400D6
:10728000858B99CB0345D40193059004090597900C
:10729000F91FE78020DBC8C0834714000145A3879E
:1072A000F4001C44DCC8B24022449244024941012B
:1072B0008280370725009306F74863EDF6003767AD
:1072C000DBFF13070793BA971307007DB3D7E702D5
:1072D000FD1769B7130707496395E7009307600235
:1072E000B5BF37D725001307F777636DF70037670A
:1072F000DBFF13070793BA971307007DB3D7E702A5
:10730000F917A9BF9307700291BF05458280797173
:107310004AD037290020930709CB9C4706D622D4B0
:1073200026D24ECE52CC56CA5AC85EC662C466C277
:107330006AC06380072037240020930744C883C7AE
:10734000770015472A8C130444C809456301F71ACE
:107350000D45372B0020AE84B28BB68CEFF0CFBD3D
:1073600093070BCD83C7C700130D09CB93090BCD32
:10737000898B8DC73D4A97A0F91FE780A029E37C40
:10738000AAFE8347AD019607C117E3E6A7FEB7271C
:10739000002083A7C7CA13078007F8D3B72A0020A5
:1073A00003A70AC85C57F19B93E717005CD783C714
:1073B000C900898B99E7834709CB93F70704639644
:1073C000071403451D008145EFF07F8183A70AC89C
:1073D00037063300372A002098431377F7CF98C336
:1073E00098431377F7CF1367072098C337270020F8
:1073F000832607D09846518F98C60327CACAB70676
:1074000003009386862534CB83268D0094C783267C
:10741000CD00D4C3834709CB93F617005C43F99B97
:10742000D58F5CC383C7E90023087BCDA380990176
:1074300093E727002387F9000850630C0C0C230006
:107440007501A30095002686E28509059790F91F2E
:10745000E78000DD1C500327CACA3CDF230104007B
:10746000A3010400230204008D47A303F40083C793
:10747000C900898B8DCB7C53FDFFB727002083A7E4
:107480004798829703A789006369E508198D1C5006
:10749000890493F4F40FA38097000D81A6972380AD
:1074A0000700A380A700034509CBA68511850D8998
:1074B000EFF06F87834709CB858BBDC73775060013
:1074C000130505D3EF90CE9783A70AC8B7068000AF
:1074D00001459843558F98C3D857719BD8D78327B8
:1074E000CACAA3020400A3000400094798C3B2500B
:1074F000225492540259F249624AD24A424BB24B48
:10750000224C924C024D45618280894503254D00F5
:1075100065BD23207501814435BFB727002083A7AF
:10752000079E998F3E95A5B737750600130585CB45
:1075300051BF05456DBF3971B7E700E04ED683A94D
:1075400007003707200006DE22DC26DA4AD852D4AC
:1075500056D25AD05ECE62CCB3F9E90023A0E71828
:107560000F10000037290020130709CB184705E347
:1075700023A037110545F2506254D2544259B259F2
:10758000225A925A025BF24B624C21618280372769
:107590000020032747BE09C723A037110945E1BFD3
:1075A000834709CB328C930A09CB858BB68B2E8609
:1075B000AA84A9CF37240020930704CDDC43130409
:1075C00004CD89EF03C5DA012EC6930590040905A1
:1075D0009790F91FE78000A7324648C05C4099E7C2
:1075E000B7E700E023A037110D4571B7034724002A
:1075F0002380E7005C40B9C831CAA380C700484077
:10760000A68509059790F91FE78080C1372B0020D8
:1076100093074BC883C77700154793044BC8630A89
:10762000F70083C7840019476385E7000D4763921D
:10763000E70283C7940089E7930780102394F4003E
:10764000B7E700E023A03711014535B7A380070055
:1076500075BF372A00208327CACA98430D8B0DC7F0
:107660003727002023010798B84B1377F78FB8CB43
:1076700098431367870098C39C438D83858B89C784
:1076800001000100010001008327CACA3707020078
:107690003724002023A2070698C7238204009307FB
:1076A00004CD83C7C700130404CD918B91E78345B4
:1076B00009CB93F70504FDE303C51A008145EFF0FC
:1076C0000FD2034509CB83C5CA01014611850D8937
:1076D000EFE0FFEF37270020832707C883A68A0043
:1076E00094C783A6CA00D4C3834709CB8326CACADA
:1076F0003A8913F61700DC42F99BD18FDCC25C405B
:10770000A301840123017401BCDE8347E40093E7F5
:1077100047002307F400930700042302FBC82382D9
:107720000400A147A383F400B727002083A7879B09
:1077300081CB0345040113060064C145EF801EA1FF
:107740008327CACADC43858BADC337850600130582
:1077500045A1EF80FEEE032709C8B70633001C439E
:1077600093F7F7CF1CC31C4393F7F7CF93E707209A
:107770001CC3B727002003A707D01C47D58F1CC701
:107780000327CACAB7070300938787153CCBA38298
:107790000400A380040085471CC35DB593F5050371
:1077A00093E5150003A54A0019BF377506001305B8
:1077B000457B45B7797122D43724002006D626D2DE
:1077C0004AD04ECE130744C883471700858B638E7B
:1077D000071E130444C8B7240020A307010083290F
:1077E0004402A3000400EFF0AFCB938704CD83C71E
:1077F000C700938404CD37290020918B638307163B
:1078000083C71900CE9703C70700930700086318C2
:10781000F700834709CB93E787002308F9CA5C4C3C
:107820000D476373F70EF1175CCC5C4C984463E32F
:10783000E70E3387E74083C7190083C6C400CE979D
:1078400083C71700E206E1868E0763D4060E63F94C
:10785000E70C1D8F9306000263E8E600584C636452
:10786000F70CB307F7409CC403C504018945EF80BA
:107870000EEF834709CBA18BE5C3B727002083A672
:10788000C7CA9307800C1307F00FFCD21C503706B1
:107890003300014598C323010400B7270020A3014A
:1078A000040003A707C823020400A30204001C432A
:1078B00093F7F7CF1CC31C4393F7F7CF93E7072049
:1078C0001CC3B727002003A707D0834509CB1C475B
:1078D00091858D89D18F1CC7B707030093878725B2
:1078E000BCCA054697A0F91FE780C0B4834709CBFF
:1078F00083C6240003C63400DD9B2308F9CA8145F2
:107900000145EFF05FC35DA8372700200327079EDE
:10791000BA9711BFB726002083A6069EB69711BF5F
:107920003387E74005BFB726002083A6069E36971B
:107930000DBF584C636CF700B307F7409CC483C776
:10794000C40093E707082386F40039BFB726002058
:1079500083A6069E3697CDB783C71900F917A38073
:10796000F9004850814681451306F10097A0F91FA0
:10797000E78000A35C50931585019306F00F03C7C1
:107980000700E185630AD70083C734006386D70008
:107990006304F70093E52500830709CB63C707005D
:1079A00089E58347F1002380F900130909CB832778
:1079B0000901505093F5F50F0D458297B2502254AE
:1079C00092540259F24945618280B727002083A76B
:1079D000C7CAFC538DE7EFF0AFACB727002083A7F1
:1079E000079C89C78545130510088297B727002093
:1079F000938707CD83C6270003C6370009B783479F
:107A000077002147E31CF7FAB727002005472381B9
:107A1000E7986DB7797122D437240020834744C892
:107A200006D626D24AD04ECE52CC858B638B072207
:107A3000930744C883A9470281461306F100814594
:107A40004E85230204C8A307010097A0F91FE78011
:107A50002095131A8501B7240020135A8A41130474
:107A600044C8938404CD63100A0283C7340093068C
:107A7000F00F638AD7005850034707006305D7000B
:107A80006303F700094A37290020830709CB63CB3A
:107A90000712631B0A128347F1002380F90083C792
:107AA000C400918BBDCF5C4C0D476370F716F11786
:107AB0005CCC5C4C984463E0E7163387E74083C7AF
:107AC000190083C6C400CE9783C71700E206E1867B
:107AD0008E0763D1061663F6E7141D8F9306000226
:107AE00063E8E600584C6361F714B307F7409CC4A1
:107AF00003C504018945EF808EC683C7190033870B
:107B0000F90083460700130700086398E6141C5029
:107B10001307F00F98C3834709CB93E78700230827
:107B2000F9CAB727002003A707D05C578583858B48
:107B3000B1C3930709CBDC43C165938505A0B3D6D8
:107B4000B702370510FE7D15B3F7B702FD8A13960D
:107B500046017443E98ED18E74C39306A00F370695
:107B6000FCFFAA07B3D7D7027443F18EBA07B983D3
:107B7000D58F7CC3DC40034509CB83C51700118535
:107B80000D89EFE05F9A37850600130525CBEF805E
:107B90003EABB727002083A707C8B70680009843ED
:107BA000558F98C3D857719BD8D7834709CBA18BE2
:107BB000A9E7130909CB83270901505081450D45D9
:107BC000829725A8E30D0AECEFE0BFAE130909CBBD
:107BD0005050832709010D459375FA0F8297C840CD
:107BE00083C6240003C6340009C583451500090572
:107BF00019A081450145EFF01F94B25022549254D0
:107C00000259F249624A45618280372700200327E2
:107C1000079EBA9769BDB726002083A6069EB69731
:107C200069BD3387E7405DBDB726002083A6069E69
:107C3000369765BD584C636CF700B307F7409CC49A
:107C400083C7C40093E707082386F40055B5B72619
:107C5000002083A6069E3697CDB7F917A380F900BA
:107C6000C9B5B727002083A7C7CAFC5395E7EFF033
:107C70002F83B727002083A7079C89C78945130551
:107C800010088297B7270020938707CDC84303C603
:107C9000370083C6270089BF130444C88347740094
:107CA0002147E31CF7F4B727002005472381E79815
:107CB000A9B74111B727002006C622C4938747C839
:107CC00003C71700058B1DC7A3800700EFE05FFD0A
:107CD000B727002003C707CB3E84218B39E3938766
:107CE00007CB03A307010146814511452244B24059
:107CF00041010283372700200327C7CA785329EFA1
:107D000023820700B727002003C707CB3E84218BBF
:107D100009EB938707CB03A3070101468145514532
:107D2000F1B7B7270020938707CDC84303C63700B4
:107D300083C6270019CD834515000905EFF0AFFF75
:107D4000834704CBDD9B2308F4CAB240224441019F
:107D5000828081450145DDB7B72700200547238193
:107D6000E798E5B74111B7E700E026C2844337073B
:107D7000200006C622C4F98C23A0E7180F100000CB
:107D800037240020930704CDC8432387070013043A
:107D900004CD09C59780F91FE7800039B727002077
:107DA000138747C80347970023220400938747C8D7
:107DB00001CB83C6870021476394E600A3840700B4
:107DC00003C7770099466387E60003C777009D469F
:107DD0006399E60003C777002384E7000547A3847F
:107DE000E700EFE01F8D03450401B7270020C145E0
:107DF00023810798EF804EDEB2402244B7E700E0CF
:107E000023A097100145924441018280411126C26E
:107E1000B724002006C622C44AC0EFF0BFF413897D
:107E200004CD8347F90037240020130404CBA300BA
:107E3000F4000345090183274901A145938404CD3A
:107E40001CC4EF806ED9034509019145EF80CED85F
:107E50008347C900898B95C31C480146814513059A
:107E600020028297224423860400B24092440249B1
:107E70008945014541016F804EFB83C7C400918B4A
:107E8000F5D31C480146814513054002D9BF7971DD
:107E900026D2B724002006D622D44AD04ECE52CCC9
:107EA00056CA5AC85EC662C4138704CD8347C7004A
:107EB000898B638F071037240020930744C883C73A
:107EC00077008D46130444C86392F6020345070108
:107ED00091452254B25092540259F249624AD24A10
:107EE000424BB24B224C45616F806E873545017A1B
:107EF000938404CDEFE05F84A149372B002037291C
:107F000000207D1AB70B02001306000881450145C9
:107F1000856AEFF08F84130C00F8938A2AF983475F
:107F20002400858B8DE78327C9CAFC53EDFBFD191F
:107F3000E39C09FC2254B25092540259F249624A1D
:107F4000D24A424BB24B224C45616FF03FEC0345A5
:107F50000BCB01469305F00F11850D892301040019
:107F6000EFE0EFE683450BCB1306F00F0545918557
:107F70008D899790F91FE780E04B83473400858B0C
:107F800099CFA3010400EFE0BFD183C7C4008545AA
:107F900003C5040193E707082386F4001DBFEFE043
:107FA0003FD08327C9CAD847B3764701D4C70F103B
:107FB00000008327C9CA23A477012302840123A2D6
:107FC0005707D8C78327C9CAFC53B1DF0100DDBFFB
:107FD000B250225492540259F249624AD24A424B58
:107FE000B24B224C45618280411122C406C693F7F0
:107FF00015002E84A9C7B7270020938707CD03C794
:10800000C700098B1DC703C7C70003C507011306B7
:10801000000593178701E18763DA0700B72700207F
:1080200003C697CC9307000A3306F6029145EF800A
:10803000EE9113451400B24022444101828093F72F
:108040002500A1C7B7270020938707CD03C7C70026
:10805000118B0DCB03C7C70003C507011306000A28
:1080600093178701E18763DC0700B727002003C669
:1080700097CC9307000A3306F60213068602A14541
:10808000EF80CE8C134524007DB793F7450091C750
:10809000EFF0FFDF1345440079BF93F7850091CFE0
:1080A000B7270020938707CD83C7C700918B99C35B
:1080B000EFF0DFD513458400BDBF93F705010145FF
:1080C000BDDBEF807E98B7270020938747C883C722
:1080D00077002147631BF700B727002003C507CEB1
:1080E00013060064C145EF806E8613450401A1B7F5
:1080F000011126CAB7240020938444C883C72400F2
:108100004AC806CE3729002022CC4EC652C4858BE1
:10811000130909CD638B0718B729002003C509CBC4
:1081200001469305000211850D8923810400EFE0CB
:108130000FCA83C509CB1306F00F054591858D89BC
:108140009790F91FE780002F83C73400858B638EDB
:108150000714C850A381040081460146814523814C
:1081600004009790F91FE780A0232A8A631F051255
:10817000C0509547034724006319F712B725002024
:1081800019469385859A130594009780F91FE78017
:1081900060168547631BF5109C501947814598C3AD
:1081A00003C509CB11850D89EFE0EFB783C509CB76
:1081B00001460D4591858D899790F91FE7808027AD
:1081C00083C72400858BF5C3B727002083A7479872
:1081D0002381040082972324A900EFF0BFB88347CE
:1081E0003401138709CBA3000700A30CF7008347D2
:1081F0004401A30609000146230DF70083475401FB
:10820000938909CB93050002A30DF700834604016F
:108210008347F400A206DD8E83471401C207DD8E7A
:1082200083472401E207D58F1CC783467401834727
:108230006401A206DD8E83478401C207DD8E834779
:108240009401A3080900E207D58F5CCB0147B3D6A0
:10825000E700858A89C6050A137AFA0F05460507DD
:10826000E317B7FE19C2A30849018347A4013725C4
:10827000002093053400238CF90019468947130523
:10828000C5CE2306F9009780F91FE78060F96244A4
:1082900003450901F240D2444249B249224A130639
:1082A0008002914505616F707EEAEFE08FC0F24079
:1082B0006244FD572306F900D2444249B249224A9A
:1082C00005618280B7270020938607CD03C7C600CB
:1082D000938707CD1377F70F45EF83C6C600372680
:1082E0000020130706CB93F6F60FD1EA834606CBA0
:1082F00093F60604C9C6B7B7240048C39387F7E9C5
:1083000063E3A70293075002A300F700B7270020FA
:10831000938747C883C777000D4789456303F700F4
:1083200085456FE0DF8BB70725009386F74863ED3F
:10833000A600B767DBFF93870793AA979306007D94
:10834000B3D7D702FD17C9B7938707496315F5005F
:108350009307600255BFB7D725009387F77763ED82
:10836000A700B767DBFF93870793AA979306007D63
:10837000B3D7D702F91749BF9307700271B7937645
:10838000F50FA300D700A387D7008145368551BFDD
:108390008280411106C622C4EFE0CFF537240020C9
:1083A000130504CD1306400281459780F91FE7802D
:1083B00040EE37850600FD57130585FE2328F4CCD3
:1083C000EF802EBC130404CD2308A400B240224445
:1083D000014541018280B727002083A707D01307FA
:1083E0000048B70600F998D7D85FFD16758FB70615
:1083F0000002558FD8DFD85FB70600400E070D8307
:10840000558FD8DFF84BC576FD16419B1367970053
:10841000F8CBD85F758F9566558FD8DF985B9D66D2
:108420001367077098DB985B558F98DB985BB706EE
:108430000700558F98DB985BB7060090FD16758F87
:10844000B7060010558F98DBF847B706F9FFFD1601
:10845000619BF8C7F84F758FF8CFF84FB70690FFBC
:10846000FD16758FF8CF8280828037270020832702
:1084700007D041767D16B44BF18EB4CB94473706C6
:108480002000D18E94C7D44793E60601D4C7D447C1
:10849000BD9AD4C70100010001000100832607D066
:1084A0000566DC4693E70701DCC6DC42D18FDCC2FF
:1084B000B727002003A6C7CA930740067CD27C5288
:1084C00091C783A7C609A183858BF5DB0100010055
:1084D00001000100832707D0416603A7C709B44BF9
:1084E000D18EB4CB9376F701B84B019B558FB8CBA7
:1084F0009847B706E0FFFD16758F98C78280B727AB
:10850000002083A707D041777D17B44F4166F98ECD
:10851000B4CF9447D18E94C7D44793F6F6EFD4C71F
:10852000D443758FD8C3D44793E60610D4C7D84335
:10853000518FD8C38280AA8735C983460500194761
:1085400005456396E60603C6170083C6270083C564
:10855000370037270020230EC78837270020A30EB7
:10856000D788372700202302B7D083C54700372795
:108570000020230AB7CE83C5570037270020A30267
:10858000B7D003C76700B7270020238EE7CE372771
:10859000002011CA89CAB757341293878767232CE2
:1085A000F7CE01458280232C07CEE5BF05458280AA
:1085B00031C999472300F500B727002083C7C78931
:1085C000A300F500B727002083C7D7892301F50052
:1085D000B727002083C747D0A301F500B7270020A5
:1085E00083C747CF2302F500B727002083C757D0A2
:1085F000A302F500B727002083C7C7CF2303F500E8
:1086000001458280054582805D71A2C43724002027
:10861000832704D0A6C24EDE86C6CAC052DC56DA14
:108620005AD85ED662D466D26AD06ECED843FD7672
:10863000FD161377F7EFD8C39857B7250020938519
:10864000D589758F98D7D857B7060200B724002070
:108650003D9BD8D798479384C489B7290020558F6C
:1086600098C7D843B726002013670701D8C303A6CD
:1086700086CF37573412130787672EC6E304E64CBC
:10868000D84301791309F90F799BD8C3985FB16674
:10869000938606F033772701558F98DFD843136709
:1086A0001700D8C39790F91FE7804001832704D0B3
:1086B000B24603A707091377F7032380E40003A753
:1086C000470929831377F7072380E600D843B96663
:1086D00093860670799BD8C3985F33772701558FAF
:1086E00098DFD84313671700D8C39790F91FE78026
:1086F000E0FC832704D0B726002003A707091377DF
:10870000F703A382E6D003A74709B72600202983F1
:108710001377F707238EE6CED843B56693860630E7
:10872000799BD8C3985F33772701558F98DFD8435B
:1087300013671700D8C39790F91FE78020F8032725
:1087400004D08327070993F7F7032382F9D08327FF
:10875000470937270020A98393F7F707230AF7CEA5
:1087600083C749D083C604007D7E3EC42247832749
:1087700004D0130EFE0F998E03A7070A13F6F60016
:1087800013054002419B518F23A0E70A13076002A3
:108790003387E6021306700283A5070A45737D132B
:1087A00093F5F5F013043002B708F1FFFD18130834
:1087B00020023347C702930E10027D4FF94FF54256
:1087C000F1436D4D514CC944C54B3D49B949B14A7E
:1087D0002D4B354A3D8B12074D8F9305500223A038
:1087E000E70A3387B60283A5070AB3F5C501334705
:1087F000C7023D8B22074D8F23A0E70A3387A602CD
:1088000083A5070A370500F17D15B3F565003347E9
:10881000C7023D8B32074D8F23A0E70A33878602BC
:1088200083A5070A6144B3F515013347C7023D8BA1
:1088300042074D8F23A0E70A3387060383A5070A63
:10884000370810FF7D18B3F505013347C7023D8B8C
:1088500052074D8F23A0E70A3387D60383A5070A63
:10886000B70E0010FD1EE98D3347C7023D8B62072E
:108870004D8F23A0E70A139756003347C70293157D
:10888000C70103A7070A3377D7014D8F23A0E70A53
:108890003387E6035D4F3347C7029375F70003A79D
:1088A000470A419B4D8F23A2E70A3387F60383A52E
:1088B000470AD94F93F5F5F03347C7023D8B1207AE
:1088C0004D8F23A2E70A3387560283A5470AD54274
:1088D000B3F5C5013347C7023D8B22074D8F23A255
:1088E000E70A3387760283A5470ACD43B3F56500CF
:1088F0003347C7023D8B32074D8F23A2E70A3387E8
:10890000A60383A5470A294DB3F515013347C702CE
:108910003D8B42074D8F23A2E70A69473387E60262
:1089200083A5470AB3F505013347C7023D8B5207BC
:108930004D8FE54523A2E70A3387B60283A5470A90
:10894000E98D3347C7023D8B62074D8F23A2E70AAB
:10895000338786020D443347C7029315C70103A727
:10896000470A3377D7014D8FB385E60323A2E70A81
:1089700003A7870A254F419BB3C5C502BD894D8F0B
:1089800023A4E70A3387F60383A5870A9D4F93F54F
:10899000F5F03347C7023D8B12074D8F23A4E70A3A
:1089A0003387560283A5870A9942B3F5C501334739
:1089B000C7023D8B22074D8F23A4E70A3387860326
:1089C00083A5870AB3F565003347C7023D8B32079D
:1089D0004D8F23A4E70A3387760283A5870A954340
:1089E000B3F515013347C7023D8B42074D8F23A4D2
:1089F000E70A3387960283A5870AB3F50501334753
:108A0000C7023D8B52074D8F23A4E70A33877603B5
:108A100083A5870AE98D3347C7023D8B62074D8FD7
:108A200093954600B3C5C50223A4E70A03A7870AA6
:108A30003377D701F2054D8FB385260323A4E70AC8
:108A400003A7C70A419BB3C5C502BD894D8F23A6A5
:108A5000E70A3387360383A5C70A93F5F5F0334752
:108A6000C7023D8B12074D8FB3C5860223A6E70AC6
:108A700003A7C70A3377C701BD89A2054D8F23A677
:108A8000E70A3387560383A5C70AB3F56500334762
:108A9000C7023D8B32074D8F23A6E70A3387660353
:108AA00083A5C70AB3F515013347C7023D8B4207BB
:108AB0004D8F23A6E70A3387A60383A5C70AB3F51C
:108AC00005013347C7023D8B52074D8F23A6E70AA6
:108AD0003387E60383A5C70AE98D3347C7023D8B79
:108AE00062074D8F93953600B3C5C50223A6E70AEA
:108AF00003A7C70A3377D701F2054D8FB385F60375
:108B000023A6E70A03A7070B419BB3C5C502BD898E
:108B10004D8F23A8E70A3387560283A5070B93F5E9
:108B2000F5F03347C7023D8B12074D8F23A8E70AA4
:108B30003387760283A5070BB3F5C5013347C70218
:108B40003D8B22074D8F23A8E70A13972600334752
:108B5000C70283A5070BB3F565003D8B32074D8F28
:108B6000B3C5460323A8E70A03A7070B337717010A
:108B7000BD89C2054D8F23A8E70A13971600334716
:108B8000C70283A5070BB3F505013D8B52074D8F37
:108B9000B3C5C60223A8E70A03A7070B698FBD89DF
:108BA000E2054D8F23A8E70A03A7070B9305800270
:108BB0003377D70123A8E70A37270020A24C0347C1
:108BC00057D03387EC40B34DB70283AC470B93FCCF
:108BD0000CFF334C870393FDFD00B3ECBC0123AACB
:108BE000970B83AC470BF14D93FCFCF0137CFC001E
:108BF000120C33EC8C0123AA870B330C870283AC55
:108C0000470BB3FCCC01334CBC02137CFC00220CA0
:108C100033EC8C01B34CA70323AA870B03AC470B9F
:108C2000337C6C0093FCFC00B20C336C9C0123AAD7
:108C3000870B214C334C870383AC470BB3FC1C01DF
:108C4000137CFC00420C33EC8C0123AA870B330C01
:108C5000570283AC470BB3FC0C01334CBC02137CB2
:108C6000FC00520C33EC8C0123AA870B330CF70366
:108C700083AC470BB3FCAC00334CBC02137CFC0050
:108C8000620C33EC8C01B34C770223AA870B03AC44
:108C9000470B337CDC01F20C336C9C01B30CE70313
:108CA00023AA870B03AC870B137C0CFFB3CCBC024D
:108CB000330B670393FCFC00336C9C0123AC870BE4
:108CC000114C83AC870B93FCFCF0334C8703B30A45
:108CD0005703137CFC00120C33EC8C0123AC870B84
:108CE00003AC870BF54C337CCC01334BBB02330A0E
:108CF0004703137BFB00220B336B6C0123AC670B28
:108D000003AB870B4D4C337B6B00B3CABA02B3097C
:108D1000370393FAFA00B20AB36A5B0123AC570B2C
:108D200083AA870B594BB3FA1A01334ABA023309A3
:108D30002703137AFA00420A33EA4A0123AC470BAD
:108D400003AA870BDD4A337A0A01B3C9B902334952
:108D5000B90293F9F900D209B3693A0123AC370B90
:108D600083A9870B614AB3F9A900B30B7703137981
:108D7000F900620933E929019319470023AC270B55
:108D800003A9870B3379D901B3C9B902B304970298
:108D9000F2093369390123AC270B03A9C70BE54955
:108DA000137909FFB3CBBB02B3C4B40293FBFB003E
:108DB000B36B790123AE770B03A9C70BD54B13799E
:108DC000F9F0BD889204B364990023AE970AB30406
:108DD000870303A9C70B794C3379C901B3C4B40223
:108DE000BD88A204B364990023AE970A8944B344B2
:108DF000970203A9C70B33796900BD88B204B36435
:108E0000990023AE970AB304770303A9C70BFD4B60
:108E100033791901B3C4B402BD88C204B3649900A4
:108E200023AE970AB304670303A9C70B130B100201
:108E300033790901B3C4B402BD88D204B364990084
:108E400023AE970AB304570303A9C70B930A200262
:108E50003379A900B3C4B402BD88E204B3649900B5
:108E600023AE970AB304470303A9C70B130A3002C2
:108E70003379D901B3C4B402F204B364990023AEC8
:108E8000970AB304370303A9070C93094002137927
:108E900009FFB3C4B402BD88B3649900694923A033
:108EA000970CB304270303A9070C1379F9F0B3C493
:108EB000B402BD889204B364990023A0970CED44DA
:108EC000B304970203A9070C3379C901B3C4B402F0
:108ED000BD88A204B364990023A0970CB304B70320
:108EE00003A9070C33796900B3C4B402BD88B20486
:108EF000B364990023A0970CB304970303A9070C4C
:108F000033791901B3C4B402BD88C204B3649900B3
:108F100023A0970CB304870303A9070C3379090135
:108F2000B3C4B402BD88D204B364990023A0970CE3
:108F3000B304770303A9070C3379A900B3C4B402BF
:108F4000BD88E204B364990023A0970C93145700E2
:108F5000B3C4B4021399C40183A4070C3306C70237
:108F6000B3F4D401B3E4240123A0970C03A9470C64
:108F7000137909FFB3046703B3C4B402BD88B364B3
:108F8000990023A2970CB304570303A9470C137944
:108F9000F9F0B3C4B402BD889204B364990023A26B
:108FA000970CB304470303A9470C3379C901B3C431
:108FB000B402BD88A204B364990023A2970CB30441
:108FC000370303A9470C33796900B3C4B402BD88E1
:108FD000B204B36499001309500223A2970CB3049E
:108FE000270303A9470C33791901B3C4B402BD8820
:108FF000C204B364990023A2970C93046002B304E3
:10900000970203A9470C33790901B3C4B40233466C
:10901000B602BD88D204B364990023A2970C83A43E
:10902000470CE98C3D8A6206458E23A2C70C03A635
:10903000470C9314C7013376D601458E23A2C70C83
:10904000130690023306C70283A4870CC1983346E7
:10905000B6023D8A458E23A4C70C1306A002330630
:10906000C702B345B60203A6870C1376F6F0BD8996
:109070009205D18D23A4B70C37260020834546CF17
:10908000372600200346C6CF03A9870C3386C54088
:10909000B304A6033379C901B3C4E40293E48400A2
:1090A000BD88A204B364990023A4970CB304E6031B
:1090B00003A9870C33796900B3C4E40293E4840004
:1090C000BD88B204B364990023A4970C93143600AE
:1090D000B3C4E40203A9870C3379190193E4840033
:1090E000BD88C204B364990023A4970CB304F603AB
:1090F00003A9870C33790901B3C4E40293E4840023
:10910000BD88D204B364990023A4970CB30456021B
:1091100003A9870C3379A900B3C4E40293E4840063
:10912000BD88E204B364990023A4970CB3047602CB
:1091300003A9870C3379D901B3C4E40293E4840012
:10914000F204B364990023A4970C93142600B3C4CB
:10915000E40203A9C70C137909FF93E48400BD88D6
:10916000B364990023A6970CB304860203A9C70C25
:109170001379F9F0B3C4E40293E48400BD88920447
:10918000B364990023A6970C93141600B3C4E402A9
:1091900003A9C70C3379C9013347E60293E484007D
:1091A000BD88A204B364990023A6970C03A6C70C3C
:1091B00033766600136787003D8B3207518F23A6F5
:1091C000E70C03A7C70C3377170123A6E70C324738
:1091D000034707000D8F3346D70293F5F507E205E5
:1091E0003D8A9314460103A6C70C330487023376E5
:1091F0000601458E23A6C70C1316170083A4C70CBF
:10920000E98C3346D6023D8A6206458E23A6C70CFA
:1092100003A6C70C3344D402B37ED601131627002D
:10922000B3037702720433E48E0023A6870C33461F
:10923000D602B3025702937EF60003A6070D419AA9
:109240003366D60123A8C70C03A6070DB3C3D30208
:109250001376F6F0B3C2D20293F3F3009203B36332
:10926000760023A8770C03A6070D337EC601B30F43
:10927000F70393F2F200A202B3625E0023A8570C38
:1092800003A6070D3373660013163700B3CFDF0252
:10929000330FE70393FFFF00B20FB36FF30123A86F
:1092A000F70D03A3070DB37813013346D602330D30
:1092B000A7033D8A420633E6C80023A8C70C03A6CD
:1092C000070D33780601334FDF02B346DD02137F0B
:1092D000FF00520F336FE80123A8E70D03A7070D26
:1092E000798DBD8AE206C98E23A8D70CD84385663E
:1092F0003D9BD8C3D843799BD8C39857558F98D7EF
:10930000D85713670701D8D722479376F703985F9A
:10931000137707FC558F98DF985FB7060081FD161D
:10932000758FD98D8CDFB640264496440649F25994
:10933000625AD25A425BB25B225C925C025DF24D91
:109340006161828023AC06CE6FF08FC1B727002009
:1093500003A707D05C4393E707105CC382804111E9
:1093600006C6EF00407A93056040EF10B060B2404F
:109370000145410182806F00C07E19C591C509C6B3
:109380008357060001459DE301110565C947130692
:10939000F100130555C3854506CEA307F100EF1074
:1093A000305DF2400345F100056182808280011149
:1093B0001305910006CEEF00407D2304A100056552
:1093C000300025059D45EF10B05AF240034581005D
:1093D0000561828001119305F10006CE22CC2A841A
:1093E000EF00E07C2306A1000565A3068100700064
:1093F000218013055540914523078100EF105057F8
:10940000F24062440345C1000561828001111305E9
:10941000D10006CEEF00C07B2306A10009657000D5
:1094200009059145EF10D054F2400345C100056194
:109430008280011106CEEF00007CA307A100096520
:109440001306F10015058545EF109052F2400345D3
:10945000F10005618280011106CEEF00D004A30760
:10946000A10009651306F10029058545EF1050504C
:10947000F2400345F10005618280011106CEEF0044
:10948000F05BA307A10009651306F10041058545BE
:10949000EF10104EF2400345F1000561828001118A
:1094A00006CEEF00B032A307A10009651306F10054
:1094B00045058545EF10D04BF2400345F1000561AD
:1094C0008280411106C622C4EF00B0388965CD05FF
:1094D0002A84EF10304A2285B24022444101828022
:1094E000011106CEEF00105BA307A100096513066A
:1094F000F10051058545EF10B047F2400345F100FA
:109500000561828001111305510006CEEF00305F26
:109510002302A100096550006105A545EF105045E3
:10952000F240014505618280411106C6EF0090605E
:109530008965E505EF101044B24001454101828084
:10954000011106CE22CC2A84EF00F0732306A1007D
:109550000965A30681007000218069058D452307F8
:109560008100EF10F040F2406244014505618280C5
:10957000011106CE22CC2A84EF10A0032306A100FD
:109580000965A3068100700021806D058D452307C4
:109590008100EF10F03DF240624401450561828098
:1095A000011106CE22CC2A84EF00C07F2306A10041
:1095B0000965A306810070002180130505028D4511
:1095C00023078100EF10D03AF24062440145056163
:1095D0008280011106CE22CC2A84EF00901123064E
:1095E000A1000965A3068100700021801305150202
:1095F0008D4523078100EF10B037F24062440145EA
:1096000005618280011106CE22CC2A84EF007012FF
:109610002306A1000965A3068100700021801305BF
:1096200025028D4523078100EF109034F2406244FB
:10963000014505618280011106CEEF00907CA307F1
:10964000A10009651306F100130575028545EF10A9
:109650003032F2400345F10005618280011106CEEF
:10966000EF10C004A307A10009651306F10013055C
:1096700095028545EF10D02FF2400345F1000561BA
:109680008280011106CEEF100007A307A100096533
:109690001306F1001305D5028545EF10702DF24039
:1096A0000345F10005618280011106CEEF10000A2A
:1096B000A307A10009651306F1001305E50285451E
:1096C000EF10102BF2400345F1000561828001117B
:1096D00006CEEF10400CA307A10009651306F100A8
:1096E000130515038545EF10B028F2400345F1003E
:1096F00005618280411106C622C4EF10C00D896544
:10970000938525032A84EF10F0262285B240224457
:109710004101828039711303D1021ACE03438105BE
:1097200006DE1ACC034341051ACA034301051AC8D1
:109730000343C1041AC6034381041AC4030341044A
:109740001AC2034301041AC0EF1060102306A102DD
:1097500009657010130565038945EF107021F250FB
:109760000345C10221618280011106CEEF10003B4A
:10977000A307A10009651306F100130575038545CC
:10978000EF10101FF2400345F100056182800111C6
:1097900006CEEF104051A307A10009651306F100A2
:1097A000130585038545EF10B01CF2400345F10019
:1097B00005618280011106CEEF10A06AA307A10007
:1097C00009651306F100130595038545EF10501A3E
:1097D000F2400345F100056182803727002093079E
:1097E00087B483D7A700130787B489E79307F01FCF
:1097F0002315F7008357A7002146014593F607106C
:109800008607C207B3D6C640C183558D93D557404E
:1098100093D69740AD8E858A7D161375F50FD58F3B
:1098200071FE2315F700828037270020930787B445
:1098300083D7C700130787B491E7E17793C7F7FF92
:109840002316F7008357C7003946014591689945AB
:10985000B3F617018607C207B3D6C640C183558D3C
:1098600093D6E74013D8F700858AB3C606017D1664
:109870001375F50FD58FE31DB6FC2316F700828014
:10988000011126CA4AC84EC656C2B727002006CEC6
:1098900022CC52C45AC0AE893289B68A83A447CA40
:1098A00035C9AD472A8463EEA7021304F5FF13748C
:1098B000F40F631D0906268A338B990063124B0748
:1098C0001379F9009386FAFF228523802401A3806F
:1098D000340193F6F60F4E868545EFC05FF20145E1
:1098E00005A0B147630BF5029307600263E5A7008B
:1098F0001304E5FF6DBF930770024945E30BF4FACB
:10990000F2406244D2444249B249224A924A024B4E
:10991000056182801304500269BF1304600251BFC5
:10992000EFF0BFEB2301AA00050A49BF8547631C7E
:10993000F9004E869305000F138524009770F91FD8
:10994000E7802095B5BF89476316F9004E869305D9
:10995000A00ADDB78D47631DF900268A338B990075
:10996000E3004BF7EFF05FEC2301AA00050ACDBF3F
:1099700091476316F9004E869305F00F75BF954722
:109980006315F9004E86814545BF99476315F90077
:109990004E86BD4555B79D474945E313F9F64E86BA
:1099A0009305500551BF9307F00363E0A70AB7275B
:1099B00000202382A79AB727002003A607C8B7066E
:1099C0000082FD165C561377F50393159701F58F0A
:1099D000CD8F5CD69306A003B727002083A707D0BE
:1099E00063F7A602F44F37060007D18EF4CF944BED
:1099F00001451396E600635B060493168700984BB7
:109A000071761306F60F718F558F98CB82801318DD
:109A10008501930620021358884163FAA600F44F8B
:109A2000370600F97D16F18E370600057DBFB706B3
:109A300000F91386F6FFF44FE945F18E370600036F
:109A4000E3C505FB370600014DB74945828041114A
:109A500022C42A84354506C6EFC01FCE59CCAD4777
:109A600063EB87067D141374F40FB727002083A7D8
:109A700007D0B70600C1FD16984B1374F4036204B7
:109A8000758F598C80CB372700200347479A717612
:109A90001306F60F1377F70393168700984B0145CB
:109AA000718F558F98CBF84FB706F9FFFD161367E6
:109AB0004700F8CF984B758FB7060200558F98CBAB
:109AC0009386864F94C7B7270020938747C83147AE
:109AD000A383E70039A8B1476304F4029307600247
:109AE00063E48700791441B7930770024945E30E98
:109AF000F4F6B24022444101828013045002B5B70B
:109B0000130460029DB7011106CE9317450163D47B
:109B10000702EF70EFA8894719C98346050011476E
:109B2000B1476396E60095472300F500C947F24028
:109B30003E85056182802EC6EF805FB2C94765D938
:109B40000347A500418B65D7B2458347B500230A7B
:109B5000B50491E7E9472308F5008147C9BFED4700
:109B6000DDBF011106CE22CC2EC6EF803FAF01CD66
:109B7000B2452A84EF705FD0A305A4020145F240EC
:109B80006244056182804945DDBFB7270020938785
:109B900087B40147994683C5070E3306E5000507DC
:109BA0002300B6008507E318D7FE01458280011126
:109BB00006CE2EC6EF809FAA11C983074503B24582
:109BC00001452380F500F240056182800945E5BF2B
:109BD000B72700209387079903D707012300E500E3
:109BE00003D707012183A300E50083C7F700230102
:109BF000F5000145828019E149458280B7270020A0
:109C0000138787B47847411122C406C62A849387F4
:109C100087B409C703478700314531EFF85B09C7AF
:109C200003477700314521EB03A7870809C703479E
:109C30007700314529E33725002005471946A285DD
:109C40001305E5C22381E7009760F91FE780405DB7
:109C5000834754001307000C93F7070C6391E70246
:109C6000372500201946A285130545C39760F91FC3
:109C7000E780005B0145B24022444101828081EBD4
:109C8000372500201946A2851305A5C3C5B71307BC
:109C900000044945E391E7FE372500201946A285D7
:109CA000130505C4E1B7411126C2B72400209387EC
:109CB00084B422C4E04706C6938484B411C43C48EB
:109CC00013974700634C070CFC4C99E74945B24099
:109CD000224492444101828009ED1305000FEF6098
:109CE0008FD96DD583478500F5D3EF60AFF9014576
:109CF000F9BF0547E31CE5FC15EC014582972A8472
:109D000045C1856793870780231EF5009307007080
:109D10002315F500B72500208D47230AF500A30879
:109D200005021946938585C2130525039760F91F1F
:109D3000E780004F034784008547E309F7F883472E
:109D4000A400B98B95C30347A40085476318F702A5
:109D50008947231EF400224403A30406B240924420
:109D60001305000F41010283EF706FD6B727002063
:109D700083C7579A8D8BE318F5FC89BF8357C401BD
:109D800011676375F700231EE400F1B79306000224
:109D90003E87E3FAD7FE13070002F5B7314505BF4A
:109DA0001D4535B7011126CA4AC84EC652C456C20F
:109DB0005AC02E89368BBA89BE8A06CE22CCB2848E
:109DC000428AEF80BF891307A9FF42078567418355
:109DD0009386A7C763EDE610938707C82A84494591
:109DE00063E7970A63E5240B1307301F6361670B72
:109DF00063EF370993071B00B38797021397390066
:109E000063D7E70849C48347140113F747003DC7E8
:109E1000ED9BA308F4008347B400231A2407231BF7
:109E20009406D5EF03578406C167FD17630BF70649
:109E3000631999068357A403231BE404231CF40429
:109E4000B727002083D707BF8D46114763E5F6008B
:109E5000850713F7F70FA30AE4042285EF700FC9F3
:109E600083570404A907231FF4048327440A93E7B4
:109E700017002322F40AC547A30EF400231C54073D
:109E8000231D4407231D6405231E34050145F240AC
:109E90006244D2444249B249224A924A024B056185
:109EA00082808357440691CFB3D4F4024A87B387A4
:109EB0009702C207C1836373F9003E87231CE40441
:109EC00041B7B305990085814A85EF60BEB3231C75
:109ED000A404930584052685EF407FC295B78327A8
:109EE000840A93E707022324F40AC14771B749455E
:109EF00079BF01112EC606CEEF804FF6B24509E5B7
:109F00004945F2400561828083471501A305B502EA
:109F100013F7470075D7ED9BA308F500BD4723064F
:109F2000F5028327850A93E727002324F50A0145D4
:109F3000C9BF011106CE2EC632C4EF802FF203270F
:109F400085101377070249C3B2459306000EAA870E
:109F5000138755FE42074183494563E4E6062246DE
:109F6000116713078714930686EBC206C182636AE2
:109F7000D70403D7071901456305B7043727002025
:109F8000930687B483D6A602A38EB706239FC7067F
:109F900093F5F50F130787B463F3D500AE86035727
:109FA000C7022390D7186373E60032872391E7181E
:109FB00003A7470A856693860680558F23A2E70A82
:109FC0000145F240056182804545E5BFB727002085
:109FD000138787B47847938787B401CB834687007C
:109FE00089C683469700494785EEF85B09CB8346CF
:109FF000770091C68346C7004947858A95E203A743
:10A00000870801CB8346770089C68346D700494736
:10A0100081EA03C7470B83C7570B6365F7001D47EA
:10A020003A8582800111A304A10019461305A100FD
:10A0300006CE9760F91FE780A01E2800EFB05FCA28
:10A0400085471D476313F5000147F2403A850561D6
:10A050008280797126D24AD04ECE06D622D42E895D
:10A06000B28936C63AC43EC242C0EF802FDFC9442F
:10A0700055C99305A9FFC20505662A84C181130548
:10A08000A6C7C9446360B50A130606C8636C3609DF
:10A0900063EA2909B2469305301F63E5D5082247D4
:10A0A0006362E6081386160033062603931537000D
:10A0B000635AB60603461401B144058A25E6032611
:10A0C000440A1376162039EE92470248231EE40410
:10A0D0000347B400231CF406231A2407231B340768
:10A0E000231D0407231DD4048347D401814459EF61
:10A0F00095EB83270410898B95CF31469305F00F9C
:10A10000130584069760F91FE780A0188327440A87
:10A110002314040693E707202322F40AC947A30E59
:10A12000F4008144B2502254268502599254F249D7
:10A130004561828063093905B385290185814A8596
:10A14000EF605E8C231CA404930584054E85EF40CC
:10A150001F9BB727002083D707BF8D46114763E5B4
:10A16000F600850713F7F70FA30AE4042285EF70C2
:10A17000EF9783570404A907231FF4048327440A95
:10A1800093E7170051BF231C2405E1B7C1FF8327C4
:10A190008410898B95C731469305F00F130584060B
:10A1A0009760F91FE780E00E8327440A2314040612
:10A1B00093E707202322F40ACD47A30EF4009DB7AE
:10A1C000E9448DB737270020930787B4FC4713076E
:10A1D00087B481CB83C6870089C683C69700C947E9
:10A1E000A1EE7C5B89CB83C6770091C683C6C7008E
:10A1F000C947858AB1E28327870881CB03C77700E7
:10A2000009C703C7D700C94705EB0111A304A10083
:10A2100019461305A10006CE9760F91FE78040009C
:10A220002800EFB07FB70547B1476313E5008147CA
:10A23000F2403E85056182803E858280B7270020FE
:10A24000138787B47847938787B401CB8346870009
:10A2500089C60347970049450DEFF85B09CB834654
:10A26000770091C60347C7004945058B1DE383A7C7
:10A27000870881CB03C7770009C783C7D700494543
:10A2800089EB411106C6EFB01FBAB240014541014A
:10A29000828082803DC1411122C426C206C6B727F2
:10A2A000002083A487BD834745002A84FD8B2302B9
:10A2B000F5008DE037250020A285130565C41546FD
:10A2C0009760F91FE780C0F5B240224492440145EF
:10A2D0004101828083C7B40099EF83A7440A1546E1
:10A2E000A28593E7270023A2F40A138584129760BE
:10A2F000F91FE780E0F284406DBF4945828041113B
:10A3000022C426C24AC006C62A890144A144930534
:10A31000F00F0545EF60CEECB30789002380A7005E
:10A320000504E31694FEB2402244924402490145DA
:10A3300041018280011122CC4AC806CE26CA2EC60F
:10A3400032893684EF808FB1630D05128347B500E3
:10A35000AA84B2450945DDEB214613857415976043
:10A36000F91FE780E0EBA38F2415135989002380A0
:10A3700024178347E4000346D4008345F400834652
:10A38000C400A207420603C5C404B297AE97E20612
:10A3900003A7440AB69749C123A6F40A8347A40039
:10A3A0008346940013670702A207C206B697834646
:10A3B000B400B69783468400E206B69723A8F40A51
:10A3C0008347640083465400A207C206B6978346BB
:10A3D0007400B69783464400E206B69723AAF40AAF
:10A3E0008347240083461400A207C206B69783461B
:10A3F0003400B69783460400E206B69723ACF40A0D
:10A400008547A386F40423A2E40A0145F24062448E
:10A41000D24442490561828023A6F40C8347A400FC
:10A420008346940013678700A207C206B697834647
:10A43000B400B69783468400E206B69723A8F40CCE
:10A440008347640083465400A207C206B69783463A
:10A450007400B69783464400E206B69723AAF40C2C
:10A460008347240083461400A207C206B69783469A
:10A470003400B69783460400E206B69723ACF40C8A
:10A4800059B7094561B7011106CE2EC6EF800F9D61
:10A49000630F05108346B5000547AA87B2450545F9
:10A4A0006391E60A83C60701130740020145639AD8
:10A4B000E60803C7E50083C6D5002207C206369723
:10A4C00083C6F500369783C6C500E206369783C675
:10A4D000D704BDCA23A6E70A03C7A50083C6950013
:10A4E0002207C206369783C6B500369783C6850015
:10A4F000E206369723A8E70A03C7650083C655001E
:10A500002207C206369783C67500369783C6450074
:10A51000E206369723AAE70A03C7250083C615007B
:10A520002207C206369783C63500369783C60500D4
:10A53000E206369723ACE70A1307A0022388E70058
:10A540000145F2400561828023A6E70C03C7A50000
:10A5500083C695002207C206369783C6B500369794
:10A5600083C68500E206369723A8E70C03C765007B
:10A5700083C655002207C206369783C675003697F4
:10A5800083C64500E206369723AAE70C03C72500D9
:10A5900083C615002207C206369783C63500369754
:10A5A00083C60500E206369723ACE70C71B7054574
:10A5B00049BF411106C6EF806F8A31C18346B5009D
:10A5C0000547AA8709456399E60283C60701130771
:10A5D00040026393E6020D472386E7021947A385ED
:10A5E000E702130750022388E70003C7A7020145CB
:10A5F000136717002385E702B240410182800945B5
:10A60000E5BFB72700202A87138587B403481500C4
:10A61000938787B463080802684511C5034885001D
:10A62000314563140808E85B11C5034875003145DE
:10A63000631D080603A5870811C503487500314549
:10A640006315080683C8C70B03C8D70B1D4563FEF7
:10A65000080583A7070D494593F70704B9C75D713E
:10A66000A6C22800B284194686C6A2C4A303E1008C
:10A6700036849760F91FE780A0BAA6851305E1022A
:10A6800041469760F91FE780A0B9A2851305E10153
:10A6900041469760F91FE780A0B84800EFA0EFBEE1
:10A6A000B64026449644616182808280B7270020AC
:10A6B000138787B48346170095C67847938787B476
:10A6C00009C703478700494515E7F85B09C70347F2
:10A6D0007700494505E383A7870889C783C77700C3
:10A6E000494589EB411106C6EFA08FCFB240014525
:10A6F000410182808280B7270020138787B4834678
:10A700001700938787B485C6784709C783468700B3
:10A71000494785EAF85B09C783467700494795E2D0
:10A7200003A7870809C783467700494799EAA380AA
:10A73000A70003A7870D01C91367076023ACE70CC7
:10A7400001473A8582801377F79FCDBF13070064D6
:10A750003305E502B72700204111938687B422C450
:10A7600003A4060C26C24AC006C6938487B4C8DA7E
:10A770001309F00F01E8B240224492440249014516
:10A78000410182800345040063052501CC58EF5048
:10A790005E86405CC5B7B7270020138787B4A30C3B
:10A7A000A70213771500938787B411EB03C7C7037C
:10A7B0006D8F6304B70049458280238DE7021377CC
:10A7C0002500014501EB03C7D703718FE315C7FED1
:10A7D000A38DC7028280011106CE2EC632C436C2B6
:10A7E0003AC0EF70BFE735C1B2450247924693F7D2
:10A7F000150099EB22468D4763F6C7004545F240A8
:10A80000056182802302C514898991E58D47E3E7BC
:10A81000D7FEA302D51401CFB727002083D7A7B84E
:10A820007D8F0D8B8547631FF7002314E514854743
:10A83000230FF5008327450A0567D98F2322F50AE0
:10A84000014575BF23140514DDB749454DBF5D7142
:10A850004EDEB7290020138389B40323C304CAC082
:10A8600062D486C6A2C4A6C252DC56DA5AD85ED6D4
:10A8700066D26AD06ECE030C4105834E8105034932
:10A880000106938989B463090300032E030531434C
:10A8900013145E00634D04000D4E49436369FE00CE
:10A8A00093FC050163850C02054E6387CE07B64015
:10A8B000264496440649F259625AD25A425BB25B28
:10A8C000225C925C025DF24D1A856161828013FF09
:10A8D00035004943E30DCFFD13FF8500E3190FFC5D
:10A8E0006393CE0303CEC9033143137E4E00E300CE
:10A8F0000EFC6303D90309436310690203CEC90345
:10A90000137E2E0039A0E318C9FF03CEC903137EBE
:10A910004E003143E30D0EF8468BC28B3EC6BA8A19
:10A92000368DB28DAE842A8AEF50FF942A8411E9C5
:10A9300083A7C905054582972A841D432DD9230283
:10A940004501930700026311FD028D47631CF90462
:10A95000035684019307900F13035004E3E9C7F4EF
:10A960000356A401E3E5C7F493F5F40F230EB404F2
:10A9700063860C12BD889547639EF402930710F816
:10A980002305F4004543E364BDF3FD474543E3F08D
:10A99000B7F39167E3EDA7F1EA9D93DD1D00231E58
:10A9A000B40115A08547E311F9FC03568401930710
:10A9B000D02E5DB7B5476399F40C85472305F400A5
:10A9C0008947231EF400A3055401639C0A108547A0
:10A9D000230AF40093F5050281E5B247A308F402C7
:10A9E000194681455A859760F91FE7800099631BD6
:10A9F00005108547230CF402A30C74031946DA856D
:10AA00001305A4039760F91FE78080818347010540
:10AA1000A304F4009307F0076319FC0EB727002086
:10AA200083C7479A36572300F70003051401EFB098
:10AA30009FA92302A406EFB0BFA2B657A308A400A3
:10AA40002380A7008347C10523000406A300F40662
:10AA50008347C405C18B91EB7D191379F90F8947A1
:10AA60004943E3E627E5A30F24058347410637075B
:10AA700000080143A30EF40483478106A301F406F2
:10AA80003C48D98F3CC825B589476394F400994761
:10AA9000C5BDE38704EE23050400EDB59D472305FE
:10AAA000F40013F6150093F7450011CA114691C33F
:10AAB0000546A30DC4048547230DF404E1B513F640
:10AAC000250001CA094691C31546A30DC404894750
:10AAD000E5B70D4691C31946A30DC404230D040424
:10AAE00055B5230A040081470D46B3D6FA40858A3E
:10AAF00091C6834644018506230AD4008507E39660
:10AB0000C7FEC9BD230C040211B7994763C587016D
:10AB1000A308840119BFA308F40001BF01114EC6A8
:10AB2000B7290020938789B4FC4706CE22CC26CAD9
:10AB30004AC852C4938989B491C7BC4B1396570035
:10AB4000634E06003A8AB6842E89EF50CFF22A84EB
:10AB500019ED83A7C9041305200491C33145F240C0
:10AB60006244D2444249B249224A05618280034785
:10AB7000A500854701453D8BE303F7FE0347C40568
:10AB8000418B45C78D476304F9004945C9BFFD475F
:10AB9000E3ED97FE231C04008D476312F90EE1C814
:10ABA0008357840103D729071D45B3869700E348DF
:10ABB000D7FA0347840015C78356C4011307000260
:10ABC0006391E6020347F4058D466318D70C13071B
:10ABD000900F13055004E364F7F88357A401E36072
:10ABE000F7F88D471D45E31CF9F637E900E08329A6
:10ABF0000900B70720002320F918B3F9F9000F1056
:10AC000000009305800C0545EF509EDD83578406B8
:10AC10001205232244038507BD8BC98F2314F40634
:10AC2000231C94002320391189A81377D90FE3033B
:10AC3000F7F611476315E904384893167700E3C621
:10AC400006F403478400E312F7F48357840195DF89
:10AC50008DFC9305800C0545EF509ED883578406E4
:10AC600012058507BD8BC98F2314F40639A03C4813
:10AC7000370700FF7D17F98F3CC80145CDB5930715
:10AC8000D9FF93F7F70F0547E37CF7F0E38F04EE66
:10AC900083478400E396E7F0D1B58546E313D7F404
:10ACA0001307D02E3DB701114EC6B7290020938758
:10ACB00089B4FC4706CE22CC26CA4AC852C493891E
:10ACC00089B491C7BC4B13965700634E06003A8A6D
:10ACD000B6842E89EF502FDA2A8419ED83A7C90490
:10ACE0001305200491C33145F2406244D2444249E5
:10ACF000B249224A056182800347A5008547014584
:10AD00003D8BE303F7FE0347C405418B79CB8D47A9
:10AD10006304F9004945C9BFFD47E3ED97FE231DD4
:10AD200004008D476319F910638F040E8357A40143
:10AD300003D729071D45B3869700E347D7FA034792
:10AD4000840015C78356C401130700026391E6020D
:10AD50000347F4058D46631ED70E835684011307FF
:10AD6000900F13055004E361D7F8E36FF7F68D47B2
:10AD70001D45E31BF9F61C548DC783472406898BB8
:10AD80008DC3485419CD8347A50081CFEF90FFC9EB
:10AD90004C54194613052403B1059750F91FE78059
:10ADA000204837E900E083290900B7072000232065
:10ADB000F918B3F9F9000F1000009305800C054550
:10ADC000EF501EC2835784061205232444038507CF
:10ADD000BD8BC98F2314F406231D94002320391141
:10ADE00089A81377D90FE30CF7F211476315E9042B
:10ADF000384893166700E3CF06F003478400E31B4F
:10AE0000F7F08357A40199D791F49305800C054579
:10AE1000EF501EBD8357840612058507BD8BC98F71
:10AE20002314F40639A03C48370700FE7D17F98F3C
:10AE30003CC8014555BD9307D9FF93F7F70F054768
:10AE4000E376F7EEE38804EC83478400E390E7EED3
:10AE500059BD8546E31DD7F0835684011307D02ED4
:10AE600009B75D71A6C2B7240020938784B403A8F4
:10AE7000C70486C6A2C4CAC04EDE52DC56DA5AD80F
:10AE80005ED662D466D26AD06ECE938484B46308F0
:10AE900008028327080513945700635204023145C2
:10AEA000B640264496440649F259625AD25A425B49
:10AEB000B25B225C925C025DF24D616182803AC6B7
:10AEC00032C493771500B68989C763920510494546
:10AED000C1BF91E9A04819E00145D9B72285EF50DB
:10AEE0006FDA0040CDBFE30908FE4285EF508FD9ED
:10AEF000E5B73849B70700037D8F55F30347B5051C
:10AF0000630487016315970103D7AA0149DB03C7CF
:10AF10001A036301270903C7AA006319270113173E
:10AF200014004E9703570700E3E3EDFAB8507D1481
:10AF30001374F40F5DC793161A00B69903D709006E
:10AF4000B2479305800C2395EA063E9A03470A0010
:10AF5000054523960A06A382EA06EF507EA803D78A
:10AF60008A061205264405073D8B498F2394EA067D
:10AF700003A3040603C50B00B64096440649F259E4
:10AF8000625AD25A425BB25B225C925C025DF24D25
:10AF900061610283138B4A05194681455A85975092
:10AFA000F91FE780803D631A250119469305EDC21C
:10AFB0005A859750F91FE780A026194681455A8582
:10AFC0009750F91FE780603BE31725F509B7FD159A
:10AFD00013F4F50F094C954C0549372D0020930DBE
:10AFE00000089307F00FE304F4EEA247228AB38B24
:10AFF000870003C50B00EF500FA8AA8AE31B05EEDC
:10B00000FC4413052004E39C07E859BDB727002042
:10B01000138787B40347170015CB938787B4F84786
:10B0200019CB0347870001CB494582804945F2404F
:10B03000624405618280F85B01C7034777006DF7C2
:10B0400083A7870881C783C77700F9FF011122CC46
:10B05000A304A10032841305A100194606CE97501F
:10B06000F91FE780E01B28009760F91FE780E0F9EF
:10B0700055DDA300850001455DBF01114AC84EC6DC
:10B0800052C406CE22CC26CAAE89328A3689EF70E7
:10B09000EFDC79C5B72700209387E789631E0A0094
:10B0A00005472380E7000145F2406244D24442490B
:10B0B000B249224A0561828083C6070005472A8477
:10B0C0006395E600238007008949B7E700E08443E1
:10B0D0003707200023A0E718F98C0F100000416506
:10B0E000130545F5EF702FD921CD8347A500231512
:10B0F000F50083278411A9E3232CA410232EA41088
:10B10000930710F879192320050023164501A3049D
:10B11000F500230435012322250183479402854548
:10B120000145B395F500C205C181EF405EE3B7E785
:10B1300000E023A0971085BF8327C41188C37DBF7B
:10B14000B727002083A7079C91C795659385555520
:10B1500005458297B7E700E023A097101D45A9B7E2
:10B16000094599B76F304FBF6F308FC36F304FC8ED
:10B170006F30AFCD6F308FD36F304FE06F308FD7E0
:10B180006F302FDB82806F30AFE3034301001AC0C2
:10B190006F20DFE06F203FED6F20FFF26F201FF97F
:10B1A0006F201FFF6F30CF846F30AF8803530100D3
:10B1B000035E4100834E81001AC072C276C46F30B4
:10B1C0004F8D6F308F9F6F30CFA46F302FA86F30AF
:10B1D0006FAD6F30EFB379719397050126D206D624
:10B1E00022D44AD04ECEC187AE8463DA0718B7297D
:10B1F000002003C559D6EF40FE932A8415C50347A6
:10B2000005009307000D631EF700034725009147D3
:10B2100063E5E7028D466375D71031CF8947630830
:10B22000F7082285EF40FE842165258DB250225417
:10B2300092540259F249456182809307D7FE93F7F1
:10B24000F70F8546E3EFF6FCB726002083A7C6D3A9
:10B250000346150093F7F7F0631006124D46631A84
:10B26000C71093E7070123AEF6D283A7C6D33705ED
:10B2700000015D8D59A88347150037290020639C84
:10B28000071C930535003725002019461305C5D73F
:10B290009750F91FE780C0F88547232EF9D28545DE
:10B2A00003C559D6EF40BECB0325C9D3B9A8834601
:10B2B0001500834735009DEE6393E7023727002092
:10B2C0008327C7D38145014593F7F7F093E707023A
:10B2D000232EF7D2EF805EF0A300A40099B70547B4
:10B2E000814501456395E700EF801EDEF5B7EF80ED
:10B2F000BECCDDB7E387E7F2B727002003A5C7D3AD
:10B3000041991365650023AEA7D2B727002083A714
:10B31000078AE38807F09C43E38507F0829711B71B
:10B32000372900208327C9D303461500C19B1DEE92
:10B330006315D70293E7270037270020232EF9D281
:10B340008347C7D193968701E186E3DF06F493F73D
:10B35000F707230EF7D08945A1B737270020230C24
:10B3600007D093E73700232EF9D23DBF93E767005C
:10B37000DDBF93E70702C5BD93E70703EDB593F77C
:10B380001500C9C7B727002083C787D1ADCFB7271E
:10B39000002083C7A7D1B7250020938505D22302BB
:10B3A000F100B727002083C707D4130561001946B1
:10B3B000A302F1009750F91FE78080E6B72700202D
:10B3C00083C797D14C002306F100B727002083C71D
:10B3D00087D7A306F100B727002003C557D6EF8013
:10B3E000AEF715C1B727002003A5C7D34199136550
:10B3F000650023AEA7D2B727002083A7078A81C79D
:10B400009C4391C3829713C514000DB593F7250093
:10B410000145E38D07E0B727002083C7C7D1858B9F
:10B4200085CBB727002003C557D6EF80FEA30DC1FB
:10B43000B727002003A5C7D31375F5F023AEA7D215
:10B44000B727002083A7078A81C79C4391C38297AF
:10B4500013C52400E1BB994739B7B727002083A75C
:10B46000C7D385E709C5B727002023A0A78AB7253A
:10B4700000203725002083C545D6034555D6814792
:10B480000147814601466F905EA345458280B727FC
:10B49000002023A0A78A8280411126C2B724002061
:10B4A00022C403C454D606C69307F00F6308F40001
:10B4B0006145B240224492444101828037B5060082
:10B4C0001305651DEF50EEABA382A4D6E30285FE03
:10B4D000B727002023A0078AB727002023AE07D272
:10B4E0000547B72700202382E7D6B72700200D475E
:10B4F000238DE7D0B7270020238007D41D47B72727
:10B500000020A38CE7D0B7270020238C07D6EF704C
:10B510009E82014579BF1307050483570500110575
:10B5200093C7F7FF231EF5FE8347E5FF93C7F7FF99
:10B53000230FF5FEE313E5FE828099473305F502FC
:10B5400001110A86C14506CE13050520EF508EEF86
:10B5500011E50345C100F240056182800145E5BF68
:10B56000011122CC26CA4AC84EC606CE81440144E7
:10B5700037290020B72900208347D98A636AF4005D
:10B58000F240624426854249D244B2490561828034
:10B5900083A7898A1315440019469305F00F3E9539
:10B5A0009750F91FE78060DD01E5850493F4F40FFF
:10B5B00005041374F40FC9B7411122C437240020C5
:10B5C0001304848C084006C609C5EF408ECA2320A8
:10B5D0000400B727002003C7D78AB2402244B72708
:10B5E00000202383E78A41018280B727002083C798
:10B5F000678A1971A6DA86DEA2DCCAD8AA846392A9
:10B60000A702372400201304E48A0345040085457B
:10B61000EF407E99034504008945EF40DE98EFF046
:10B62000BFF9C204C1801949338924035000C145C0
:10B63000130409202285EF50EEE009C90144228558
:10B64000F6506654D65446590961828019469305CE
:10B65000F00F48009750F91FE78020D265F14800AD
:10B6600041469305F00F9750F91FE78080C24808C4
:10B6700071469305F00F9750F91FE78080C10818B5
:10B68000130600049305F00F9750F91FE78060C080
:10B690005000C1452285EF50BE8550082A84F145EF
:10B6A00013051920EF50DE845008498CF14513052D
:10B6B0002920EF50FE831374F40F5008498CC145C4
:10B6C00013053920EF50DE821374F40F5008498CB3
:10B6D000C14513054920EF50BE811374F40F500883
:10B6E000498C914513055920EF509E801374F40F37
:10B6F000498C1D651018930500042695EF504EFFE8
:10B70000B71700201374F40F498C03C5C77F137457
:10B71000F40FEF500EF925B7411122C426C206C618
:10B7200001450144B724002083C7D48A6373F40021
:10B7300011C5B24022449244410182802285050411
:10B74000EFF0BFEA1374F40FC5B7011122CC4EC657
:10B7500052C406CE26CA4AC80144EF302FB0B729DA
:10B760000020372A002083C7D98A636AF400F24098
:10B770006244D2444249B249224A05618280130997
:10B780008A8A032509009314440019469305F00F93
:10B7900026959750F91FE78040BE01E983250900EF
:10B7A000A69503C5F500EF30AFAB05041374F40F95
:10B7B0005DBF397122DC4ED652D456D206DE26DA6F
:10B7C0004AD80144EF300FADB7290020372A0020B6
:10B7D000994A83C7D98A636BF400F2506254D254F9
:10B7E0004259B259225A925A2161828013098A8A97
:10B7F000032509009314440019469305F00F26957C
:10B800009750F91FE78060B71DE5330554030A869A
:10B81000C14513053520EF50EEC21008C14509455A
:10B82000EF504EC28325090014080A86A69503C569
:10B83000F500EF30EFA505041374F40F59BF0111A3
:10B8400006CEEFF0FFD10547A9476373A7008947EC
:10B850001306F10085451545A307F100EF906EC969
:10B86000F24005618280011122CC4EC652C456C2FC
:10B8700006CE26CA4AC80144B7290020372A00202C
:10B88000994A83C7D98A636CF402EFF07FCDB7275A
:10B89000002083C7578A99C3EFF03FEBB7270020FA
:10B8A00083C7478A99C3EFF0DFF06244F240D24485
:10B8B0004249B249224A924A05616FF05FF8330566
:10B8C000540313098A8A0326090093144400C145CE
:10B8D000269613050520EF50EEB61DC90325090075
:10B8E00019469305F00F26959750F91FE780609A47
:10B8F0000325090019469305F00F26951905975061
:10B90000F91FE780009983270900BE94239604005D
:10B9100005041374F40FB5B7B727002083C5E78A71
:10B92000035525006FB0EE8B9947B385F502397149
:10B9300022DC26DA4AD806DEA147AA84328913849B
:10B9400025206384F600138415207146814548083C
:10B950003AC69750F91FE780C0935008F1452285F9
:10B96000EF504EAE0DE18347E102A5463247E517A1
:10B9700093F7F70F63E9F600BA865008937519003C
:10B980002685EF70AEA9F2506254D254425921611B
:10B990008280797122D426D24AD0AE842A89328418
:10B9A0008145130600020A8506D69750F91FE780E5
:10B9B000408EB727002083C7178023102101230E54
:10B9C000F100835781015DC8372700200347978B1B
:10B9D000F99BB72500202302E10037270020034709
:10B9E000B78B414693858591A302E100372700205C
:10B9F0000347A78B1305610093761700D58FF59B3E
:10BA000093762700D58FED9B93764700D58F9316BD
:10BA1000470093F6061093F7F7EFD58F931647007C
:10BA200093F6062093F7F7DFD58F120713770740B9
:10BA300093F7F7BFD98F231CF1009740F91FE780D8
:10BA4000207EB727002083C7878B13F7170001CB11
:10BA500099C40357810113672700231CE1000347A2
:10BA60006101A2850A85D98F230BF100EF70CE8C7E
:10BA7000B2502254925402594561828037270020E7
:10BA80000347178BF99BB72500202302E1003727D6
:10BA900000200347378B414693858590A302E10040
:10BAA000372700200347278B130561009376170083
:10BAB000D58FF59B93762700D58FED9B9376470026
:10BAC000D58F9316470093F6061093F7F7EFD58FAF
:10BAD0009316470093F6062093F7F7DFD58F1207EA
:10BAE0001377074093F7F7BFD98F231CF1009740D6
:10BAF000F91FE780E072B727002083C7078BB1B733
:10BB0000011122CC26CA4AC84EC606CE2A89014453
:10BB1000B7240020B729002083C7D48A636BF400C0
:10BB20003E842285F2406244D2444249B2490561D2
:10BB3000828083A7898A131544001946CA853E95D9
:10BB40009740F91FE780007B69FD05041374F40F2B
:10BB5000E1B71D71A2CC372400208327848CD2C486
:10BB6000D6C286CEA6CACAC8CEC6DAC02A8AAE8ACD
:10BB70001304848CA5E319E10545F9A8F5DDEFF080
:10BB80003FF8372700208346D78AB7270020238332
:10BB9000A78A1389678A9309D78A636DD50281447E
:10BBA000372B00200DA083278B8A1395440019465C
:10BBB0009305F00F3E959740F91FE780007C09E957
:10BBC000850493F4F40F83C70900E3EEF4FCBE840C
:10BBD00023009900B72400201389648AB727002026
:10BBE0000345090083C7D78A9384648AE376F5F80E
:10BBF0001C40ADEF99473305F5025286C145130548
:10BC00000520EF50EEAE130600049305F00F0A85F1
:10BC10009740F91FE780E067034509009D670A86A2
:10BC2000930500043E95EF50AEAC834709003727DB
:10BC300000200325878A92074146D2853E9597408A
:10BC4000F91FE780E05D23205401B717002003C5EA
:10BC5000C77FEF500EA50145F6406644D6444649DD
:10BC6000B649264A964A064B25618280904781470D
:10BC700009CE99473305F502F14513051520EF501C
:10BC80002EA71C4023A4070085471840104B19CE4F
:10BC900003C504009947F1453305F5021305252036
:10BCA000EF500EA51C4023A8070085471840504BB5
:10BCB00019CE03C504009947C1453305F5021305A4
:10BCC0003520EF50EEA21C4023AA070085471840FC
:10BCD00050471DCA03C504001949C1453305250352
:10BCE00013054520EF50CEA003C504001C4091452C
:10BCF00033052503D047410613055520EF504E9FCD
:10BD00001C4023A6070091B7A9F3B727002083C7DB
:10BD1000578A99C3EFF07FA3B727002083C7478ACC
:10BD200099C3EFF01FA9EFF09FB1B9B5B727002075
:10BD300083C7D78A011122CC06CE26CA094463766E
:10BD4000F50285C599473305F502AE840A86C145DB
:10BD500013050520EF401EEF2A8401E919468A8564
:10BD600026859740F91FE780A04B2285F240624468
:10BD7000D24405618280011122CC06CE2A842EC6CF
:10BD800032C4EFE0BEAD1DC90347C500A14722463E
:10BD9000B2456310F702B727002083A7C78C99CF5D
:10BDA00003A34700630C030022856244F24005614F
:10BDB0000283B727002083A7078DD5B7F2406244DE
:10BDC00005618280011122CC19443304850226CA00
:10BDD0000A86AE84C14506CE130404202285EF40B6
:10BDE0007EE601C98144F24062442685D244056161
:10BDF000828019469305F00F0A859740F91FE78066
:10BE0000C0576DF10357C1009377D70F89C493775B
:10BE1000F70F93E72700C207C1838544E305F7FCCA
:10BE20000A86C14522852316F100EF506E8CB717A4
:10BE3000002003C5C77FEF50CE8675B71D71A2CC19
:10BE40002A8419453305A402A6CACAC8B2842E8919
:10BE50000A86C14586CE13050520EF40BEDE01C926
:10BE60000145F6406644D64446492561828019461C
:10BE70009305F00F0A859740F91FE78000506DF198
:10BE80009D673E941008930500042285EF409EDBD9
:10BE900019C10545F9B70808EFF0EFE76318090481
:10BEA00013060004814508089740F91FE780E04C1D
:10BEB0006DF113060004814508089740F91FE780DB
:10BEC000403DB7270020054708082380E78CEFF0A6
:10BED0008FE41008930500042285EF506E81B71798
:10BEE000002003C5C77FEF40DEFB65B71C08900844
:10BEF000BE8683D506003687638125039106E31A43
:10BF0000D6FE0145B9DC83D607003E8789C6910776
:10BF1000E31BF6FEB1B72390270183472700E38A8E
:10BF200097F623019700D1FC2310070059BF011198
:10BF30004EC6B72700207D57B729002022CC26CA3D
:10BF40004AC806CE52C42387E78A9387099903C556
:10BF5000E70037290020372400209304898A9305BD
:10BF600020041205A306048A23A004009740F91FA9
:10BF7000E780400D88C01304D48A15C593890999B8
:10BF800083C7E9001309898A81442300F4008347A9
:10BF9000040063E6F41203A78900B72700206302B8
:10BFA0000716A38907D003470400B72700200544DC
:10BFB0002383E78AB727002023A4078CB727002014
:10BFC0002381878037250020B7270020A38C078A8C
:10BFD0004146B7270020814513058591A38D078A27
:10BFE0009740F91FE780E02AB727002093047007E5
:10BFF000238C078AB7270020238D978AB727002034
:10C0000023AE078AB7170020A38F877EB7270020AB
:10C010002388078A37250020B7270020A388078AAE
:10C020004146B7270020814513058590A389078ADB
:10C030009740F91FE780E025B72700202389978ADA
:10C04000B727002023AA078AB7270020A387078ADB
:10C050001547B7170020A38EE77EB727002041477A
:10C06000A380E780B72700202380078C0947B717F4
:10C070000020238FE77EB727002023A8078CB7274F
:10C08000002023A6078CB7270020A382078AB727A2
:10C0900000202386078AB7170020238E877EB727C4
:10C0A0000020A3818780B727002023808780F2406B
:10C0B0006244D2444249B249224A05618280032542
:10C0C0000900139A440019469305F00F52959740C2
:10C0D000F91FE780001C0325090019469305F00F9E
:10C0E000529519059740F91FE780A01A8327090088
:10C0F000850493F4F40FD297239607002387070053
:10C1000079B5130700F8A389E7D071BD757122C511
:10C11000CEDED2DCD6DADAD806C726C34AC101445D
:10C12000B72A0020372B002099491D6A9384DA8AA8
:10C1300083C704006368F402B717002003C5C77FF4
:10C14000EF403ED603C70400BA402A44B727002078
:10C150002383E78A9A440A49F659665AD65A465BB7
:10C160004961828013098B8A0325090093144400D6
:10C17000194626959305F00F9740F91FE780601147
:10C180000325090019469305F00F269519059740D8
:10C19000F91FE780001083270900131904011359C0
:10C1A0000901A697B30439032396070023870700E4
:10C1B00041469305F00F48009740F91FE780600D56
:10C1C00071469305F00F48089740F91FE780600C0F
:10C1D000130600049305F00F08189740F91FE78035
:10C1E000400B5000C14513850420EF407ED050081D
:10C1F000F14513851420EF40BECF5008F14513855B
:10C200002420EF40FECE5008C14513853420EF4076
:10C210003ECE5008C14513854420EF407ECD5008E6
:10C22000914513855420EF40BECC101893050004AF
:10C23000330549010504EF40BECB1374F40FFDB57F
:10C24000930705C04111C20722C406C6C183130764
:10C2500020022E846369F71237F706008A07130756
:10C26000C788BA979C438287B727002083C7278057
:10C270002300F4001DA8B727002083C7878B898778
:10C280003DA8B727002083C7978BDDB7B7270020CD
:10C2900083C7B78BF1BFB7250020414693858591B1
:10C2A00022859740F91FE780A0F78147B2402244DA
:10C2B0003E8541018280B727002083C7878B858B0D
:10C2C00045BFB727002083C7A78B5DB7B7270020DE
:10C2D00083A7C78B1CC0D1BFB717002083C7F77FC8
:10C2E00041BFB727002083C7078B51BFB727002066
:10C2F00083C7178BB5BFB727002083C7378B8DBF88
:10C30000B725002041469385859059BFB727002067
:10C3100083C7078B6DB7B727002083C7278B89BFDB
:10C32000B727002083A7478B75B7B727002083C79F
:10C33000F78A3DBFB717002083C7D77F15BFB72740
:10C34000002083C717802DB7B727002083C7578ADF
:10C3500005B7B727002083C7478A19BFEFF04FA062
:10C360002300A40099B7B727002083C7078009B727
:10C37000B727002083C7878B8D8791B7B727002009
:10C3800083C7078BD5BF130700048947E360A7F273
:10C39000EF603E932310A40009BF011106CE22CC0A
:10C3A00026CA4AC84EC652C456C2EF605EDD49ED89
:10C3B000372900201309C98A03470900B724002040
:10C3C00085472A849384D48A6300F704372A00209F
:10C3D000854A83C704006376F40493098A8A03A715
:10C3E0000900131944004A978347E700639A5701ED
:10C3F0002285EFF08F9F83A70900CA972387070044
:10C4000005041374F40FF1B7EFF00FB1B727002054
:10C4100083A7878A03C7040023000900B907631EA6
:10C42000E400EF409ED56244F240D2444249B24912
:10C43000224A924A05616FF00FC30504238007006A
:10C440001374F40FC107E1BFF2406244D244424981
:10C45000B249224A924A05618280797126D24AD035
:10C460004ECEB724002006D622D452CC8947AE89BE
:10C4700032899384D48A630AF5066360F5028D4796
:10C480006304F50C03C404002285B2502254925474
:10C490000259F249624A456182802E85EFF04FE6EB
:10C4A00083C704002A84E371F5FEE30F09FC1946F3
:10C4B000CE854A859740F91FE78080D6F1B783275C
:10C4C0008A8A1315440019463E95CE851905974072
:10C4D000F91FE78020E231ED05041374F40F83C7E0
:10C4E0000400E36EF4FC3E8445B70144372A002083
:10C4F000FDB705041374F40F83C70400E375F4FE5D
:10C50000330544030A86C1451305352042054181A0
:10C51000EF404EF379FD41469305F00F0A859740B1
:10C52000F91FE78080E571F5CE850A85EF605E81B1
:10C5300069F183C70400E379F4F4E30709F4CA85D9
:10C540002285EFF0AFFE89B70144194A75B77971BA
:10C550004AD006D622D426D22A8902CC231E010034
:10C56000EFE0CEAF31C1B71400209384F47F03C74E
:10C5700004008947630AF702930565002A8403458E
:10C5800055003008EFF07FEDB727002083C7D78A2A
:10C590006372F5022AC6EFE05FFAB2452A860547C4
:10C5A000A1464A85EFF04FB8B25022549254025936
:10C5B0004561828083C7040091E795454A85EF6015
:10C5C0007EB9DDB70547E391E7FE83455400014698
:10C5D0004A85EFF00FBCC9BF0111C1674AC806CE3A
:10C5E00022CC26CA4EC6FD172E89630CF506EFE055
:10C5F000EEA62A84D14431CD93056500034555004C
:10C600000146D544EFF07FE5B727002083C7D78ADE
:10C610006376F500CA85EFF0EFFA8144630B0902F7
:10C620002285EFF06FAF35A0CA852285EFF08FF934
:10C6300011C1814405041374F40F83C7D98AE365DB
:10C64000F4FE6308090037C5060013058591EFE085
:10C65000CEC9F240624426854249D244B2490561BE
:10C6600082800144D544B7290020C1BF0111C167B0
:10C670004AC84EC606CE22CC26CA52C4FD172E8901
:10C68000B2896301F506EFE06E9DD14439C193058F
:10C690006500034555000146D544EFF01FDCB72780
:10C6A000002083C7D78A6376F5024E86CA85EFF0ED
:10C6B000EFF8814439A84E86CA852285EFF00FF83D
:10C6C00011C1814405041374F40F8347DA8AE364CB
:10C6D000F4FEF240624426854249D244B249224ADD
:10C6E000056182800144D544372A0020F9BF4111F9
:10C6F00022C4372400201304E48A83450400B727AA
:10C70000002023A8A78C614506C6EF603EB1034513
:10C7100004002244B24041016FB01EF2411106C62E
:10C7200022C426C29DE9AA85AA8437450F001305B5
:10C7300005243375A602EF60CEDA2A8409C993076F
:10C74000E00F6306F50085452685EF60BEA02285D3
:10C75000B2402244924441018280EF60BE9F014476
:10C76000FDB7B72700209387278003C7070013670B
:10C7700007F82380E700B727002083C5878B6F6009
:10C780003E921971A6DAB2845000CAD8D2D486DE9D
:10C79000A2DCCED62A89368A02C223140100EFF029
:10C7A000DFCBB727002083C7D78A6372F5102A84AE
:10C7B000EFE0BFD89147AA896312FA0EB72700208D
:10C7C00003C727809146791713371700A2854204C3
:10C7D00041801949330924034E862685EFF0CF9412
:10C7E0005146814568009740F91FE78080AA700094
:10C7F000C1454209135909011305492042054181E8
:10C80000EF404EC405E941469305F00F680097409C
:10C81000F91FE78080B619ED13055920420570080D
:10C8200091454181EF400EC2700093F519002685B5
:10C83000EF60BE8B1D652295420510109305000424
:10C840004181EF402EC015E10810EFE0DFCC001071
:10C85000130901068355040091C50346240026856B
:10C86000EFA07E951104E31789FE93F929006389EF
:10C870000900B727002083C5E78A2685EFA06E96BA
:10C880009147631AFA04B727002003C72780894716
:10C890006313F7042685EFF0DFEC35A8B717002007
:10C8A00003C7F77FD28679171337170005B7A1475B
:10C8B000E318FAFCB717002003C7F77F8947631C0A
:10C8C000F7000146CA852685EFF0AF8C0146814509
:10C8D0002685EFF04FCAF6506654D6544659B659DD
:10C8E000265A014509618280011106CE2AC6EFF061
:10C8F0000FE43245F240B72700202387A78A05615D
:10C900006FE07FF61D7186CEA2CCA6CACAC8CEC67D
:10C91000D2C4D6C2DAC0EF20EF97B727002083C772
:10C92000378099CB0144372A0020B72A0020194BC1
:10C930008347DA8A636CF400F6406644D64446497D
:10C94000B649264A964A064B2561828093898A8A8F
:10C9500003A509001319440019469305F00F4A95E1
:10C960009740F91FE78060A121E9B30464035010E8
:10C97000F1451385142042054181EF40AEAC0DED29
:10C980000347F1039307F00F6318F7021385342070
:10C9900042055000C1454181EF40CEAA5008C14533
:10C9A0000945EF402EAA83A5090054085000CA95F6
:10C9B00003C5F500EF20CF8D05041374F40F8DBF70
:10C9C000930705C05D71C207A6C2CAC086C6A2C4CD
:10C9D0004EDE52DC56DA5AD8C183130720022A8968
:10C9E000B284636FF75837F706008A0713078791F9
:10C9F000BA979C43828785476384F500614419A8F0
:10CA0000834706000947E36BF7FE37270020230121
:10CA1000F78001442285B640264496440649F259DF
:10CA2000625AD25A425B616182808547E398F5FC85
:10CA300083460600E3E4D5FC372700201307878BE5
:10CA400083470700E5C293E747002300F700D1B70B
:10CA50008547E395F5FA834706001147E360F7FA47
:10CA600037270020A30CF78A6DB78547E398F5F8C0
:10CA700083470600E3E4F5F837270020A30DF78A83
:10CA800049BFC147E39CF5F6372500204146A685FE
:10CA9000130585919730F91FE78080789DBF854702
:10CAA000E39EF5F483460600E3EAD5F43727002039
:10CAB0001307878B83470700F9C693E7170071B701
:10CAC0008547E39DF5F203470600B7270020238D35
:10CAD000E78A81B79147E393F5F21842B7470F0011
:10CAE0009387F723E3ECE7F0B727002023AEE78A2C
:10CAF0000DB78547E394F5F0834706000947E36FD8
:10CB0000F7EE37170020A30FF77E21B78547E3978D
:10CB1000F5EE83460600E3E3D5EE37270020130742
:10CB2000078B39BFED9B15B78547E399F5EC834734
:10CB300006001147E364F7EC37270020A308F78AC3
:10CB4000C9BD8547E39CF5EA83470600E3E8F5EABB
:10CB500037270020A309F78A6DBDC147E390F5EAA6
:10CB6000372500204146A6851305859025B78547C2
:10CB7000E396F5E883460600E3E2D5E83727002090
:10CB80001307078B05BFF99BC9B58547E398F5E601
:10CB900003470600B72700202389E78A9DBD9147F8
:10CBA000E39EF5E41842B7470F009387F723E3E7C6
:10CBB000E7E4B727002023AAE78AA1BDE39005E4B4
:10CBC000EF60EEDB01E9EFE03FB5EF400EDBEFE0B9
:10CBD0009FC981B5B727002005472386E78A15BD81
:10CBE0009D47E39DF5E09385140019466800973052
:10CBF000F91FE780E06203C5040050086C00EFF005
:10CC0000DF85B727002083C7D78AAA840944E37346
:10CC1000F5E04808EFD07ECD09E52685EFE0FF9CE2
:10CC20006DB7B727002083A7878A92045944BE9422
:10CC300085472387F400F9BB9D47639BF50A194696
:10CC40009385140068009730F91FE780605D03C585
:10CC5000040001466C00EFF05F80B727002083C717
:10CC6000D78A6379F5049944B30495025008F145D5
:10CC700093841420C204C1802685EF30BEFC2A8430
:10CC800005E91307A04185476304E9009307F00F06
:10CC90005008F1452685A307F102EF406EA5B717AE
:10CCA000002003C5C77FEF40CE9FEFF0BFC59DB307
:10CCB0000944E5BFB727002083C737D10944E38B78
:10CCC00007D4372700209306A041834747D1631D2F
:10CCD000D90093E7170037250020230AF7D01D4617
:10CCE000A6851305C5D07DB3F99B230AF7D015B3EC
:10CCF0008547E395F5D0372700209306A041834769
:10CD000047D16315D50093E72700C5B7F59BF1BF61
:10CD1000B7270020A3810780EFF0DFBEDDB9B7277A
:10CD200000200547A381E780014437290020994965
:10CD3000130AF00FFD5A371B00208347D98AE37D81
:10CD4000F4FCB30434035008F14593841420268581
:10CD5000EF305EEF05E18347F102638D4701500834
:10CD6000F1452685A3075103EF408E980345CB7FFD
:10CD7000EF402E9305041374F40FC1B78547E39F6A
:10CD8000F5C683470600E3EBF5C637270020A30767
:10CD9000F78A41B18547E393F5C6834706002547E7
:10CDA000E36EF7C437170020A30EF77E9DB18547C9
:10CDB000E396F5C403470600A546930797FF93F74C
:10CDC000F70FE3EDF6C2B7270020A380E78091B10B
:10CDD0008547E395F5C2B72700209387578A034715
:10CDE000060083C6070001442380E700E39406C2DF
:10CDF000E312B7C2EFE03FA731B98547E390F5C032
:10CE0000B72700209386478A03C7040003C606009D
:10CE10001384478A2380E60009E66314B700EFE035
:10CE20009FA403450400EF103FC7E5B68547E3978D
:10CE3000F5BC834706000D47E362F7BC37170020B7
:10CE4000230FF77EF9B68547E39AF5BA0347060044
:10CE5000B7170020238EE77E6DBE0545EF406E8438
:10CE60004DBE8547E39CF5B803470600B727002071
:10CE70002380E78079BE93074002E391F5B803C5AC
:10CE80001400014693852400EFF02FDDB727002022
:10CE900083C7D78AE374F5B619443304850203C700
:10CEA0000400A1471374F40F6312F7040904137408
:10CEB000F40F420441805008F1452285EF309ED89E
:10CEC000E31E05B29385840048086D469730F91F2C
:10CED000E78000355008F1452285EF406E81B71795
:10CEE000002003C5C77FEF30DEFB09BE0504C1B7D4
:10CEF000B727002003D7079A930740046D44E3FB4C
:10CF0000E7B08547E39CF5AE83470600E3E8F5AE5E
:10CF10008DC3B727002083A787D05544E38C07AE85
:10CF2000B72700209387878B03C707001367870005
:10CF300001A8B72700209387878B03C707005D9B55
:10CF40002380E700F9B4B727002003D7079A930797
:10CF500040046D44E3F0E7AC8547E391F5AA8347CD
:10CF60000600E3EDF5A8F1D7B727002083A787D007
:10CF70005544E38107AAB72700209387078B6DB735
:10CF8000930700040944E3E727A9E39585A883D51F
:10CF900004004A85EF608EA82A84ADBC797106D65C
:10CFA00022D426D24AD0834725005147E91793F768
:10CFB000F70F636AF70237F706008A071307479AE5
:10CFC000BA979C432A8482878354A5000346C500F0
:10CFD0008346D500268532C636C4EFD03E88AA8760
:10CFE000A246324619E1854491A203C7C700A14772
:10CFF00013053400631CF702B727002083A7C78CF2
:10D00000A68589C79C4399C38297F1BFB7270020A3
:10D0100003A5478BEF50FECC79D59307E00FE304CF
:10D02000F5FC85452685EF60EE9275BFB727002099
:10D0300083A7078DA68599C39C43F9F7B7270020DE
:10D0400003A5C78BC1BF8355A5002E852EC4EFD085
:10D05000FE80AA8749D903C7C700A147130534003A
:10D060001306C4009306C401A245631BF700B7274B
:10D07000002083A7C78CA5DB9C47B5D78297A5B7AF
:10D08000B727002083A7078DFDB783471500E1E789
:10D0900083476500858BE1C3B727002083A7878C72
:10D0A0000149DDEB8145414608089730F91FE780CB
:10D0B000401E4C48D9C183C765011946C105A30F5D
:10D0C000F10008089730F91FE78080158347640056
:10D0D0000357C1018987858BD98F231EF100EFE0AB
:10D0E0002FC8B727002083C7D78A6391A702B72725
:10D0F000002083C7078099C3EFF04F81B727002036
:10D1000083A7079C81C7854521458297EFE04FC5DE
:10D11000A2850808EFE0FFA3AA84554915EDB727BB
:10D12000002003C5E78A8945EF207EE3B2502254F0
:10D1300026850259925445618280035544008544F6
:10D14000EFD0CEF165D583475500194693056500AC
:10D15000A30FF100BDB70149034614000355440075
:10D160008545EFE05FC1E30009E84A868D45035538
:10D170004400EFE05FC085BD034715009947631C7D
:10D18000F70203554500EFD06EEDAA840DC5B71721
:10D19000002083C7E77F09476389E7020D47638063
:10D1A000E70205476399E7008345550003554400AE
:10D1B0000146EFE00FFE0346140089454DBF0146CE
:10D1C000814513050041EFF0AFFF8355440003C5CF
:10D1D00004001546EF50FEFAF9BF930545000345DC
:10D1E00035000146EFF06FA7B727002083C7D78A25
:10D1F000E37BF5DE99473305F5021306C40091453C
:10D200001305552042054181EF309ECEB71700200F
:10D2100003C5C77FEF30FEC8F9B3B727002083C727
:10D22000F78A0355450091C7B717002083C5D77FFC
:10D23000DDBBB727002083C7278099E39545E5B379
:10D24000EFD0CEE1AA84E30005DA8347A400858B02
:10D2500095CB03455500854763F6A7028357C40065
:10D2600093F7072085E3100893856400EFF0EF9EA5
:10D27000B727002083C7D78A6396A7008D4503553B
:10D28000440055B383C5540003554400130684007D
:10D29000EFE02FF001468145D9BD03554500EFF081
:10D2A0000FAB91B303554500EFF02F8FB727002048
:10D2B0009387278003C707001377F7072380E700CA
:10D2C0001DB379719397050122D406D626D24AD090
:10D2D0004ECE52CCC1872E8463D7070AB7270020D1
:10D2E00003C5E78AEF201E85AA8431C58347050060
:10D2F0001307100B638CE7041307000D6387E70225
:10D300001307000B6396E70203474500F9476317CD
:10D31000F700035525008145EFF00FAC83C54400AD
:10D3200013858400EF802EFE21A0EFF03FC701C5DA
:10D330002685EF200EF4A164A18CB25022542685DC
:10D3400002599254F249624A4561828083474500FE
:10D35000E5F30356850083556500035525003729FD
:10D3600000201309098C23000900EFF02FB0834738
:10D370000900DDDFB717002003C5C77F23000900C0
:10D38000EF303EB275B793F725009DC38145014547
:10D39000EFE02FFCB7270020934424009387E78A0F
:10D3A000854511E1894503C50700EF205EBB71B7D4
:10D3B00093F715006381070EB729002083A7898C96
:10D3C000B72400209389898C03DA470083A7448C13
:10D3D0009384448C85E33727002037F60600C16527
:10D3E0001307478D8946130646C0FD150545EFA076
:10D3F0008E8488C08C40134414008DED83A70900EF
:10D400000146854503D5470093140401C180EFE030
:10D410009F9683A7090001468D4503D54700EFE09D
:10D420009F95B717002003C5C77FEF309EA7EFE099
:10D43000AF9821B7372900200356498D9308F00F84
:10D44000094881471307E10074005285EFA04ED5CB
:10D450001309498D11ED0346D1008347C10022060F
:10D460005D8E19C69C40528583D5A700EFF00FA0B2
:10D47000884003560900C1658146FD15EFA02EC600
:10D4800088C093140401C18035D9B7270020854591
:10D4900003C5E78A19BF93F745008144E38F07E886
:10D4A00093C4450059BD83462500D14763E4D7287E
:10D4B00037F70600939726001307879FBA979C4378
:10D4C000011122CC06CE26CA4AC84EC62A848287BB
:10D4D0008347150037290020C5EBB7250020B72466
:10D4E00000204146938585D6138544D49730F91F93
:10D4F000E78040E0B72900203DE9138644D4C145C8
:10D500000945EF30FE9E138649D5C1450D45EF30E4
:10D510003E9EB717002003C5C77FEF309E98372582
:10D520000020930534001305C5D719469730F91F1D
:10D53000E78000CF8547232EF9D2B727002003C507
:10D5400057D68545EF20BEA10325C9D3B7270020B4
:10D5500083A7878DB5C703A3070063030306A285CE
:10D560006244F240D2444249B24905610283B72580
:10D5700000204146938585D2138549D59730F91F00
:10D58000E78040D73DD961BF9947232EF9D26DBFBF
:10D59000034715008347350031E709476399E702E0
:10D5A000372700208327C7D38145014593F7F7F03C
:10D5B00093E70702232EF7D2EF601EC2A300A40058
:10D5C000F2406244D2444249B24905618280054733
:10D5D000814501456395E700EF601EAFC5B7EF6079
:10D5E000BE9DE9BF0947E38DE7FCB727002003A5EF
:10D5F000C7D341991365650023AEA7D281BF834786
:10D600001500B7240020BDEB8D47639AF604372739
:10D6100000208347C7D193968701E18663DD06002A
:10D6200093F7F707230EF7D0B727002003C557D687
:10D630008945EF20DE9283A7C4D3914613F7F70004
:10D640006318D700C19B93E7570023AEF4D2B5A06F
:10D650008946E307D7F6C19B93E72700FDB703A7E9
:10D66000C4D3B7270020238C07D09546937707FFB4
:10D670003D8B631FD70493E74700C1BF83A7C4D383
:10D68000C19B93E76700D1B7B724002083A7C4D319
:10D6900003471500C19B0DE793E7470023AEF4D283
:10D6A0000356A50093054500034535009146EFF06C
:10D6B0004F8DB7270020238C07D003A5C4D379B59D
:10D6C00093061003E31FD7FA37270020230C07D057
:10D6D00093E737009DBFEFF07F8C3727002083272B
:10D6E000C7D3954613F6F700C19B13E537006314C3
:10D6F000D60013E52700232EA7D289BD37270020A7
:10D700008327C7D30346150093F7F7F00DE24D4684
:10D71000639CC60093E70701232EF7D28327C7D364
:10D72000370500015D8D1DB593E70702F5B793E757
:10D730000703DDB7828003470500930610096307DE
:10D74000D7009307000D6306F70482808346150017
:10D7500039476392E604835645000567130757402F
:10D76000639BE60218459307F0078305370063843F
:10D77000F502B727002083A7878D91CF03A3470029
:10D78000630B03008347270003451700A2075D8D45
:10D7900002836FF05FD1828001119397050126CA41
:10D7A00006CE22CCC187AE8463DB070CB7270020EE
:10D7B00003C557D6EF200EB82A8419C9B727002011
:10D7C00083C7B7D189EFEFF01FF72285EF206EAA4C
:10D7D0002165258DF2406244D244056182808347F1
:10D7E00005001307000D6390E7068347250081E7D6
:10D7F000EFF07FF409A81547639FE7000347C500D2
:10D80000A147E392E7FCB727002003C527D8A285EC
:10D81000EF204EBA75BF2147E38CE7FC994663952C
:10D82000D70083477500F1BF1D47E39EE7F8035516
:10D830004500EFD0AE8251D90347C500A1472285EC
:10D84000E313F7F8C9B71307200AE38EE7F61307C7
:10D850001009E39FE7F803471500B947E31AF7F803
:10D8600003574500856793875740E313F7F818453A
:10D870008347270003451700A2075D8D5DBF93977F
:10D88000150163D20702372600201306C68D914585
:10D890001145EF30EEE5B717002003C5C77FEF3025
:10D8A0004EE011653DB793F71500D5C3B7270020AB
:10D8B00083C787D1B5C3EFD02EA9B727002083C770
:10D8C000C79C636EF5048D472302F100B727002043
:10D8D00083C797D14C002306F100B727002083C7E8
:10D8E00087D7A306F100B727002003C557D6EF60FE
:10D8F000AEA61DC1B727002003A5C7D34199136564
:10D90000650023AEA7D2B727002083A7878D89C7DC
:10D910009C4399C38145829713C5140065BDB72701
:10D92000002083C7A7D1B725002019462302F100A4
:10D93000B727002083C707D4938505D2130561005C
:10D94000A302F1009730F91FE780808D41B793F76C
:10D9500025000145E38007E8B727002083C7C7D12A
:10D96000858B8DCBB727002003C557D6EF60CECF70
:10D9700015C1B727002003A5C7D31375F5F023AE53
:10D98000A7D2B727002083A7878D89C79C4399C357
:10D990008145829713C5240035BD797122D426D2E2
:10D9A00006D6AA842EC6328436C43AC23EC0EFC020
:10D9B000FEEA39C50358E500B24582471247A24640
:10D9C000636DB800636B0401035605016317D6004D
:10D9D0000356250161456300E602231CB1003E8623
:10D9E0002C082685231D8100231ED100231FE10062
:10D9F000EFC0DED60145B250225492544561828078
:10DA00005145D5BF0111B727002006CEA38EA7B27E
:10DA100091C52E8532C6EFE09FCD3246B727002054
:10DA200083A7C7D3B1E309C6B727002023ACC78CAF
:10DA300037260020B725002037250020F240034676
:10DA4000E6D183C545D6034555D6B72700203727ED
:10DA50000020B72600209387C78D130747D59386EC
:10DA600046D405616F706EC5F24045450561828000
:10DA7000B727002083C7C79C91EB61458280614531
:10DA8000B24022449244024941018280411126C29F
:10DA9000B724002022C403C454D606C64AC0930744
:10DAA000F00FE31EF4FC37D5060013058579EF204F
:10DAB0005ECDA382A4D6E30485FCB727002023AC67
:10DAC000078CB7270020114723AE07D2B7270020C5
:10DAD0002382E7D6B7240020EF50EEA541468145CA
:10DAE000138544D49720F91FE780A07A37240020BB
:10DAF00041468145130544D59720F91FE780607999
:10DB0000B7270020238D07D0B72700201D4723808B
:10DB100007D4B7270020A38CE7D037290020B727E8
:10DB20000020138644D4C1450945238C07D6232EF3
:10DB3000098CEF302E91130644D5C1450D45EF30C9
:10DB40006E90372500204146938544D4130585D631
:10DB50009720F91FE780C06C3725002041469305C8
:10DB600044D5130585D29720F91FE780606B130613
:10DB7000C98D91451145EF30EE8C014511B7FD5728
:10DB800037270020A302F7D637270020130787B3D3
:10DB9000A302F7002303F70037270020854623025E
:10DBA00007D637270020230CD7D0372700209946E7
:10DBB000232E078C37270020231CD7D20567130795
:10DBC00007C8B72600202391E6D437270020230F6B
:10DBD00007D037270020A30D07D0372700202301C7
:10DBE000F7D8372500208D4737270020A30EF7D020
:10DBF0001946372700208145130505D22303F7D2A4
:10DC00001723F91F6700E368930705D04111C20786
:10DC100022C406C6C18351472E84636AF70E37F7C4
:10DC200006008A071307C7A4BA979C438287B727C1
:10DC3000002083C747D62300F4003DA0B72500206D
:10DC40004146938545D422859720F91FE780405DA2
:10DC500021A8B72500204146938545D5EDB7B727C4
:10DC6000002083A7C78D9CC18147B24022443E85D6
:10DC700041018280B725002019469385C5D7E1B7B9
:10DC8000B727002083C787D17DB72E85EF60CEE10F
:10DC9000E1BF2E85EF60CEE3C1BFB727002083C769
:10DCA000A7D151BFB727002083C707D469B7B725CD
:10DCB00000201946938505D279B7B727002083C77E
:10DCC00097D195BFB727002083C787D7ADB7B727B0
:10DCD000002083A7C7D385B7B727002083C7E7D124
:10DCE00099BFB727002083D787D32310F400ADBF97
:10DCF000B727002083D727D4CDBFB727002083C7FD
:10DD0000D7D115BFB727002083C767D22DB7130718
:10DD100000048947E36BA7F4EF40BEFA2310A40088
:10DD2000A1B79307F5CFC207C1834D472E88636D16
:10DD3000F722B7F606008A07938606AAB6979C4391
:10DD4000411106C6B2858287C146E1476310D804F7
:10DD5000372500204146130545D49720F91FE78059
:10DD6000204C25A0C146E1476312D8023725002088
:10DD70004146130545D5D5B79146E1476318D8000C
:10DD80001842B727002023AEE78C8147B2403E857A
:10DD9000410182808546E147E31AD8FEB72700207B
:10DDA00083C6050003C687D1238CD7D0814705C61B
:10DDB000F1FE372700200327C7D389463D8B630533
:10DDC000D7009546E314D7FCB727002003C557D6E4
:10DDD000EF501EF05DBFDDDAB726002083A6C6D364
:10DDE00063860601BD8AF516E362D8FAB7270020DC
:10DDF00003C557D68545EF208E9641BF9307C01CBB
:10DE000063E00717630E0614B240428541016F605C
:10DE1000AE9A9307C01C63E5071563030614B2406E
:10DE2000428541016F604EAA8546E147E310D8F66E
:10DE300003470600A946E3EBE6F4B7270020238D4D
:10DE4000E7D0A1B78546E147E312D8F403470600BF
:10DE50008D46E3EDE6F2B72700202380E7D435B7FF
:10DE60009946E147E314D8F23725002019461305F7
:10DE700005D2E5B58546E147E31AD8F00347060029
:10DE80009D46E3E5E6F0B7270020A38CE7D0F5BD7B
:10DE90008546E147E31CD8EE034706008D46E3E7DD
:10DEA000E6EEB7270020238CE7D6C5B58546E147C7
:10DEB000E31ED8EC03470600B7270020238FE7D0E6
:10DEC000E9B58946E147E313D8EC03560600056738
:10DED0001307A7C79306A6FFC206C182E368D7EA65
:10DEE000B7270020239CC7D24DB58946E147E31FE1
:10DEF000D8E80356060005671307A7C79306A6FFD1
:10DF0000C206C182E364D7E8B72700202391C7D4B3
:10DF1000ADBD83450600B7270020A38EB7D0B72735
:10DF2000002003C667D20145EF009FB7B9BD034685
:10DF30000600B72700202383C7D2B727002083C558
:10DF4000D7D1D5B79307000463EEA70009478947E7
:10DF5000E31EE8E2B2408355060041016F500EAC6B
:10DF6000E1472DB589471DB59307000463E9A70074
:10DF7000094789476396E50083550600C5B7894779
:10DF80003E8582806F009FAC6F003FB6014881479D
:10DF90006F005FAD011106CE2AC6EFC03E8C09C9E5
:10DFA000B245F240034505004D4605616F506E9D38
:10DFB000F2404945056182806F00DFAE6F003FB3DC
:10DFC0006F009FAA6F00FFB26F00FFB2411106C63B
:10DFD000EF20DFD5379505001305A534EF206EFA45
:10DFE000EFB0AE9D373505001305C52CEF206EF957
:10DFF000EF508EA937650500130545B5EF206EF883
:10E00000EF703EB237C50500130545CDEF206EF722
:10E01000EFD03EE037D506001305252CEF206EF635
:10E02000EFE09F8C3795050013054583EF206EF5D3
:10E03000EFA06EFCB24041016FD00FC6411106C681
:10E04000EF703FC6379505001305A534EF206EF33A
:10E05000EFB0AE96373505001305C52CEF206EF2F4
:10E06000EF508EA237650500130545B5EF206EF120
:10E07000EF703EAB37C50500130545CDEF206EF0C0
:10E08000EFD03ED937D506001305252CEF206EEFD3
:10E09000EFE09F853795050013054583EF206EEE71
:10E0A000EFA06EF5B24041016FF09F9C4111370720
:10E0B000002006C6B70700201307C75098C33717BC
:10E0C000002013076712D8C3371700201307C70EA5
:10E0D00037160020B705002037E5040098C713065F
:10E0E000066F938505041305052B9720F91FE7801C
:10E0F00060F237260020B715002037F5060013061A
:10E1000086809385056F130585C29720F91FE780E8
:10E1100060F0B24041011723F91F6700C3F0976117
:10E12000F91F938121EE1781F91F1301A16D1705C6
:10E13000FEFF130525159725F91F9385A5ED1726D5
:10E14000F91F130626F063FCC5008322050023A0F7
:10E15000550011059105E3EAC5FEEFF03FF57300A8
:10E16000203011CE93070002918F635BF00033558E
:10E17000C500B397F50033D6C5005D8DB2858280AA
:10E18000130506FE014633D5A500B285CDBFB6877F
:10E19000B2882A832E88639D061463F9C50A4167F5
:10E1A000636EE61AB70700016363F634935686017F
:10E1B000E147171700001307E79336970347070057
:10E1C000BA97130700021D8F19CB3398E500B35798
:10E1D000F500B318E60033E807013313E50013D662
:10E1E00008013355C80293960801C1829357030171
:10E1F0003377C802B385A60242073368F700637A13
:10E20000B80046989307F5FF636418016367B83058
:10E210003E853308B8403357C80242031353030105
:10E220003378C802B386E602420833686800637B2D
:10E23000D80046989307F7FF636518017917636361
:10E24000D8003E874205598D8145828001E6054709
:10E25000B358C702416763EAE80EB707000163ECF1
:10E26000F82893D68801E14717170000130787881D
:10E27000369783460700BE9693070002958FE5EB1D
:10E28000939E08013387154113DF080193DE0E01C9
:10E290008545935703013355E7033377E703B30607
:10E2A000D5034207D98F63FAD700C6971307F5FF46
:10E2B00063E4170163E6D7263A85958F33D7E703E2
:10E2C000420313530301B3F7E703B30ED703C207A7
:10E2D000B3E7670063FBD701C6979306F7FF63E5D3
:10E2E0001701791763E3D70136874205598D82807C
:10E2F00063E2D504C16763E2F604B707000163E493
:10E30000F61E13D786016148970700009387877E22
:10E31000BA9703C70700130E00024297330EEE4070
:10E32000631A0E0C63EDB61C3335C500134515009A
:10E33000814582808145014582809307F00F63F318
:10E34000D71C13D786002148C1B71307F00FC68624
:10E35000E37C17F193D68800A14739B71307F00F74
:10E36000B286E378C7E493568600A14799B5B3987F
:10E37000F80033D6D50013DF0801335EE603339788
:10E38000F500B356D500558F939E080193DE0E011C
:10E390003313F50093550701B376E603B387CE0335
:10E3A000C206CD8E63FBF600C6961306FEFF63E43D
:10E3B000161763F2F616791EC6969D8E33D6E603BF
:10E3C00093170701C183B3F6E6033385CE02139793
:10E3D00006015D8F637BA70046979307F6FF63688E
:10E3E00017136376A7127916469793150E01098FB6
:10E3F000D18D45B5B357E600B396C601DD8E33D354
:10E40000E50013DF0601B357E303939E060193DE95
:10E410000E013398C5013357E5003368070193585F
:10E4200008013316C6013373E303B385FE024203CA
:10E43000B368130163FBB800B6981387F7FF63EA6C
:10E44000D80C63F8B80CF917B698B388B84033D72E
:10E45000E803420813580801B3F8E8033383EE02D7
:10E46000C208B3E5080163FB6500B6951308F7FF22
:10E4700063EDD50863FB65087917B695C207416F50
:10E48000D98F1307FFFFB3F6E70093D80701718F09
:10E490004182B38EE602B3856540B386C60213D8C7
:10E4A0000E013387E802BA96C2963386C80263F338
:10E4B000E6007A9693D80601469663E2C502638524
:10E4C000C5003E858145828041677D17F98EC20671
:10E4D000B3FEEE003315C501F696E374D5FE138541
:10E4E000F7FF8145828013D70601414831BD93561D
:10E4F0000601C1477DB993D60801C147B5B381452F
:10E50000054582803687014801B5428785BF3E8632
:10E51000E9BDBA871DBF328E4DB579154698D5B97C
:10E520007915C69759BBB3C7A5008D8B3307C500B6
:10E5300081E78D4763EEC700AA876370E50A83C64B
:10E54000050085078505A38FD7FEE3EAE7FE8280F5
:10E5500093763500AA8791CA83C60500850785058D
:10E56000A38FD7FE93F63700FDB79376C7FF1386C8
:10E5700006FE63F0C70683A3050083A2450083AFB0
:10E58000850003AFC50083AE050103AE450103A3BB
:10E59000850183A8C5019385450223A0770003A8C0
:10E5A000C5FF23A2570023A4F70123A6E70123A850
:10E5B000D70123AAC70123AC670023AE17019387B5
:10E5C000470223AE07FF75B790419107910523AE2F
:10E5D000C7FEE3EBD7FEE3E4E7F68280F401FA003E
:10E5E000960064004B0032001E001400FB349B5F59
:10E5F000800000800010000000000000164D0500A3
:10E60000904D0500084E0500084E0500A44D05007C
:10E61000084E0500C04D0500DE4D0500084E050002
:10E62000F44D0500A61A050004670500E01A050070
:10E63000947505005C1B050060750500161C05003F
:10E640002C750500B21C0500A8800500001D050002
:10E65000A88005005A1D0500FA7F0500161C05005C
:10E66000CC740500EE1D05001C78050000000000BC
:10E6700000000000381E0500A8780500AA1E05004D
:10E680008867050006B6050006B605002CB605002D
:10E6900044B605004CB6050054B605005CB605004E
:10E6A00064B605006CB6050074B605007CB60500BE
:10E6B000B6B60500BEB6050084B60500010102012C
:10E6C0000201010201020404060104010101010129
:10E6D0000404020104000000010102010201010220
:10E6E0000101040406010401010101010401020108
:10E6F0000100000006C4050012C4050054C4050052
:10E700007AC5050084C50500C8C505000AC6050010
:10E7100048C6050080C605001AC50500B4C6050038
:10E7200040C70500A4D3050082D30500A4D6050088
:10E7300000D705000CDA050026D805006CD80500C6
:10E74000B0D80500E8D805002CD9050082D3050013
:10E7500070D90500E6D905000000000000000000A7
:10E760000000000000000087070B0D1113171D1F8C
:10E7700025292B2F353B3D4347494F535961FF0016
:10E78000DA0606000E0706002E0806005E060600E2
:10E79000CE080600380906000C0906009E0906008E
:10E7A0001C0A060070060600DE0706008607060043
:10E7B00010320600EC3F0600E63206004E4006002E
:10E7C0000A330600AA330600D83306001C340600BC
:10E7D000583F0600C83E06007C350600A8350600F6
:10E7E0001A360600C0360600383E06004A3D0600CE
:10E7F000583C06006229060072370600C63706003C
:10E8000022420600BA410600F8370600A039060089
:10E81000F43A06007E3B0600A8480600C642060001
:10E82000944206008A4506005A4506002C4506001B
:10E83000EC440600BE4406008E46060092460600E2
:10E84000DA430600964606009A4306009A460600FA
:10E850009E460600A2460600864606008A4306003B
:10E86000524306008A46060030430600244606004E
:10E87000C24506009842060043483539785F424C4D
:10E88000455F4C49425F56312E33410068C2060055
:10E8900076C2060082C206008CC2060096C206003E
:10E8A000B6C20600C2C20600CCC20600D8C206002C
:10E8B000E2C20600ECC20600F6C2060000C3060073
:10E8C0000CC3060016C3060020C3060086C306005C
:10E8D0002AC3060034C306003EC3060048C3060030
:10E8E0005CC3060086C3060086C3060086C3060016
:10E8F00086C3060086C3060086C3060086C30600DC
:10E9000086C3060066C3060052C3060086C306001F
:10E9100070C306007CC30600F6C906002ACA0600BA
:10E9200050CA06006ACA060082CA06009ECA0600CD
:10E93000C0CA0600D4CA0600F2CA06000CCB060004
:10E9400028CB060042CB06005ACB06006ECB060051
:10E950008ACB06009ECB0600BCCB06007CCD060011
:10E9600094CD0600AECD0600D0CD060080CF0600C7
:10E970002CCE0600E0CB060046CE06005ACE06009E
:10E9800038CC060038CC060010CD06001ECD06009F
:10E9900062CE0600FACD060076CE0600F0CE060066
:10E9A00046CF0600A4D20600E6CF0600E6CF06005A
:10E9B000DAD106008AD00600C8CF06009AD2060037
:10E9C000E6CF060078D106001AD20600E6CF060090
:10E9D000E6CF0600E6CF0600E6CF0600E6CF06004B
:10E9E000E6CF0600E6CF0600E6CF0600E6CF06003B
:10E9F000E6CF060046D00600D0D40600C0D50600FB
:10EA000090D50600FED50600FED5060088D6060085
:10EA1000D6D60600C0D50600C0D50600C0D5060073
:10EA2000C0D50600C0D50600C0D50600C0D506007A
:10EA3000C0D50600C0D50600C0D50600C0D506006A
:10EA4000C0D50600FCD60600FCD606002EDC06006B
:10EA50003CDC060052DC06005EDC060074DC0600CE
:10EA600080DC06008ADC060092DC06009ADC0600E8
:10EA7000A4DC0600AEDC0600BADC0600C4DC06003E
:10EA8000CEDC0600D8DC06000EDD06000EDD06003A
:10EA9000E2DC0600F0DC0600FADC060004DD06001D
:10EAA00048DD060064DD060078DD060044DF060070
:10EAB00094DD0600FCDD060012DE060028DE0600FE
:10EAC00044DE060060DE060074DE060090DE06000E
:10EAD00044DF0600ACDE060044DF060044DF06002B
:10EAE000C2DE0600EADE060012DF06002EDF0600A8
:10EAF00000010202030303030404040404040404E5
:10EB000005050505050505050505050505050505B5
:10EB10000606060606060606060606060606060695
:10EB20000606060606060606060606060606060685
:10EB30000707070707070707070707070707070765
:10EB40000707070707070707070707070707070755
:10EB50000707070707070707070707070707070745
:10EB60000707070707070707070707070707070735
:10EB70000808080808080808080808080808080815
:10EB80000808080808080808080808080808080805
:10EB900008080808080808080808080808080808F5
:10EBA00008080808080808080808080808080808E5
:10EBB00008080808080808080808080808080808D5
:10EBC00008080808080808080808080808080808C5
:10EBD00008080808080808080808080808080808B5
:10EBE00008080808080808080808080808080808A5
:0AEBF000020000000CEC0600012AF0
:02EBFC00A62A47
:02EC00000328E7
:02EC04000229E3
:02EC0800002AE0
:02EC0C000018EE
:02EC10000118E9
:02EC14000228D4
:02EC1800042ACC
:02EC1C000028CE
:02EC20000128C9
:02EC2400052ABF
:10EC2800020000001CEC060001000000F0EB0600EA
:10EC38000200000000EC060001000000DF170020C1
:10EC48000200000008EC06000100000000000000BF
:10EC58000200000000EC060001000000DC170020A4
:10EC680002000000F8EB0600010000005018002028
:10EC78000200000000EC060001000000E017002080
:10EC88000200000018EC060001000000E417002054
:10EC98000200000000EC060001000000DE17002062
:10ECA80002000000FCEB060001000000DD17002058
:10ECB800A4480500FA490500000000000200000011
:10ECC8001CEC060001000000F01700200200000004
:10ECD80000EC060001000000FB1700200200000005
:10ECE80024EC060000000000000000000200000004
:10ECF80004EC060003000000000000000000000013
:10ED08004469050000000000C3812F0102010202CE
:10ED1800020000005000A0000000E803FFFF000010
:10ED28000200000010EC06000100FF2001050201AE
:08ED38000110010100000000C0
:00000001FF
