:020000040000FA
:040000006FD00400B9
:101000006F00D03E00000000000000009020002093
:10101000A4220020A9BDF9F55C23002000000000F7
:10102000000000005C230020902000200000000051
:101030000000000090200020000000009020002010
:101040000000000090200020902000209020002030
:1010500090200020902000205C2B00209020002079
:101060000000000090200020902000209020002010
:1010700090200020C22300209020002090200020FB
:101080009020002090200020902000209020002020
:101090009020002001A04111B7170040985F3AC688
:1010A000945F3247E39CE6FE3245410182800111A4
:1010B00013078008F337078093F787083EC20100C3
:1010C0000100B7170040930570052380B70413068D
:1010D00080FA2380C7040100010083C6B70493F699
:1010E000F60DA385D704238007049246F3A6068055
:1010F0000100010093760502D5CEF336078093F602
:10110000860836C4010001002380B7042380C70489
:1011100001000100B70614007D89558D88C70100C4
:1011200001000100010023800704A246F3A6068007
:101130000100010073370780137787083AC6010062
:1011400001002380B7042380C704010001000100CF
:1011500001003727004093061005A303D7802380A2
:101160000704B247F3A70780010001009307800836
:10117000F3B7078093F787083ECE01000100B71749
:101180000040130770052380E704130780FA2380CB
:10119000E7040100010003C7B70413670708A3852C
:1011A000E70423800704F247F3A70780010001004A
:1011B0000561828093760504BDC6F336078093F6F9
:1011C000860836C8010001002380B7042380C704C5
:1011D00001000100B7061400938606047D89558D31
:1011E00088C7010001000100010023800704C246F6
:1011F000F3A6068001000100733707801377870884
:101200003ACA010001002380B7042380C70401000B
:1012100001003727004093062005A303D7802380D1
:101220000704D24781B773370780137787083ACC12
:10123000010001002380B7042380C70401000100DE
:1012400098471367070C98C723800704E24719BF24
:101250000111814601468145114506CE812C930737
:101260008008F3B7078093F787083EC601000100A6
:10127000B7170040130770052380E704130780FAAF
:101280002380E7040100010003C767041367170008
:101290002383E70423800704B247F3A707800100F4
:1012A0000100F2400561828041118146014681457D
:1012B0001145ED2A13078008F337078093F7870855
:1012C0003EC401000100B7170040130670052380DB
:1012D000C704930680FA2380D70401000100FD555E
:1012E0002396B70223800704A245F3A505800100D9
:1012F000010073370780137787083AC601000100A1
:101300002380C7042380D7040100010003C76704BA
:10131000136717002383E70423800704B247F3A76A
:1013200007800100010001A0BD473305F50201005F
:101330007D1575FD8280411122C426C206C6AA848D
:10134000014463179400B2402244924441018280D8
:1013500005041305803E4204C13F4180DDB7000013
:101360009305000273A04580824573901534924026
:101370002242B2424243D2436244F2440255925561
:101380002256B2564257D2576258F25806499649E9
:10139000264AB64A464BD64B664CF64C065D965DE1
:1013A000265EB65E465FD65F09617300203041114C
:1013B000B7170040985F3AC6945F3247E39CE6FE59
:1013C000324541018280B71700401307000323888C
:1013D000E7028547171700002326F7EE7300203039
:1013E000411122C406C6370400201C408297F5BF75
:1013F0002303048015472303E48001002302A48013
:10140000828083076480E3CE07FE2303048082800A
:1014100083076480E3CE07FE034544808280830710
:101420006480E3CE07FE2302A4808280411126C49B
:101430004AC24EC006C61377F50BAD47AA892E895E
:1014400095446306F70019456537653F8D444E8521
:101450004537FD59FD1463983401B240A244124946
:10146000824941018280135509011375F50F453FEB
:101470002209CDB7011126CC06CEB704080051379A
:101480001545BD37713769372AC6A53F3245937771
:10149000150089EB136515001375F50FF240E24452
:1014A00005618280FD14E9FC0145CDBF397126DC60
:1014B0004ADA4ED852D656D45AD25ED006DE62CE22
:1014C00066CCB7E700E07D5783AA070022C603AACF
:1014D000470023A0E71823A2E718B7170040130717
:1014E00070052380E704130780FA2380E70483C78D
:1014F0004704930B75FFB684E20793FBFB0F854609
:10150000AA892E8B328937240040E187015763FA7C
:1015100076016308D5008946130700026313D500DE
:101520000157D98F93F7F70FB71C00402382FC04B3
:1015300011472303E4801305F00F5D3D094CD135BD
:10154000636D7C11B7050700DA9537870700795579
:1015500063F2E504B3879500636EF702370B08006A
:10156000A94733EB65016399F90689E48144513D4C
:1015700026850DA0DA850945553D05090345F9FF86
:10158000FD14050B693D81C49377FB0FFDF7DD3535
:1015900069FD7D55B7170040130770052380E704E8
:1015A000130780FA2380E70403C74704418B238293
:1015B000E704F250B7E700E023A0571123A2471138
:1015C000E25432445259C259325AA25A125B825BD7
:1015D000724CE24C21618280A5476395F9068569CA
:1015E0001309F00FB3069900B3742B01B694134995
:1015F000F9FFB3749900856B33796901416B938767
:10160000F9FFB3F7270199E363FC340193D949004B
:10161000C147E3E637FF99BF0569C1697D19D9B7AD
:101620001305800D63886901130500026384790145
:1016300013051008CA85DD3B353D21DD4E99B38485
:101640003441D9B7DA852D45D533CA94E30099F2F0
:1016500005097D3BA30FA9FED5BF9387F9FF93F73B
:10166000F70F6361FC0C83C71C0413073008631F6A
:10167000F70437070800636BEB04B3079B00B7065A
:10168000100063F5D704334BEB0089476393F906E9
:101690008980D549E38C04ECDA850945413B110981
:1016A0000327C9FF91472320E48003076480E34EAA
:1016B00007FE23033481FD17EDFBFD14110B81C4DC
:1016C0009377FB0FE9FF7D3371F5E1B5B717004064
:1016D00003C75704B70708001377070219E3B78752
:1016E00007007955E378FBEA33079B00E3FFE7F84F
:1016F00055B58547E382F9F2DA852D45053B938997
:10170000F4FFE38504E6293393F7390091EB832650
:1017100004800327090093074900E39AE6E43E8921
:10172000CE84F1BFB5476396F9001305900BC9311C
:1017300035BDB1471305B00AE38BF9FE99476391B4
:10174000F904B7050800B365BB002D45C5318144D8
:101750008D4BA1497539639674018327048023203A
:10176000F9008504E39834FF8327048013172B01C5
:10177000635507002312F900D5BB2322F900FDB3FE
:101780009D476399F90281451305B0044531BD4475
:101790002320090023220900FD599D3993F7740085
:1017A000CA9703C70700FD14398D2380A700E3966D
:1017B00034FF6DBBA1476392F9046D398144630D19
:1017C0000B008D479304C0036308FB0093040005DE
:1017D00063048B01930440041375C507E30895D88F
:1017E0001945393139390545213126850D390945E4
:1017F0003D314931E31C05D669BB91476399F90036
:1018000013056006F536F53E130590090DB7E38F15
:1018100009D4F154A9BBBD66014717360000130671
:101820006637938606A685458347060093F7F70F2C
:1018300091C382800507E3F9E6FE97370000238B0A
:10184000B734DDB77D166206618693178601E1879E
:1018500063D4070001458280931726003307F50003
:10186000AE9718439C4363E7E7007D16E37FF7FCE0
:101870007D55828005458280FD15E205E18513973F
:101880008501618793F7F50F63480700FD151397EE
:1018900025002A97584365D713851700620561858F
:1018A00082803308B5021C4283A80600B335B50216
:1018B000C29733B50701AE98469585486367B50072
:1018C0006394A50063E3070181480C43C6950CC3EC
:1018D00088C21CC282808147139787016187634356
:1018E000B7008280139727002A97232007008507D7
:1018F000E5B78147014793968701E18663C5B60046
:1019000013351700828093962700AA969442850784
:10191000558FD5B793D755408A07AA979C4305455D
:101920003315B5007D8D828017F3FFDFE702A33BFF
:101930002A84993705C5931725003E940327C4FFD1
:10194000814711EB7D1516053E954205418517F33C
:10195000FFDF6700833B05838507E5B70145C5BF0A
:1019600081471397870161876343C700828013977C
:101970002700B386E50094422A97850714C3D5B79C
:101980007D1662066186014793178601E18763D55C
:10199000070013351700828093172600B306F50061
:1019A000AE9794429C437D16B58F5D8FF1BF8A053B
:1019B000AA9501476363B500828083A6C5FFF11530
:1019C00093D71600D98F9CC11397F601E5B72A83E8
:1019D0000148014701456343D7008280B387050171
:1019E00083A80700B30706019C43C697AA976384A0
:1019F000F80033B517010507B3080301620723A0F8
:101A0000F80061871108C1BF2A830147814701455A
:101A100063C3D70082803388E50083280800330E33
:101A2000E600032E0E003388A8403308C8416384C3
:101A3000080133B508018507B308E300E20723A0D6
:101A40000801E1871107E9B717F3FFDFE702A329D0
:101A50000111B286B2842E86AA850A8575372A843A
:101A6000A6850A85793533348000060413351500C0
:101A7000018D056117F3FFDF6700232917F3FFDFEF
:101A8000E702E3234111AA89AE8A328BB68402C2EF
:101A900002C402C60144131C8401135C8C416349D7
:101AA0009C02939B1400FD1B0549138CF4FFF15C11
:101AB0003304890162046184634D740592478E0486
:101AC000CE9423AEF4FE410117F3FFDF6700A3229B
:101AD00013192400B30B2B01014A93172A00D69740
:101AE00083A50B0088437800340050005D3B050A55
:101AF00093178A01E187F11BE351FCFE92474E994F
:101B000005042320F900A2473EC2B24702C63EC4E4
:101B100059B7131A8901135A8A41131D24009317C8
:101B20008A01E18763CF970092470A044E941CC054
:101B3000A24705091379F90F3EC2B24702C63EC457
:101B400085BFB3079A0313152A00569508417800FC
:101B500034005000050AEA97DA978C439933C1B7ED
:101B6000197106C212C416C61AC81ECA22CC26CEC5
:101B70002AD02ED232D436D63AD83EDA42DC46DEED
:101B8000CAC0CEC2D2C4D6C6DAC8DECAE2CCE6CE5D
:101B9000EAD0EED2F2D4F6D6FAD8FEDA97050000F3
:101BA0009385C5718841E700050092402242B24208
:101BB0004243D2436244F244025592552256B256F1
:101BC0004257D2576258F25806499649264AB64AB1
:101BD000464BD64B664CF64C065D965D265EB65E71
:101BE000465FD65F09617300203000009721002016
:101BF00093814141175100201301C1C017F5FFFF28
:101C000013058540970500209385C53F17160020D2
:101C10001306C6FD63FAC5008322050023A0550004
:101C200011059105E3EAC5FE17A50100130505029C
:101C300097150020938585FB1716002013068665EF
:101C400063FAC5008322050023A055001105910504
:101C5000E3EAC5FE171500201305C563974500206C
:101C60009385453F6377B500232005001105E36D9B
:101C7000B5FEFD42739002BC8D4273904280B72244
:101C80000000938282887390023097020020938232
:101C9000623793E232007390523097420000938291
:101CA000E29A739012346FC0A435730020303971FA
:101CB00001436EC619A0397141536AC866CA62CC25
:101CC0005ECE19A0397101535AD056D252D44ED695
:101CD0004AD826DA22DC06DE3301614082824111D5
:101CE0004AC026C222C406C68282B24D4101024DBC
:101CF000924C224CB24B4101024B924A224AB249C9
:101D00004101024992442244B240410182803D4354
:101D10002A876373C3029377F700BDEFADE593762F
:101D200006FF3D8ABA960CC34CC30CC74CC741078B
:101D3000E36BD7FE11E28280B306C3408A069702A6
:101D4000000096966780A6002307B700A306B70099
:101D50002306B700A305B7002305B700A304B70007
:101D60002304B700A303B7002303B700A302B700FF
:101D70002302B700A301B7002301B700A300B700F7
:101D80002300B700828093F5F50F93968500D58DDB
:101D900093960501D58D61B79396270097020000B1
:101DA00096968682E78086FA9680C1171D8F3E96AA
:101DB000E374C3F8A5B73367B500FD530D8B79E71E
:101DC000B7877F7F9387F7F710419441B372F6008E
:101DD0003363F600BE92B3E262006397720C63183D
:101DE000D6065041D441B372F6003363F600BE927A
:101DF000B3E262006398720A631BD60410459445EF
:101E0000B372F6003363F600BE92B3E262006391F0
:101E1000720A631ED6025045D445B372F60033638E
:101E2000F600BE92B3E26200639A72086311D602B2
:101E300010499449B372F6003363F600BE92B3E2E0
:101E40006200639372085105D105E30FD6F61317AC
:101E5000060193970601631CF7001357060193D7F9
:101E600006013305F7409375F50F91E982804183B0
:101E7000C1833305F7409375F50F91E182801377A5
:101E8000F70F93F7F70F3305F740828003460500FD
:101E900083C60500050585056313D60065FA33057D
:101EA000D640828011059105E312D6FE014582805D
:101EB0002105A105E31CD6FC014582803105B10551
:101EC000E316D6FC014582804105C105E310D6FC2E
:101ED00001458280B717004003C777051A051377BD
:101EE000E70FA38BE70413974500598D1365350061
:101EF0001375F50FA38CA70403C7A705C18991C566
:101F000013672700238DE70482801377D70FDDBF87
:101F1000B717004003C777051377E70FA38BE704D4
:101F2000130700F8A38DE7043D47238CE70413074C
:101F30005003A38CE70403C7A7051377D70F238D9E
:101F4000E7048280371700408347A70593E717000F
:101F5000230DF7048347A705858BEDFF0355C705C0
:101F6000520551818280B717004003C7E7020D89EF
:101F700041111377C70F498F93068008F3B6068087
:101F800093F6860836C6010001009306700523808B
:101F9000D704930680FA2380D70401000100238729
:101FA000E70223800704B247F3A70780010001007E
:101FB0004101828041112A83014E930E407E130F0E
:101FC0000019930F400663E56E129308001913037E
:101FD0004006B3781503854E0D4FA14F337365024C
:101FE0000D891335150063EFBE121308F6FF79460D
:101FF00072984208135808013307C70213D6170016
:10200000BE0732976146B3F6C60213068070B386E8
:10201000C6023697A166F58F42075D8FB71600405E
:1020200083C7F60293F70708A303F1000346710084
:1020300083C7F60293F70708E394C7FE834771004E
:10204000B716004093F7F70F6388071293078008CD
:10205000F3B7078093F787083EC401000100B71764
:102060000040930670052380D704930680FA2380EE
:10207000D7040100010023AA070383C6170393E6D0
:102080000608A388D70223800704A247F3A7078086
:10209000010001001166B71700407D16D45BC85FD0
:1020A00093854703A98EF18EF5FA93068008F3B65F
:1020B000068093F6860836C6010001009306700577
:1020C0002380D704930680FA2380D70401000100FF
:1020D00098C103C7170313670704A388E702238087
:1020E0000704B247F3A70780010001004101828085
:1020F0007D133368E3039308E016630E080033682A
:10210000F3039308D016630808009378330093B85C
:1021100018009388D81633081E01131E0801135E99
:102120000E0155B56393E503054863860800014831
:10213000630303002A8871087298FD15131E0801B5
:10214000C205135E0E01C18179BD13F8150063F459
:10215000BF007908D5B713381800E5BF83C7F6026A
:1021600093F70708A303F1000346710083C7F60243
:1021700093F70708E394C7FE8347710093F7F70FBF
:10218000F1DFE9B531714AD966CB06DF22DD26DB06
:102190004ED752D556D35AD15ECF62CD6AC96EC7DB
:1021A000AA8C02D8EF00501E2A8993078008F3B743
:1021B000078093F787083EDA01000100B717004057
:1021C000130770052380E704130780FA2380E704D0
:1021D0000100010003C7F7021377770FA387E70217
:1021E00003C7F70213678700A387E702238007046A
:1021F000D257F3A70780010001000545AD3313074F
:1022000080C13347E902116A93070AE89306500236
:10221000BD69930BA004814A014B13048008930409
:1022200070057D1AB347F9023307D7023EC0FD8718
:102230003ECC938709A69309803E3347F7023AC202
:102240007D873AC4334739038549B399990193D9B6
:102250003940B306D702B30B7703B3C6F602B3CB4C
:10226000FB0236C6FD8636C893D6FB4136CEB7464E
:102270000F00938606243349D9028566938606FAB1
:10228000B3969601B389E902130760553309D90261
:1022900093060010B389E9023349D902B3C9F902A0
:1022A0009316390036CA37190040FD8636D0930D93
:1022B000090493D7F9413ED2F336048093F6860899
:1022C00036DC01000100930770052380FD009306B2
:1022D00080FA2380DD00010001008346390593F672
:1022E000860FA309D9048346390593E61600A3098E
:1022F000D90423800D00E256F3A6068001000100F8
:10230000130C80FA116DF336048093F6860836DEDE
:1023100001000100930770052380FD0023808D01DB
:102320000100010083463905216693E60602A309F0
:10233000D90483560905B3E6A6012318D9048356A8
:102340000905D18E2318D90423800D00F256F3A677
:102350000680010001008346390593F60602638B6F
:10236000061803463905218A6DDE0818EF00D005EE
:102370007336048013768608B2C201000100238000
:102380009D0023808D0101000100B717004003C6A6
:1023900037051376F60DA389C70403C63705136600
:1023A0000602A389C704835609052166B3E6A60180
:1023B0002318D90483560905D18E2318D904238004
:1023C0000D009646F3A606800100010083463905FC
:1023D00093F606026387061483463905A18AEDFE4B
:1023E00097000020E78020CBAA8636D497000020F3
:1023F000E78060CAA256E30AD5FE83560905425516
:10240000B3E6A6012318D904EF00C07D8346390541
:10241000A18AEDDE035609058346290582473376F6
:10242000CA00B306DA0293D5F641B296B388F640F5
:10243000E24733B8C6002E983308F840A247B3B637
:1024400016013308D84063C70701631DF80092479F
:1024500063FA1701C247634DF80E63950701B2474F
:1024600063E8F80E894663E7660FF2469315180095
:1024700013D3F8015E8613951800B365B30042D6F6
:1024800046D4EF5031763258050B137BFB0F634770
:10249000000163120838A258638F0836130815002C
:1024A000B336A800B69513D6F5013298B336C800F6
:1024B000AE9613581800FE06B3E606017336048084
:1024C00013768608B2C60100010023809D00238098
:1024D0008D01010001000356C902B296C206C182F5
:1024E0002316D90223800D00B646F3A6068001000C
:1024F000010011BDF336048093F68608B6C00100D2
:10250000010023809D0023808D010100010083468E
:10251000390593E60602A309D90423800D008646F7
:102520003DB5F336048093F68608B6C40100010079
:1025300023809D0023808D01010001008346390521
:1025400093E60602A309D90423800D00A6469DBD8B
:10255000E30D0BF0F336048093F68608B6C801004D
:102560000100930680FA23809D002380DD00010096
:1025700001008346390593F5FC0F93F6860FA309F6
:10258000D90483463905CD8EA309D90423800D00D3
:10259000C646F3A6068001000100130580FA034633
:1025A0003905930639051D8A63149629733604800C
:1025B00013768608B2CC01000100130680FA23804E
:1025C0009D002380CD000100010003C606001376A4
:1025D000F60D2380C60003C606001366060223809C
:1025E000C600835609051166D18E2318D904835677
:1025F00009052166D18E2318D90423800D00E646F3
:10260000F3A6068001000100130680FA834639050F
:1026100093F606026388062483463905130C3905B0
:10262000A18AFDDA08184D23F336048093F6860854
:10263000B6D001000100930680FA23809D0023801C
:10264000DD000100010083460C00116693F6F60DD3
:102650002300DC0083460C0093E606022300DC0026
:1026600083560905D18E2318D9048356090521669E
:10267000D18E2318D90423800D008656F3A6068038
:1026800001000100130680FA8346390593F606021D
:102690006385062083463905A18AEDFE9700002058
:1026A000E780609F2A8C97000020E780C09EE30CA3
:1026B00085FF8356090511664255D18E2318D9042A
:1026C00015238346390513063905A18AFDDAF33649
:1026D000048093F68608B6D401000100930680FAC0
:1026E00023809D002380DD00010001008346060059
:1026F00093F6F60D2300D60023800D00A656F3A610
:102700000680010001008356090503462905D247CA
:10271000B376DA003306CA021305800C9355F641EE
:102720003696330DF6408257333CD6002E9C333616
:10273000A601330CFC40330CCC4033088503925681
:102740004E86B335A5033305A503C295EF509149D5
:1027500063468001631E0C16630C0D1613061500EC
:102760003335A6002E959356F5013696B335D6002F
:10277000AA959396F50105828585D18E6346B000B2
:10278000639D051A638B061A0356C9021582330529
:10279000D6003336C500B2956348B0006391052476
:1027A0001306F00F637DA622894663F3561593073F
:1027B0008008F3B7078093F78708BED601000100B1
:1027C00037170040930770052300F704930780FA3A
:1027D0002300F704010001008356C70289678117AF
:1027E000D58FC207C1832316F70223000704B6570B
:1027F000F3A7078001000100FA506A54DA544A59DD
:10280000BA592A5A9A5A0A5BFA4B6A4CDA4C4A4D20
:10281000BA4D296182801308F5FF3335A800FD15F4
:102820002E951356F5013298B336C800AA9651B1C9
:10283000F336048093F68608B6CA010001002380AF
:102840009D002380AD000100010083463905CD8E37
:10285000A309D90423800D00D646F3A60680010003
:10286000010035BBF336048093F68608B6CE01002E
:10287000010023809D002380CD00010001008346DC
:10288000390593E60602A309D90423800D00F64614
:10289000F3A606800100010095BBF336048093F691
:1028A0008608B6D20100010023809D002380CD0060
:1028B000010001008346390593E60602A309D90405
:1028C00023800D009656F3A60680010001006DBB23
:1028D0009306F5FF33B5A600FD152E959355F5012A
:1028E000AE96B3B5B600AA951396F501858269B583
:1028F000F336048093F68608B6D8010001009306EB
:1029000080FA23809D002380DD00010001008356B2
:10291000C9020566011693F6F60FD18EC206C18272
:102920002316D90223800D00C656F3A606800100A7
:102930000100850A93FAFA0F41B233E6B60045C2A8
:102940000356C9023305D0403338A000B305B04068
:10295000B385054115826345B000D1E16371A608D6
:10296000894663F0560593078008F3B7078093F70D
:102970008708BEDA01000100B71700401307700591
:102980002380E704130780FA2380E7040100010095
:1029900003D7C7027D8B2396E70223800704D6570F
:1029A00081BDF336048093F68608B6DC0100010091
:1029B000930680FA23809D002380DD000100010042
:1029C0008356C9020566011693F6F60FD18EC2062C
:1029D000C1822316D90223800D00E656B9B79307AA
:1029E0008008F3B7078093F78708BEDE0100010077
:1029F00037170040930770052300F704930780FA08
:102A00002300F704010001000356C7029397560004
:102A1000B297C207C1832316F70223000704F657B3
:102A2000C1BB914763EEB702177701001307076C2C
:102A30008A05BA959C41BA978287B717004003A7C9
:102A4000470B1345F5FF698F23AAE70A03A7070B76
:102A5000698F23A8E70A03A7070A798D23A0A70A8D
:102A60008280B717004083A6470B1347F5FFF98E06
:102A700023AAD70A83A6070B558D23A8A70A83A6E6
:102A8000070A758F23A0E70A8280B717004003A7C3
:102A9000470B498F23AAE70A03A7070B1345F5FF46
:102AA00045BFB717004083A6470B1347F5FF758F47
:102AB00023AAE70A03A7070A598D4DB7B7170040A5
:102AC00003A7470B498FEDB7914763EEB70217771E
:102AD00001001307E7628A05BA959C41BA9782877D
:102AE000B717004003A7470D1345F5FF698F23AAC9
:102AF000E70C03A7070D698F23A8E70C03A7070CB2
:102B0000798D23A0A70C8280B717004083A6470DBC
:102B10001347F5FFF98E23AAD70C83A6070D558D11
:102B200023A8A70C83A6070C758F23A0E70C82802F
:102B3000B717004003A7470D498F23AAE70C03A747
:102B4000070D1345F5FF45BFB717004083A6470D96
:102B50001347F5FF758F23AAE70C03A7070C598DC0
:102B60004DB7B717004003A7470D498FEDB7B7170B
:102B7000004003D7A70109C5D98D239DB7008280E6
:102B800093C5F5FFF98DD5BFB717004088474205BB
:102B900041819377050491EB9377F5013755E8016F
:102BA000130505803345F50282809377050C1307E2
:102BB00000046397E7009377F50137459C1CCDB778
:102BC0002165130505D0828037E700E01C4354439C
:102BD000A183E206D58F1CC1FD572320F7182322BD
:102BE000F718828013178500B7E700E023A0E710ED
:102BF000618123A2A7108280B7F700E08847CC4705
:102C00008280814737370040A14663C4C7003285C0
:102C100082800345B740E38EA6FE3385F500034569
:102C2000050085072304A740CDB7970700209387A9
:102C300067629C43173700201307C7413E95636EB8
:102C4000E500174700201307E79B6368A7001707F5
:102C500000202321A7603E858280FD57EDBF4111F2
:102C600022C406C62A840D372947B307E502B240BD
:102C70008D83B3D7870222449507B3D7E70237374E
:102C80000040C207C1832316F700410182807165AD
:102C900041111305052006C6D937B7370040130781
:102CA00070F82381E7000D47A381E70013070004B4
:102CB000A380E70005472387E700B24041018280F7
:102CC000CC41411106C6328503C6150083C50500F7
:102CD00022064D8E42068D654186138875A2630CCF
:102CE0000611634BC804138845A26300060D634AAE
:102CF000C800938535A26301B608239006002946D3
:102D00004DA0138855A26305060D938565A2E316B1
:102D1000B6FE8D451D4663E6E5081146198E63F340
:102D2000C7003E86B7E704002390C600FC4797958E
:102D300001009385A5EB9DA0138895A2630306115E
:102D4000634E060D1388A5A263000613938505A59F
:102D5000E315B6FA99451D4663E5E504198E63F35C
:102D6000C7003E86B7E704002390C600FC479705DE
:102D700000209385A54E1DA09D451D4663E3E502F9
:102D80002146198E63F3C7003E86B7E70400FC476F
:102D90002390C600970500209385C54FBA9582976A
:102DA0000146B240328541018280AD451D46E3EACD
:102DB000E5FE3146198E63F3C7003E86B7E704008F
:102DC0002390C600FC479775010093856536F9B7D7
:102DD000B1451D46E3E7E5FC3546198E63F3C700B0
:102DE0003E86B7E704002390C600FC4797750100B4
:102DF0009385053565B78D451D46E3E4E5FA114633
:102E0000198E63F3C7003E86B7E704002390C6001F
:102E1000FC4797950100938525DE49B78D451D46F2
:102E2000E3E1E5F81146198E63F3C7003E86B7E784
:102E300004002390C600FC4797950100938585DD2B
:102E4000B1BFA5451D46E3EEE5F42946198E63F3AF
:102E5000C7003E86B7E704002390C600FC4797757D
:102E600001009385252C1DBFB5451D46E3EBE5F21A
:102E70003946198E63F3C7003E86B7E704002390F6
:102E8000C600FC47977501009385C52801BFB7E7C9
:102E9000040003A3071397060020938626DE41460D
:102EA000A54517050020130565D402832D4559EF6C
:102EB00003C5050009476317E50803A8450041114C
:102EC00006C60347180032850346080022074168FA
:102ED000518F930828FE6308170363E9E80005187B
:102EE000630307052390060029451DA8130648FE25
:102EF000630BC7021518E31707FF15463E87637B70
:102F0000F602154705A83E8691C30546B7E70400BB
:102F1000FC472390C6004206CC454182829701457A
:102F2000B240410182801306700F3E876374F60041
:102F30001307700FB7E704002390E600FC47131651
:102F40000701D9BF23900600054582808280416732
:102F500079176304E504411122C406C685472A8413
:102F6000639FF500B7E7040022852244B24003A323
:102F70008713970500209385A53241010283894775
:102F80006399F500B7E7040083A7070B854582978F
:102F900071D9B2402244410182808280797122D469
:102FA00052CC2E842A8A977501009385A51B17752C
:102FB00001001305E51C06D63AC626D24AD0B684CF
:102FC00032894ECEEF50510DA685177501001305BD
:102FD000251CEF50710C2945EF5051108347840098
:102FE00093F70702F1E38349040089470545324717
:102FF0006396F908544083C7160083C60600A207EB
:10300000D58FC166138616FE638CC7028D16638F3B
:10301000D7068D669386269029456391D706B7E734
:103020000400A285225403A34714B250F249A68695
:103030004A86925402595285624A85474561028305
:103040002D450DEF9307700F354563E99702B7E7FC
:103050000400FC4748441306700FCA8582978149D3
:1030600097070020938787249C43014581CB9C438D
:1030700091C74E852686CA8582970145B250225453
:1030800092540259F249624A456182802D457DF78A
:10309000D5473545E3E497FEB7E70400FC474844CD
:1030A0005546CA8582976DBF2145C9BF411122C4CB
:1030B00037E404008327841326C2AA84416506C628
:1030C000970500209385C51D7D1582978327C40A27
:1030D000170500001305E5E78588829795C003234F
:1030E00004132244B2409244970600209386C6CA35
:1030F0004146C54517050020130505B94101028366
:10310000B2402244924401454101828019C597078B
:10311000002023ADA71801458280454582801147D4
:103120006368A70A97760100938686020A0536959A
:103130001841411106C63697AE87B285028713073C
:10314000700F6145639DE700B7E70400FC47130675
:10315000700F170500201305251D82970145B24009
:103160004101828005476145E39BE7FEB7E7040024
:10317000FC4705461705002013054512F9BF5547C2
:103180006145E39EE7FCB7E70400FC475546170599
:1031900000201305E528D1B71307700F6145E390B0
:1031A000E7FCB7E70400FC471306700F1705002083
:1031B000130585285DB715476145E392E7FAB7E740
:1031C0000400FC471546170500201305A50D71B72F
:1031D00009458280411126C2B7E4040083A7C413C5
:1031E00022C44AC006C62E84970500209385450B4D
:1031F0002A898297058905C5970700209387C7A864
:1032000083D7A70BA28503A3440D2310F400224407
:10321000B24092444A850249014641010283B240CC
:103220002244924402494945410182809707002087
:10323000238007089707002023AE0706B717004032
:1032400003A7070CB706C0FFFD16758F23A0E70C78
:1032500003A7070DB7064000558F23A8E70C03A767
:10326000070C3D9B23A0E70C03A7070D136707017D
:1032700023A8E70C8280B717004003A5470C83A75B
:10328000470C598113451500C18B058999E31365D6
:1032900025009707002083C7A7016380A70297072F
:1032A00000202387A70011C9970700209387870074
:1032B00003A30700630303000283828011456FE0CC
:1032C0007FEC411193962500AA852D4506C697F0FF
:1032D000FF1FE780A01DB24001454101828001111E
:1032E00022CC06CE3714004026CA4AC84EC652C465
:1032F00083447405034AB40583498405034994054E
:10330000EFE01FC18347A40593F4F40F137AFA0F7B
:1033100093E71700230DF40493F9F90F1379F90FCC
:10332000B717004003C7A705058B6DFF03D5C70579
:10333000A38D4705238C3705A38C2705A38B970402
:10334000F2406244D2444249B249224A0561828035
:1033500041119397050122C406C626C2C1872E8457
:1033600063DC0700B7E40400FC54829719C1BC5425
:1033700082972165218D3DA093F7150013C5150097
:1033800095E393F7250085C7FD35B7E70400BC4FEB
:103390001306000A894517050020034525F2829788
:1033A00013452400B2402244924441018280939705
:1033B000250163D50702B7E4040083A7C41E8297E2
:1033C000F53DBC4C37F60200130606E0896517058B
:1033D00000200345A5EE8297096569BF9397150103
:1033E0000145E3D107FC17750100130525E1EF50F6
:1033F000615FB7E70400BC4F1306006491651705D1
:1034000000200345A5EB82971165ADB72D71232AE6
:103410009110FD74E98C232C81102328211123267F
:1034200031112A84AE893289930600100A86A68556
:103430002D45232E111097F0FF1FE780200713154D
:103440004401B7E70400FC4751810A05139629009F
:10345000CA850A958297A68585660146254597F017
:10346000FF1FE780A0040A86A68593060010294561
:1034700097F0FF1FE78080038320C111032481118F
:1034800083244111032901118329C1101561828010
:10349000B7F7070003C70701411106C622C426C2B9
:1034A0004AC0A547631AF7009537B24022449244B8
:1034B000024901454101828013942500AA84328982
:1034C000A286AA850146254597F0FF1FE78000FEEA
:1034D000A2864A86A685294597F0FF1FE78000FD52
:1034E000E9B71D71A2CC37E404005C5C485886CE75
:1034F0004946977501009385E5CB829701E91775D9
:103500000100130565CCEF50E14D01A0B7F600E0D6
:10351000795798CAFD57DCCA0567B7E700E023A0D2
:10352000E7101306F00290C223A0E7180100010083
:10353000370700201847130600048145970600202E
:1035400023ACE6D64157A38AE7403C44080882975B
:1035500097170020938707D73EC8856713870760B2
:10356000231AE1001D673ACC37070105130707103E
:103570003ACE9387B7D31307B00F2310E10223127B
:10358000F102054797F7FFFF938747672301E102A1
:103590003ED817070000130707D39707000093874B
:1035A00047D4B7F50700BAC23EDC1707000013077F
:1035B00067EE970700009387A7D081463000E105AA
:1035C0001945BAC43EDE97F0FF1FE78020EE1808C9
:1035D0008147994630003E96034606008507050759
:1035E000A30BC700E398D7FEC24791C70357410119
:1035F00085676373F70001A0B7E7040083A7470A54
:1036000008088297AA8501C917750100130505BD31
:10361000EF50812801A0F640664425618280411167
:1036200026C2B7E4040083A7040806C622C417050F
:103630000000130525D2829717040020130404C844
:103640002300A4003128DD3603450400224403A3EF
:103650008405B24092441306003289654101028319
:10366000797106D622D413078008F337078093F7C1
:1036700087083EC201000100B7170040930570059E
:103680002380B704130680FA2380C70401000100D9
:1036900083C6F70293F6A60FA387D70223800704F9
:1036A0009246F3A606800100010073370780137766
:1036B00087083AC4010001002380B7042380C704AF
:1036C0000100010003C7F70213672700A387E70281
:1036D00023800704A247F3A70780010001000545E6
:1036E000EFE07F88E13E01478146814705468545F9
:1036F0001305407EEFE01F8C37E404003C44680073
:10370000514681458297B707C0A83EC8B787E803EE
:10371000938707D03ECA97F7FF1F938747C93EC6D6
:103720007C5868008297B2502254456182804111D2
:10373000977501009385851817750100130545A439
:1037400006C6EF506115177501001305E52FEF5000
:10375000A114B240294541016F504118411197759C
:1037600001009385E51617750100130565A106C6CE
:10377000EF508112177501001305C52BEF50C111D1
:10378000B240294541016F506115411122C406C65E
:10379000834705002A849DC3977501009385051909
:1037A000177501001305C59DEF50010F4C401775AB
:1037B00001001305A53DEF50210E1DA058411DE746
:1037C0009775010093858516177501001305459BB4
:1037D000EF50810C177501001305C53CEF50C10B6C
:1037E0002244B240294541016F50410FA1679386A1
:1037F000D7036311D70297750100938525131775B9
:1038000001001305E597EF50210917750100130515
:10381000653AE9B7ED07977501009385251117758E
:1038200001001305E5956319F700EF50E1061775E0
:103830000100130565395DB7EF5001064C4017755F
:1038400001001305653A85BF411197750100938505
:103850006509177501001305A59206C6EF50C1034F
:10386000B240294541016F506107797122D426D2B7
:103870004AD02E842A898145B2844800714606D6F2
:10388000EFE0EFC897F7FF1F93878770DC4783D778
:103890000700231421012313F100EF2080489547EE
:1038A000A305F1009307401F3EC6FD572305A10065
:1038B000230AF100EF2020592686A2854800EF2038
:1038C0002049B250225492540259456182804111DC
:1038D00006C603C7C1129307F00A631BF7009307DC
:1038E000F00889451385C1122396F112EF20106B61
:1038F000EF30C01D8145370504009707002023A342
:10390000079E97070020239C079C97070020238988
:10391000079C970700202392079C97070020239D70
:10392000079A97070020239B079A97070020239D5B
:10393000079AEF2080000145EF30E00F97750100F6
:103940009385C5FC1775010013058583EF40D1747D
:10395000177501001305852FEF401174B2402945FA
:1039600041016F40B177411122C406C626C293F7C8
:1039700015002E84638D070C814617F6FF1F130672
:10398000A65E8545170500200355C594EF80805835
:1039900005C597750100938525F817650100130586
:1039A000257EEF40716F177501001305A593EF4059
:1039B000B16E2945EF409172977501009385C5F569
:1039C000176501001305C57BEF40116D17750100E8
:1039D00013058592EF40516C2945EF40317017F582
:1039E000FF1F1305E55A5C4505472390E700EFE00C
:1039F000D06897750100938525F2176501001305BE
:103A00002578EF4071691775010013052590EF4087
:103A1000B1682945EF40916C930710F82386F112A5
:103A20009707002083D7C78AA386F1121385C11296
:103A3000A18391452387F112A3870112EF2010562D
:103A400013451400B240224492444101828093F70E
:103A50002500D1CB170700200357678851C397066D
:103A60000020938626889442977701009387072049
:103A7000170600200346C68681451385412AEF407C
:103A8000A056AA8431CD977501009385A5EF1765DF
:103A900001001305E56EEF403160A6851775010042
:103AA00013054588EF40515F2945EF403163970783
:103AB000002023960782930710F82386F1129707B8
:103AC000002083D7E780A386F112A1832387F11218
:103AD00091458D471385C112A387F112EF20104C39
:103AE0001345240085B793F74500B1CF97750100C2
:103AF000938545E91765010013058568EF40D159A5
:103B0000177501001305C583EF4011592945EF4092
:103B1000F15C930720F82386F11297F7FF1F83D7F4
:103B2000C77BA386F112A1832387F1128547A38760
:103B3000F112EF2040311385C1129145EF2010465C
:103B40001345440001B793F785008DCF97750100A9
:103B5000938545E31765010013058562EF40D15356
:103B6000176501001305057FEF4011532945EF400C
:103B7000F15697F7FF1F23940776EF40C053134584
:103B80008400C9B593F70501A5C3854517F5FF1F47
:103B90000355A574EF00911D97750100938585DE8F
:103BA000176501001305C55DEF40114F1765010052
:103BB0001305857BEF40514E2945EF403152930765
:103BC00030F82386F11297F7FF1F83D70771A3867A
:103BD000F1121385C112A1838D452387F112EF20C5
:103BE000F03B13450401B9BD93F70502B5C39775C2
:103BF0000100938525D91765010013056558EF402D
:103C0000B1491765010013056578EF40F148294572
:103C1000EF40D14C930740F82386F11297F7FF1F2E
:103C200083D7876BA386F112A1832387F11285477F
:103C3000A387F11297F7FF1F2390076AEF20A020B8
:103C40001385C1129145EF20703513450402DDBB89
:103C500093F70504CDC7977501009385A5D2176525
:103C600001001305E551EF403143176501001305CD
:103C70006573EF4071422945EF40514683C7C11239
:103C80001307700A6388E7041307800A6386E70650
:103C90001307600A6397E702930760F82386F1121F
:103CA00097F7FF1F83D78763A386F112A18323872A
:103CB000F1128547A38BF112B1451385C112EF2094
:103CC000F02DEF2040181345040497F7FF1F2397AA
:103CD00007608DBB930770F82386F11297F7FF1FDB
:103CE00083D7C75FA386F112A1832387F11285478B
:103CF000A388F1129945D1B7930780F8F1BF93F7E4
:103D000005080145E38007D497750100938585C7B1
:103D1000176501001305C546EF401138176501000E
:103D20001305C569EF4051372945EF40313B9307F3
:103D3000A0F82386F11297F7FF1F83D7E75AA386CF
:103D4000F112A1832387F1128547A387F11297F718
:103D5000FF1F239B0758EF20000F1385C1129145C9
:103D6000EF20D02313450408F1B9411122C49775FF
:103D700001009385E5BC2A841765010013054540C1
:103D800006C6EF4071314C4017750100130585DD03
:103D9000EF4091302945EF40713403470400930709
:103DA000F00F6319F70297750100938565B91765E0
:103DB00001001305E53CEF40312E4C401775010022
:103DC000130545DBEF40512D2244B2402945410106
:103DD0006F40D130B24022444101828085CD4111F3
:103DE00022C4176501001305A5392E8497750100BB
:103DF000938505B006C6EF40312AA28517750100EC
:103E0000130585E2EF4051292244B2402945410182
:103E10006F40D12C8280411122C426C22A84AE84F4
:103E2000176501001305C53597750100938505AD2C
:103E300006C6EF407126177501001305A5DFEF4098
:103E4000B1252945EF40912997750100938505AB70
:103E500097F7FF1F23908748176501001305453228
:103E6000054497F7FF1F2395974697F7FF1F239267
:103E7000874697F7FF1F239D9746EF40F12197F55F
:103E8000FF1F83D5E54617750100130525DBEF40BD
:103E9000B1202945EF409124054597F7FF1F23875F
:103EA0008744EF20503997F7FF1F9387670EDC4751
:103EB00003D70700C167FD176312F7022244B7E773
:103EC0000400B240924403A3870517F5FF1F034582
:103ED000653F1306000A854541010283B240224432
:103EE000924441018280011122CC37E404005C5CE1
:103EF00006CE26CA354697750100938525B61775F7
:103F000001001305A534829701E917650100130527
:103F1000A52BEF40312D01A097F7FF1F9387476135
:103F20003EC4B7F507008567938707C0814617F63B
:103F3000FF1F13066639E10519453EC697E0FF1FCE
:103F4000E780C0567C44194697F5FF1F9385C53717
:103F5000138581238297340017F6FF1F1306C63698
:103F600097750100938545E317750100130545E436
:103F7000EF301060AA8415C9977501009385859F5D
:103F8000176501001305C51FEF401111A6851775B0
:103F900001001305A5ADEF4031102945EF40111484
:103FA000F2406244D24405618280EF90F07617754A
:103FB00001001305A5A2EF20507BEF603065EF00F4
:103FC000B10317F5FF1F130565F9EF008170177531
:103FD00001001305A5A1EF00F103AA84EF30E0551D
:103FE000EFC00029EF205123EF400072EF30303551
:103FF000EFE0F005977501009385C59717650100FF
:104000001305051889C8EF403109A6851775010009
:10401000130505A849B7EF403108177501001305CE
:1040200065A9EF4071072945EF40510BEFE080682B
:10403000EFB0C0125DC9854537050400EF10F00FE1
:1040400097750100938505931765010013054513C6
:10405000EF40910417750100130545A7EF40D10308
:104060002945EF40B10797F7FF1F83C71728B9EF1E
:10407000A303010083274417130671008545130528
:1040800050308297977501009385C58E17650100A2
:104090001305050FEF40510017750100130545A5E5
:1040A000EF40817F2945EF407103977501009385AB
:1040B000658C176501001305A50CEF40E17D1775B0
:1040C00001001305E5A8EF40217DC1BD97750100F2
:1040D0009385458A176501001305850AEF40C17B6A
:1040E00017750100130545A465BF977501009385F9
:1040F0006588176501001305A508EF40E17917757C
:1041000001001305A5B4EF4021792945EF40017D59
:104110000145EF20501251BF411122C437E4040081
:104120008327041A06C68297832704081705000010
:104130001305A583829797F7FF1F2385A71817F507
:10414000FF1F1305E5E4EF10F07C713B2244B24001
:1041500041016F200040411122C491462A841386F8
:1041600001219D652D4506C697E0FF1FE7800034BD
:10417000B7F7070003C70701A5476313F70001A0BE
:104180009306001001469D65254597E0FF1FE780D7
:10419000E031238881202244B240914613860121D8
:1041A0009D652945410117E3FF1F67002330B7E7ED
:1041B00004001171FC47CED79389C112A2DDCAD980
:1041C00086DFA6DB2E8432892E86AA854E858297CD
:1041D00083C70900130780029387E70793F7F70F58
:1041E0006364F77417670100130787018A07BA979A
:1041F0009C43BA9782878D47976501009385C5795F
:10420000176501001305C5F7630BF400EF40C168A3
:104210001765010013050537EF400168FDA2EF4067
:10422000A1671765010013056537EF40E166294571
:10423000EF40C16A930720F811469385C1124A8561
:104240002386F112A3870112EFF02FE22A840DC515
:10425000976501009385457417650100130545F2C4
:10426000EF408163A285176501001305E536EF4035
:10427000A1622945EF408166976501009385C5716C
:10428000176501001305C5EFEF40016117650100D7
:104290001305C535EF4041602945EF402164416574
:1042A000930730FA05469385C1127D152386F112D6
:1042B000EFF0AFDB2A840DC5976501009385C56DCE
:1042C000176501001305C5EBEF40015DA285176579
:1042D000010013056530EF40215C2945EF40016086
:1042E000B7E70400BC4F0566130606C8A14517F5DD
:1042F000FF1F034525FD8297FE506E54DE544E5934
:10430000BE591161828091476301F40297650100F3
:104310009385856817650100130585E6EF40C15751
:10432000176501001305C52FC5BDB7E70400FC4F95
:10433000914517F5FF1F0345E5F882979765010042
:104340009385856517650100130585E3EF40C1542A
:10435000176501001305852EEF4001542945EF40F4
:10436000E157EF10502E9145E1A285476301F40219
:10437000976501009385456217650100130545E0C7
:10438000EF408151176501001305C52C71B597F7F2
:10439000FF1F239427F5B7E704000566BC4F1306FB
:1043A00006C8C145A9B78D476301F40297650100AE
:1043B0009385855E17650100130585DCEF40C14DCF
:1043C000176501001305C52A81BD930740F8114602
:1043D0009385C1124A852386F112A3870112EFF05B
:1043E000CFC82A84E30A05F0976501009385C55A72
:1043F000176501001305C5D8EF40014AA28517656E
:1044000001001305651DEF4021492945EF40014D8D
:10441000E5B59147E31CF4F8B7E70400FC4F9305BA
:10442000000217F5FF1F0345E5E982979765010034
:104430009385855617650100130585D4EF40C14566
:10444000176501001305452401BF894763E1870211
:10445000976501009385455417650100130545D202
:10446000EF408143176501001305452375B383C4ED
:10447000E11283C7D112976501009385E551A2042B
:10448000176501001305C5CFDD8CEF40E140A28523
:10449000176501001305C521EF400140C2042945FD
:1044A000EF40C143C1849305D4FF93960401C182B8
:1044B0004A8693F5F50F1385F112EF10804BE35DFB
:1044C00090E2930750F82386F11283C739002286C1
:1044D0009385C11285074A85A387F112EFF0EFB8E3
:1044E0002A84E30B05E0976501009385E54A17658B
:1044F00001001305E5C8EF40213AA28517650100C8
:104500001305857109B7894763E187029765010043
:104510009385854817650100130585C6EF40C137AF
:10452000176501001305851AC5B9EF10D011A285D2
:104530001385C112EF208026C1B38D476301F402B9
:10454000976501009385454517650100130545C32F
:10455000EF408134176501001305051975B9B76679
:1045600002000146B7750200054597E0FF1FE7808E
:10457000E0F3930760F82386F112A38701129307F3
:10458000002623A8F112E57793870721239AF112D9
:104590003146A38BA1129385C1124A85238B011248
:1045A000EFF0AFAC2A84E30905D497650100938549
:1045B000A53E176501001305A5BCEF40E12DA285BE
:1045C000176501001305C5133DBDB1476301F40232
:1045D000976501009385453C17650100130545BAB1
:1045E000EF40812B176501001305451335B1B7E77F
:1045F0000400FC4F9305000417F5FF1F034585CC0D
:104600008297EF105004B14525B7914763E18702C7
:10461000976501009385453817650100130545B678
:10462000EF4081271765010013050511F5B683C416
:10463000011383C7F112A204DD8C8E04B767020058
:104640006D14BE942286A68517650100130505101A
:10465000EF408124B7E70400FC47228693851113BD
:104660002800829793160401C1823000A68509456F
:1046700097E0FF1FE78080E32A8419C517650100D2
:104680001305850EEF400136930770F819469385A0
:10469000C1124A852386F112A3888112EFF0EF9CA4
:1046A0002A84E30B05C4976501009385E52E176501
:1046B00001001305E5ACEF40211EA285176501003E
:1046C0001305850B89B399476301F41097650100C1
:1046D0009385852C17650100130585AAEF40C11B42
:1046E000176501001305C50A05BE914763E18702FE
:1046F000976501009385452A17650100130545A8B4
:10470000EF408119176501001305050A31B683C40E
:10471000011383C7F112A204DD8C8E04B767020077
:104720006D14BE942286A685176501001305050940
:10473000EF408116B7E70400FC47228693851113EA
:104740002800829793160401C1823000A6850D458A
:1047500097E0FF1FE78080D52A8419C517650100FF
:1047600013058507EF400128930780F819469385C4
:10477000C1124A852386F112A3888112EFF0EF8ED1
:104780002A84E30B05B6976501009385E52017653C
:1047900001001305E59EEF402110A2851765010079
:1047A0001305C5048DB199476301F40297650100B3
:1047B0009385851E176501001305859CEF40C10D8B
:1047C000176501001305050481BCB7E70400FC4F21
:1047D0009305000417F5FF1F0345C5AE8297EF1040
:1047E00080669945B1B38D476301F4029765010076
:1047F0009385851A1765010013058598EF40C10957
:10480000176501001305850101BC1765010013053B
:10481000E501EF40211D0145EFE00FBB0D45EFF035
:104820009F93294597E0FF1FE780E0B097E0FF1FC7
:10483000E78000A2D1B499476301F40297650100B3
:10484000938585151765010013058593EF40C10415
:1048500017650100130545FEC1B203C7111383C7D5
:10486000011322075D8F9166BA96C2061166C18256
:104870001306F6EF8D476363D60297E7FF1F938712
:1048800027719C4B03C6F1129386C70039C603D625
:1048900007005DCA8907E39CD7FE89471307A0F884
:1048A00011469385C1124A852386E112A387F1122E
:1048B000EFE0BFFB2A84E30105A49765010093851F
:1048C000A50D176501001305A58BEF30F17CA285BE
:1048D00017650100130585F73DB603D6070063028F
:1048E000E60A8907E39BF6FE8D474DBF91476302B9
:1048F000F402976501009385250A176501001305E9
:104900002588EF307179176501001305A5F56FF063
:10491000BF90B7E70400FC4F9305000817F5FF1F91
:104920000345459A829735BC976501009385C50676
:10493000176501001305C584EF3011761765010076
:104940001305C5F36FF05F8D2390E70017E5FF1F98
:1049500013050564EFD01074976501009385C503B6
:10496000176501001305C581EF301173176501004C
:104970001305C5F1EF3051722945EF30317681478B
:1049800031BF2390070017E5FF1F13056560EFD0C7
:104990007070976501009385250017550100130578
:1049A000257EEF30716F176501001305A5EFD9B7AC
:1049B000411122C406C6834705002A849DC397651A
:1049C0000100938525F9175501001305657BEF302C
:1049D000B16C4C40176501001305452AEF30D16BCF
:1049E00079A85841B707CF009387777D631CF704F8
:1049F00097650100938505F6175501001305457865
:104A0000EF3091691C448356E4008355C40003C60B
:104A10000700176501001305E527EF30F167294509
:104A2000EF30D16B0356E40097F7FF1F83D7478C15
:104A30006383C7088355C40008442244B24041013F
:104A40006FF0EFF6B707CC009387777D631FF7020F
:104A500097650100938505F0175501001305457210
:104A6000EF3091631C448356E4008355C40003C6B1
:104A70000700176501001305E521EF30F1612244BD
:104A8000B240294541016F307165B707CE00938769
:104A9000777D6302F702976501009385A5EB1755B3
:104AA00001001305E56DEF30315F4C4017650100E3
:104AB0001305851325B7B240224441018280B7E730
:104AC00004004111FC4726C29384C1122E8606C6FB
:104AD00022C42E84AA852685829797650100938536
:104AE00065ED175501001305A569EF30F15A83C52F
:104AF000C112176501001305E58DEF30F159294505
:104B0000EF30D15D83C704003D479387070693F7D5
:104B1000F70F6360F762175701001307A7788A073A
:104B2000BA979C43BA9782879D476303F4029765BF
:104B30000100938525E81755010013056564EF30E2
:104B4000B1551765010013056589EF30F1545DAA71
:104B500083C7D112A5CF83D7011303D7E112C207B0
:104B6000D98F17E7FF1F232FF77683C76400976558
:104B70000100938525E4175501001305656017E7CB
:104B8000FF1F230FF774EF30315197E7FF1F938713
:104B900067758C4317E6FF1F03468674176501008F
:104BA00013058585EF30514F2945EF303153A386EA
:104BB00001122244B2409244930700F82386F11276
:104BC0009D451385C11241016F10503DEF30405A91
:104BD0002397A112935705012A842388F112935732
:104BE00085010145A388F112EF3040592389A112B4
:104BF00097650100938505DC17550100130545589D
:104C0000EF30914903C62113A285176501001305F2
:104C1000258049BFCD476301F40297650100938564
:104C200065D9175501001305A555EF30F146175505
:104C300001001305657F11BF37E404007C44414641
:104C40009385D1121385412A829783C7E11303C745
:104C5000D113A20703238405D98F17E7FF1F231061
:104C6000F7681306000A89452244B240924417E5CA
:104C7000FF1F03452565410102838D476301F4024F
:104C800097650100938505D3175501001305454F1E
:104C9000EF309140176501001305C58E7DB503C443
:104CA000E11283C7D112976501009385A5D0220434
:104CB000175501001305C54C5D8CEF30F13DA28501
:104CC000175501001305C577EF30113D2945EF3029
:104CD000F1400D469385C1122285EFE01FB9AA84E9
:104CE0000DC9976501009385E5CC175501001305A3
:104CF0002549EF30713AA6851755010013058575D2
:104D0000EF3091392244B2409244294541016F303D
:104D1000F13C97E7FF1F2392875CB7E70400116619
:104D200003A38705130606E891453DBF8D47630140
:104D3000F402976501009385E5C717550100130537
:104D40002544EF3071351765010013056592F5BBF9
:104D500003C4E11283C7D11297650100938585C50D
:104D60002204175501001305A5415D8CEF30D132A7
:104D7000A285175501001305256FEF30F131294544
:104D8000EF30D1350D469385C1122285EFE0FFAD9E
:104D9000AA840DC1976501009385C5C1175501000F
:104DA0001305053EEF30512FA68517550100130559
:104DB000E56CB9B797E7FF1F23908752B7E7040068
:104DC000116603A38705130606E89305000269BD73
:104DD000894763E18702976501009385A5BD175553
:104DE00001001305E539EF30312B1765010013057C
:104DF000E58AA1BB83C4E11283C7D1129765010084
:104E0000938545BBA2041755010013056537DD8C5A
:104E1000EF309128A685175501001305A567EF30DF
:104E2000B1272945EF30912B22869385C112268523
:104E3000EFE0BFA32A84630D0530976501009385D9
:104E400065B7175501001305A533EF30F124A2858E
:104E5000175501001305456565B58D476301F402DB
:104E600097650100938505B5175501001305453178
:104E7000EF3091221765010013050587F9B103C4CE
:104E8000E11283C7D112976501009385A5B2220470
:104E9000175501001305C52E5D8CEF30F11FA2855B
:104EA0001755010013058561EF30111F2945EF30BB
:104EB000F1220D469385C1122285EFE01F9BAA8443
:104EC0000DC1976501009385E5AE175501001305E7
:104ED000252BEF30711CA685175501001305455F82
:104EE00005B597E7FF1F239B873EB7E704001166D0
:104EF00003A38705130606E893050004B5B391479D
:104F000097650100938505AB1755010013054527EB
:104F100063E98700EF305118176501001305C5815B
:104F20002DB1EF307117A285175501001305C55B30
:104F3000EF3091162945EF30711A83C4E11283C70F
:104F4000D112A204DD8C22869385C1122685EFE062
:104F5000DF912A8449C1976501009385A5A517555E
:104F600001001305E521EF303113A285175501002B
:104F70001305C55871B3914763E187029765010036
:104F8000938545A3175501001305851FEF30D110F8
:104F900017650100130545814DBE83C4E11283C727
:104FA000D112A204DD8C22869385C1122685EFE002
:104FB000DF8B2A840DC1976501009385A59F175546
:104FC00001001305E51BEF30310DA28517550100D7
:104FD0001305055435B397E7FF1F2391973031B779
:104FE0008D476301F402976501009385A59C1755D1
:104FF00001001305E518EF30310A176501001305AC
:10500000E581A1B683C7E112A20703C5D1120D46FF
:105010009385C1125D8DEFE05F852A84630A0512D6
:1050200097650100938505991755010013054515EE
:10503000EF309106A285175501001305A54EC9B1A1
:1050400099476301F402976501009385A59617556A
:1050500001001305E512EF30310417550100130567
:10506000A57DE5B403C4E11283C7D11297650100A1
:1050700093854594220417550100130565105D8C36
:10508000EF309101A285175501001305A54AEF30B5
:10509000B1002945EF30910419469385C11222854C
:1050A000EFE0AFFCAA840DC1976501009385859060
:1050B000175501001305C50CEF30017EA685175565
:1050C0000100130525482DB997E7FF1F239E872070
:1050D000B7E70400116603A38705130606E89305E6
:1050E000000859B68547976501009385A58C17552B
:1050F00001001305E5086309F400EF30E179175565
:1051000001001305654591B4EF3001791755010091
:1051100013050546EF3041782945EF30217C2244C4
:10512000B240924497E7FF1F239B071A41016F206B
:105130009078976501009385E58717550100130561
:105140002504EF3061751755010013052573F5BA75
:10515000B2402244924441018280411106C622C4D9
:10516000EFE0AFF09377F50F95CB2A8497650100B8
:105170009385C5851755010013058500EF30C17172
:105180009375F40F17650100130505A9EF30C17081
:105190002244B240294541016F304174B24022445B
:1051A000410182801D71A6CA86CEA2CCCAC893F7DF
:1051B0001500AE8495CBAD67371700409387A7AA3B
:1051C0001CC3B7E70400BC4F13060019854517E55B
:1051D000FF1F0345850A829713C51400F6406644F5
:1051E000D64446492561828093F785006382071E75
:1051F00017E7FF1F1307471097E6FF1F9386461018
:1052000081471306007D835507006375B600850747
:1052100093F7F70F0907E398E6FE6386071A8547B9
:1052200017E7FF1F2305F70C97E7FF1F83C7670CDE
:10523000850717E7FF1F230EF70A17E7FF1F03472E
:10524000570B05071377F70F97E7FF1FA383E70AAD
:1052500091476310F70297E7FF1F83C7870991C73C
:10526000854797E6FF1F2384F60897E7FF1F2382F1
:105270000708B7670E02938757CC3EC685472308B9
:10528000F10097E7FF1F83D7A706A308F100A183CA
:105290002309F10097E7FF1F83D70706A309F10051
:1052A000A183230AF10097E7FF1F83D70705A30A0D
:1052B000F100A183230BF10097E7FF1F83D70704B9
:1052C000A30BF100A183230CF10097E7FF1F83D705
:1052D0000703A30CF100A183230DF10097E7FF1F43
:1052E0009387E70083C707004545A30DF10097E7C3
:1052F000FF1F83C727009386170017E6FF1F230BA6
:10530000D6FE230EF1006976C167FD1781460506BA
:105310006C00B69583C50500AD8FA14513F8170045
:10532000858363050800B18FC207C183FD15FDF5B4
:105330008506E39FA6FCA30EF100A183230FF100D5
:1053400097E7FF1F83C787FA89CF9147631BF70051
:105350004D466C001305201097E7FF1FA38B07F83D
:10536000ED3B97E7FF1F83C747F8A1C393050003F1
:1053700017E8FF1F0358A8F897E7FF1F83D707F820
:1053800017E7FF1F035767F797E6FF1F83D6C6F699
:1053900017660100130646960810EF30A1659315B5
:1053A0000501C1810810EF10603FB7E70400BC4F52
:1053B00013060032A14517E5FF1F034505EC829750
:1053C00013C5840021BD97E7FF1F238207F2B5B5FF
:1053D00093F7250063810710170400200344844ECF
:1053E0009707002083C7174E22045D8CB16793870F
:1053F000C755631AF40497E7FF1F83C727EF8DCFC4
:10540000170900200349494C9707002083C7B74B71
:105410002209176501001305258F3369F900EF3064
:10542000A14717E6FF1F034676EC970500209385FA
:1054300065494A851D333DA0176501001305458D5B
:10544000EF30415A05A0B5679387D755631AF40228
:1054500097E5FF1F83C595E91705002013058546CD
:10546000EF10C033A285176501001305658DEF307D
:10547000A14213C5240097E7FF1FA38907E6B9BB24
:10548000AD679387B7556313F4029707002083C76E
:10549000B743A2079705002083C50543DD8D176537
:1054A00001001305A587EF30213F6DBFA9679387E2
:1054B000A7556317F400176501001305658749B701
:1054C000416517E6FF1F034676E2970500209385A6
:1054D000653F7D1585B793F745000145E38007D00B
:1054E0001765010013050587EF30C14FEF10C05F4E
:1054F00013C54400E5B1411122C437E404005C5CEB
:1055000006C6354697550100938545551765010038
:105510001305C5D3829701E9176501001305458678
:10552000EF30414C01A08327041C82972A84054553
:10553000EF80F01DEF109111EF10C16FEF707052FE
:105540002285B2402244410182801567B71700408E
:105550001307575598C3D8439D66558FD8C3D84372
:10556000FD76758FD8C3D8431367F70FD8C3356757
:105570001307C7CC98C38280B7C7A55A0111938778
:10558000C7333EC497E7FF1F83C737D63EC6B7F77A
:10559000070003C7070106CE22CCA5476313F70017
:1055A00001A01164930504F09306001001462545FF
:1055B00097D0FF1FE78080EF3000930504F0A146ED
:1055C000294597D0FF1FE78060EE97E5FF1F83C551
:1055D000D5D1175501001305A578EF30E12BF24026
:1055E00062440561828001119165A1463000938576
:1055F00005F02D4506CE97D0FF1FE78020EB224710
:10560000B7C7A55A9387C7336312F702B245175538
:1056100001001305256AB335B00097E7FF1FA38685
:10562000B7CCEF306127F240056182808547854520
:10563000175501001305456A17E7FF1FA307F7CAAF
:10564000EF308125153FC5B741111305800406C60B
:1056500022C426C297D0FF1FE78060A585457D55EF
:10566000EFD02FBC85457D55EFD00FC637140040D5
:105670008327840C8D451305000893E7070823242E
:10568000F40CEFD06FC4EFD08FE0EFD09FE5EFD0F8
:105690001FF99535893FEFE03FA88D450D65EFD0A7
:1056A000AFC2170500201305E53185671CC59304BB
:1056B000840C89671304C40C04C140C144C500C9EB
:1056C0005CC937E404008327841E97E4FF1F93849A
:1056D000C4BA8297FD2A0D2C832704081705000001
:1056E000130585AC82972380A4003C4C130600640C
:1056F000854582973C4C03C5040013060032A14542
:105700008297A13597D0FF1FE78080CD0145828029
:10571000B7F7070003C70701A547AE866316F70072
:105720009397450191C301A0AA850146254517D34A
:10573000FF1F6700A3D74111B2862E86AA852D458B
:1057400006C697D0FF1FE78060D6B24001454101F1
:1057500082809307000463E6C7021D71A2CC2A84ED
:10576000080886CE32C6EF30C107B2461008A285BF
:10577000294597D0FF1FE78060D3F6406644256136
:10578000828039558280411122C426C206C6B717CD
:1057900000403147AA84238CE704014405041374B4
:1057A000F40FEFC02FFAE39B84FEB24022449244F0
:1057B00041018280B717004003A7C70CA166558F2F
:1057C00023A6E70C1377150015C303A7870C89667A
:1057D000558F23A4E70C09893717004019CD83277B
:1057E000870C9166D58F2324F70C828003A7C70C02
:1057F0008966558F23A6E70CF9BF8327C70C9166EE
:10580000D58F2326F70C8280371700408327C70CDB
:10581000A166D58F2326F70C8280411122C406C6CB
:1058200026C293F725002E84ADCF094597E4FF1FCC
:1058300083C404AD893FB71700403147238CE70488
:10584000EFC04FF0860497E7FF1F9387E7AAA6975C
:105850002390A70017E5FF1F034585AA05051375CB
:10586000F50F97E7FF1F238DA7A88D4763E4A702D5
:105870009137B7E70400BC4F0946894517E5FF1F7C
:105880000345B59F829713452400B24022449244B9
:1058900041018280B7E70400BC4F13062003854511
:1058A000F1BF93F715000145EDD3B93F014597E7E7
:1058B000FF1F238707A4FD3DB7E70400BC4F09463F
:1058C000894517E5FF1F0345559B82971345140033
:1058D0006DBF411193050010054506C6EFD02FA9F5
:1058E000814513050010EFD0CF938D453965EFD07A
:1058F000AF9D89450D45EFC0EFDD0145653D293779
:10590000B2401145410141B5411122C437E40400C0
:105910008327040806C617050000130545F0829783
:1059200097E7FF1FA38BA794032384052244B2406B
:1059300013062003854541010283411126C2AE842E
:105940008D4522C406C62A84EFD00F98B7170040B1
:1059500099C803A5C70C418D23A6A70CB2402244C9
:1059600092444101828003A5870C418D23A4A70C9A
:10597000F5B78347050003471500A207D98FC20773
:105980006177C187130727206397E70083452500C8
:10599000370504005DB7828097E7FF1F93878796DE
:1059A00018429C4383D645000345070083C5C700C2
:1059B000035646006396A50083D5E700638DD502A4
:1059C000011106CE2386A7002397D700B705CF0085
:1059D000DC4B9385757D05077D162EC223000100E3
:1059E0003AC42316C1002317D10099C30A858297B0
:1059F000F240056182808280DC4DDC4B81CFB7E7CD
:105A00000400904503A38705914517E5FF1F034553
:105A1000A58F028382806D713C083EC6B707E50002
:105A2000232291103EC8AA843C08328523261110F7
:105A30003ECA23248110232021112E89EF20F06CEF
:105A40002A84975501009385E53B1745010013050E
:105A50002573EF207164A285175501001305854A4F
:105A6000EF2091632945EF207167B705CB0093853F
:105A7000757D6800EF100049A2856800EF20905EF8
:105A8000014781467000CA852685EF10206815C53C
:105A90002A84975501009385E536174501001305C3
:105AA000256EEF20715FA28517550100130545464D
:105AB000EF20915E2945EF2071628320C1100324FD
:105AC000811083244110032901105161828097E7DE
:105AD000FF1F9387278318429C43797122D406D6EF
:105AE0000348070083C807012A8483D6450003556D
:105AF00046006396080183D82701638DD802238866
:105B0000070105072399D7003708CC00DC4B1308A1
:105B1000787D3ACC1307F5FF42CA23080100231E03
:105B2000E100231FD10099C7080832C62EC482970E
:105B30003246A2452285C535B25022544561828045
:105B40006D713C083EC0B707E5003EC23C083EC44C
:105B500023261110232481102322911023170100E2
:105B60002318010023190100231A0100231B01003F
:105B700097D7FF1F83D7C74599E3C167FD17231642
:105B8000F10097D7FF1F83D7C74491EB97D7FF1F2B
:105B9000938747779C439C43DC4783D7070017D400
:105BA000FF1F1304E442584C2317F10083574400AD
:105BB000484B2318F10005ED975501009385852B7F
:105BC000174501001305C55BEF20114D1755010066
:105BD0001305852BEF20514C2945EF2031508320B0
:105BE000C11003248110832441105161828097D712
:105BF000FF1F83C7573E89EBB7E70400BC57829766
:105C00005C4C23AA0700E1BFFD1797D6FF1FA384B2
:105C1000F63C03560701834704014C470A85230BD2
:105C2000F100EF20504297D7FF1F9387A76D9C4349
:105C30000147814688430A866C00EF10204DAA84F4
:105C40001DC9975501009385E522174501001305ED
:105C50002553EF207144A6851755010013058523B0
:105C6000EF2091432945EF207147584CB7E70400D6
:105C7000BC57484B69B797D7FF1F83C7D735F5D7B0
:105C8000B7E70400BC4F1044854517D5FF1F0345F7
:105C9000A5678297A9B75C4EDC4BA9CBA1C941117E
:105CA00022C4174501001305A54D2E849755010008
:105CB0009385851A06C6EF20313EA285175501004F
:105CC0001305851FEF20513D2945EF203141B7E7EE
:105CD00004002244B24003A3870517D5FF1F0345E4
:105CE000A56213064006914541010283828041115D
:105CF00022C417D4FF1F1304A42B1C4C06C689C74B
:105D0000DC4399C34C488297584CB7E70400BC5712
:105D1000484B82975C4CB240224423AA07004101C1
:105D2000828017D7FF1F1307675583470700930625
:105D3000F00B850793F7F70F63E9F60097D6FF1F7F
:105D4000238EF652034507008280930700F8FDB7C3
:105D5000835745006386070E01114AC817D9FF1FF4
:105D60001309092752C4032AC90106CE22CC0327EE
:105D70004A0126CA4EC656C2F15721EF1307D00D6D
:105D8000FD576368C704B7E9040083A709072A849D
:105D90001305860042054181B284AE8A8297232A88
:105DA000AA000325C9015C499DEF97550100938521
:105DB000A508174501001305A53CEF20F12D175547
:105DC00001001305A517EF20312D2945EF201131D2
:105DD000DD57F2406244D2444249B249224A924AD3
:105DE0003E850561828093874400B705CF00231963
:105DF000F5009385757D3105EF10C0100325C901AD
:105E0000834564003105EF20F0250325C90126866E
:105E1000D6853105EF2030237146A2854A85EF20D3
:105E2000511C504419CA83A78905854517D5FF1F02
:105E30000345854D8297814769BFEFF07FD0E5BF6D
:105E4000FD573E858280411126C297D4FF1F93845F
:105E50002418D84C22C437E404003C54484B06C6EE
:105E60008297DC4C0323C4052244B240924423AA07
:105E7000070017D5FF1F03452549854541010283CA
:105E8000411126C297D4FF1F9384C4479C4006C685
:105E900022C44AC0C9CBDC43D9C75CC12300B500CA
:105EA0002A8497550100938565F417450100130571
:105EB000252DEF20711E2945EF2051229C4023A45F
:105EC000070023A2070097D7FF1F9387670EDC4FB9
:105ED000DC4B81C72955EFF09FE197D7FF1F9387D0
:105EE000270FDC4FDC4B91C3B93F37E90400832710
:105EF000C905894517D5FF1F0345054182978327AB
:105F0000C905914517D5FF1F0345054082979C4061
:105F100003A347016309030022852244B24092444F
:105F2000024941010283B2402244924402494101A4
:105F300082800111328506CE22CC26CA2E84EF2023
:105F4000D01CAA8497550100938585ED1745010063
:105F500013050523EF205114030784000356640042
:105F600083554400A686175501001305E5F6EF207A
:105F7000B1122945EF20911697D7FF1F83C7A703BA
:105F8000639897000145EFF09FD681450A85CD3D86
:105F9000F2406244D244056182806D7123248110F5
:105FA000232611102322911093F745002E84638538
:105FB00007123C083EC0B707E5003EC23C083EC49D
:105FC000231701002318010023190100231A0100DF
:105FD000231B010097D7FF1F83D787FD99E3C16774
:105FE000FD172316F10097D7FF1F83D787FC91EB8E
:105FF00097D7FF1F938707319C439C43DC4783D788
:10600000070017D7FF1F1307A7FA2317F100544FF4
:10601000835747002318F100DC4A95EF975501009C
:10602000938545E41745010013058515EF20D1063A
:1060300017550100130545E5EF2011062945EF200E
:10604000F109134544008320C110032481108324E7
:1060500041105161828097D7FF1F83C7D7F525551F
:10606000ADCBFD1717D6FF1FA307F6F403D6060125
:1060700083470701CC460A85230BF100EF20A07C63
:1060800097D7FF1F938707289C4317D7FF1F130736
:1060900027F2976601009386A6BA88430A866C00A9
:1060A000EF10C006AA8451DD97550100938585DB6A
:1060B000174501001305C50CEF20017EA685175575
:1060C0000100130525DDEF20217D2945EF20110179
:1060D0002685EFF0DFC1B5B793F725009DC3B7E77D
:1060E0000400BC4741468145280882972555EFF0BA
:1060F0001FC028089305F00FEFF09FD81345240028
:1061000099B793F7150001459DDFEFF07FA3134585
:10611000140015BF5C4D411106C688C317D7FF1F79
:106120002322F71EB7E7040083A70708170500001E
:106130001305E5E68297B24097D7FF1F2386A71C79
:1061400001454101828001119307700F2316F10070
:1061500006CE97D7FF1F83C7F71B8DE7B7E704006D
:1061600083A7870D17D6FF1F0346C6116C0017D5EE
:10617000FF1F0355651A82973335A00097D7FF1F7D
:10618000A38AA718F2400561828041119397050107
:1061900022C406C626C2C1872E8463D40702B7E490
:1061A0000400FC5417D5FF1F0345C50D829719C184
:1061B000BC5482972165218DB24022449244410112
:1061C000828093F715008DC7B7E7040083A7471AAD
:1061D00017D6FF1F1306C6E1970500209385858318
:1061E00017D5FF1F0345050A829713451400E9B729
:1061F00093F7250099CFB7E70400BC4F130600645E
:10620000894517D5FF1F0345E507829713452400ED
:1062100065B793F785009DC7B7E7040003A8871A01
:106220001307401F97D7FF1F83C7C7058146130673
:106230004006994517D5FF1F0355050E02981345D3
:1062400084009DBF93F745000145BDD7B7E4040026
:1062500083A7041817D5FF1F0355050C8297BC4C64
:1062600013060064914517D5FF1F0345A5018297CA
:106270001345440091B797D7FF1F83D7E70963966B
:10628000A70217D7FF1F231AB70817D7FF1F231717
:10629000C70817D7FF1F2314D7082E8617550100EC
:1062A000130585DFBE856F20215F1755010013059B
:1062B00025E06F20217303574500011106CE22CC43
:1062C00097D7FF1F83D7470517550100130545DEF4
:1062D0006310F706C167F91717D7FF1F232EF702C0
:1062E00037E4040097D7FF1F23AA07027C4C894597
:1062F00017D5FF1F034505F982977C4C914517D5AB
:10630000FF1F034525F8829797D7FF1F83C7F7FD27
:1063100095C78547A307F100832744171306F100AB
:106320008545130550308297175501001305C5CDDB
:10633000EF20416BF24062440561828097D7FF1FD6
:1063400083C7C7FA175501001305C5D0F5F3854774
:10635000A307F100832744171306F10085451305B1
:106360005030829717550100130545CCD1B77D15E4
:10637000954763EFA718175701001307A7C50A052C
:106380003A951C41011122CC06CE26CABA972E841A
:10639000828717550100130525D2EF20A16405A2BD
:1063A00003C725009947631CF7002E8529378345CD
:1063B000640017550100130525D1EF20E14D97D753
:1063C000FF1F238407F2175501001305A5D1F1B76C
:1063D00003C7250095476317F702C16717D7FF1F4B
:1063E000035787F3F91703D5A5006307F702B7E74B
:1063F000040083A7C717829717550100130585CF9F
:10640000EF20415E854717D7FF1F2300F7EE175592
:1064100001001305A5D051B797D7FF1F239EA7EE04
:1064200083D7E500B7E40400096617D7FF1F2316DA
:10643000F7EE83D705011306069017D5FF1F034516
:1064400065E417D7FF1F231BF7EC83D72501A14570
:1064500017D7FF1F2315F7ECBC4C8297BC4C1306D3
:106460000064914517D5FF1F0345C5E18297035688
:10647000E4008355A400175501001305E5C8EF207B
:10648000A14149B717550100130505CA39B783C59E
:1064900025009147639AF5028547175501001305BA
:1064A00025CAA307F100EF20E153B7E7040083A753
:1064B00047171306F1008545130550308297F240C7
:1064C0006244D244056182809947639EF50022852B
:1064D000EFF07FDE83456400175501001305C5BE4C
:1064E000EF20813BE9BF9547639FF5008347140088
:1064F000175501001305C5C4E39107EA17550100BC
:106500001305C5C559BD175501001305A5C5C9BF5C
:106510008280411122C417D4FF1F130424AFAA861E
:1065200017560100130686AC2285C14506C6EF202A
:10653000614C0357440097D7FF1F938727AE2393DF
:10654000E700035764002394E700B240224441016E
:106550008280130101DC232C812237E4040083278D
:106560000408232E1122232A9122232821232326C3
:10657000312317050000130585C1829717D9FF1F26
:10658000130949D0994785442300A9002318F10233
:1065900097550100938585AE930740061745010086
:1065A000130505BE2314F112230C910097D9FF1F88
:1065B000938909D4EF20412E83D509001755010096
:1065C000130585A3EF20412D2945EF20213103D567
:1065D000090081378327441730088545130550305B
:1065E00082978327441717D6FF1F130626A3CD458E
:1065F0001305703082978327441717D6FF1F1306A1
:10660000E69FB5451305603082978327441710181D
:106610008945130510318297832744173012894525
:1066200013052031829783274415930500050D45F6
:106630008297832744159305000511458297230609
:10664000910023089100230C9100232401122308B8
:1066500001028327841630129145130570408297FA
:106660008327841670008545130500408297832791
:1066700084161008854513051040829783278416D9
:10668000101885451305204082978327841630080B
:106690008545130550408297832704157D558297C1
:1066A000832744137D5582977D55EFC03FA08327F4
:1066B000440C8297EFC0AFFD8327841417D6FF1FC9
:1066C0001306C694D545014582971306700F814580
:1066D0000818EFB0CFE389475546814528082308BD
:1066E00091022306F100EFB08FE28D471306700F81
:1066F00081452812230CF100EFB06FE1914723048C
:10670000F11297D7FF1F938767B8984383C7470055
:1067100010189305700F01453AC8230AF100EFC025
:106720001FA0700085450545EFC07F9F3008D54507
:106730000945EFC0DF9E30129305700F0D45EFC085
:106740001F9E100895451145EFC07F9DC16717D763
:10675000FF1F130767BCF9171CC32322070017D5B7
:10676000FF1F1305E5B1EFC07F9A8327C41D17D51E
:10677000FF1F1305A5B982973C48034509008545CD
:1067800082978320C1230324812383244123032967
:1067900001238329C1221301012482800111C167D1
:1067A00026CA06CEAA8422CC17D5FF1F0355C5B62C
:1067B000F9176306F50437E40400832784122E8654
:1067C0002315B10001478146ED4582977C4403566D
:1067D000A1002AC6A68582972C0017D5FF1F035556
:1067E000A5B3EFC03F9F01CD175501001305058AE2
:1067F000EF20411F8327C412ED4528008297F24005
:106800006244D24405618280397126DA06DE22DCD8
:10681000B28409C989476303F502F2506254D25425
:1068200021618280175501001305C5952E84EF2044
:10683000611BA6852285EFE08FA8C5B7B7E70400E6
:10684000FC4728088297034481018347910117552B
:1068500001001305E59322045D8CEF20A118B167B8
:106860009387C7556319F40297D7FF1F83C707A8FB
:1068700081CF8347C1010345B1012686A2072C08B9
:106880005D8DEFE09F8D51BF174501001305454811
:10689000EF20411559B7AD679387B755631FF400D3
:1068A0008347D1018345C101174501001305054701
:1068B000A207DD8DEF10517E8DB7B5679387D75551
:1068C000E30DF4F4A9679387A7556317F400174500
:1068D00001001305E5456DBFB9679387E755631E52
:1068E000F4088D47E3FB97F20344B10197D4FF1FEF
:1068F00083C4B49F9755010093858587B337800083
:1069000017D7FF1FA303F79E09C49755010093856E
:10691000E5861755010013056588EF10F17797D7C5
:10692000FF1F83C7979C63849700EFE0FFC497D74E
:10693000FF1F83C7979B9DC385472302F100B7E7DD
:10694000040083A7471750008545130550308297F0
:106950001755010013058585EF20C10899679387B6
:1069600057EE2312F1009145854748002303F100BB
:10697000A3038100EFF09FE24DB5BD671387F75584
:10698000631AE4049967D5172312F10097D7FF1F04
:106990009387C79583C70700480095452303F100F7
:1069A00097D7FF1F83D7C794A303F100A1832304C4
:1069B000F100EFF0BFDE17D6FF1F0356669397D5A1
:1069C000FF1F83C5A592174501001305A57FEF1092
:1069D000B16CA1B59387F766631CF4049D67D91762
:1069E0002312F10097D7FF1F83C747902303F100BD
:1069F0009DC7B7E70400FC4741469385412A13052C
:106A000071008297CD454800EFF05FD997D5FF1F01
:106A100083C5C58D174501001305C57D61BDB7E769
:106A20000400BC4741468145130571008297D9BFD8
:106A3000A685280809B5011106CE22CC2DC98547A7
:106A400017C7FF1FA301F75C97C7FF1F238E075AC5
:106A500037E40400832784179305F10013055030B1
:106A600082978347F100A9CBA3070100832744172E
:106A70001306F1008545130550308297832744178C
:106A800017C6FF1F13068657B5451305603082975A
:106A90008547A307F100832744171306F1008545B6
:106AA000130550308297F24062440561828097C797
:106AB000FF1FA38A075449BF8327441717C6FF1F28
:106AC0001306C653B54513056030E9BFC16717D536
:106AD000FF1F03556584F9176307F500B7E7040046
:106AE00003A3C7170283828001118547A307010012
:106AF00017D7FF1F2300F782B7E7040083A74717C4
:106B000006CE1306F1008545130550308297F240FA
:106B100005618280EFB20F9B2A8408452E89B289D5
:106B200009C900C1970500009385C5746105EF0090
:106B3000810181447D5AEF10C00963C3A4048144DC
:106B4000EF10200A63C6A40497F7FF1F938747ED51
:106B50009C43DC47B307F94091872302F40063812B
:106B600009048327C900B307F4409587A302F40002
:106B70001C4C89C79C4799C3228582976FB0CF97D9
:106B80005C44139714008504BA972390470165B7B6
:106B90001C48139714008504BA97239007004DB73B
:106BA000832789000547B307F4409587A302F400C3
:106BB00083570400638EE7028DC309476384E704AB
:106BC0000D47E397E7FA975701009387E7B61CCC88
:106BD00097570100938747B711A8974701009387FC
:106BE000277D1CCC974701009387877D5CC849B7F8
:106BF000974701009387C7681CCC9747010093878C
:106C00002769EDB7975701009387C7B71CCC9757F3
:106C10000100938727B8D9BF85E1EFB24F8C0046BA
:106C200018448347940075839D8B6315F700EF002C
:106C3000501C48C46FB0EF8C8280EFB2AF881389CC
:106C40003500C16442094111AA890144F114135964
:106C50000901054A2EC6EF00D077B2456346A4006D
:106C6000014541016FB04F8983A709001317140034
:106C7000BA9783D707006388B7006394970063745B
:106C80002A010504C1BF0545E9BFEFB2CF82AA8939
:106C90002E89328BB6843A8ABE8AEF80204C55C149
:106CA0002685EF1030368D4763E5A7007D556FB020
:106CB0000F8483DB4400EF00D0772A84EF00B078A4
:106CC0009307740031443305850263C5A702EF00C2
:106CD0005076EF0010762A84EF00F0769307740068
:106CE00031443305850263CDA702EF00907493070A
:106CF000450019A8EF003075330585021307F0171A
:106D00009307C017E357A7FC2D55E3C277FB630039
:106D10000B02D6865286A6854A85EFE0106341BFF6
:106D2000EF007072330585029307C5FFF1BF83271B
:106D300049001385C90083D52700EFF01FF071F9D2
:106D4000B5B76955ADB797F7FF1F239DA7CC97F748
:106D5000FF1F9387E7CC904381470C463307F5002C
:106D6000420741836393B7008280544613984700DB
:106D70008507C2962390E600D5B797F7FF1F938744
:106D800027CA9C4303C58700828017F5FF1F035560
:106D900065C98280EFA2BFF4C1671387D7FF63077D
:106DA000E5026368A700F117630EF50001456FA0C7
:106DB0005FF51387E7FF630EE500FD171D8D1335A3
:106DC0001500F5B7EF40003D7D15D5BFEF40801AA7
:106DD000E5BFEF40E018CDBFEFA27FF04111AA84DC
:106DE00001442EC6EF00F05FB2456346A4000145A2
:106DF00041016FA01FF19C48131514003E95835765
:106E00000500E387B7FE0504E9BF03485500814646
:106E100093F7F60F63E5070181473E858280584569
:106E200093975600BA9703D727006316B70003D786
:106E30000700E304C7FE8506E1BF8346450001471E
:106E40009377F70F63E4D700814711A81C45131609
:106E500057000507B29703D60700E313B6FE3E8539
:106E60008280EFA23FE693170501C18797FAFF1FC3
:106E7000938A0ABB6355F00883A70A00C0479C4762
:106E800003570400198D420541816366F5000144F2
:106E900022856FA07FE612052A94DDBFDC4713949C
:106EA0004900014A3E94834744006341FA02014A83
:106EB000834754006347FA028509C20993D909013F
:106EC00083A70A009847E3EBE9FCD1B71C441319E8
:106ED0005A00A6853E994A85EFF01FF011ED050A8C
:106EE000D9B75C4413195A00A6853E994A85EFF03C
:106EF000BFEE19E1050A6DBFE30009FC51BFAA848A
:106F000081497DBFEFA2BFDD1C452A8481E793073D
:106F1000C5001CC51C44231204001CC09307F00FBD
:106F200063E9B70093F5F50F2285EF10B0136FA05A
:106F30005FDD93940501C167C18063F7F500A68505
:106F40002285EF10D015E5B7C18193F5F50F2285A5
:106F5000EF105011A6852285EF101012C9BF97F7C8
:106F6000FF1F9387E7AB884382801C4599C797F73B
:106F7000FF1F23A7A7AA014582807D55828097F72E
:106F8000FF1F9387E7A99843834745004847920727
:106F90003E958280EFA2BFD4617100451C183EC6A9
:106FA000B70780013EC81C183ECA8357440002CE72
:106FB00002D002CC231EF100834784002A8902D22A
:106FC0002301F1023C083ED402D6EFF05FFB835769
:106FD00005002316F102EF30706B2307A1025C401D
:106FE00003556400F18313F717008347F10252053C
:106FF0005181F99BD98FA307F102EFE0702639C5C3
:10700000AA8403550500EF80401683D704002AD2D6
:107010006800231CF10083D72400231DF1001C48C5
:1070200003D647008C43EF1010028347B400CA8692
:10703000174601001306461E8117A305F4006C00D5
:107040004810EFE090305D616FA0BFCB2155E5BFE8
:107050001C45B1CF03C5A700894613576500630BD4
:10706000D7028D46630ED70285466300D702130709
:1070700040063305E50203C7B700418B15CB83C734
:10708000B700BD8B3355F54082801375F5031307A8
:10709000803EC5B709671375F50313070771D1BFA4
:1070A000372709001375F5031307077CD9B7014586
:1070B0008280EFA2DFC203A985006305090483472C
:1070C000B900AE8493F7070E91CF0345990093055D
:1070D00020030D810505B305B50288446105EFF075
:1070E000B0320DA02E85EFF0BFF62A8401CD11231A
:1070F0008325C900B307B54063F887002E94B30514
:10710000A440E1FD6FA0FFBF8545C1BFEFA23FBD19
:107110002A8403D50500011132C636C43AC22EC0F6
:1071200002CA02CC02CEEF80400482452ACA2285E0
:107130002ECCEFF0DFE403570500231EE100EF3013
:10714000F054A24632469247230FA10036874C08DE
:10715000B28622850146EFF05FB305616FA07FBA6A
:10716000EFA2FFB761711C183EC6B70780013EC889
:107170001C183ECA3C0800453ED4AA8402CC02CE6C
:1071800002D002D202D6EFF09FDF835705003559B7
:107190002316F102EF30904F2307A10209C4835751
:1071A000440091E721594A855D616FA09FB5035561
:1071B000640052055181EFE0B00A2A8965D5834702
:1071C000B40093F7070E89C713058401EFF050252B
:1071D00083574400231EF100834784002301F102FA
:1071E0005C4003550900D98313F707088347110250
:1071F000231CA10093F7F707D98FA300F10283574F
:107200002900231DF1005C40F18313F71700834729
:10721000F102F99BD98FA307F102EF7010752AD202
:1072200051D1834794006800139757008347B400F7
:10723000FD8BD98FA305F4001C4803D647008C436F
:10724000EF106060A687174701001307E7FC740082
:1072500005464C102685EFF05FA32A8929D5834780
:10726000B400A685FD8BA305F400EFF09FE425BFD5
:10727000EFA2FFA6832485FE2A8441112685EFF024
:107280003FDD834734FF93F7070E9DC32AC626854B
:10729000EFF05FD019C9834734FFB245FD8BA309D6
:1072A000F4FE81C52285EFF0301641016FA07FA565
:1072B0006DDD8327C4FF2685829765F9834734FFF8
:1072C00093F7070E81C72285EFF09015032584FE02
:1072D000EFF01FE9D9BFEFA29F9D9C4141112A8980
:1072E00003C7070089472E8493566700638CF60214
:1072F0000D466382C6049307F0076302F7022E85EA
:10730000EF10A060AA848149C16B130C490097E774
:10731000FF1F9387E7709C43984763ECE9024101A4
:107320006FA0BF9C03D745008547E3FAE7FE2E8593
:10733000EF108061C1BF03D74500E3F2E7FE2E8561
:10734000EF10A05CAA842285EF10805DC204C98C76
:107350005DBFDC470355A900139A49003E9A931775
:107360000501C187635DF00083570A006395A7029A
:1073700063E574038327CA00034D5A001DA0A1676B
:107380002167A98F1307F7EFE374F7FE63950900F0
:10739000EFF05FA071FD85099DBF83278A00034D33
:1073A0004A00835DA90003576900216A138BC70057
:1073B0003AC6814A33CA4D01631E5D0197E7FF1F3C
:1073C000938787669C43E1DBA2866286814526859A
:1073D0008297D1B7A1679387F7EF930C4BFF63F0C8
:1073E0004703B2455A85EFF05F8519CD03278B001F
:1073F000104719CA10436380C4023107D5BFEE8518
:107400006685EFF07F9D71FD93861A0093FAF60F63
:10741000130B0B0255B7835644005C43E3EDF6F6BD
:1074200022853AC6EF10603DA1679387D7042A8A68
:10743000035D4400324763E897008347D90093E730
:1074400007F8A306F9001C4766852286E285829725
:10745000C1670844FD17337AFA00529508C0231219
:10746000A40115BF97E7FF1F9387875B9843814768
:1074700015C31447814763FFD500939745004C47D8
:10748000BE9519C903C7550081476375E600DC4501
:107490001606B2973E85828003C745008147E37B8D
:1074A000E6FE16069C45F5B7EFA2DF81AA892E8A73
:1074B000814497EAFF1F938AAA5683A70A00984738
:1074C00063E4E4006FA05F83DC4713944400014948
:1074D0003E9413BB140083474400634BF9000149F9
:1074E00013BB140083475400634FF9008504F1B7C0
:1074F0000844931759005287DA860146A2853E95C3
:1075000082990509C9BF4844931759005287DA8602
:107510000546A2853E9582990509E9B7EFA22FFCA1
:10752000814517F5FFFF1305255F97E7FF1F239B95
:10753000074EEFF07FF76FA0CFFC97E7FF1F938711
:10754000274E9C4381CFEFA28FF9814517F5FFFFAE
:107550001305855CEFF05FF56FA0AFFA8280EFA2B4
:107560006FF637E404008327841241112315E100EC
:10757000AE893289368A3A8681460147ED45AA842A
:1075800082972AC621C50356A100D285EF10612536
:107590008327C413CE8526858297058915C5832741
:1075A000440D2314210101462C00268582972A844C
:1075B00001C9B7E7040083A7C712ED4528008297E9
:1075C000228541016FA04FF34944E5B76554CDBF13
:1075D0005C41FD175CC18280EFA26FF0B7E7040049
:1075E000FC5F829795473305F50281450D816FA0B9
:1075F0004FF1EFA2CFEEB7E70400FC5F829795470B
:107600003305F5020D816FA0CFEFEFA24FEDB7E785
:10761000040083A7870B0355050082976FA06FEEC8
:10762000EFA2EFEB035505003287AE8617C6FF1FAA
:107630000356E6A497E5FF1F9385453FEFF03FF221
:107640006FA02FECEFA2AFE9B7E7040083A7C7173D
:1076500082976FA00FEBEFA28FE8B7E7040083A734
:10766000871397E5FF1F9385653C829701456FA0BF
:107670004FE9EFA2CFE6B7E7040083A7C71F814514
:1076800017C5FF1F0355A59B82976FA08FE7EFA239
:107690000FE5B7E7040083A7871397E5FF1F9385DE
:1076A000E539829701456FA0CFE5EFA24FE3B7E739
:1076B000040083A7C71F814517C5FF1F0355259EDB
:1076C00082976FA00FE4EFA28FE12E85EF60005547
:1076D000EF60900D6FA0EFE2EFA26FE0EF60D017C8
:1076E0006FA02FE25C49E1175CC95CC58357250197
:1076F000A1072319F50083570501A1072318F500F9
:107700008280F1473305F50297E7FF1F938707351E
:107710009C433E9582808D476317F60603D746004B
:10772000854763F2E706EFA28FDB368536842E8924
:10773000EF10A01D39C18357440093140501C18087
:1077400063ED97022285EF10401CFD142312940074
:107750009307A002630EF5009307B0026301F502E0
:1077600093079002631BF5002285EFC0B07E31A025
:107770000146CA852285EF80000F6FA08FD8228531
:10778000EF001059DDBF828097E6FF1F9386462DDC
:107790009C42014599CF9843D44217E6FF1F23210D
:1077A000E62C6396D70097E6FF1F23ADE62A1385E4
:1077B000C7FE8280EFA2AFD2E9267144330585026D
:1077C0009145EF70606201E565556FA08FD397E733
:1077D000FF1F23A3A7287526330585029145EF7067
:1077E000A0607DD197E7FF1F23AAA726592E97E710
:1077F000FF1F239DA724712697E7FF1F2399A72426
:1078000097470100938787A617E7FF1F2324F724D4
:1078100097070000938747ED17E7FF1F232AF722FA
:10782000014565B7EFA2AFCBAA8517E5FF1F13058A
:10783000E521EF1060216FA0CFCCEFA24FCAEFF08F
:107840007FFEEF10E02197E7FF1F938767219C439E
:1078500081CF1387C7FE09CB83D5C7FF17E5FF1F6D
:1078600013058520EFF0403A6FA0AFC9EFA22FC7F4
:10787000EFF09FF119C9834785002A8493F7070425
:1078800099E70355E500EFF05FFB6FA08FC78347D3
:10789000C5009304450117E9FF1F1309691C85E31F
:1078A000832709005CC997E7FF1F23AB971A83273B
:1078B0004900E1FF97E7FF1F23A6971AF9B7FD17C5
:1078C0002306F5006105EF60E07E8307840063CB4B
:1078D00007048347840093E707F82304F400B7E71D
:1078E00004009C5F82974205A94741813375F502E8
:1078F0008347840093F707FCC98F2304F400834770
:10790000D4003E951C402318A40089CF984319CB7E
:107910008347C4005040814585073305F502420581
:1079200041810297832709005CC897E7FF1F23A9BD
:1079300097128327490089E797E7FF1F23A497122F
:107940008347C400B9D38355040117E5FF1F13050E
:10795000A511EFF0602B15BFEFA26FB897E7FF1FDF
:107960009387C7359C4701448583858B81EFAE841F
:10797000B2853A86EF1020142A8409C5EF10200B37
:10798000829408CC22856FA0CFB7EFA2AFB341118C
:107990002E8932C6AA89712C324713060502CA867F
:1079A00097050000938525D617E5FF1F1305050AE7
:1079B000EFF09FFA2A8429CD9304C5006526194665
:1079C000AA852685EF00306885452685EF0010657D
:1079D00017450100130545874E958345050026850B
:1079E000EF0050685C4831468145A1075CC85CC423
:1079F00083572401E1172319F40083570401E11789
:107A00002318F4001C4C3E85EFA06FB0A3042501A1
:107A1000228541016FA04FAEEFA26FAC4111AA8445
:107A20002EC632C4EF100003004DB24522468347F4
:107A300084000CC050C093F7F70393E707042304B6
:107A4000F400231804002685EF00707E834794001D
:107A5000A9462317A40013D7370005073307D70219
:107A60009D8B85072306F400A306E40083C7040169
:107A7000D8488507230FF7FE17E7FF1F130747FEB8
:107A80005843232A0400930744011DEB17E7FF1F07
:107A9000232AF7FC17E7FF1F2324F7FC17E4FF1F37
:107AA000130484FC2285EFF0A00B1C44858B5D8DB4
:107AB00009E581452285EFF0201541016FA06FA4F3
:107AC0001CC317E7FF1F232FF7F8C9BFEFA22FA191
:107AD00097050000938565C40145EFF0DFBE0145C1
:107AE0006FA02FA2EFA2AF9FEFF01FBF6FA06FA1FB
:107AF0008347C500A1E7EFA28F9E2A840355E500C6
:107B0000EFF05FD215C98347840093F7F7FB230496
:107B1000F4001C4091C7DC4381C74C40014582976B
:107B2000EFF09FC617E5FF1F130505F4EFF0400FB8
:107B30000355E400EFF07FD06FA0AF9C8280EFA2EE
:107B40000F9A97E7FF1F9387A7F19705000093858A
:107B500025D217E5FF1F130525F123A0070023A257
:107B60000700EFE0507E6FA0CF991C4D91CBDC4316
:107B700081CBEFA2CF968345070082976FA06F98C5
:107B8000828097E7FF1F938767F09C4303C5070038
:107B9000828097E7FF1F938767EF9C4303C5170019
:107BA000828097E7FF1F938767EE9C4303C52700FA
:107BB000828097E7FF1F938767ED9C4303C54700CB
:107BC000828097E7FF1F938767EC9C4303C53700CC
:107BD000828097E7FF1F938767EB9C4303C557009D
:107BE000828097E7FF1F938767EA9C4303C567007E
:107BF000828097E7FF1F938767E99C4303C577005F
:107C0000828097E7FF1F938767E89C4303C587003F
:107C1000828097E7FF1F938767E79C4303C5970020
:107C2000828097E7FF1F938767E69C4303C5A70001
:107C3000828097E7FF1F938767E59C4303C5B700E2
:107C400011E11D45828097E7FF1F938727E49C433E
:107C500003C5C700828097E7FF1F938727E39C43F4
:107C600003C5D700828097E7FF1F938727E29C43D5
:107C700003C5E700828097E7FF1F938727E19C43B6
:107C800003D50701828097E7FF1F938727E09C4376
:107C900003C52701828097E7FF1F938727DF9C4357
:107CA00003D54701828097E7FF1F938727DE9C4318
:107CB00003D56701828097E7FF1F938727DD9C43E9
:107CC00003D58701828097E7FF1F938727DC9C43BA
:107CD00003C5A701828097E7FF1F938727DB9C439B
:107CE00003C5B701828097E7FF1F938727DA9C437C
:107CF00003C5C701828097E7FF1F938727D99C435D
:107D000003C5D701828097E7FF1F938727D89C433D
:107D10008857828097E7FF1F938747D79C4303D5F7
:107D2000C702828097E7FF1F938747D69C4303D5FE
:107D3000E70219E11305800C828097E7FF1F938704
:107D4000E7D49C4303C50703828097E7FF1F93870F
:107D5000E7D39C43C85B828097E7FF1F938787D256
:107D60008843828097E7FF1F938707D288438280EA
:107D700019E17D558280F5DE984265DFFDD917E770
:107D8000FF1F1307A7F31847AA877155058B6319BF
:107D9000072203C507001547E37DA7FC03C737008B
:107DA0001305F0057D171377F70FE364E5FC03C3B4
:107DB0005700E30003FC83C86700E38C08FA03C79D
:107DC0007700494579171377F70FE364E5FA03C79E
:107DD000A70011481305F7FF1375F50FE36BA8F81B
:107DE00003CE97000D481305FEFF1375F50FE362F0
:107DF000A8F803C8B7006309080065181378F80FDE
:107E00001305600DE36705F703C5C70079487915C9
:107E10001375F50FE36FA8F403C8D7000D457D185F
:107E20001378F80FE36705F503D80701930E4017A1
:107E30005118420813580801E3ED0EF303C8E70098
:107E40007D181378F80FE36605F303C827017D1842
:107E50001378F80FE36F05F103C88700C54E751856
:107E60001378F80FE3E70EF103D86701856E938E60
:107E7000BEE06D18420813580801E3EC0EEF03D87A
:107E800047016D18420813580801E3E40EEF03D8C8
:107E900087017918420813580801E36C05ED03C8FF
:107EA000A7017D181378F80FE36505ED03C5B70149
:107EB0001D487D151375F50FE36DA8EA03C5D701BD
:107EC000714879151375F50FE365A8EA03D5E70145
:107ED0001308E00F7D1542054181E36CA8E803C556
:107EE0000702494879151375F50FE364A8E8C853EC
:107EF00001C937C834005915130858BFE36BA8E609
:107F000003A8870237C53400130555BF5918E3622B
:107F100005E717E5FF1F2329C5B603C6050117E5C9
:107F2000FF1F2325F5B60545E375C5E403D82501F4
:107F3000D04933760603E31E06E203C61501E30AC1
:107F400006E217E6FF1F232FB6B283C527000146BE
:107F50006387A50003C61700F1453306B60283C741
:107F600007039305C00272971A071307C705160384
:107F70001A9796084697B387B70241553E973297AE
:107F800042074183636EE802EF927FD53685EF604A
:107F9000D06FEFD0B0212A84EF80B01D2A94EFC0BB
:107FA00090252A94EF7040072A94EFF0BF802A941E
:107FB000EF2050632A94EF50406622956F907FD453
:107FC0008280EF92DFD14111A307A100EF80801ED4
:107FD0009305F10017050000130565B9EFF0CFCC4C
:107FE000014541016F90FFD1EF92FFCC17E4FF1FD5
:107FF0001304C4CC0328840079599368180097E4CB
:10800000FF1F23A114CD13781800631E0800BA8443
:10801000BE89368B328A2E89AA8AEFE01FD67D155B
:10802000269509E531594A856F907FCCEFE0FFD462
:108030007D152695A167E357F5FE97E7FF1F938708
:10804000E7FE98433E8C814B11C70145EFC0B03E1F
:10805000933B15004A85DA865686D285EF707037D5
:108060002A8911CD1C44F99B17E7FF1F232CF7C465
:1080700083270C00CDDBE3880BFA82976DB726854A
:1080800097E7FF1F23AE07C2EFE0FFCB4146CE8547
:1080900017E5FF1F130505CCEF00A174EFA07008D2
:1080A0000325040BEFA0700A0545EFA070100545ED
:1080B000EFF03FF18DBF97E7FF1F938727C09C47E5
:1080C000858BD5C7EF92BFC117E5FF1F1305C5C646
:1080D00097E7FF1F23A407BE97E7FF1F23A207BE52
:1080E00097E7FF1F23A007BEEFE09033EF40C002E9
:1080F000EFE0F00AEFE0700F97E7FF1F938787BA72
:108100009C4381C70545EF60B03397E7FF1F938716
:1081100027A39C4389C741657D15EF50A06BEFC035
:10812000703AEFA0F00097E7FF1F938727CE9C439C
:108130001397170163540700EFC0A04597E7FF1F8F
:1081400023AA07C097E7FF1F23A807C097E7FF1FD1
:1081500023A607C097E7FF1F23A407C0EFF09F984F
:108160004923EFF0AFBBEFC080676F909FB982806B
:1081700097E7FF1F938787B488438280EF923FB6CB
:10818000EF60B07EEF7080006F90BFB7EF929FB34B
:108190002A849304140201112E85B289A6852146F2
:1081A00036C63A89EF0081611DE1B246380826865D
:1081B000CE8513059404EF40604321462C084A8580
:1081C000EF00C15F1335150005616F90FFB20145E7
:1081D000E5BFEF92DFB09305450617E5FF1F1305D6
:1081E000258BEFE070226F90DFB1EF925FAF41110E
:1081F0002EC6EFF00FC0B24588C141016F907FB02D
:10820000EF925FACAA842E84EF605078AA898545EE
:108210002285892D83C7E4011389940899E3138982
:108220000403CE8522853D2D214693051902228522
:10823000192D97E7FF1F938767A88C432285EF00CE
:10824000E0682146938584022285F52B6F90DFAA92
:10825000EF927FA63971EFC0E04E9305400645EDE1
:10826000EF60D06F630E051097E7FF1F83C7078489
:1082700013B7170097E6FF1F238AE682014489CFD0
:10828000C16417E9FF1F130969A39309400EFD1488
:10829000EFF03F986348A408EFF0AFB54169B72904
:1082A0000900096AFD7A2A8B81447D199389F97B3B
:1082B000130A0A71938A8AC7EFF0BF9563D5A404A5
:1082C0001304400EB387840217E7FF1F1307079FAD
:1082D0000324070B3E948357C40163862709184083
:1082E0003307EB4063EAE900834744008507B3871F
:1082F0004703D6976369F706014681450945EFF0C4
:10830000CFE8AA8B29E1EF20105A8547631FF504B7
:1083100089659385057117D5FF1F13056577EFE014
:10832000B00EA1A8B30734030327090BBA9703D7EC
:10833000C7016308970003C75700A3820700238281
:10834000E7000504B1B79305C5002285EFF05FEBA8
:108350005E85228697350100938545F0EFF0CFEBDF
:108360005E85EF00E06F850481BF97E7FF1F93876D
:10837000E7949C478D83858BC1FF21616F903F9768
:1083800001468545094502D002D202D402D6EFF05B
:10839000CFDFAA847DD1EFC0203A1389C4002A849C
:1083A00081454A85C1210C4041464A856929832976
:1083B0004400638809084E8502D802DA02DC02DE36
:1083C000EF00816A2ACE141005462C0808184ECCFE
:1083D000EF4060191375F50F2DE58355840093E583
:1083E00025004A856D2911460C104A85A9290146A8
:1083F00097350100938505E72685EFF0EFE12685A7
:10840000EF0000665C40B5DB014685450D45EFF0A9
:10841000CFD7AA843DD148401389C400EF00C1647E
:108420002AC64A85C5263246636AC5004C404A853D
:108430001929014681452685EFF00FDE26850D2599
:108440002DBF8355840071BFEF927F8997E7FF1F8F
:108450009387C7869C4719CD93E7870017D5FF1FE1
:108460001305056317E7FF1F232EF784EFE06078FD
:108470006F903F89DD9B17E7FF1F2325F784EF20CF
:1084800090427DF517D5FF1F13058560EFE0407919
:10849000C5B7EF925F824169AA892E8AB28A368B6C
:1084A000BA8B814417ECFF1F130C4C81930C400EC8
:1084B0007D19EFF00FF663C4A40001442DA03384AE
:1084C000940383270C0B3E948357C40163802705D4
:1084D0005A87D6865286CE8513050403EFF01FCB4C
:1084E00011C523800B0022856F907F808347F401A4
:1084F00091CF5A87D6865286CE8513059408EFF021
:10850000FFC809C585472380FB00F1BF850455B727
:1085100083574500638D0716EF92CFFA01112A8425
:10852000ED2619C58547630AF50405616F90CFFCF8
:10853000EFC040217DF9835744004947ED9BE39606
:10854000E7FEC14522854524AA842285F52E0357DE
:10855000440002CE91472A896317F7002285392902
:108560003C082ACC3ECEEFC0201D5C55DDDF7408F0
:108570004A86A685054582974DBF03574400D147DB
:10858000E3F5E7FA032A0400C169014997DAFF1FFE
:10859000938ACA72130B400EFD19EFF08FE7634404
:1085A000A90C2285032A04008D26A1452A8922854B
:1085B0001D2CAA842285D92614402A86AA897808E7
:1085C0002685CA85EFF0FFECAA8425D103C7F40104
:1085D00089476315F7008347C101A1DB5546D28562
:1085E00013856400EF00E11F0145EF60103801C5FD
:1085F00083D7C401B1EB97D7FF1F9387276C9C47A4
:1086000093551900858913D73700058B11CB8983C2
:10861000858B6397B70001452EC6EFF0FFE2B245A8
:108620004E85EF60703C0346C1012A8493751900A2
:108630002685EF70703131C92685EF607037268549
:1086400011C00145EF60D061EF20F0258547E31EA2
:10865000F5EC83C754001307F00FE388E7EC8507B8
:10866000A382F400D9B5B304690383A70A0BBE94AF
:1086700083D7C401638937015546D28513856400C9
:10868000EF00C11371D1050909BF5DDC5DBF8280B8
:10869000EF924FE3EF60902C11CDC164014417D9E4
:1086A000FF1F1309A9619309400EFD14EFF06FD667
:1086B000634AA40017D5FF1F1305853DEFE0605303
:1086C0006F908FE3330534038327090B3E9583575F
:1086D000C5016386970023120500EF60702D050425
:1086E000F1B797D7FF1F9387675D9C478D83858B75
:1086F00099EBEF92CFDE17D5FF1F13056539EFE039
:1087000020526F900FE08280EF926FDD970500009E
:10871000938545B417D5FF1F13058537EFE0A042B9
:108720006F902FDEEF92AFDB8841B7E70400BC5BB0
:10873000050542054181829709C585472300F5005B
:1087400005056F900FDC83C7F5FF2E858507A38F86
:10875000F5FE828083C7F5FFFD1793F7F70FA38F10
:10876000F5FE99EBEF92AFD7B7E70400BC5713853E
:10877000F5FF82976F90EFD882801C410357450028
:108780008D8FBA951CC12312B5003E85828093D788
:108790008500A2051441DD8D835745001387E6FF50
:1087A00018C189072312F50013D685004111238FC4
:1087B000B6FEA38FC6FE4101828018419307F7FFE2
:1087C0001CC18357450085072312F500A30FB7FE90
:1087D0008280835745008D8F2312F5001C41BE9582
:1087E0000CC12E858280AA8703D7470008410D8FD0
:1087F000AA952392E7008CC382801841084533056F
:10880000A740828083574500035765001D8F1C4198
:1088100008453385A7403305A7408280EF922FCCCF
:1088200041112EC62A84EFF0FFFDB2456373B500F7
:1088300001A0835744000840BE952312B4003E9522
:1088400041016F900FCCEF928FC941112E84B285F8
:1088500032C6EFF0BFFC3246A285EFF090784101BE
:108860006F902FCAEF92AFC72E848545EFF01FFBA4
:10887000230085006F90EFC8EF926FC64111231758
:10888000B1008945EFF09FF98347E1002300F5002F
:108890008347F100A300F50041016F908FC6EF926E
:1088A0000FC493D78500A2054111DD8D2317B100B8
:1088B0008945EFF0BFF68347E1002300F5008347C9
:1088C000F100A300F50041016F90AFC3EF922FC1FB
:1088D0001397850193D78501C166938606F0D98FDA
:1088E00013D78500758FD98FA2053707FF00F98D43
:1088F0004111DD8D2EC69145EFF05FF26C001146FF
:10890000EFF0306E41016F90CFBFEF924FBD1C4131
:10891000854503C40700EFF0DFEB22856F906FBE43
:10892000EF92EFBB1C414111894503C7070083C784
:1089300017002307E100A307F100EFF09FE90355BB
:10894000E10041016F90EFBBEF926FB91C41411103
:10895000894503C7070083C717002307E100A30762
:10896000F100EFF01FE78357E100410113D58700C5
:10897000A2075D8D420541816F90AFB8EF922FB68F
:108980000C4141112A8411466800EFF09065914531
:108990002285EFF01FE4B247C166938606F0139775
:1089A000870113D58701598D13D78700758F598D8E
:1089B000A2073707FF00F98F5D8D41016F906FB4FB
:1089C0001C45BE950CC18280AE87944391E6584108
:1089D00001EF0CC15CC1828003C757001367170009
:1089E000A382E700B687D5B70CC3EDB7AA870841C5
:1089F00019CD1841D44398C36313D500D8C32A872F
:108A0000034657009376160081E6232007008280F4
:108A1000944381CA8C4203A847008CC36393060128
:108A2000CCC3799A14C3A302C7003687D1BF1C45B3
:108A3000DC471D8DB777DBB6938777DB0985330578
:108A4000F502420541818280F147B385F502484530
:108A50002E9582808347450085072302F50082809A
:108A6000EF92EFA72A8419E06F90AFA983474400E3
:108A7000E5DFFD1793F7F70F2302F400F5F71C4429
:108A800003D7270005072391E700DC4399C322851C
:108A900082974C4889CD83475400898B99E71C44C1
:108AA00022859C479C439C478297232A04000040D0
:108AB000232004004DBFEF928FA283572500411160
:108AC0002EC691E70144228541016F908FA3035781
:108AD00005008147F146E307F7FEB385D70240451D
:108AE00085072E948345440008C4F5F5B247AA844F
:108AF00081E7232A040009A81C456C0022859C43B9
:108B00009C43829748C85DDD85472312F400B24735
:108B100023200400231804002319F4005C485CC4DB
:108B200083D72400FD172391F40071BFEF922F9B90
:108B300097D7FF1F9387C7F7884323260500232471
:108B400005004105EFE0C00D6F90AF9BEF922F99AC
:108B500017D4FF1F1304C4F51C40411189CF9C4753
:108B60002300B5002AC65CC1EFF05FFC1C40DC436B
:108B700099C33245829741016F90AF9803474500F2
:108B80001DEB584DAA877D550DCBEF924F951CC319
:108B9000DC4797D6FF1F23ADE6F0F156130507011A
:108BA0002390D7009705000093858501EFD0B07919
:108BB00001456F900F957D5582808280EF922F92B4
:108BC0000111614681452800EF906F9497D7FF1FF0
:108BD000938707EE9C4328009305F00FDC473EC6C1
:108BE000EFF0DFF605616F90CF9197D7FF1F938766
:108BF00027EC9C43D847A1679387C7026312F70A03
:108C0000397106DE22DC26DA80004AD84ED652D4EC
:108C100056D23285B284EFF05FCFAA892685EFF075
:108C20003FD02318A4FC2685EFF09FCF2319A4FC86
:108C30002685EFF0FFCE83D744000A8A231AA4FCCE
:108C4000858393F7F70F230EF4FC8607BD0793F790
:108C5000073F3301F1408A8A01498347C4FD6365B8
:108C6000F902CE85130584FC232C54FDEFF01FEE92
:108C70005281130104FCF2506254D2544259B25949
:108C8000225A925A216182802685EFF07FC993177C
:108C90001900D69705092390A7001379F90F75BF1E
:108CA000828097D7FF1F9387A7E09C43D847A1678F
:108CB0009387A7026310F70A397106DE22DC26DAF1
:108CC00080004AD84ED652D456D23285B284EFF0C4
:108CD000DFC3AA892685EFF0BFC4FD572318A4FC83
:108CE00026852319F4FCEFF0BFC383D744000A8A1A
:108CF000231AA4FC858393F7F70F230EF4FC860751
:108D0000BD0793F7073F3301F1408A8A0149834742
:108D1000C4FD6365F902CE85130584FC232C54FD44
:108D2000EFF0DFE25281130104FCF2506254D2549E
:108D30004259B259225A925A216182802685EFF017
:108D40003FBE93171900D69705092390A700137902
:108D5000F90F75BF828097D7FF1F938767D59C4314
:108D6000D847A16789076318F708397106DE22DC46
:108D700026DA80004AD84ED652D456D2328532896D
:108D8000EFF0BFB8AA894A85EFF09FB98357490031
:108D90000A8A2318A4FC858393F7F70F230CF4FCAD
:108DA0008607BD0793F7073F3301F1408A8A814464
:108DB000834784FD63E5F402CE85130584FC232AF2
:108DC00054FDEFF0BFD85281130104FCF2506254FD
:108DD000D2544259B259225A925A216182804A850C
:108DE000EFF01FB493971400D69785042390A70043
:108DF00093F4F40F75BF828097D7FF1F938747CBFB
:108E00009C43D847A1679387E7046312F70A397137
:108E100006DE22DC26DA80004AD84ED652D456D25C
:108E20003285B284EFF07FAEAA892685EFF05FAF7E
:108E30002318A4FC2685EFF0BFAE231AA4FC2685D8
:108E4000EFF01FAE83D744000A8A2319A4FC858360
:108E500093F7F70F230EF4FC8607BD0793F7073F40
:108E60003301F1408A8A01498347C4FD6365F902F1
:108E7000CE85130584FC232C54FDEFF03FCD5281A9
:108E8000130104FCF2506254D2544259B259225A8E
:108E9000925A216182802685EFF09FA893171900CE
:108EA000D69705092390A7001379F90F75BF828023
:108EB00097D7FF1F9387C7BF9C43D847A167938766
:108EC000C7046310F70A397106DE22DC26DA800057
:108ED0004AD84ED652D456D23285B284EFF0FFA291
:108EE000AA892685EFF0DFA3FD572318A4FC268569
:108EF000231AF4FCEFF0DFA283D744000A8A231977
:108F0000A4FC858393F7F70F230EF4FC8607BD07B7
:108F100093F7073F3301F1408A8A01498347C4FD33
:108F20006365F902CE85130584FC232C54FDEFF014
:108F3000FFC15281130104FCF2506254D2544259D1
:108F4000B259225A925A216182802685EFF05F9DA4
:108F500093171900D69705092390A7001379F90FE5
:108F600075BF828097D7FF1F938787B49C43D847EC
:108F7000A167DD07631BF702EF827FD67971328527
:108F80003284EFF09F982AC62285EFF07F99231153
:108F9000A1022285EFF07F97B2452300A1022808A5
:108FA000EFF0DFBA45616F80DFD5828097D7FF1F72
:108FB000938707B09C43D847A16793878704631BB7
:108FC000F702EF82DFD1797132853284EFF0FF93BF
:108FD0002AC62285EFF0DF942311A1022285EFF04B
:108FE000DF92B2452300A1022808EFF03FB64561A9
:108FF0006F803FD1828097D7FF1F938767AB9C43D9
:10900000D847A1679387A704631CF700EF823FCD81
:10901000011128008145EFF07FB305616F807FCE9D
:10902000828097D7FF1F9387A7A89C43D847A16743
:10903000938757026311F702EF827FCA01113285CD
:10904000EFF0BF8C2308A10081452800EFF01FB08E
:1090500005616F801FCB828097D7FF1F938747A53D
:109060009C43D847A1679387E702631FF702EF820B
:109070001FC7011132853284EFF09F8AAA842285AE
:10908000EFF01F8A854719E52285EFF01F8842051A
:10909000B337A00028008145231891003ECAEFF0A5
:1090A000FFAA05616F80FFC5828097D7FF1F938756
:1090B00027A09C43D8479947631FF704EF823FC21C
:1090C000797132853284EFF05F842AC62285EFF011
:1090D0003F852310A1022285EFF03F832301A102E7
:1090E0002285EFF09F82A301A1022285EFF0FF818C
:1090F0002302A1022285EFF05F812313A1022285C2
:10910000EFF0BF80B2452314A1022808EFF01FA49E
:1091100045616F801FBF828097D7FF1F9387479954
:109120009C43D847A1679387C703631FF704EF8267
:109130001FBB797132853284EFF02FFD2AC622855C
:10914000EFF00FFE2310A1022285EFF06FFD231137
:10915000A1022285EFF06FFB2302A1022285EFF02E
:10916000CFFAA302A1022285EFF02FFA2303A10276
:109170002285EFF08FF9B245A303A1022808EFF092
:10918000FF9C45616F80FFB78280EF825FB5011160
:109190002A84EFF08FF7AA842285EFF06FF82285FA
:1091A000EFF00FF8035744008D4763F5E700228581
:1091B000EFF00FF72285EFF0AFF62800A685EFF06D
:1091C000FF9805616F80FFB397D7FF1F9387478E86
:1091D0009C43D847A167FD076319F700EF823FB0B2
:1091E0003285EFF09FFA6F80DFB1828097D7FF1F43
:1091F0009387078C9C43D847A167E5076311F7065F
:10920000EF82FFAD797132853284EFF00FF02AC61C
:109210002285EFF0EFF02285EFF08FF02310A1020E
:109220002285EFF0EFEF520551812311A102228533
:1092300023020102EFF06FEDA302A1022285EFF0FD
:10924000CFEC2303A1022285EFF02FECB245A3035C
:10925000A1022808EFF09F8F45616F809FAA82804E
:1092600097D7FF1F9387C7849C43D847A1679387ED
:10927000E7036319F700EF829FA63285EFF0FFF056
:109280006F803FA8828097D7FF1F938767829C4398
:10929000D847A167938747046314F702EF823FA47E
:1092A000797132853284EFF04FE62AC62285EFF0DD
:1092B0002FE7B2452808EFF07F8945616F807FA4D2
:1092C000828097C7FF1F9387A77E9C43D847A167DB
:1092D000938787026316F702EF827FA07971328548
:1092E0003284EFF08FE22AC62285EFF00FE2B2451A
:1092F0002300A1022808EFF07F8545616F807FA0E1
:109300008280EF82DF9D0111EFF02FE0AA85280017
:10931000EFF0DF8305616F80DF9E97C7FF1F9387A4
:1093200027799C43D847A167D1076319F700EF82DB
:109330001F9B3285EFF0FFFC6F80BF9C828097C738
:10934000FF1F9387E7769C43D847A167C50763193A
:10935000F700EF82DF983285EFF0BFFA6F807F9AD7
:10936000828097C7FF1F9387A7749C43D847A16744
:10937000B9076319F700EF829F963285EFF07FF807
:109380006F803F98828097C7FF1F938767729C43C7
:10939000D847A167AD076319F700EF825F94328564
:1093A000EFF03FF66F80FF95828097C7FF1F93878E
:1093B00027709C43D84789476310F702EF823F929A
:1093C0000111328532C8EFF04FD4AA852800EFF0A2
:1093D000EFF705616F80FF92828097C7FF1F938729
:1093E000276D9C43D847A1678D076317F702EF826B
:1093F0001F8F011132853284EFF02FD113066100E7
:10940000AA844C002285EF20D00C2800A685EFF01E
:10941000EFF305616F80FF8E828097C7FF1F9387F0
:1094200067699C4381CBDC4391C7EF825F8B829756
:109430006F803F8D8280EF829F8A79713C08AE8475
:109440003ED2A165B7070A002A843ED448103C08E2
:10945000DD053ED636C432C63AC2EFD0BFAA1247A7
:109460004810BA85EFF00FC032464810B285EFF0D1
:10947000AFC0A2464810B685EFF0CFBE50100147EE
:109480008146A6852285EFD07FC845616F807F87A2
:10949000EF82FF8401117C000329C501AE843ECA1E
:1094A000A165B70707002A843ECC48087C00C505A3
:1094B0003ECEEFD03FA58345D9004808EFF08FBAE4
:1094C000500801478146A6852285EFD03FC405613B
:1094D0006F803F83EF82BF8083C7950093F7F707C4
:1094E000A384F500EFF0DFFA6F80BF81EF822FFFDA
:1094F00079713C08AE843ED2A165B70709002A8481
:109500003ED448103C08938545043ED632C636C446
:10951000EFD05F9FA2464810B685EFF0AFB4324659
:109520004810B285EFF04FB5501001478146A6852F
:109530002285EFD0BFBD45616F80AFFCEF822FFA6F
:1095400083C7950041112A8493F7F707A384F50098
:1095500032852EC6EFF0CFBC85672AC4637CF50048
:10956000EF50B0402246B24509E9114781462285B5
:10957000EFF07FEC41016F80CFF801478346F501A2
:10958000FDB7EF822FF401113C003ECAB7070A0075
:109590003ECC3C003ECE83C79500AA89328593F726
:1095A000F707A384F5002E84EFF08FB7856763710A
:1095B000F504A165AA84938585044808EFD09F949B
:1095C0002685EF50903A2A891DE591454808EFF02D
:1095D0006FA9A6854808EFF02FAACA854808EFF0C2
:1095E0006FA8014781465008A2854E85EFD01FB273
:1095F00005616F806FF081454808EFF0AFA6034921
:109600000902C1BFEF820FEC79711C103ECAB70787
:109610000F003ECC404D1C10AA84AE8948089945E5
:1096200032C636893ECEEFD0FF8D32464808B2852D
:10963000EFF04FA363040902A5454808EFF00F9E21
:109640002546CA85EFF0E019500801478146CE85CE
:109650002685EFD0BFAB45616F800FEA8355C4020A
:109660004808EFF06FA10355E402814515C1854715
:109670008545630FF500C167FD179305F00F63097A
:10968000F5007D15EF5020749305150093F5F50F47
:109690004808EFF02F9D834504034808EFF08F9CA6
:1096A000834514034808EFF0EF9B835524034808D3
:1096B000EFF08F9C835544034808EFF0EF9B69B7A8
:1096C000EF82EFE183C795008146014693F7F707E4
:1096D000A384F500EFF01FF36F80AFE2EF822FE07D
:1096E00079713E841C103ECA2E89B7070F00A16510
:1096F0003ECCFD051C10AA84480842C03AC23ECEAA
:1097000036C432C6EFD01F8032464808B285EFF02B
:109710006F95A2464808B685EFF00F9612474808A5
:10972000BA85EFF06F950248630408029145480836
:10973000EFF0CF8E1146A285EFF0A00A5008014746
:109740008146CA852685EFD07F9C45616F806FDB9F
:1097500089454808EFF08F8C834704002300F5000B
:1097600083471400A300F500D1BFEF82AFD583C7B4
:10977000950001112A8A93F7F707A384F500328533
:10978000AE8432C6EFF0CF9932462A893285EFF0A7
:10979000CF978567637FF900AA894A85EF50F01C4F
:1097A0002A8419E9114781464A86A6855285EFF039
:1097B0009FC805616F804FD49387E9FF93F7F70F38
:1097C0000547E368F7FE8347F50195E78947E3829C
:1097D000F9FE8346F401528501474A86A685EFF0DB
:1097E0009FC5A167D90748083ECC230A010002CED5
:1097F000EFF0BFC27DBF639CE7008947639CF9001F
:1098000093071020231FF500EF50901AD9B709478E
:10981000E391E7FC8D47E39EF9FA2285EF50D03BB8
:1098200097C7FF1F938707489C4399E797C7FF1F78
:10983000938707319C4389C703D50400EF60300C40
:10984000231F04002285C9B7EF826FC901113C00B4
:109850003ECAB7070B003ECC3C003ECE83C7950006
:109860002A89328593F7F707A384F500AE84EFF0D9
:109870002F8B93170501C187635EF004A1652A84CD
:109880009385E5024808EFD0EFE7A2854808EFE0AE
:10989000BFFE97C7FF1F9387A72A9C439DEF0144F4
:1098A0009375F40F4808EFE0FFFB9355844093F560
:1098B000F50F4808EFE01FFB9355044193F5F50FB2
:1098C0004808EFE03FFA014781465008A6854A85DF
:1098D000EFD0DF8305616F80CFC2416585460546C5
:1098E000A2857D15EF3070675DD95105EFD0402717
:1098F000130440063344850265B7EF824FBE011161
:10990000B70706003EC683C7950021642A8993F7EE
:10991000F707A384F500AE8428009305A4040AC4C5
:109920000AC8EFD02FDE300001478146A6854A8560
:10993000EFD0CFFDEFE02FF813049404480822CCB9
:10994000230A010002CEEFF05FAD05616F806FBBAF
:10995000EF824FB7C1642A89014497C9FF1F9389D9
:10996000E935130A8002FD14EFE0AFAB6345A400B4
:1099700001456F806FB8B307440303A7C90ABA97BC
:1099800003D707006306970083D727006384270166
:109990000504D9BF0545F1BFEF82CFB22A8A2E89CF
:1099A00099C123A005008149814497CAFF1F938A6A
:1099B000AA10614BEFE02FAD63C5A4004E856F8008
:1099C000AFB33384640383A70A003E948357040033
:1099D00099E763040900232089008504E1BF41461B
:1099E000D28513054400EFE0705D65F9A289F5B7F3
:1099F000EF824FAD39717C083ED4B7070A003ED6DE
:109A00007C083ED883C795002A8A328593F7F707EA
:109A1000A384F5002E8932C6EFE09FF0856763735B
:109A2000F5063246AA843285EFE03FEE8547AA89E3
:109A300063EAA704A165938585042810EFD08FCC35
:109A40002685EF5080722A8429E191452810EFE0A5
:109A50007FE1A6852810EFE03FE2CE852810EFE0F9
:109A60007FE0014781463010CA855285EFD00FEA6A
:109A7000A1679387770448183EDC230A010202DEBF
:109A8000EFF0BF9921616F802FA781452810EFE08B
:109A90007FDDA6852810EFE03FDE97C7FF1F938785
:109AA000A7589C4391C7228563870900EFB0600CDB
:109AB0008345040265B7EFB0200BDDBFEF828FA0B6
:109AC00083C795004111AA8993F7F707A384F5008E
:109AD0003285AE84328AEFE0BFE48567637BF502AE
:109AE0002A89EF5080682A84914621C18347F50175
:109AF00005476383E70291C70D47636EF702AD46E2
:109B00002DA09305050303250A004146EFE0104B05
:109B10001DE141016F804F9E9305950803250A00C2
:109B20004146EFE0B049814679F94A86A6854E85DF
:109B3000EFF0DF9BF9BF83250A0013059408EF605F
:109B4000600119C1C146D5B797C7FF1F9387871515
:109B50009C4399E797C7FF1F938787FE9C4389C75C
:109B60002285EF60A05479FD8547A30FF40022857C
:109B7000EF80B05D2285EF50A0634E8581464A8616
:109B8000A685EFF0BF96A1679387570448003EC4AF
:109B90002302010002C6EFF05F88A5BFEF82AF91FC
:109BA00083C795004111AA8993F7F707A384F500AD
:109BB00032852E89B28AEFE0BFD685676370F50CD7
:109BC000AA84EF50805A2A841DE9416B014A97CB41
:109BD000FF1F938BAB0E130C400E7D1B19A8330493
:109BE0008A0383A70B0B3E948357C401638D6703DD
:109BF000050AEFE00F82E344AAFE954639A8835791
:109C0000C501639297029305050303A50A00414627
:109C1000EFE0D03A994611E181462686CA854E8505
:109C2000EFF0DF8CA1A883A50A0013050403EF5011
:109C30007072C1467DF12285231E9400EF80F050A2
:109C40002285EF50E05697C7FF1F9387E73D9C435F
:109C50008DCB230004022285EFA090614E858146C2
:109C60002686CA85EFF09F88A1679387070448007E
:109C70003EC42302010002C6EFF02FFA41016F80BB
:109C80000F8789472300F402D1BF397106DE22DC39
:109C90004AD8800052D456D25AD026DA4ED65ECE5A
:109CA0002E8A32892A8BEFD0DFF3060571054199A0
:109CB0008A8A3301A140232224FC231404FCEFD020
:109CC0005FF283479A000605350593F7F7072315DA
:109CD000A4FCA304FA004A85232624FCEFE05FC419
:109CE00093170501C1876340F0025681130104FCFC
:109CF000F2506254D2544259B259225A925A025BDB
:109D0000F24B21618280AA844A85EFE07FC1AA8953
:109D10004A85EFE0FFC0A1659385C5022A89130536
:109D200044FCEFD02F9E2685EFD0AF93854501C927
:109D30004A86CE85EFD06F8DAA8B15ED8945130528
:109D400044FCEFE03FB2A685130544FCEFE0DFB230
:109D5000CE85130544FCEFE03FB2CA85130544FCF1
:109D6000EFE09FB101478146130644FCD2855A8536
:109D7000EFD0CFB99DBF8145130544FCEFE09FAE06
:109D8000A685130544FCEFE03FAFCE85130544FCE8
:109D9000EFE09FAECA85130544FCEFE0FFAD8144C0
:109DA000EFD03FE4E3D0A4FC83A70B01139714008A
:109DB000BA9783D5070089C5130544FCEFE0DFABF4
:109DC0008504F9BF797106D622D44AD000184ECE48
:109DD00052CC56CA26D25AC8AE893289AA8AEFD046
:109DE0005FE00605690541990A8A3301A140232AEB
:109DF00024FC231C04FCEFD0DFDE83C7990006059A
:109E00002D0593F7F707231DA4FCA384F9004A85C9
:109E1000232E24FCEFE0DFB093170501C187634FC9
:109E2000F0005281130104FDB250225492540259A1
:109E3000F249624AD24A424B45618280AA844A85ED
:109E4000EFE01FAEA1659385A5022A89130544FDA5
:109E5000EFD04F8B2685EFD0CF80854519C5CA85B9
:109E6000EFC0BFFD2A8B0DE98945130544FDEFE0E6
:109E70007F9FA685130544FDEFE01FA0CA8513054B
:109E800044FDEFE07F9F01478146130644FDCE85E8
:109E90005685EFD0AFA771B78145130544FDEFE0BC
:109EA0007F9CA685130544FDEFE01F9DCA85130521
:109EB00044FDEFE07F9C8144EFD0BFD2E3D5A4FC0A
:109EC00083270B0113971400BA9783D5070089C520
:109ED000130544FDEFE05F9A8504F9BFEF723FE0A0
:109EE00083474500404DD5E7FD574DC0834694005C
:109EF0000947636DD7080346B400854663E8C60882
:109F00008306E40063C406085C45F9562390D70035
:109F100097C7FF1F83C787BA99E3A304E40097C7D5
:109F2000FF1F9387E7C19C4381E78947A306F4009D
:109F300097C7FF1F9387470F9C4381E789472306F5
:109F4000F4009705000093854505AA8413050401D4
:109F5000EFC0703FFD57231AF40281471CDC014813
:109F600097C7FF1F23A887B497C7FF1F9387C7B45E
:109F7000232E040304C08043EFD0FFD06146330694
:109F8000C50281452285EF709FD881473E856F705D
:109F90005FD7FD57E5BFEF729FD42A840355450272
:109FA000EF50A01C09E5231E04006F709FD5835756
:109FB000E401E5DF930504FF17150100130545646F
:109FC000EFB01063DDB7EF729FD12E89A16541110B
:109FD0009385E5032A8436C432C6BE843AC2EFC0F4
:109FE0007FF212472285BA85EFE0DF87324622856D
:109FF000B285EFE07F88A2462285B685EFE0DF8755
:10A00000630D090091452285EFE05F811146A68529
:10A01000EFE0207D41016F70DFCE89452285EFE0C2
:10A02000EFFF83C704002300F50083C71400A300DB
:10A03000F500CDB7EF72BFCA83C79500444D054701
:10A0400093F7F707A384F5001C42411183C707006B
:10A05000636DF7042E842A8985CC03C7D400630975
:10A06000F70217C7FF1F1307A7AD184301CFA38639
:10A07000F400EF80902B83C7D40089E741657D15FC
:10A08000EF30407583D72403918B99C3EFB0B06252
:10A090004A85A285EFF0CFBFA167C10748003EC443
:10A0A0002302010002C6EFF04FB741016F707FC578
:10A0B000EF72FFC203D745008D47AA8441112E8459
:10A0C00032892E8563EDE700EFE09F85AA852300A6
:10A0D00009002685EFC07FD641016F709FC2EFE077
:10A0E0003F842AC62285EFE0BF83B24585472A8692
:10A0F0002300F9002685EFC05FD1F9BF397106DE74
:10A1000022DC26DA80004ED652D456D24AD85AD013
:10A110005ECEAE89B284AA8AEFD0BFAB0605130526
:10A12000250241990A8A3301A140232224FC2314E9
:10A1300004FCEFD01FAA83C7990006054D0593F7CD
:10A14000F7072315A4FCA384F9002685232624FC05
:10A15000EFE00FFD93170501C1876340F0025281C4
:10A16000130104FCF2506254D2544259B259225A9B
:10A17000925A025BF24B21618280AA8B03AB0400EE
:10A18000EFC03FCE35E983D7440001498544F1173C
:10A1900093B71700A301F4FC834734FCA165BDC746
:10A1A0009385E504130544FCEFC0DFD5A6851305B0
:10A1B00044FCEFE02FEBDE85130544FCEFE0CFEB32
:10A1C000834734FC114691E30946DA85130544FCC4
:10A1D000EFE06FE7814463080900416B7D1BEFD01E
:10A1E0005F9F63C8A40201478146130644FCCE85E5
:10A1F0005685EFC0BFF1A5B7A685130634FCEFF076
:10A200003FEB933415002A89860479B79385C504FA
:10A2100051BF8327C90013971400BA9783D507004D
:10A2200063866501130544FCEFE00FE5850445BF37
:10A23000EF727FA879711C103EC4B7070F003EC6AD
:10A240001C103EC883C79500AA8A328593F7F7078A
:10A25000A384F500AE893284EFE08FEC93170501FB
:10A26000C1876350F0062A8A2285EFE06FEB2A89C6
:10A270005285032B0400EFC0DFBE39E5835744004D
:10A2800081440544F11793B71700A303F1008345F8
:10A290007100DA872287CA8652862800EFF0BFD283
:10A2A000014781463000CE855685EFC03FE6A16765
:10A2B0009387D70348083ECC230A810026CEEFF0CF
:10A2C000CF9545616F70BFA2A28513067100EFF0B4
:10A2D0003FDEAA84094445DD3544E30A55FB4A853F
:10A2E000EFF00FE70D4445D50144EFD09F8E634B4F
:10A2F000A400C16B0144FD1BEFD0BF8D634EA400D1
:10A30000154471B7DC4413171400BA9783D70700BC
:10A31000638127030504D1BFD84493171400BA976B
:10A3200003D7070063197701239027012685EF8063
:10A33000C0540144A9BF0504C1B7EF72BF9883C7D9
:10A34000950041112A8A93F7F707A384F500328517
:10A350002E893284EFE0CFDC93170501C187635B60
:10A36000F004AA892285EFE0AFDB2311A1004E851E
:10A37000832A0400EFC0FFAE29E1835744008544DF
:10A380000144F11793B71700A300F100034811002F
:10A3900003572100D6875285CE862686CA85EFF0E0
:10A3A000EFB3A167F10748003EC42302910022C623
:10A3B000EFF0AF8641016F703F94A2851306110044
:10A3C000EFF01FCF2A84894471D183572100116790
:10A3D0008544BA97C2071167C1831307F7EFE36794
:10A3E000F7FA97C7FF1F9387E78B9C4391C7854573
:10A3F00013052100EF40300E835521002285814452
:10A40000EFC09F9D41D5231005002285EF80804835
:10A41000B5BFEF725F8A83C7950041112A8B93F70E
:10A42000F707A384F50032852E8A3284EFE04FCF00
:10A4300093170501C1876359F004AA8A2285EFE0CA
:10A440002FCE2A895685832B0400EFC09FA121E1DE
:10A450008357440081440544F11793B71700A301C3
:10A46000F10003483100DE875A854A87D686228666
:10A47000D285EFF0AFA6A167ED0748003EC42302E6
:10A48000810026C6EFE07FF941016F705F86A285EB
:10A4900013063100EFF0DFC1AA84094479D1916736
:10A4A000CA97C2071167C1831307F7EF0544E36A30
:10A4B000F7FACA85EFC05F92014445F58149EFD0B4
:10A4C0004FF263DBA900984893971900BA9703D716
:10A4D000070015E723902701EFD0AFF01544E38282
:10A4E000A9F82685EF80003B97B7FF1F9387877BEE
:10A4F0009C430144BDD74A85EF4040769DB785090E
:10A500007DBFEF722FFC79713E847C083EC82E8A95
:10A51000B7071400A1653ECAE5057C08AA890808AA
:10A5200036C4428932C6BA8AC6843ECCEFC09F9DEB
:10A53000CA850808EFE00FB332460808B285EFE09D
:10A54000AFB3A246630E09029D450808EFE00FADC8
:10A550001D468145EF70AFFB63870A0691450808E9
:10A56000EFE0CFAB1146A685EFE0A027100801472A
:10A570008146D2854E85EFC07FB945616F70CFF7B8
:10A58000B6850808EFE04FAF1C400808D843935544
:10A59000C701858912075183B205D98DEFE0CFAD90
:10A5A0001C40080883C58700EFE0CFAB1C400808BB
:10A5B00083C5A700EFE00FAB1C40080883C59700D8
:10A5C000EFE04FAA51BF89450808EFE02FA583C7E8
:10A5D00004002300F50083C71400A300F50079B739
:10A5E000EF724FEE83C795004111AA8993F7F707E1
:10A5F000A384F5003285AE843284EFE06FB2931706
:10A600000501C1876357F0042A89032A0400EFC0BB
:10A610005F8519E9835744000548F11793B7170080
:10A62000A307F100814621A81306F100A285EFF0EF
:10A630003FA81DC11C459DC383D647000148034761
:10A64000F10093078500D2884A86A6854E85EFF0F3
:10A650005FEB41016F704FEA0948E9B71D48D9B770
:10A66000EF724FE665715C083EC4B7077B013EC6DA
:10A670005C083EC883C795002A8A328593F7F7079E
:10A68000A384F500AE89EFE04FA88357E100C5C36E
:10A6900089452800EFC01F8781452800EFE08F9C87
:10A6A000EFC0FF8B97C7FF1F938707989C4317B492
:10A6B000FF1F0344A440AA843334800099C3136469
:10A6C000240097B7FF1F9387A7479C4399C3136440
:10A6D000440097B7FF1F9387E75C9C4399C31364BB
:10A6E000840083D5040028000149EFE0EF9883D56A
:10A6F00024002800EFE04F9883D544002800EFE0C5
:10A70000AF97EFD00FC993150501C1812800EFE085
:10A71000AF96A2852800EFE02F969C44636CF90069
:10A72000014781463000CE855285EFC03F9E59617A
:10A730006F708FDCDC441314490028003E94EFE076
:10A740006F8C834744000347540089070607BA9774
:10A750008607E36EF5FC835524002800814AEFE06C
:10A76000AF91834544002800EFE0CF8F834554002C
:10A770002800EFE02F8F8347440063C9FA00814A25
:10A780008347540063CFFA00050941BF1C44139767
:10A790005A002800BA9783D50700850AEFE0CF8DCD
:10A7A000D9BF032BC40093975A0028003E9B8355C2
:10A7B0002B00850AEFE04F8C83550B002800EFE05B
:10A7C000AF8B7DBFEF72AFD15C4993E717005CC9D7
:10A7D000EF8020336F70EFD2EF726FD02E848145FF
:10A7E000EFF08F9B05C183570500FD172310F5007F
:10A7F00009C4835725002310F400EFF0BFFC014586
:10A800006F702FD031456DDC23100400D5BFEF727F
:10A810006FCB83C7950041112A8A93F7F707A3846A
:10A82000F50032852E893284EFE08F8F9317050172
:10A83000C187635EF004AA89C1452285EFD0BFFAC3
:10A840002A8B4E85832A0400EFC0AFE121E58357B0
:10A850004400231101000544F11793B71700A3002A
:10A86000F10081440348110003572100D687528527
:10A87000CE862286CA85EFE07FE6A167938717021E
:10A8800048003EC42302810026C6EFE01FB9410103
:10A890006F708FC613061100A285EFF07F81AA8426
:10A8A00009E523110100094475BF930521005A856C
:10A8B000EFF09FF2835721002A84CDD797B7FF1F6F
:10A8C0009387473E9C4391C7854513052100EF4080
:10A8D00080408355210026853144EFC0EFCF59D108
:10A8E000231005002685EF70F07A0144A5BFEF72B2
:10A8F0000FBF41112E896C00AA8402C6EFF0CF89E8
:10A9000009CD0357050005072310E500EFF09FEB85
:10A9100081473E8541016F70CFBE3247954775DB59
:10A92000CA852685EF20D008C147E34405FE32449E
:10A93000854741462310F40083570900A685130577
:10A9400044002311F400EFD0D0692285C1B7EF7223
:10A950006FB783C795004111AA8A93F7F707A384BD
:10A96000F5003285AE893284EFD09FFB9317050145
:10A97000C187635EF0042A8AC1452285EFD0BFE615
:10A98000AA845285032B0400EFC0AFCD21E5835785
:10A990004400231101008544F11793B71700A30069
:10A9A000F10001440348110003572100DA8756855E
:10A9B000D2862686CE85EFE07FD2A16793870702F5
:10A9C00048003EC42302910022C6EFE01FA54101CA
:10A9D0006F708FB2A28513061100EFF06FED2A841D
:10A9E00009E523110100894475BF268593052100DF
:10A9F000EFF0FFEFAA845DF5835521002285EFC0BB
:10AA0000AFBD4DF10149EFD0CF9D635DA90018485E
:10AA100093171900BA9703D707001DE703572100C2
:10AA20002390E700EFD0EF9B6302250397B7FF1F4A
:10AA3000938747279C4389C703552100EF40002295
:10AA40002285EF703065B9BF050975BF954499BF80
:10AA500005C19307F00F630FF500C547630CF500C0
:10AA60009307F5FF05453315F500420541818280C6
:10AA70000145828041657D158280B9E1EF722FA684
:10AA8000034506033284EFF0BFFC9305803EB30517
:10AA9000B502C205C18191C90357E402854763F637
:10AAA000E70013050401EFC020168357E402416755
:10AAB0007D176385E700FD172317F4026F706FA4FD
:10AAC0008280EF724F9F004283C79500444D034937
:10AAD000140093F7F707A384F500834704002209C5
:10AAE00011673369F900A167B347F90041112A8B57
:10AAF000AE8A63ECE70C834724001307C00EB91736
:10AB000093F7F70F6371F70E03473400C14763EC07
:10AB1000E70C834744001307E00793C707086373F4
:10AB2000F70A8349840083477400A209B3E9F90056
:10AB3000856763F9F908034A6400834754004E852A
:10AB4000220A336AFA00EF40406245C1239624038B
:10AB5000834B3400137AFA00239A34032388740356
:10AB60002399440393890401631A090023A604026C
:10AB7000239804024E85EFC0A00A1DA003492400BB
:10AB80004A85EFF0FFEC2397A402834744004E85EB
:10AB9000A388F402E3810BFEE30F09FCEFC060051C
:10ABA000EF70907981460146D6855A85EFE09FA5E2
:10ABB000A167938797033EC423020100480002C6A1
:10ABC000EFE0BF8541016F708F928544A286268693
:10ABD000D6855A85EFE01FA3A167938797033EC4EC
:10ABE00023029100E1BFBD44D5B79144C5B7EF72D0
:10ABF0006F8D01111C08404D3EC2B7070F003EC4C7
:10AC00001C083EC62A89AE89EFC01F9D585C1C5C9B
:10AC1000634CB70A6394E50063E8A70A3385A7404D
:10AC2000B3B7A700B305B7401306803E81469D8D9C
:10AC3000EFD0407B93140501C180A1659385C503C6
:10AC40004800EFC02FAC81454800EFD0BFC183550D
:10AC500004044800EFD05FC2835524044800EFD0BD
:10AC6000BFC1814599C8C167FD179305F00F638681
:10AC7000F4002685EF402015AA854800EFD09FBE3E
:10AC800003554404814511C9C167FD179305F00FB1
:10AC90006305F500EF402013AA854800EFD09FBC64
:10ACA000834564044800EFD0FFBB8345740448002B
:10ACB000EFD05FBB500001478146CE854A85EFC08B
:10ACC000EFC405616F704F83814485BFEF722F81A0
:10ACD00083C7950093F7F707A384F500EFF03FF1E2
:10ACE0006F702F82EF621FFE83C795004111404DA8
:10ACF00093F7F707A384F5002A8A3285B284AE89D8
:10AD0000EFD01FC22A8B2685EFD09FC12A892685C6
:10AD1000EFD0BFBF93170B0163CA0702E177CA9751
:10AD2000C207C183116763E3E70293070910C207F3
:10AD3000C1831307B00F637BF70093170901C18725
:10AD4000AA8A6348F000C54763FA570141016F6062
:10AD5000BFFAEFC08F83E31B25FFF5B763060B0235
:10AD600063040902814463870A02B7077F00231046
:10AD70006405231124057CC05685EFF07FCD930434
:10AD8000803EB304950239A0B7077F002320040456
:10AD90007CC0814403552404EFB0101095CCEFC063
:10ADA000BF83269593D7F44133379500AE97BA9772
:10ADB00008DC5CDCCE855285EFF07FE399E023224E
:10ADC0000404A1679387B70348003EC4230201002F
:10ADD00002C6EFE08FE49DBF814701481CDC232EB3
:10ADE0000403C9BFEF62BFEFEFC0FFE9E1473305DE
:10ADF000F5029145EF30507FE55711C597B7FF1F1A
:10AE000023ACA7CA81473E856F60BFEF854717B760
:10AE1000FF1F2305F7CA8280EF627FEC97B7FF1F01
:10AE2000938747C980432DC083570404639EA704BA
:10AE300083572404639AB7043689B284EFC0CFF9EC
:10AE40005C5C63C3B7046395B7001C5C63EEA70248
:10AE50008347640463F3F400A6872303F404834761
:10AE6000740463F39700A687A303F4048357440490
:10AE700041677D176385E70085072312F4043C448E
:10AE800081C7CA85268582976F60BFE797B7FF1F86
:10AE9000938747C29C43014599C303C587008280BD
:10AEA000EF62FFE30111B70707003EC683C79500B5
:10AEB000584D0AC493F7F7070AC8A384F5002A89F6
:10AEC000AE8401CB1C4283C707002304F700EF7058
:10AED000D0452164930554022800EFC0AF82EFF003
:10AEE000FFFAAA852800EFD0FF973000014781467E
:10AEF000A6854A85EFC08FA113044402480822CCDE
:10AF0000230A010002CEEFE04FD105616F607FDFC1
:10AF1000EF62FFDC01117C003ECAB70707003ECCA0
:10AF20007C003ECE83C795002E84AA8493F7F70752
:10AF3000A384F500A165938555024808EFB09FFCF6
:10AF4000EFF0DFF4AA854808EFD0DF915008014701
:10AF50008146A2852685EFC06F9B05616F607FDA11
:10AF600097B7FF1F938707B59C43094599C303C54E
:10AF70009700828097B7FF1F9387C7B39C4309450B
:10AF800099C303C5D700828097B7FF1F938787B205
:10AF90009C43014599C303C5A7008280EF629FD2FD
:10AFA0000111B70708003EC683C79500404D0AC48B
:10AFB00093F7F7070AC8A384F5002A89AE8429C04D
:10AFC0001442854703C7060063EEE70683479400F3
:10AFD00009468149638EC700B307F740A304E40024
:10AFE000B339F00083C716002305F400EF70F03387
:10AFF00003572403058B09C763840900EFA0B06BD6
:10B000002164930584022800EFB0DFEFEFF05FF5D5
:10B01000AA852800EFD01F85EFF01FF7AA8528002A
:10B02000EFD05F84014781463000A6854A85EFC096
:10B03000EF8D13047402480822CC230A010002CECB
:10B04000EFE0AFBD05616F603FCBEF625FC90111FB
:10B050007C003ECAB70708003ECC7C003ECE83C7CA
:10B0600095002E84AA8493F7F707A384F500A165C1
:10B07000938585024808EFB0FFE8EFF07FEEAA85E0
:10B080004808EFD02FFEEFF03FF0AA854808EFD038
:10B090006FFD500801478146A2852685EFC00F87C6
:10B0A00005616F601FC697B7FF1F9387A7A09C43DA
:10B0B000014599C303C5B7008280EF625FC20111E9
:10B0C000B70707003EC683C79500404D0AC493F7F3
:10B0D000F7070AC8A384F5002A89AE8405C41C4278
:10B0E000054783C70700636AF7040347B400630B8F
:10B0F000F700A305F400EF7050238347B400A9C301
:10B10000EFD00FD921649305B4002800EFB09FDF82
:10B11000EFF07FF9AA852800EFD0CFF401478146F0
:10B120003000A6854A85EFB07FFE2904480822CC6E
:10B13000230A010002CEEFE04FAE05616F607FBCD5
:10B14000EFD02FDAC1B7EF629FB901117C003ECA80
:10B15000B70707003ECC7C003ECE83C795002E8407
:10B16000AA8493F7F707A384F500A165AD05480805
:10B17000EFB05FD9EFF03FF3AA854808EFD08FEE2C
:10B18000500801478146A2852685EFB03FF805614A
:10B190006F603FB797B7FF1F9387C7919C430945DF
:10B1A00099C303C5C7008280EF627FB301117C00A1
:10B1B000AE843ECAA165B70707002A843ECCD105FC
:10B1C0007C0048083ECEEFB0FFD3EFF0BFFCAA856D
:10B1D0004808EFD02FE9500801478146A68522850F
:10B1E000EFB0DFF205616F60DFB1EF625FAF83C781
:10B1F000950093F7F707A384F500EFF0FFFA6F606F
:10B200005FB0EF623FAC83C795000329C5014111D0
:10B2100093F7F707A384F5001C4283C9070085470D
:10B2200063EC370597B7FF1F938707E09C432E8495
:10B23000AA8495C7EFF01FF689476302F502630001
:10B2400009028347C900638C370123063901EF7077
:10B25000D00D83572903898B99C3EFA0D04526854C
:10B26000A285EFF07FF4A167CD0748003EC423021A
:10B27000010002C6EFE06F9A41016F60FFA797B728
:10B28000FF1F938727839C431D4599C303C5E70090
:10B290008280EF62DFA40111B70707003EC683C7B3
:10B2A0009500584D0AC493F7F7070AC8A384F50020
:10B2B0002A89AE8405C71C4283C70700939687017D
:10B2C000E18663C8060485466385D7048346E700A4
:10B2D0006386F6002307F700EF70300521649305BD
:10B2E000E4002800EFB01FC2EFF07FF9AA85280024
:10B2F000EFD04FD7014781463000A6854A85EFB091
:10B30000FFE03504480822CC230A010002CEEFE01A
:10B31000CF9005616F60FF9EEF627F9C01117C0002
:10B320003ECAB70707003ECC7C003ECE83C79500DF
:10B330002E84AA8493F7F707A384F500A165B905C5
:10B340004808EFB03FBCEFF09FF3AA854808EFD064
:10B350006FD1500801478146A2852685EFB01FDBDB
:10B3600005616F601F9AEF62FF95AA84014417A9D7
:10B37000FF1F13096974E149EFC0FF906344A40003
:10B38000014519A833053403832709003E958357E7
:10B3900025006395970011056F601F960504E9BFAE
:10B3A000032E850063040E1017B3FF1F1303838F52
:10B3B00003230300631503002943639A060E032346
:10B3C0004E01631503001D436393070EEF62BF8EAA
:10B3D000C689428A3E89BA8AB684328BAE8B2A8469
:10B3E000A1E903554E0009E501431A856F603F90BE
:10B3F000A167A98F116763F7E700EFF0DFF68145DA
:10B40000EFF08FBD0844B70700E05841F98F1845A9
:10B410005CC1B707001FF98F1CC55C4981C7610576
:10B42000EFB01000E38209FC2285EF70606E6DBF03
:10B430003285EFA0E0620D434DD91C44116703D55E
:10B440004700A167A98F63F7E700EFF0DFF18145BF
:10B45000EFF08FB80323840093164B01D18283470A
:10B46000B300035663008588FD8BA305F300FD77C9
:10B470007D8E558EFD76FD16B204F18E8327430135
:10B48000C58E231273012313D30023045301230514
:10B490002301A3044301D9D72285EFB07FBBAA853E
:10B4A0000844B5DD6105EFB02076ADBF1D431A85B8
:10B4B0008280EF623F810569AA84AE89328A0144A5
:10B4C000FD5A7D19EFC0EFF06345A40001456F60A0
:10B4D000BF82D84493171400BA9703D70700631BA1
:10B4E00037032390570163050A002685EF70E03883
:10B4F0009C448DC383D76700B3F72701639C370152
:10B50000D288014881470147814601468145268509
:10B51000EFF01FE905047DB7EF62CFFA79711C10D7
:10B520003EC4B7070F003EC61C103EC883C7950037
:10B53000AA8A328593F7F707A384F5002E8932840F
:10B54000EFD00FBE93170501C1876350F006AA899B
:10B550002285EFD0EFBC2A8A4E85032B0400EFB082
:10B560005F9039E58357440081440544F11793B750
:10B570001700A303F10083457100DA872287D28682
:10B580004E862800EFE03FA4014781463000CA857F
:10B590005685EFB0BFB7A1679387F70348083ECC45
:10B5A000230A810026CEEFD05FE745616F60CFF4BC
:10B5B000A28513067100EFE0BFAFAA84094445DD00
:10B5C0005285EFE0EFB80D445DD50546D28526855E
:10B5D000EFF03FEE2A8445B7EF626FF08355070026
:10B5E0000346270041112A842E8532C62EC4EFE07F
:10B5F0002FB611C53246A2452285EFF09FEB4101DF
:10B600006F602FF0EF622FEB83C795004111AA8A7C
:10B6100093F7F707A384F5003285AE893284EFD023
:10B620002FB093170501C1876357F008C1452A8AD7
:10B630002285EFD04F9B2A8D2285EFD06FAE2A89CD
:10B640002285EFD08FAC930705F893F7F70F130718
:10B65000E007AA8B6371F7062285EFD00FAB2A8C27
:10B660002285EFD08FAAAA8C5285032B0400EFB05D
:10B670004FFF29E583574400231101008144F1174E
:10B6800093B71700A300F100054403471100835648
:10B690002100938784005685DA8822885286CE85D9
:10B6A000EFE03FE6A167E90748003EC423028100BE
:10B6B00026C6EFD09FD641016F606FE313061100DD
:10B6C000A285EFE0FF9EAA8409E523110100094449
:10B6D0006DBF930521006A85EFF06FA12A8455F5AF
:10B6E000835521009356C900131649018548668881
:10B6F000E2875E87858A51822685EFF07FCA2A8499
:10B7000069B7EF624FDB83C7950041112A8B93F72E
:10B71000F707A384F5003285AE893284EFD04FA0BD
:10B7200093170501C1876352F0082A8A2285EFD05A
:10B730002F9FAA8A2285EFD0AF9E2A892285EFD03B
:10B74000CF9C930705F893F7F70F1307E0072A8CB0
:10B75000637DF7042285EFD04F9BAA8C2285EFD022
:10B76000CF9A2A8D5285832B0400EFB08FEF29E109
:10B770008357440085440144F11793B71700A30190
:10B78000F10003473100930784005A85DE8826883C
:10B79000D6865286CE85EFE0DFD68D4748003EC480
:10B7A0002302910022C6EFD05FC741016F602FD402
:10B7B000A28513063100EFE0BF8F2A84894471D13E
:10B7C0009356C9001316490185486A88E68762873F
:10B7D000858A5182D685EFF0BFBCAA845DB7EF623F
:10B7E0006FCE2A8981440144617A916A17ABFF1FA9
:10B7F000130B4B4BEFC0EFBE63C5A40022856F60F7
:10B80000AFCF8327090093991400CE9703D5070083
:10B8100033074501420741836362570311CD032774
:10B820000B0009C785453E85EF30E04A83270900B4
:10B830000504CE972390070085046DBFEFF0BFB2DB
:10B84000832709000504CE972390070075D581450D
:10B85000EFE09FF8D5B7EF62EFC683C795004111BF
:10B860002A8A93F7F707A384F50032852E8932845C
:10B87000EFD00F8B93170501C1876354F004AA8999
:10B88000832A0400EFB0EFDD21E1835744008544B3
:10B890000144F11793B71700A301F10003483100E9
:10B8A000D68752850147CE862686CA85EFD01FE30C
:10B8B000A167F50748003EC42302910022C6EFD0DD
:10B8C000DFB541016F604FC3A28513063100EFE081
:10B8D0002FFE2A84894479D197A7FF1F9387873C3D
:10B8E0009C4381CB0449EFC0CFAFAA852685EF30BA
:10B8F000803E13050401EFF09FEE2285EF60907902
:10B90000814469BFEF622FBB83C795004111AA8AAA
:10B9100093F7F707A384F5003285AE8932842311AB
:10B920000100EFC0FFFF93170501C187635CF004BE
:10B930002A8AC1452285EFC01FEBAA8B5285032BB3
:10B940000400EFB00FD231E1835744008544014435
:10B95000F11793B71700A300F10003481100035734
:10B960002100DA875685D2862686CE85EFD01FD76E
:10B97000A1679387270248003EC42302910022C694
:10B98000EFD0BFA941016F608FB6A28513061100E9
:10B99000EFE00FF22A84894469D197A7FF1F9387AC
:10B9A000673098433E8901CB0449EFC08FA3AA8535
:10B9B0002685EF30403213050401EFF05FE2EFC05F
:10B9C0004FA2954459D9930521005E85EFE03FF2DF
:10B9D000AA8441F51C480357210022852390E700E3
:10B9E000EF60506B83270900ADDB03552100EF307A
:10B9F000E026A5B7EF622FAC83C795004111AA8A54
:10BA000093F7F707A384F5003285AE893284EFC03F
:10BA10003FF193170501C1876359F0042A8A2285F3
:10BA2000EFC01FF02A895285032B0400EFB06FC3CB
:10BA300021E18357440085440144F11793B717006F
:10BA4000A301F10003483100DA8756854A87D28680
:10BA50002686CE85EFD09FC8A167F90748003EC46F
:10BA60002302910022C6EFD05F9B41016F602FA897
:10BA7000A28513063100EFE0AFE32A84894479D12F
:10BA80009167CA97C2071167C1831307F7EF85440F
:10BA9000E36AF7FA97A7FF1F9387C7209843BE8BE7
:10BAA00001CB0449EFC0EF93AA852685EF30A02291
:10BAB00013050401EFF0BFD2EFC0AF92954459D106
:10BAC0001C482285814423902701EF60B05C83A746
:10BAD0000B00ADDB4A85EF306018ADB7EF622FA0E9
:10BAE0002A844105B284EFF09FCF01C52285EF6023
:10BAF000705A81460146A6852285EF70C00B1C4C0A
:10BB000089C7DC4799C3228582976F608F9F97A76B
:10BB1000FF1F938727FA9C43014599C313850701AB
:10BB2000828097A7FF1F9387E7F888438280EF62A0
:10BB30000F9B9317C600DD8DC2054111C1812A8478
:10BB400032C6EFC07FD33246228511829375F60F3D
:10BB5000EFC05FD141016F60CF9AEF62AF9679710C
:10BB60003C083ED2B7070C003ED43C083ED683C703
:10BB70009500AE842A8993F7F707A384F500A165A1
:10BB8000938535044810EFB0EFB7C165FD1501444A
:10BB900017AAFF1F130A8A12930A400EAE892E8B32
:10BBA0002EC6EFC00F874205931704014181C18360
:10BBB000B24563E3A702C167FD176385F50048102E
:10BBC000EFC09FCB501001478146A6854A85EFB054
:10BBD000EFD345616F604F923307540383270A0BFD
:10BBE000BA9703D6C7016308360163883501481048
:10BBF000EFF0FFF3DA85050465B7B285EDBFEF62BC
:10BC00008F8B79717C083EC8B70711003ECA7C084B
:10BC10003ECC83C79500AA89328593F7F707A384A2
:10BC2000F5002E89EFC0DFCF8567637EF502A16541
:10BC3000AA8489050808EFB0EFAC2685EF30E05202
:10BC4000133415000A04A2850808EFC0BFC1A685F9
:10BC50000808EFC07FC235C0014781461008CA8579
:10BC60004E85EFB0AFCA45616F606F88B30754036C
:10BC70000327CA0ABA9703D70700631A970003D6A7
:10BC80002700638A65030808EFF07FEADE85050474
:10BC90002EC6EFB01FF94205931704014181C183FD
:10BCA000B245E3E5A7FCC167FD17E387F5FA08088D
:10BCB000EFC09FBC55B7B285D9BFC165FD15014422
:10BCC00017AAFF1F130A8AFF930A80022E8BAE8BDE
:10BCD000C1B7EF62CF801841834717008346070042
:10BCE000A207D58FD207D1832390F5008347270081
:10BCF000034717008D45A207D98F91832310F600C3
:10BD0000EFC03FAD6F50FFFFEF52DFFBC164014456
:10BD100017A9FF1F130989FA93098002FD14EFB0D8
:10BD20005FF06345A40001456F501FFD33053403E8
:10BD30008327C90A3E9583570500E38797FE0504CC
:10BD4000F9BFEF523FF82A8AAE89B284B68AEF3043
:10BD5000C04109E591473E856F501FFA2A894E85FB
:10BD6000EF9010502A84638A0A048D476DD50357DB
:10BD70000500C547E31147FF0347F9018546AD4775
:10BD8000E31BD7FC8347450091CB4146A6855D0563
:10BD9000EFC0D022814761D1AD4775BF130965015E
:10BDA0002302E500CA852685EF10202D15CDA54775
:10BDB000E3830AFA2302040079BF11CD83570500FB
:10BDC000E39A47F94146A6851905EFC0301F814720
:10BDD00059D1994749B74E85EFF01FF32A8495470B
:10BDE0003DD9130955007DBF4146A6852310440166
:10BDF0002311340113051900EFC0B01E2285EF6036
:10BE0000B03C814789BFEF529FED79717C003ECCF9
:10BE1000B7070A003ECE7C003ED083C79500B284AF
:10BE20002E8493F7F707A384F5001306A1002A894F
:10BE30002C002685EFF0FFE9A16528088D05EFB0FD
:10BE40006F8C90408355A100035581008546EFF02B
:10BE50005FEFAA84AA852808EFC0DFA00356A100DF
:10BE6000835581002808EFF09FCC300801478146B8
:10BE7000A2854A85EFB08FA9854748103ED423029A
:10BE8000910202D6EFD06FD945616F509FE7EF5214
:10BE90001FE579717C003ECCB7070A003ECE7C00DE
:10BEA0003ED083C79500B2842E8493F7F707A3840E
:10BEB000F5001306A1002A892C002685EFF07FE10A
:10BEC000A16528088D05EFB0EF8390408355A10050
:10BED000035581008146EFF0DFE6AA84AA85280891
:10BEE000EFC05F980356A100835581002808EFF04A
:10BEF0001FC4300801478146A2854A85EFB00FA1D3
:10BF000048102302910202D402D6EFD00FD145612E
:10BF10006F503FDFEF52BFDCEFF0BFE26F507FDECC
:10BF200097A7FF1F938747B988438280EF523FDB73
:10BF3000835725004111AE842A842307B10017F5E9
:10BF4000FFFF1305A5696C002316F100EFB0CFD5F4
:10BF500081C42285EF60B02DFD572310F400130635
:10BF60002002814513055400EF507FDA41016F50E4
:10BF70005FD9EF523FD579717C003ECCB7070A00FC
:10BF80003ECE7C003ED083C79500AA89AE8493F74D
:10BF9000F7073285A384F5001306A1002C00EFF00B
:10BFA0005FD3035581001144EF30201C15C10355A8
:10BFB000A1000144EF90D02A01CD0357050083571B
:10BFC000810045446316F7008545EFF03FF60144D4
:10BFD0002169930539002808EFA0DFF2A28528081F
:10BFE000EFC05F880356A100835581002808EFF059
:10BFF0001FB4300801478146A6854E85EFB00F91EA
:10C0000048104AD42302810202D6EFD00FC1456105
:10C010006F509FCEEF521FCB97A7FF1F938787A923
:10C020002A8488432E8915C1035745038357C401C9
:10C03000631DF70023260502231805024105EFA022
:10C04000303E63040900EF60302F814497A9FF1F41
:10C050009389C9C6130A8002EFB0BFBC63CCA402A7
:10C0600097A7FF1F9387C7AD9C4389C70355C4019A
:10C07000EF104076630509002285EF605003130638
:10C08000400E81452285EF509FC8FD57231EF400C6
:10C090006F509FC63385440383A7C90A3E95035753
:10C0A00005008357C4016315F700CA85EFF01FE848
:10C0B00085045DB7EF521FC183C795004111AA895E
:10C0C00093F7F707A384F5003285AE84EFC05F8550
:10C0D00085676370F5042A89EF302009014411C98E
:10C0E00083D704003144638627018545EFF09FF232
:10C0F00001444E85A2864A86A685EFD02FBFA16750
:10C100009387170448003EC42302810002C6EFD083
:10C11000CFB041016F505FBEEF52DFBA97A7FF1F4C
:10C120009387479980431DCC0145EFA0E056814796
:10C130000148C1641CDC232E04032320040417A936
:10C14000FF1F1309A9B701449309400EFD14EFB076
:10C150005FAC634BA40081451705000013054598AB
:10C16000EFB08FB46F505FB9330534038327090BE9
:10C170003E958357C501638597008545EFF09FE99C
:10C180000504F1B79357050113D78700A380F50085
:10C1900093170501C183A1832380E5002381F50066
:10C1A000A381A5008280EF529FB32300050083C7BF
:10C1B0001500A300F50083C725002301F50083C700
:10C1C0003500A301F50083C745002302F50083C7AE
:10C1D0005500A302F50083C7650093059500A303EE
:10C1E00005002303F500230405003285EFF09FF9D5
:10C1F0006F503FB1EF521FAD4111E9541DC995C9B0
:10C2000093F9C5FF2E842A89AA84338AA900B7EA44
:10C21000040063149A020D88854401CCB7E704003A
:10C220009C5F82972AC622866C0033053901EFC0D5
:10C23000405B268541016F503FAC83A78A03910480
:10C24000829793170501C183A183A38EF4FE9357B0
:10C250000501238FF4FEA183238EA4FEA38FF4FE99
:10C260004DBF63E0D502EF529FA7B28741113686DA
:10C27000BE8536C6EFC0E056B246410136856F50E6
:10C280005FA8814636858280838705001387F50085
:10C290003D05FD8793F77708834607007D158606E1
:10C2A000B58FA300F5006307B7007D17834717001C
:10C2B0009D83DDB78280EF529FA2B7E7040083A77A
:10C2C000070932872A863A858297133515006F5001
:10C2D0005FA301CD814799C9EF527FA04146EFC0CE
:10C2E000405085473E856F50DFA181473E85828063
:10C2F0001DC5EF52DF9E414681452A84EF503FA184
:10C300004146814513050403EF507FA00147C167F3
:10C310002322040438C87CC805456F509F9E014500
:10C320008280814729CDA1CDEF527F9BB2842E8997
:10C330001306800581452A84EF507F9DCA8524C459
:10C340002685EFF01FF9414681452285EF503F9C3D
:10C350003044A2852285EFF01FF693040401A285E4
:10C360002685EFF07FF2A68513050402EFF0DFF1DA
:10C370002285EFF0FFF785473E856F509F983E85F9
:10C380008280EF523F944111E9541DC995C993F938
:10C39000C5FF2E842A89AA84338AA900B7EA04003B
:10C3A000639444030D88814401CCB7E704009C5F8B
:10C3B00082972AC622866C0033053901EFC060429D
:10C3C000268541016F505F9383A78A03910482976A
:10C3D00093170501C183A183A38EF4FE9357050132
:10C3E000238FF4FEA183238EA4FEA38FF4FE4DBF02
:10C3F00071CDEF523F8DB28401E605456F50DF8F5E
:10C400002A842E890145FDD93C487848B3E6E700E7
:10C41000F5D69386F7FFB3B7F6007D17032A4404D9
:10C42000BA9734C87CC8630F0A04C14913050A03CC
:10C43000B38949412295637B3601B2862E86A68553
:10C44000EFF03FE27C40BE9464C045BFCE862E86AE
:10C45000CE85EFF01FE1C114D2944E99232204043B
:10C46000A2879306040103C7070003C607038507D5
:10C47000318FA38FE7FEE398F6FE3044A285228534
:10C48000EFF07FE32699C1493306994063EA9900AA
:10C49000ADD4A686A68513050403EFF09FDC6DB727
:10C4A0008147B306F4003307F6000347070083C54E
:10C4B000060085072D8F2380E600E39437FF304484
:10C4C000A2852285EFF03FDFC1147DBF0145828048
:10C4D00019C9EF52DF80130680058145EF503F8375
:10C4E00005456F501F820145828081473DC9B5C90E
:10C4F000EF52EFFEFC4141462E84AA846393C704A9
:10C5000013860501A2878146C14503C7070003C5FD
:10C5100007038507298F3305D600034505008506E7
:10C52000298FA38FE7FEE392B6FE3044A2852685CD
:10C53000EFF07FD82285EFF0BFF985473E856F5039
:10C540004FFC138507031D8E81452295EF502FFC6C
:10C550007C40130700F813060402A2972388E70221
:10C5600055B73E858280EF528FF76D712E84B2846D
:10C57000AA85901028003689EFF0BFDA19E9D5575F
:10C5800005A050400C402800EFF09FE66DD9FD1447
:10C590002104E5F82C004A85EFF03FF5814765D18D
:10C5A0003E8551616F50EFF5EF526FF341112EC48C
:10C5B00032C62C000546EFF01FFB41016F506FF4AF
:10C5C000EF52EFF101112A842EC602C802CA02CC32
:10C5D00002CEEFC06049B2462A86A2850808EFF075
:10C5E000BFFC1375F50F05616F50AFF1EF522FEFE0
:10C5F0007971B2872A8421462308B10013051101FD
:10C60000BE853AC436C6EFC0C01DB246930591013F
:10C610003685EFF03FB72285141035460C08EFF051
:10C62000BFF82A84224711E521460C103A85EFC055
:10C63000401B228545616F50CFECEF524FEA71717C
:10C64000AE84AA850A853284EFF0BFC801C90A8684
:10C65000A6852285EFF03FC6814711E1C5473E859B
:10C660004D616F500FEAEF528FE41D712A8AB28933
:10C67000BE8435468547130511012E8CB68A3A8B48
:10C68000C28C468D2308F100EFC0A01510100C08D5
:10C690005285231F0100EFF05FFA2A842DE9A1479C
:10C6A000631BFD069307900591E0E5473546E2855B
:10C6B0001305110113990A012308F1001359090107
:10C6C000EFC020121357890093978A00D98F9008E2
:10C6D0000C085285231FF100EFF03FF62A8405E98C
:10C6E000A1E09387FA0091831379F9003EC66313A2
:10C6F00009004149668B8144C14B854DB247639720
:10C70000970C6A868C0033855C01EFC0800D228512
:10C7100025616F508FDD93079004C9F8A54779B75D
:10C72000834701050947C14B2308F10083471105E1
:10C73000A58FA308F10093872400814463EFFB02D7
:10C74000014714083386E6008C08B386E400BA95E6
:10C75000DA9683C6060083C505000507AD8E230063
:10C76000D600E390E7FE41476398E70490080C0881
:10C770005285EFF09FEC35D535A8B3069B00BA87FC
:10C780001008B305F60090083E9603C50600034660
:10C79000060085078506298E2380C500E39277FF72
:10C7A000998F90080C085285BE94EFF01FE98947D5
:10C7B000014749D52A84A1BF90083E96034606004A
:10C7C0001408BE962380C600850779BFB24785044A
:10C7D000638B971281471808B306F70098083E97B5
:10C7E0003386F90003470700034606008507318FAB
:10C7F0002380E600E39177FF90080C085285EFF064
:10C80000DFE34DF93546E285130511012308B10137
:10C81000EFB0307D13970401418393978400218307
:10C82000D98F10180C085285231FF100EFF0FFE09C
:10C8300051F1814710183387F9003E9603470700EE
:10C8400003460600B306FB008507318F2380E60010
:10C85000E39277FF75A01808B306F70098083E9793
:10C860003386F90003470700034606008507318F2A
:10C870002380E600E3E127FFCA87639877099008E1
:10C880000C085285EFF07FDB15F581479800B30661
:10C89000F700900818103E973E960347070003469E
:10C8A00006008507318F2380E600E39177FF354648
:10C8B000E285130511012308B101EFB090721397BF
:10C8C00004014183939784002183D98F10180C08A9
:10C8D0005285231FF100EFF05FD6E31D05EC814781
:10C8E00010183387F9003E960347070003460600F9
:10C8F000B306FB008507318F2380E600E3E227FFC4
:10C90000C109410BE5BB8147B5B79408BE9683C604
:10C91000060018083E972300D7008507B9BF638E2D
:10C92000062CEF52CFB859712A84BE89B28B854745
:10C930003546130511022E8B468C4289BA8A368AF7
:10C940002300F102EFB0F06910180C1022852317B4
:10C950000102EFF09FCE631E0510A1476319FC068C
:10C960009307900563930900E5473546DA8513057B
:10C97000110293140A012300F102C180EFB0706626
:10C9800093178A0013D78400D98F90080C10228542
:10C990002317F102EFF07FCA69ED63900904930752
:10C9A000FA00BD88918391E0C144C207C183DE8C47
:10C9B000814A3EC6414DB24763EAFA0C6286B385AE
:10C9C0004B018810EFB0905F4DC53D555DA09307BA
:10C9D0009004E39C09F8A54749BF8347010509472F
:10C9E000C14C2300F10283471105B3C7F900A3002E
:10C9F000F10293872900814963EFFC0281461810F8
:10CA00003306D7008C083387D900B695569703476D
:10CA1000070083C5050085062D8F2300E600E390FF
:10CA2000D7FE4147639AE70490080C102285EFF087
:10CA3000DFC035D53DA8B3863A01BA871010B305DB
:10CA4000F60090083E9603C50600034606008507DB
:10CA50008506298E2380C500E39297FF3387EC403B
:10CA600090080C102285BA99EFF03FBD8947014725
:10CA700041D565616F506FA790083E96034606004A
:10CA80001410BE962380C600850769BFB247850A89
:10CA900093990A01939D8A0093D909016399570DCF
:10CAA00085473546DA85130511022300F10293D933
:10CAB0008900EFB01053B3ED3D0190000C102285BA
:10CAC0002317B103EFF07FB74DF58147A68963E6E1
:10CAD000970626860C084A85EFB0B050814718109B
:10CAE000B306F700100898083E973E9603470700E4
:10CAF000034606008507318F2380E600E3E197FEB9
:10CB0000639DA90590080C102285EFF01FB335F145
:10CB100081479810B306F700900818183E973E9684
:10CB200003470700034606008507318F2380E60090
:10CB3000E391A7FF4109C10CBDBD18089000B306E1
:10CB4000F7003E963387FC000347070003460600C4
:10CB50008507318F2380E60095BF98084E970347DD
:10CB600007001C10CE972380E700850951BF854739
:10CB70003546DA85130511022300F10293D98900A5
:10CB8000EFB03046B3ED3D0190000C102285231725
:10CB9000B103EFF09FAAE31E05EC8147180890004F
:10CBA000B306F7003E963387FC00034707000346B1
:10CBB00006008507318F2380E600E391A7FF4146F9
:10CBC0000C084A85EFB0F04181471810B306F70012
:10CBD000100898083E973E96034707000346060054
:10CBE0008507318F2380E600E391A7FF90080C10A2
:10CBF0002285EFF09FA41DDDADBD7D558280EF52F3
:10CC00000F8E01112A842E8593055100328902C0AE
:10CC100002C202C402C693047400EFF0AFD61D46F0
:10CC2000A68513059100EFB0D03B10088A854A8590
:10CC3000EFF0BFA019ED93071400180883C6070092
:10CC40000346070085070507B18EA38FD7FEE3973C
:10CC5000F4FE05616F50EF8AEF52CF862E848C412F
:10CC60004111AA89838715003289914463D3070053
:10CC7000A1449797FF1F9387273B9C43B1C3B5CE31
:10CC80008D472310F10083C725004A852301F10059
:10CC900083C73500A301F10083C745002302F100DB
:10CCA00083C75500A302F10083C765009305910077
:10CCB000A30301002303F10023040100EFF08FCC54
:10CCC0000C404A860A85EFF00FCE032804008356F5
:10CCD0004400A6881D0881470147E51642868A85DB
:10CCE0004E85EFF05F982A8909E5A6852285EFB089
:10CCF000FFB24A8541016F502F804A860A85EFF0C6
:10CD00008FCA7DBFEF421FFC2E848C414111AA893E
:10CD1000838715003289914463D30700A144979714
:10CD2000FF1F938767309C43B1C3A5CE8D47231067
:10CD3000F10083C725004A852301F10083C7350030
:10CD4000A301F10083C745002302F10083C755000A
:10CD5000A302F10083C7650093059100A3030100BE
:10CD60002303F10023040100EFF0CFC10C404A86F9
:10CD70000A85EFF04FC383564400032804008A85D8
:10CD8000858EC2061D08C1822312D400A688814761
:10CD90000147E51642864E85EFF07FB841016F40AE
:10CDA000BFF54A860A85EFF00FC0C9B7EF423FF3DF
:10CDB000B335B000011185052A891315F6013365D5
:10CDC00015012308B1009305110136843AC632C01B
:10CDD0003EC442C2EFF00FBBA2471248425593D661
:10CDE0008700230BF1009305910193578800A30A54
:10CDF000D100A30BF100230C0101EFF0AFB83247D3
:10CE0000024603280400B337E0008356440092072B
:10CE1000914411C2A1444A85A68842860C08EFF0CD
:10CE20009F842A8909E5A6852285EFB03F9F4A8520
:10CE300005616F401FEDEF42FFE801113EC68647D6
:10CE4000B335B0008505AA891315F6015D8D230859
:10CE5000B1009305110136843A89B28442C446C2B6
:10CE6000EFF04FB222489248164593578800A30A24
:10CE7000F1009305910193D78800230B0101A30BC7
:10CE8000F100230C1101EFF0EFAF32471040835651
:10CE90004400B337E000920703280900914891C08D
:10CEA000A1480C084E85EFF09FA7AA8411E5835591
:10CEB00044004A85EFB09F96268505616F40DFE309
:10CEC000AA959307F00F17E700001307E77663179B
:10CED000B50013C5F7FF1375F50F8280050583466E
:10CEE000F5FFB58FBA9783C70700D5B7035745003D
:10CEF00014419307F00F17E600001306E673369708
:10CF000042074183139506014181631BE500AD8F04
:10CF1000B29703C50700130515F31335150082807A
:10CF2000850603C5F6FFA98FB29783C70700D9BF4F
:10CF3000EF42FFDAB28736842E86BA86AA853E850E
:10CF4000BA84EFF06FE6634B05002285EFB0D03175
:10CF50002A86A686A2852685EFF00FE56F407FDA48
:10CF6000EF425FD65D712A8BAE8A17E5000013058C
:10CF7000256A2C00B284368ABA893E89EFF04FE4E4
:10CF80002A8459E534104146DA852800EFF0CFE1D4
:10CF90002A843DED8547A303F100A6C293077100E3
:10CFA0002408BEC4A68685470D462C18281002DC2E
:10CFB00002DED6C0BEC6EFF00FDB2A8431E983471C
:10CFC0007102A6860D4693F7F7072300FA00C147C2
:10CFD0003EDE2C188947281026DCA303F100EFF071
:10CFE0008FD82A8415E54146A6854E85EFB0607F2F
:10CFF0008D47A6860D462C182810A303F100EFF0EC
:10D000008FD62A8411E54146A6854A85EFB0607D1A
:10D01000228561616F405FCEEF427FCC97D70000E1
:10D020009387070C984383C7470079712A89AE8498
:10D0300017E500001305455E0C083AC42306F1000D
:10D04000EFF00FD82A8415E514104146CA85080868
:10D05000EFF08FD52A8411ED140815462C00081026
:10D06000EFF08FD42A8411E521462C082685EFB0F5
:10D070004077228545616F40DFC8EF425FC697D792
:10D0800000009387E7059C477971AA842E8417E5F1
:10D0900000001305E5580C083EC6EFF06FD20DE511
:10D0A00014104146A6850808EFF00FD011ED1408C2
:10D0B00011466C000810EFF02FCF19E58347F101FE
:10D0C00093F7F7032300F40045616F409FC3EF42DD
:10D0D0001FC13688A14881470147E546EFF0AFD828
:10D0E0006F403FC2EF42BFBF3688A148814701472A
:10D0F000E546EFF0DF826F40DFC0EF425FBE011117
:10D100002A842E850C0832C6EFF08FCB19E93247FE
:10D1100097E600009386464F1008C1452285EFF040
:10D120003FE105616F40FFBDEF427FBB4111C14749
:10D130002EC032C48A8509463EC23EC6EFF0AFC259
:10D1400041016F401FBCEF429FB94111AE861306EB
:10D150001009AA850A8502C002C202C402C6EFF005
:10D16000AFC441016F40FFB9EF427FB7328797E606
:10D1700000009386664B2E8693050002EFF05FDB7E
:10D180006F403FB8EF42BFB57971C1472ACC2ED06E
:10D1900032D42C080D4628003ECE3ED23ED602C4E4
:10D1A00002C602C802CAEFF00FBC45616F407FB5EE
:10D1B000EF42FFB20111AA842E8417E50000130587
:10D1C00025478A85EFF0CFBF05E514084146A685BF
:10D1D0000A85EFF06FBD09ED8347E1010347F101D7
:10D1E000A207D98FCA07C9836177D98F2310F400AA
:10D1F00005616F401FB105C9EF427FAE9797FF1FD2
:10D200009387079090439795FF1F9385A58F179558
:10D21000FF1F1305E58AEFB080091795FF1F13055F
:10D22000258A6F401FAE1795FF1F13056589828001
:10D230009DC5EF42DFAA9797FF1F9387678C9443A2
:10D2400001112E840A869795FF1F9385A58BEFB059
:10D25000800A0A850294014505616F409FAA7D55A9
:10D260008280EF42DFA7EFB080149797FF1F23A9BA
:10D27000A78817F5FFFF130525F8EF90D0406F4002
:10D280005FA81797FF1F1307E78993171500084337
:10D290003E95FD572310F5008280EF425FA42A845B
:10D2A000084019E16F40FFA51C4158401CC06313A2
:10D2B000E5005CC08347550023200500F99BA302CD
:10D2C000F500EFB0EFF9E9BFEF42DF9F9797FF1F3F
:10D2D0009387478798432A8411CB8347350093F778
:10D2E000070289C7035505008945029713054401C4
:10D2F000EF901013835504000355E400EF20701BDA
:10D30000485809C5EFB0CFF5232A0402130584035A
:10D31000EFF0BFF88144B149EFA0FF9A63C5A402C2
:10D32000834734002320040493F727FCA301F4006F
:10D330000048EFA05F9A1316150081452285EF4043
:10D340001F9D6F407F9BB38734030329040385042B
:10D350003E994A85EFF07FF42304090075BF8347A7
:10D36000350093F7070299E3014582808357E50072
:10D37000E39CB7FEC167FD176316F6000545828082
:10D380000545B9A0EF42BF9593170601C187B28446
:10D390002A8401496359F002835705008DCB01456A
:10D3A0006367F600034584003E953325A600137598
:10D3B000F50F39A81C4813171900BA9783D707002F
:10D3C000E38097FC0509EFA01F91E345A9FE014505
:10D3D0006F403F93EF421F8FAE89AA84EFA07F85F5
:10D3E0002A84EFD0BFAAAA860147130684019705B5
:10D3F0000000938545E91785FF1F1305E572EFA02F
:10D40000AFD52A8921CD8C441304C50022859E0501
:10D4100093F50508EFB00FC5CC4083877400E18118
:10D4200063D1070493E505082285EFB0AFC30D462D
:10D43000938544002285EFB00FC183D50400228577
:10D44000EFB0EFC583D524002285EFB04FC503D6DA
:10D45000490083A509002285EFB0EFBE4A856F40E1
:10D46000BF8993F5F507C9B7EF427F8701112A8479
:10D47000328532C6EFB06FB4EF903F91835704000E
:10D480001797FF1F130787833246231BF10093076B
:10D4900000F8A30DF1001C471843231AA10089834B
:10D4A000858BB307F740B28548083ECE231C0100A8
:10D4B000230D0100EFF01FF205616F409F84EF42E2
:10D4C0007F800041014529CC9304C4002685328920
:10D4D000AE89EFB08FB295452A8A2685035B040199
:10D4E000EFB02FAF2685EFB02FC68D45AA8A2685CF
:10D4F000EFB02FAE2685EFB02FC55C48420A135A15
:10D500000A01D2975CC423186401814763983A01E9
:10D5100046054D81330625419337160013F5F70F65
:10D520006F408FFDEF422FF989692A8BAE8B328ACB
:10D53000B68A81440144314CFD19EFA0CFF863C98C
:10D54000A400EFA04FFB018D33B5AA006F402FFA66
:10D550003389840383270B003E9963170A008347AE
:10D56000890085043E94D1BF03560A00DE854A85B2
:10D5700033F6C900EFF0BFF47DD10545C1BFEF42DE
:10D580000FF601112A847C000355E5003ECAB70757
:10D5900007003ECC7C003ECEEF10303D2A89854509
:10D5A0004808EFB0EFC199454808EFB02FA7AA840B
:10D5B0004A85EF10B03D2380A4009787FF1F938713
:10D5C000E76F9C434166130606F09396870113D7D5
:10D5D0008701558F93D68700F18E558FA207B70626
:10D5E000FF00F58FD98F11462C00138514003EC41F
:10D5F000EFB0201F5008A382040089452285EFF078
:10D60000BFE609C9AA8513058403EFB0EFBB3C4010
:10D6100085073CC005616F40CFEEEF424FECEFA0B5
:10D620008FED2A840504EFA00FEC3305A402F14727
:10D6300091453305F502EF10207B01E565556F40FC
:10D640004FEC9787FF1F23A7A74EEFA0CFEA2A84AE
:10D650000504EFA04FE93305A40289450605EF1044
:10D66000A07869DD9787FF1F23AEA74AEFA0AFE838
:10D670002A840504EFA02FE73304A4029787FF1F35
:10D680002394874AEFA02FE72A84EFA0CFE59307E2
:10D6900014003385A7029787FF1F2398A74897E7B1
:10D6A00000009387A7BC1787FF1F2323F748014576
:10D6B00079B7EF422FE1AA842E8901449789FF1F91
:10D6C0009389C95F130A8006EFA0EFE16345A400C8
:10D6D00001456F406FE23305440383A709024A8680
:10D6E000A6853E95EFF0BFC719E10504F1BF0545DA
:10D6F000CDB7EF424FDCAA8A2E8BB28B368C3A8A9A
:10D70000814401448149978CFF1F938C2C5B130D3E
:10D710008006EFA04FDD63C7A40011E085494E8568
:10D720006F40EFDC3389A40383A70C025E86D685A5
:10D730003E994A85EFF0BFC219CDEFA0CFDB05447B
:10D74000636B4501D2866286DA8513050903EFF023
:10D750007FDD11C1854985046DBFEF42AFD6C1643D
:10D7600041112A8901449789FF1F93892955130A7A
:10D770008006FD1436C632C42EC2EFA0CFD6924525
:10D780002246B2466346A400014541016F40CFD610
:10D790003305440383A709023E9509C68347350034
:10D7A000C18B9DC791C68347350093F707028DC390
:10D7B000630699008357E500639C27010357050022
:10D7C00001CB63E7E50083478500BA97E3CFF5FA1D
:10D7D00005044DB7EF420FCFC1642A8901449789F0
:10D7E000FF1F9389A94D130A8006FD14EFA0AFCF48
:10D7F0006344A4006F404FD03305440383A709025C
:10D800003E958357E500638897006304990063940D
:10D810002701EFF07FAB0504D1BFEF424FC9896903
:10D820002A8AAE8A328BB68B8144178CFF1F130C69
:10D83000EC48930C8006314DFD19EFA0CFCA63C4AC
:10D84000A4006F408FCA3389940383270C02835549
:10D85000CA015A863E994A85EFF07FB005CD814DC9
:10D8600005A03384AD038327090303D60B00D685B7
:10D8700033F6C9003E942285EFF07FC419E5850D8B
:10D88000EFA06FC4E3CFADFC31A02285EFF0FFA085
:10D8900023040400850455B7EF42EFC14169AA8A09
:10D8A000014A178BFF1F130B6B417D19C14B054CB0
:10D8B000EFA06FC36344AA006F406FC39309800653
:10D8C000B3073A0383290B02BE9983D7E900638C1F
:10D8D000270163842A016398570103A4890311E493
:10D8E0004E85EFF0DFC9050AE1B78357040163995C
:10D8F00077079304C4002685EFA03FF085452A8D65
:10D900002685835C0401EFA0DFEC2685EFA0FFFFF6
:10D9100062056185635F05028D452685EFA07FEB7B
:10D9200089452685EFA0FFEA89452685EFA07FEA95
:10D9300085452685EFA03FEB83470500094793F710
:10D94000F7076398E70099452685EFA0DFE9A30272
:10D9500085014848337D2D01231894016A9548C4F8
:10D960000040B5BFEF42AFB737E404008327041D82
:10D9700082979787FF1F83C767211755FF1F1305DE
:10D980006577A300F5008327441C82978327841CB6
:10D9900081461306F00F8145014582976F406FB6AF
:10D9A0001787FF1F1307870E18439785FF1F83C52F
:10D9B000E51D9787FF1F9387E71B83468703034671
:10D9C00097036397D5009787FF1F2381C71C828029
:10D9D00083C587010347A7036317B6009787FF1F17
:10D9E0002386E71A828003C687016317C7009787DB
:10D9F000FF1F238DD718828083C68701130750022B
:10DA00006319D700930760021787FF1F2300F718D9
:10DA1000828083C68701130660026315D6009307D0
:10DA20007002DDB783C7870155BF9787FF1F9387B4
:10DA30006714D44B09476385E608EF424FAA17895C
:10DA4000FF1F130969103E8483470900918B9DCF06
:10DA5000B7E4040083A7041D829783A7441C17859D
:10DA6000FF1F1305E50E829783A7841C8146178646
:10DA7000FF1F0346E60F81450145829721C1834779
:10DA80000900ED9B1787FF1F2300F70C8347040055
:10DA900093F7F70F85C791471787FF1F2326F70EC8
:10DAA000EFF05FECEFF0DFEFB7E70400BC4F41466B
:10DAB00091451785FF1F0345650C82976F406FA442
:10DAC0008280EF42CFA18D4741116304F504C54721
:10DAD0006306F50285476310F5029787FF1F2389C8
:10DAE000A70AB7E70400BC4B930500101785FF1F7A
:10DAF0000345C508829741016F40AFA0854717874E
:10DB0000FF1F2307F708B7E70400BC4B930500206D
:10DB1000F1BF9787FF1F9387E705D44B1147638DAC
:10DB2000E600B7E7040083A7071D8297B7E7040064
:10DB3000BC4B930500045DBF05491787FF1F2325D4
:10DB4000270583C7070032C62E8493F7F70FC5D782
:10DB5000B7E4040083A7041D7D141374F40F8297A7
:10DB6000E37689FCB245994703C61500E3F0C7FC8C
:10DB7000FC4409061785FF1F1305C5018297BC48A1
:10DB8000930500081785FF1F034545FF829779BF5E
:10DB9000EF42EF941787FF1F1307C7FD4047184B4D
:10DBA0001C409786FF1F23ADF6FC6316E400178721
:10DBB000FF1F2329F7FC130584FEEF907FF3035525
:10DBC00064FFEF903FC6EFA0BFE96F408F93EF4235
:10DBD0000F919787FF1F9387E7F9D84BDC4799C3CD
:10DBE000EFF01FFB85471787FF1F232FF7F8978755
:10DBF000FF1F9387A7E99C43930500021785FF1F2A
:10DC00000345C5F783C787031787FF1F2300F7F86E
:10DC1000B7E70400BC4B82976F40AF8E9787FF1F1A
:10DC200023ACA7F48280EF42EF8937E404007C4CF8
:10DC3000A1451785FF1F034565F482977C48A145E0
:10DC40001785FF1F034585F39784FF1F938484F294
:10DC50008297DC4489E7EFF05FDD6F40EF8903D501
:10DC600067FFEF903FBCAA897DD5D84891476310E4
:10DC7000F7027C4C91451785FF1F034525F08297DD
:10DC80007C4891451785FF1F034545EF829703A9FF
:10DC9000490103D409018947B7E904001787FF1F29
:10DCA0002324F7EE83A7091D21044204829783C72A
:10DCB00084011755FF1F1305E54361191757FF1F0F
:10DCC000A30AF74283A7491C418082979787FF1FC9
:10DCD000238007EC83A7C91C814609469375F40F7E
:10DCE0004A85829711E99787FF1F83C7A7FA89C7DB
:10DCF0009750FF1FE78020B2B7E70400BC4F2146D2
:10DD0000A1451785FF1F034565E78297B9B7EF3235
:10DD10001FFD93F7052001112E8481CBEFF03FEB1F
:10DD20001345042005616F30DFFD93F70510A9CB83
:10DD30009784FF1F938404E4DC48EFF07FC61787C5
:10DD4000FF1F1307A7D4184383C784010347870322
:10DD50006316F700DC4499C3EFF09FE3854717870C
:10DD6000FF1F2323F7E2B7E70400BC4B9305000233
:10DD70001785FF1F034585E08297134504105DB7A3
:10DD800093F70508ADC79787FF1F83C7B7E0E9176B
:10DD900019469785FF1F938505E01305D10093F47D
:10DDA000F70F1789FF1F0349E9DEEFA09023939730
:10DDB0000401C1831787FF1F130747DE231DF100EE
:10DDC000231CF1009787FF1F9387C7DA3ACE3ACA20
:10DDD000D8432306010009CBDC439315890154087D
:10DDE0000D46E185680082971345040825BF93F727
:10DDF0002500B1CF9787FF1F9387C7D7D84B894797
:10DE00006306F7029787FF1F83C707D413F727001E
:10DE100011EF918B99CFB7E70400BC4F1306000AAE
:10DE200089451785FF1F034565D582971345240053
:10DE3000D5BD9787FF1F938767C59C4383C787031B
:10DE40001787FF1F2304F7D4EFF0FFDDC5B793F763
:10DE5000050291C7EFF03FDD13450402E1B593F7EA
:10DE6000850091C7EFF0BFD61345840065BD93F7D9
:10DE7000150091C7EFF07FBB1345140065B593F70C
:10DE8000450091C7EFF07FBA1345440061BD93F799
:10DE9000050485C39787FF1F83C7C7CD81CBEFF0EC
:10DEA0007FAC91471787FF1F2320F7CE134504044B
:10DEB00095BD93F705010145E38607E69787FF1FA8
:10DEC000938747CBD84B91476310F7049787FF1F81
:10DED000938787C79C4313D727008583D98F858B6A
:10DEE00091E7B7E7040083A7071D8297B7E704000F
:10DEF000FC4F91451785FF1F034545C8829785470D
:10DF00001787FF1F2322F7C81345040121BD9787F8
:10DF1000FF1F2381A7D88280EF327FDC9787FF1F06
:10DF200023A007C69787FF1F23AE07C48547178422
:10DF3000FF1F1304A4B51787FF1F2327F7C41C4036
:10DF400083C787031787FF1F2302F7C4EF90FFDF04
:10DF500039C19757FF1F23A3A71A1C4017050000BC
:10DF6000130525DB83C787031787FF1F2300F7C22D
:10DF70001757FF1FA300F7189787FF1FA38C07BE33
:10DF8000B7E7040083A7070882979787FF1F2387B7
:10DF9000A7BE6F301FD7B7C7898E938767ED175716
:10DFA000FF1F232DF71455BF1787FF1F034787BC9B
:10DFB000795555E39787FF1F9387C7BB03C71700A2
:10DFC00005079786FF1FA387E6BA03C717008D468C
:10DFD0003377D7029786FF1FA38EE6B883C6170054
:10DFE0001787FF1F130787AA184393F6F60FA9EAAE
:10DFF000834787031787FF1F230AF7B885471787CB
:10E00000FF1F2309F7B69787FF1F9387E7B39C434A
:10E010000145998BA9E3EF329FCC37E404007C489B
:10E02000C1451785FF1F034565B582973C48854567
:10E030001785FF1F034585B4829701456F307FCC5C
:10E0400083C7170085466395F600834797035DB73E
:10E050008347A70345B782809787FF1F83C787B190
:10E06000A1CBEF32DFC737E404009787FF1F23837C
:10E0700007B07C4885451785FF1F034525B082976B
:10E080007C4C91451785FF1F034545AF82977C481F
:10E0900091451785FF1F034565AE82973C48C145F2
:10E0A0001785FF1F034585AD829701456F307FC5FA
:10E0B00079558280EF32BFC22A84035565FFEF9005
:10E0C0006FF69787FF1F9387E7AAD847BE841DEB9B
:10E0D000EFA05F989C48232004008DEB9787FF1FDB
:10E0E00023A287AA9787FF1F23AC87A8B7E704005E
:10E0F000BC4B89451785FF1F034545A882970145FD
:10E100006F303FC0630A87001843D1B780C3978739
:10E11000FF1F23A987A6D9BF7955DDB7EF323FBCD2
:10E120009787FF1F938747B788432326050023243B
:10E1300005005105EF80D02E6F30BFBCEF323FBAE3
:10E140001784FF1F130444B51C40411189CF9C471D
:10E150002302B5002AC61CC1EFF05FFC1C409C4B9B
:10E1600099C33245829741016F30BFB9EF323FB753
:10E170004111444D328532842EC6EFA00FF92AC4D6
:10E180002285EFA0EFF903A84400630C0800B24514
:10E19000835744001840224683D54500AA86268529
:10E1A000029841016F30FFB5EF327FB3404D1DC47F
:10E1B00008C0970500009385E50213054401EF8030
:10E1C00090189787FF1F938727AD9C43014589E7E8
:10E1D0009787FF1F23A287AC6F30BFB27D55EDBF7D
:10E1E000EF32FFAF011168009305F00F02C602C8BD
:10E1F00002CA02CC02CEEFF07FF405616F307FB02F
:10E200009787FF1F938747A99C43D847A1679D071E
:10E210006311F702EF32BFAC01113285EFA0EFEED0
:10E22000230AA10081456800EFF05FF105616F30BE
:10E230005FAD82809787FF1F938707A69C43D847CF
:10E24000A167938777036311F702EF325FA901118A
:10E250003285EFA08FEB230AA10081456800EFF023
:10E26000FFED05616F30FFA982809787FF1F9387BD
:10E27000A7A29C43D8479547631CF702EF323FA6FD
:10E28000011132853284EFA04FE8230AA1002285D4
:10E29000EFA00FE983574400231BA10081453ECC2A
:10E2A0001C4068003ECEEFF07FE905616F307FA52E
:10E2B0008280930785FF89CF8327C5FF91CBDC4BF5
:10E2C00081CBEF32DFA1032585FF82976F307FA3DB
:10E2D0008280EF32DFA02A843285EFA00FE3BD47B2
:10E2E00063EBA70018449377F5000345B700419905
:10E2F0005D8DA305A7006F30DFA0EF325F9E011197
:10E300007C003ECAB70707003ECC7C003ECE5C4D89
:10E310008DCF2A8413858700AE84EF807004A165B9
:10E320002A899D054808EF80FFBD9305803EB345CF
:10E33000B902480893F5F50FEFA0CFD20147814607
:10E340005008A6852285EF807FDC05616F307F9BBA
:10E35000EF32FF98EFF07FFA6F30BF9AEF323F98BD
:10E3600001117C00AE843ECAA165B70707002A846C
:10E370003ECC48087C00938575033ECEEF809FB865
:10E380001C44480883C5B700BD89EFA0AFCD500835
:10E3900001478146A6852285EF805FD705616F30F2
:10E3A0005F96EF32DF932A84AE84EFF09FF2A6856A
:10E3B0002285EFF0BFFA6F30DF94EF325F92EFF01B
:10E3C000FFF96F301F94EF329F910329C50141116E
:10E3D000630409022A843285B284EFA00FD32AC6CF
:10E3E0002685EFA0EFD3832749002A8691C7DC4713
:10E3F00081C7B2452285829741016F309F90EF32ED
:10E400001F8E444D81CC2A843285EFA06FD1DC4031
:10E41000AA8589C79C4799C3228582976F307F8ED2
:10E42000EF325F8A032AC501411163030A062E8970
:10E43000AA84954532853284EF80DFAC85452285FC
:10E44000EFA0CFBDAA89CA852285EFA0EFC283279E
:10E450004A009DC7DC438DC72285EFA0AFBA832752
:10E460004A00104083564400DC437115A307A10005
:10E47000B2961307F1004E86CA852685829701C59C
:10E480002380090031A08345F1002285EFA00FB958
:10E4900041016F307F86EF329F8465711C083EC258
:10E4A000B70780013EC41C0832893EC62A84AE8468
:10E4B000EFF07FF14A85EFA0AFC68357A10089CF67
:10E4C000AA8550002285EFF0BFF501478146500034
:10E4D000A6852285EF809FC359616F309F82EF32FE
:10E4E0006FFE65711C088329C5013EC2B707800114
:10E4F0003EC41C082A84AE8432893EC6EFF03FF049
:10E50000638409024A85EFA0AFC18357A100AA85A1
:10E5100081CF50002285EFF0BFF0014781465000C7
:10E52000A6852285EF809FBE59616F30EFFCEF32E8
:10E530000FFB65711C083EC2B70780013EC42A84E8
:10E540001C0832853EC6AE84EFA08FBD8357A10064
:10E5500089CFAA8550002285EFF09FEC01478146C4
:10E560005000A6852285EF807FBA59616F306FF920
:10E57000EF32EFF6444D91E88347450093B717001B
:10E58000B307F0403E856F30CFF71845FD577DDB70
:10E5900097070000938707032A845CCB9705000048
:10E5A000938565D113858400EF80E05980C00347CF
:10E5B0004400814761FB1777FF1F2321976ED9B76E
:10E5C000EF324FF08329C5014111032985008147AE
:10E5D000638B09080324090191452A8A2285EF806B
:10E5E0007F9285452285EFA06FA38945AA8A22855F
:10E5F000EFA0CFA2AA84EF809F9683A749002A8B21
:10E600009DC79C438DC72285EFA0CF9F83A749005C
:10E61000A306A1001040835644009C431307D10079
:10E62000B296D6851306E1005285829709CD8357AD
:10E630000B002380F400A183A380F40023800A0050
:10E64000A306010029A88357E10022852380F40056
:10E650008345D100A183A380F400EFA02F9C8347C2
:10E66000D100B337F0000347B900920701453D9B45
:10E67000D98FA305F90041016F300FE8EF322FE683
:10E6800041111DE99777FF1F93874761804305C8B4
:10E690000440130984009DC55C4099C79C4B89C701
:10E6A00026852EC68297B2459307803EB385F50234
:10E6B0004A85EF80605521A0404DAA8479F8410138
:10E6C0006F302FE44A85EF80A0555C40EDDBDC4BDA
:10E6D000FDD726858297E5B7EF326FE02A84328531
:10E6E000EFA0AFA2AA852285EFF05FF96F306FE14E
:10E6F000EF32EFDE2A84AE84EFF01FFEA68522857E
:10E70000EFF0BFBF6F30EFDF08413355B50005892B
:10E710008280EF32CFDC1774FF1F1304245A1C5C75
:10E720000111231701008D83858BA303F10083273B
:10E73000040B231801002319010003D7C7013ECAA7
:10E740003C002314E1007D572315E1000357C40268
:10E750003ECC02CE2316E100EF802FE38357E10188
:10E76000231EA10093F707E093E71710231FF10082
:10E770009777FF1F83C7275785C305470145638ADE
:10E78000E7008347840393E727001777FF1F2303DE
:10E79000F75605616F30EFD6814717D70000130792
:10E7A000E70885461306710085454808EF70E04B81
:10E7B0006DF183478403F59B1777FF1F230CF752F6
:10E7C00085471777FF1F2300F752E1B7EF322FCEAF
:10E7D000977DFF1F938D8D4E03A6CD0639712A8933
:10E7E00081478144930600023357F600058B01C729
:10E7F000850493F4F40F8507E398D7FE83A70D0BE8
:10E80000231701022318010203D7C7013EDA3C1087
:10E810002314E1027D572315E10203D7CD023EDC2C
:10E82000231901022316E10202DEEF800FD683577F
:10E83000E103231EA102014593F707E093E71710B8
:10E84000231FF1029777FF1F83C7E749A9EF977747
:10E85000FF1F83C7374A3EC69779FF1F9389094632
:10E860000144014D9D4A054B954B177CFF1F130C2E
:10E870002C4C977CFF1F938C2C4B03DAC905630942
:10E880000A00EA85631459036685EFF0FFE71DC1AE
:10E89000050DA1478909E312FDFE2DE09777FF1FC3
:10E8A00023A60748014521616F302FC46285EFF030
:10E8B000BFE579DD3247B3878400E3F0E7FE9C00D3
:10E8C0001306140006043E9413178A0093578A0017
:10E8D000D98FC207C183A30EF4FCA183230FF4FCDC
:10E8E00003A70D07B317AB01D98F1777FF1F232F8E
:10E8F000F74263047601328461BF15449777FF1FA6
:10E9000083C7473E138717009776FF1F238CE63C8B
:10E9100093161400230EF10017D70000130707F118
:10E92000814785067008CA854818EF700034E347B0
:10E9300005F68347C10105451777FF1FA304F73A82
:10E940009777FF1F2381273BB9BFEF32AFB7011184
:10E95000AA892E84EFD0EF9C2A899774FF1F938495
:10E96000E4356399090A9C5C414793F70703639375
:10E97000E70A1777FF1F03475737894763ECE70814
:10E9800083A7040B231701002318010003D7C70135
:10E990003ECA3C002314E1007D572315E10003D754
:10E9A000C4023ECC231901002316E10002CEEF8001
:10E9B000CFBD231EA100EFC06FCD8357C101230F30
:10E9C000A100914613D78700A207D98F2312F10027
:10E9D0009777FF1F83D7273213D78700A207D98FD6
:10E9E0002313F10017D700001307C7E38147500036
:10E9F00095454808EF70602705889317240003C4E5
:10EA000084036D985D8C9777FF1F2385872E0561A2
:10EA10006F308FAEEF70B0781775FF1F1305052E9E
:10EA2000EF80002083A7040B9775FF1F83D5C52BAC
:10EA300003D5C701EF10E0279777FF1F83C7872B08
:10EA400093F60702014789E61777FF1F0357C72987
:10EA50009776FF1F2392E62A1777FF1F1307C72415
:10EA6000184309CBC18B99C789451775FF1F0355FB
:10EA7000A52702979777FF1F23A807269777FF1FE1
:10EA8000238307269777FF1F23A0072A9777FF1F67
:10EA900023AE07289777FF1F23AC072883D784036B
:10EAA00093F7270C93E717001777FF1F2314F7241A
:10EAB00083572903A18B99C3EF70E03F11C4977767
:10EAC000FF1F23AF0720A1B78D471777FF1F23290B
:10EAD000F720EF902FA59305803EB305B50217757B
:10EAE000FF1F1305A521EF80201215B79777FF1F91
:10EAF0009387C71CD85325C791C99777FF1F2384D5
:10EB0000071E9777FF1F23A307228280EF322F9DD6
:10EB100083C7F70241112EC685071777FF1FA3068B
:10EB2000F71C9777FF1F239AA71C9D471777FF1F96
:10EB30002328F71AEF900F9E2A84EF90AF9DB245DD
:10EB400001E5EF902F9DAA85B305B4401775FF1F0F
:10EB50001305C51AEF80400B41016F308F9A8280F8
:10EB60009777FF1F93878715D85331C7EF322F97B9
:10EB700003C7F70205079776FF1FA388E61611CD96
:10EB80008C5F0D470145898185899776FF1F23A9F1
:10EB9000E614EFF09FDB6F30CF9685479305C044B6
:10EBA0001775FF1F130585151777FF1F232AF71207
:10EBB000EF808005CDB78280EF326F921777FF1F0D
:10EBC000034767128547631EF7009777FF1F9387F8
:10EBD000E70E83C7870393C787001777FF1F230BB1
:10EBE000F7101775FF1F13056511EF806003EF80A5
:10EBF0007FEF99471777FF1F2324F70E9777FF1FA3
:10EC0000A385070E9777FF1F238F070CEF90AF8F19
:10EC1000930740063305F5029777FF1F23A8A70C3B
:10EC20006F302F8E9777FF1F83C7C70CC18B99C793
:10EC3000EF32EF8AEFF0FFAD6F30AF8C6955828015
:10EC40009777FF1F93878707DC5381CBEF322F899C
:10EC50008545EFF09FCF6F30CF8A82801777FF1FF7
:10EC60001307C70501468146BA852148631E060180
:10EC70009DCA2390A60083C7850393E717001777E3
:10EC8000FF1F2309F70605A08357C705631DF5027B
:10EC9000F8598547B397C70093C7F7FFF98F1777E0
:10ECA000FF1F2327F7089C5D9183858B85C7977786
:10ECB000FF1F83C7470399EFEF326F821D45EFF0C7
:10ECC000FFB06F300F8481E699E39306C705050610
:10ECD000090769BF8280EF221FFE8605AA84B30957
:10ECE000B500977AFF1F938A2A04054B977BFF1F75
:10ECF000938BCB03214C639434039777FF1F938747
:10ED0000E7FB9C5F9183858B89CB9777FF1F83C738
:10ED100087FD81E72145EFF07FAB6F205FFD03DAD0
:10ED20000400630B0A041779FF1F130929F9014432
:10ED3000CA8C8357C905639D4703A2855685EFF0AA
:10ED4000BF9C11E5A2855E85EFF01F9C05C903A756
:10ED50004C07B3178B00D98F1777FF1F232AF7FCB7
:10ED600083C78C0393E717001777FF1F2304F7F877
:10ED700005040909E31F84FB8904B5BF231E0904A8
:10ED8000C5BF1777FF1F034707F68547631AF700CC
:10ED9000EF22FFF4EFF05FE2EFF0BF976F207FF616
:10EDA0008280814785451306000293861700B3973A
:10EDB000F500E98F13F7F60F89E7B687E397C6FEEC
:10EDC00001473A858280FD4785457D56B396F5001B
:10EDD00013871700E98E1377F70F89E6FD17E3977E
:10EDE000C7FE01473A85828089E901473A858280DA
:10EDF00001473A8541016F20DFF0EF225FEE4111BC
:10EE00002AC62E852EC4EFF0DFF9A2457D15854771
:10EE1000B397A700E39EF5FC32469377360099C37B
:10EE2000719A11069777FF1F938707E994433E87EE
:10EE30001778FF1F130888E789EA832708009107DE
:10EE4000F19B9776FF1F23A9F6E603258800184358
:10EE5000B307A700B3F7B702B387F540FD15FD8DE3
:10EE600083274800AA95B306B600E3F3F6F8E371EA
:10EE7000D5F82E979777FF1F23AED7E23DDB3A8573
:10EE80008145EF20DFE82A87ADB718419777FF1F4C
:10EE90009387C7E123A4070098C35841D8C3977745
:10EEA000FF1F23AB07E08280EF22DFE1AA84014449
:10EEB0001779FF1F130989E09309400EEF807FD572
:10EEC0006345A40001456F203FE3330534038327E6
:10EED000090B3E958357C501E38797FE0504F9BFEB
:10EEE000EF227FDD9779FF1F938949DD3E84BA8445
:10EEF0008347060003A7090041119D83058B3D8FC1
:10EF000083C74401AE8A2A89F99BD98F238AF400EA
:10EF10001C44B685231204001CC02285328A36C6E2
:10EF2000EF90DF8FB246D2853686EF90900BDC48AB
:10EF300083A509000840858B56869D8DEFD03FCC78
:10EF400061E918407D558347570003476700A207D2
:10EF5000D98FC207C1872394F4006358F00A83C78E
:10EF6000440193F70703B5CBD0489377160003A667
:10EF700009001D8E9777FF1F9387070B9C43ADEB0E
:10EF8000814641A003A70B0093172A00BA971840A7
:10EF90009443834757008345670033F65601A20721
:10EFA000CD8F6311F60283473700034647000347BE
:10EFB0002700A207D18F4207D98FBD82B3F767011F
:10EFC000638AF604050AEF80DFC3420593170A013E
:10EFD0004181C183E3E8A7FA41BFA16A370B020070
:10EFE000014A977BFF1F938B2BDBFD1A7D1BE1BF33
:10EFF00083C7440113070003854693F70703E39192
:10F00000E7F8A2854A85EFD0FFCF41016F203FCEC0
:10F010006155E5BF7955D5BFEF22DFCA9774FF1F51
:10F02000938404B29C40D9EF9777FF1F938787C7DB
:10F030009C436399070CEF80DFBE93078002330582
:10F04000F5028945EFF05FDA41C99777FF1F23ADDD
:10F05000A7D0EF801FBC9307400E3305F502914502
:10F06000EFF09FD835C99777FF1F23A1A7D0EF8076
:10F070005FB201CDEF80FFB191450E05EFF0DFD615
:10F0800021CD9777FF1F23A5A7CEEF801FCB11CDF2
:10F09000EF80BFCAD9473305F5028945EFF0DFD4C9
:10F0A00005CD9777FF1F23AFA7CAEF809FB5914586
:10F0B0000A05EFF07FD30DC19777FF1F23AEA7CCD2
:10F0C000014521A8EF803FC2930780063305F50272
:10F0D0009145EFF07FD101E565556F20FFC197772E
:10F0E000FF1F23ADA7BE0144130A80061779FF1F37
:10F0F0001309C9BCB14AEF801FBF6364A4029C40DE
:10F10000E38407F2EF803FBE9307A0043305F502C6
:10F110008945EFF07FCD69D19777FF1F23A2A7C85C
:10F1200019BFEF805FBB89450605EFF0FFCB4DD5DA
:10F13000B3094403032709024E9708CBEF80BFB8F9
:10F14000330555039145EFF03FCA59D5832709028E
:10F1500005041374F40FCE9788DB71BF9777FF1FF8
:10F160009387C7B5884705898280C167FD176319F2
:10F17000F5009777FF1F938767B403A5070B82807D
:10F18000EF22FFB5EFF05FD26F20BFB7814709C50F
:10F190008347E501B337F0001777FF1F130707B266
:10F1A00018470983058B19C393E727003E858280A2
:10F1B000EF22FFB22A84EFF07FFD8347E401AA85A6
:10F1C0001305940899E3130504039776FF1F9386AC
:10F1D000E6AE944213061502130784021305950444
:10F1E000EFD0CFC06F20FFB1EF22DFAD9774FF1FCC
:10F1F0009384C4AC98442A892E840983058B9C404F
:10F2000019C76314F5006380050E014401A2E3FEF3
:10F21000A7FE1387A702E36AA7FE850763FCA7087A
:10F2200083A9440BEF80FF961316350081454E8568
:10F23000EF20FFAD9777FF1F23A227A99777FF1F26
:10F2400023A007A849CC9C4493E747001777FF1FEA
:10F25000232AF7A69777FF1F238E07AC630F040CB2
:10F260009777FF1F23AC27A501440549EF807F92C4
:10F270006341A40AEF80FF9493050006B3C5A5027D
:10F28000B7F73600938707E81775FF1F1305C5AA60
:10F29000416901449309400E7D19B385F502EF7071
:10F2A000B016EF801F97634FA4080145EF30407000
:10F2B0000544A9A86398A7029DE583A9440BEF80A4
:10F2C0005F8D1316350081454E85EF205FA497773B
:10F2D000FF1F23A5279F9777FF1F23A3079E9C440B
:10F2E000ED9BADB785C51777FF1F0347A7A493070D
:10F2F000F005E3FCE7F021F8EF60F03C6DD19C44B1
:10F3000093E707021777FF1F232EF79A22856F20B6
:10F31000BF9E83A7440B131534003E958357050009
:10F3200081CB8347250099C721468145EF203F9E29
:10F3300005042DBF23012501E5BF9777FF1F23A1FA
:10F3400007980DBF3305340383A7040B3E958357FD
:10F35000C50163842701EFF0BFE5050499B7EF22EB
:10F360001F98EF801F86130400063345A40297748C
:10F37000FF1F9384A49483C784073E951375F50FEC
:10F380009777FF1F2388A79A9307F00563E7A702E3
:10F390000545EF30E061EF80DF823345A402B7F529
:10F3A0003600938505E8B305B5021775FF1F1305F1
:10F3B000A598EF7070056F20DF949C440545898304
:10F3C000858B81CBEF904F8888408145EFF0DFE15E
:10F3D000DDB7EF30E05DC5B7EF22DF8E130495088F
:10F3E0002A8913069005A28513050503EF90603F57
:10F3F0001306900581452285EF207F914A85EF30E5
:10F40000C0548144177AFF1F130A4A8B930A800263
:10F41000EF803F8163C4A4006F201F8E33845403A8
:10F420008327CA0A3E94035704008357C901631710
:10F43000F702834744009DC3930964014546CE8586
:10F4400013055400EF90E039454681454E85EF2085
:10F450001F8C228523020400EF30005785044DBF26
:10F46000EF22FF879767FF1F9387876D9C432A844E
:10F4700091C70DC50355C501EFE00FC29777FF1F78
:10F48000938787BA9C4389CBEFB0DFD0854763155C
:10F49000F5002285EF50C05D6F20BF8641657D1568
:10F4A000E1BFEF22DF831774FF1F13042481444060
:10F4B000938714001777FF1F2324F780EF30605ED7
:10F4C0001C448983858B9DE75840B7E7B00093873C
:10F4D000075063F1E7020145EFF01F9D01CD05459F
:10F4E000EF809FF6084085450505EFF0FFCF014509
:10F4F000EFF01FF726856F20DF80EF22AFFCA164BD
:10F500002A8901449779FF1F93890989FD14338A59
:10F51000A500EF800FEF6344A4006F20EFFD03A769
:10F52000090093172400BA979843658F42074183D7
:10F53000634C2701635A470123800700A38007001B
:10F5400023810700A38107000504E1B7EF222FF60E
:10F5500083594500C547411163F537310441C1E581
:10F5600033853401834785FF034795FF0348B5FF83
:10F57000A207D98F0347A5FFC207220733670701F8
:10F58000D98F0347C5FF0348D5FF2207336707011B
:10F590000348E5FF0345F5FF420722083365A8004D
:10F5A000498FB98F1767FF1F1307C77C1768FF1FA5
:10F5B0001308487E3A85832807006384172B1107B8
:10F5C000E31B07FF1767FF1F1307C77C18431318B8
:10F5D000270042951CC10507A1473367F7029767CB
:10F5E000FF1F23A9E77A93F7350013974700834756
:10F5F0004601C16B368993F7F7FCD98F32842E8A86
:10F60000230AF600814A176CFF1F130C2C6BFD1B9D
:10F61000976CFF1F938CCC52176DFF1F130D4D7805
:10F62000EF802FDF63C7AA00E154268541016F20D8
:10F63000CFEB1308400EB3870A0303280C0BB30D5E
:10F64000F800638E0D2083D7CD01638A772183A7CD
:10F650000C00014B639707169767FF1F938787641A
:10F660009C436390071683C7040003C70D0493F7F8
:10F67000F707631BF71ACA872287CE8626869385EB
:10F680009D0613851D04EFF0BF85631F051883D702
:10F69000CD01032709002320B4012312F400FD57F4
:10F6A0002313F4008347170093F6F7078347D4002A
:10F6B00093F707F8D58FA306F40093F7F707B3374E
:10F6C000F000B307F0402307F400834717009D8341
:10F6D0009396370083474401DD9BD58F230AF400BE
:10F6E0008347370083464700A207D58F834627000C
:10F6F000C206D58F1CC88347770003478700A2073F
:10F70000D98F2315F4000D476304EA00BD5491DF3F
:10F7100093870710C207C1831307B00FBD54E37668
:10F72000F7F0EF800FC98144E31105F09766FF1FE2
:10F7300083C6C666938716001767FF1F2300F76608
:10F740001767FF1F13074765231BD40093972600F5
:10F75000144303578400E175BE96A1671386F7FF33
:10F76000B377C70098426D8FD98F9CC21848F18F2C
:10F770003E07D98F9CC2EF80CFC89767FF1F83C712
:10F78000E76133F5A7029767FF1F2389A76071BD63
:10F790009307A004B308FB0283270D00BE9803D78C
:10F7A000080083D7CD01631DF70083C7040003C79A
:10F7B000880093F7F707630BF70083C7FD019DEB04
:10F7C000050BEF804FD2E345ABFC71BD93859801EB
:10F7D00013859800CA872287CE86268646C6EFF014
:10F7E0002FF0B24879F98347440193E74700230A91
:10F7F000F40071BD83C7040003C7980293F7F707AD
:10F80000E310F7FCCA872287CE8626869385A80355
:10F810001385A802EFF0CFEC45F58347440193E749
:10F820002700230AF400C1B783C7FD018DCB83C72E
:10F83000040003C79D0993F7F7076312F702CA870D
:10F840002287CE86268693852D0C1385AD09EFF091
:10F850002FE911E58347440193E7270049BF850A53
:10F86000C1B3FD54D9B3EF220FC57971835445005C
:10F87000AA8B2E84B28AEF80CFBB590563499504C9
:10F88000B7E4040003A90407EF80AFBA59054205A5
:10F89000418102992A8905CD2AC623180100EF80EB
:10F8A0004FB959052319A100614681452808976978
:10F8B000FF1F9389A9404ACAEF206FC52302810226
:10F8C00003A48900058819E4BC544A8582974561E0
:10F8D0006F20EFC174003008D6855E85EFF01FC73A
:10F8E00065F56800EF807FF1176AFF1F130ACA737E
:10F8F00083270A00AA84035B010189CB89476397A8
:10F90000FA00835501025E85EF5020300355210235
:10F91000EF704FC819E503552102EF708FD43334CF
:10F92000A000931764000344C1022C0868001374FC
:10F93000F4FB5D8C23068102EF60B056E957631437
:10F94000F5028356E1029767FF1F9387E7449C43C4
:10F95000139726006176BA979843718F98C397677B
:10F96000FF1F238DD742831721026345F00085478F
:10F970006396FA00B25793F7070C95E7D247C20493
:10F980000347C102C180BE9426C6231861011377C4
:10F990000703C147631DF70083475102054793F7EB
:10F9A000F7076390E704B7E70400BC5739BF9257E5
:10F9B0000544A18393F7F707E377F4FE15C7834760
:10F9C000C1021307000293F707036397E700EFB044
:10F9D0006FFC8547E319F5FC8347C10293F70703E2
:10F9E00089CFEFB0AFCA21A8EFB08FD7E30985FC6C
:10F9F000EFB04FFAE31985FAD9B7EFB0EFD8AA857F
:10FA000001460545EF707FF82A8451DD8347C10226
:10FA1000414793F707036384E702324783471700A0
:10FA200093F707F8A300F700324792578346170071
:10FA3000A18393F7F707FD17D58FA300F7000356AF
:10FA40000101B245130BC4005A85EF80DFDFE24AA3
:10FA5000130690058347C10283C4EA01918BB384E6
:10FA6000C40213851404569595C35444B3879A0071
:10FA700083C7070403C70600137707F82380E6004F
:10FA8000584483460700D58F2300F700B25703A6DA
:10FA900009008146858B1D8EDA85EFD0EF9B15E935
:10FAA000B25783A50900484413869406858B569661
:10FAB0009D8DEFD0CF9411ED83270A0099EFB257B7
:10FAC000054791838D8B6387E7049DCF0947638941
:10FAD000E7042285EF80DFF8F9B5EFB0AFEB85479B
:10FAE0006309F5008347C102414793F70703E39891
:10FAF000E7FC835521025A85EF40907C69D183173A
:10FB00002102E35EF0FAF1B7EFB08FC57D15133532
:10FB1000150061D1014681452285EF70FFEF55BF89
:10FB2000EFB04FE7E5B7EF228F9B9764FF1F9384F9
:10FB3000641A2685EF809FEB2A8419E16F206F9C61
:10FB40001305C40005468145EFF0FFD12285EF8003
:10FB50003FF1C5B7EF22AF984111AE842A849307D5
:10FB60009503130715019306F10005466C002685E1
:10FB700023060100EFD0CFBE1DEDA68541462285AC
:10FB8000EF8030468347F100930514022685230851
:10FB9000F400EFD06FC805E19767FF1F9387C74850
:10FBA0009C4389EF1306940497C50000938585C88C
:10FBB0002685EFD08FD441016F20AF9413069402B5
:10FBC00097C50000938585C72685EFD00FD379D9D7
:10FBD000DDB7EF222F8F9767FF1F9387E71B8043C7
:10FBE000AE84B289368AAA8AEF80AF8113162500C7
:10FBF00081452285EF20AF919767FF1F2380071A69
:10FC00009767FF1F9387870B03A4070B13F7140055
:10FC10003E89230FE400CE8525C713059408EFF035
:10FC20007FF301C555556F202F8D8947A30FF40031
:10FC30009767FF1F9387473F9C4303278900858071
:10FC400093B7170086072300F402231E5401976719
:10FC5000FF1F23A5470785889377B7FF99C0936750
:10FC600047001767FF1F232FF7042285930700061D
:10FC70001767FF1F2300F70CEFF08FD3014565B71F
:10FC800013050403EFF01FED45D569BFEF222F8563
:10FC9000FD572310F500231105002312050023133F
:10FCA00005001306200481452105EF204F866F20B3
:10FCB0004F85EF222F814111AA8401441769FF1F4C
:10FCC0001309090E9309A0042EC6EF80CF81B24517
:10FCD0006344A40061550DA0330534038327090054
:10FCE0003E9583572500639CB700835705006398B2
:10FCF0009700EFF0BFF9014541016F10FFFF0504C8
:10FD0000E1B7EF123FFC9767FF1F9387A7F99C436A
:10FD10004111AA842E84B28903592500C1C3976773
:10FD2000FF1F83D767FC639B2707EF700F862A8925
:10FD300003D5240093051002B305B40285472302BE
:10FD4000F10093578900A302F10093578500A303A4
:10FD5000F10083D744002304A100254613D7870070
:10FD60002305F10083D76400A304E1004E8513D777
:10FD70008700A305E1002306F10013879500938710
:10FD80009501A105B386B400A6974C0026972303DE
:10FD90002101EFD0EF9C41016F101FF6EF60FFFED5
:10FDA00051BFEF123FF24111AA8401441769FF1FAE
:10FDB000130909FF9309A0043AC636C432C22EC003
:10FDC000EF707FF282451246A24632476344A40098
:10FDD000615599A0B307340303250900AA9703D8F6
:10FDE000070003D5C4016310A80495E91DEE91CA6C
:10FDF00003C6E401930510023306B60225063E96BB
:10FE000090C2014511CB83C6E40113061002B386EC
:10FE1000C602E506B6971CC341016F10FFED03D57E
:10FE20002700E305B5FC050441BF83C5E4011305C4
:10FE30001002B385A502BE9583C585002300B600D8
:10FE40007DB7EF123FE85C4141112A8403DA2700B5
:10FE5000C167FD17AE843289630CFA002685EF80F6
:10FE60007F9A8D4763EDA7007D5541016F10DFE854
:10FE70002E85EF803F999D47E3E2A7FEF5B75C40F2
:10FE8000268583D54700EF809F9083558400268583
:10FE9000EF80FF8F8D452685EF803F8EAA89EFF09A
:10FEA0004FE0935705012380F90093578500A38005
:10FEB000F9002381A9005840C167FD178345A700B9
:10FEC0006314FA0093E505082685EF801F8F976776
:10FED000FF1F938727DD9C430840D9CF8347B40099
:10FEE000858BD9CB78003400130671008145EFF083
:10FEF0005FEB1DC98347B400184093069005F99B3A
:10FF0000A305F4008347E701B387D702B306F700E0
:10FF100083C60604A303D10093861704938797062C
:10FF2000BA96BA9736C43EC61764FF1F130404D9A5
:10FF30001C440C4026858983858B9D8D83477100E9
:10FF40009E05DD8D93F5F50FEF803F871C44104033
:10FF500022458983858BCA861D8EA685EFC0DFCF9B
:10FF6000E31505F01C440C40324689838840858B9C
:10FF70009D8DEFC0DFC8D5BD8347B4001307900542
:10FF8000F99BA305F4008347E501B387E702330734
:10FF9000F50003470704A303E100138717049387C1
:10FFA00097062A973E953AC42AC6BDBFEF129FD145
:10FFB000032A45009307F00FAA840347AA00AE89DD
:10FFC000328436896316F700EFB06FAB2305AA00C1
:10FFD000938AC9000146D6852685EFF09FE62A8AD6
:10FFE00021E51767FF1F130727041843DC4039C3B7
:10FFF00083C6A7000547638FE60283D54700568571
:020000040001F9
:10000000EF40102C05C9DC40839747006354F00291
:1000100001CC1C4089C74A868145014582975C40D6
:1000200081C7CA85014582974E85EF807FA352859F
:100030006F109FCCDC4003D54700EF60BFD501E9CE
:10004000DC4003D54700EF60DFE181471DCD19C4D7
:100050001C4089C74A868145014582974E85EF80BD
:100060007F9FAA851765FF1F1305C5C6EF80DF9523
:1000700011C45C4081C7CA85014582971765FF1F7F
:10008000130585C4EF60F0368547D84085460346A2
:10009000A700E30BD6F8031747006353E000C9F746
:1000A0004A86A2854E85EF703F97BDBFEF129FC174
:1000B000AA8401441769FF1F130989CE9309A0047C
:1000C000130A9508EF703FC26344A400014535A0B0
:1000D00033053403832709003E958357250099E3B0
:1000E0000504CDB70357050083D7C401E31AF7FE13
:1000F00052868545EFF0FFC065D56F10FFBFEF1248
:100100007FBCAA8401441769FF1F130969C99309B9
:10011000A004EF705FBD6344A4006F10FFBD330502
:100120003403832709003E958357250081CF8357E9
:1001300005006399970093059502130610022105A7
:10014000EF80206A0504F1B7EF127FB90347E5019C
:100150002A848347F5016307B70089E781452E8527
:100160006F103FBA230FB400054781C9E398E7FE3B
:100170008947A30FF4008545DDB7638BE702094784
:10018000E39FE7FC2285EFF02FA59767FF1F93877A
:1001900067B19C4399E79767FF1F9387679A9C43D2
:1001A00089C70355C401EFF09FF5A30F0400E1B721
:1001B00055D6C9BFEF121FB1EFA0FFEE85476312FE
:1001C000F508EF80EFCC1764FF1F1304E4E51C4033
:1001D00081CBEFA03FFC89476304F5001C40829768
:1001E0009767FF1F938707AC9C43B9CF82979767A8
:1001F000FF1F9387E7949C4391C382971764FF1F67
:100200001304C4AB8327040B83D4C701EF60FFB78B
:100210008327040BAA85144003C6E7011C44898385
:10022000858B99C31366260026854169EF40C03D42
:100230008144D9497D19EF705FB063CAA4006F1083
:10024000BFABEF800FCA41B7EF705F884DB7B38780
:1002500034030327840ABA9703D5270063082501CE
:1002600003C6470183D50700EF40A03B8504E1B7F3
:10027000EF125FA501449764FF1F938424A4130920
:10028000400EFD59EF70FF98634FA404014497643A
:10029000FF1F9384A4A213098002FD59EF707F9879
:1002A000634CA40401449764FF1F938424A159491B
:1002B000FD59EF709FA8634AA40497F5FFFF93854B
:1002C000450A1765FF1F130525A7EF60D00797059F
:1002D0000000938585851765FF1F1305E59EEF6078
:1002E00050056F107FA13307240383A7040B050477
:1002F000BA97239E370179B73307240383A7C40A2B
:100300000504BA972390370151BF3307240383A70D
:10031000840A0504BA972391370161BFD44103874A
:10032000350085473356F5026377E600A54899E71F
:10033000238006008280B387E702EDB73358F502C9
:10034000038735003375F502B3D7E70213070003BF
:1003500063DA080103C6050013077003118A19E266
:100360001307700585064297A38FE6FEC9B71845A7
:100370001C416376F7005C41BA972380B7001C45A7
:1003800085071CC58280EF129F954111AA872E8593
:10039000B285368636C6829763480500B246158D0B
:1003A0003335A0003305A04041016F109F95EF1237
:1003B0007F91056941112A8A232006000144814961
:1003C000976AFF1F938A4AA0056B7D1932C62EC417
:1003D000EF703F85AA84EF70DF832695A2453246F1
:1003E0006346A4004E8541016F101F9103A70A00C8
:1003F00093171400BA9703D707003377670101E713
:100400001CC20504E1B703D707009356D700858ABD
:10041000E39946FF33772701E315B7FEBE89D5B7C9
:10042000EF12FF8B01112EC6B2843689EFB02FEE8A
:100430002A84615501C8B24589E9232E040023208E
:100440000402014505616F10DF8BA1463008CA85A3
:100450002685EFF05FF37DF5835781010357A101F6
:10046000231EF4008357C1012310E4022311F40278
:100470008357E101D207D1832312F4028357E101AC
:100480001397370163560700FD57231FF4005DBF24
:10049000231F040045BFEF12FF821764FF1F1304E0
:1004A000E4818327040B03D7C701C167FD17630EDF
:1004B000F7109767FF1F938767B79C4381C7054570
:1004C000EF406077C1690149930A400EFD19176B2F
:1004D000FF1F130B6BB5EF70CFF3634BA90E1767BC
:1004E000FF1F034727859307F00563E4E702EF70DA
:1004F0004FED93050006B3C5A502B7F73600938705
:1005000007E81765FF1F13052583B385F502EF6024
:10051000A06F81451705000013058520EF60DFF807
:10052000EFB0EFDE01CD0357C50109CB0357E5015D
:1005300011C78347050299C3EF60A06BEFB06FDE70
:1005400031C51767FF1F0347A78B9767FF1F938767
:10055000278B0DCF03C717002304E50003C727002F
:10056000A304E50003C737002305E50003C74700E0
:10057000A305E50003C757002306E50003C767008E
:1005800083C77700A306E5002307F5001C4493E723
:1005900017001757FF1F2327F7725C4085E7EF709E
:1005A0008FEF0DC1EF702FEF44402A89EF70AFEE4F
:1005B00033F5A4025C40FD17CA97898F1757FF1FB8
:1005C0002320F7700145EF70DF9F01456F10CFF2D8
:1005D000B30459038327040BBE9483D7C4016388F3
:1005E0003703138A0403D2855285EFF0AFD605E1B5
:1005F00083C7F40199CF938594082E85EFF08FD5AA
:1006000009C91306900581455285EF104FF0050981
:10061000D9B583270B00268593B71700860723805B
:10062000F402EFE0FFB8E5B7854763F8A70093074A
:10063000F5FFBE953305A040E98D2E858280984157
:10064000C167BA9713D707016304A7009CC18280D2
:100650004207998FE5BFEF128FE841112EC6328411
:10066000B684EFB00FCCE15701C9B24591E9975775
:10067000FF1F2387077881473E8541016F106FE890
:100680009D461756FF1F1306B677A6852285EFF005
:100690009FCFAA8775F105479756FF1F2382E676FD
:1006A000E1BFEF122FE2411191E99757FF1F23A9F4
:1006B00007600144228541016F100FE4B685328541
:1006C0008D467000EFF03FCC2A846DF58347D10052
:1006D0000347E1001759FF1F1309495EA2074207AC
:1006E000D98F0347C100D98F1757FF1F232AF75C03
:1006F000EF706FDA61D1EF700FDA83244900AA89B5
:10070000EF706FD933F5A40283274900FD17CE9708
:10071000898F1757FF1F2325F75A69BFEF122FDC68
:100720001C45AA8491CFD84B01CF83D7470089CBF2
:10073000EF601F92AA8509C588446105EF60C04C2F
:100740009757FF1F938707569C43014489EF6F100B
:100750004FDB9C4813171400BA9703D5070019C143
:10076000EFE0CFCF0504EF70CFC7E344A4FEC5B7D9
:10077000EF12EFD6011185E9EF605FDA0144975778
:10078000FF1F23A9075C9757FF1F23A7075C9757F5
:10079000FF1F23A5075C9757FF1F23A3075C228534
:1007A00005616F100FD6B6873285C9467000BE85C9
:1007B000EFF07FBD2A8465F541469305E1001755AA
:1007C000FF1F13052559EF80C0010355C100EF60DD
:1007D0008FD7F1B78DE19757FF1F23A1074E97578A
:1007E000FF1F9387A74D9C470145ED9B1757FF1FA0
:1007F000232AF74C8280EF128FCE4111B6853285C5
:1008000095463000EFF03FB815EDA2471757FF1F90
:100810002326F74A9757FF1F9387474A9447B247C3
:1008200013F7B6FF13F6170019C213E746008583C6
:1008300093F7F7079756FF1F23A6E6481757FF1FA2
:10084000230AF74E41016F10CFCBEF12AFC70384DD
:100850001500DC412A89AE8485070387F7FF19C399
:100860006340800C8387240091C7635580007D140A
:10087000620461849C40370700FF0907F98F37073E
:10088000001009076392E70A635580007914620437
:10089000618483C70400858B95E39379F40F4E8AB6
:1008A00093178A01E187634AF008A2876353040023
:1008B00081473384F9407D14620461848385240078
:1008C00081C54A85EFF0BFAA9C40370700FF0907A2
:1008D000F98F370700100907639AE70693050003AD
:1008E0004A85EFF0DFA883C7040093058005918B4C
:1008F00099E3930580074A85EFF07FA783C704003B
:10090000858B81CB1374F40F93178401E1876347C0
:10091000F004C04005048305F4FFA1E96F10CFBDCA
:100920007D14620461840DBF370700080907E39254
:10093000E7F6E35080F67D1499BF930500024A85DF
:100940007D1AEFF0DFA2137AFA0F99BF370700087C
:100950000907E395E7FA9305000371BF93050003C8
:100960004A85EFF0DFA07D1471BF4A85EFF03FA00C
:1009700055B7EF12CFB6EF70CFAA2A84EF706FA9E8
:10098000229589450605EFE02FC6E55711C5975713
:10099000FF1F23ABA74281473E856F108FB6930799
:1009A00000026306F5005D1513355500828005458C
:1009B0008280EF122FB14111AA892A8913041900EC
:1009C0008304F4FF32C62EC42685EFF05FFDA245F6
:1009D000324659E19307D0026392F408830404007D
:1009E0000548130429009377F6FEC9E7930700032F
:1009F000639FF40E830704001307800593F7F7FD48
:100A00006399E7068304140041460904B706008091
:100A10006314080093C6F6FFB3FEC6028147254F54
:100A2000654EFD5F33D3C602138704FD6368EF068E
:100A3000BA8463D5C408630DF5017D55636AF3007C
:100A40006394670063C69E000545B307F602A69748
:100A500005048304F4FFC9BF22898DB79307B00250
:100A60000148E392F4F8830404002A88130429005F
:100A70009DBF01CA8947E31BF6F893070003E3977C
:100A8000F4F8830704001307200493F7F7FD639B32
:100A9000E70483041400094609048DBF13E7040228
:100AA0001307F7F9636CEE009388F4FB13077003E8
:100AB00063741E0113077005998CA5BF7D576300F1
:100AC000E50263040800B307F04091C519C193091A
:100AD000F4FF23A035013E8541016F10EFA1B687D9
:100AE000FDF5D5BF9304000315F2214605B719FEA5
:100AF000294629BFEF120F9D011161540DC53284A3
:100B0000AE89414681453689EFF0BFEA931405016D
:100B1000C180639E09002685EF30102B014401C57A
:100B20008145EF205016228505616F10EF9C2285CC
:100B3000CD467000CA85EFF01F852A846DF52685A5
:100B4000EF30902809E90356C1008345E10126856D
:100B5000EF20500B01C941469305E1001105EF70EC
:100B60005048D1B75D54C1B7EF12CF950111E15490
:100B700001CDB284AE89414681453689EFF07FE3ED
:100B80002A84639709008144268505616F10CF96FA
:100B90002685D1467000CA85EFF0EFFEAA846DF578
:100BA0008357C100EDD3EF700F8E420593170401F8
:100BB0004181C18363F9A702EFB08FB64204E147D8
:100BC00041803304F40241460C082A941305440082
:100BD000EF7030418357E1002311F4008357C100C7
:100BE0002310F40055B7E55445B7EF12AF8D797176
:100BF000E15415C53284AE8941468145B684EFF093
:100C00005FDB1319050113590901639E09004A8529
:100C1000EF401065814401C58145EFB02FB12685B5
:100C200045616F106F8DA685930630027000228596
:100C3000EFF06FF5AA8465F54A85EF4070622A846B
:100C400011E54A85EFB04F8C2A8431C58357C10026
:100C500023112401930964002310F4008347E10069
:100C60009305F10041462302F4004E85EF70703782
:100C70001309740141469305F1014A85EF707036FE
:100C8000930554004E85EFC04FBF930564014A851C
:100C9000EFC0AFBE69B7DD5459B7EF12AF827971BB
:100CA00011E5E154268545616F100F85B284AE8948
:100CB000414681453689EFF0DFCF131A0501135AFB
:100CC0000A015285EFE06FCA2A846398090071D93E
:100CD0008145EFB02FB48144F1B726859306100209
:100CE0007000CA85EFF02FEAAA844DFD31C8B247E3
:100CF0009305D1004146858B230FF400B2471305BD
:100D00000403858393F7F707A30FF400EF70702DAA
:100D100041469305D10113059408EF70902C59B703
:100D20003304690383A70A0B3E948357C40163838A
:100D300037030509EF60FFEDE344A9FEDD549DB7DD
:100D4000C1690149975AFF1F938A4AF7130B400E56
:100D5000FD19CDB7231E440159BF49CDEF029FF6BF
:100D60004111B289AE8441468145368AEFF07FC495
:100D7000931A050193DA0A010149175BFF1F130B50
:100D8000EBF3EF601FE1634AA9000145ADCC81445C
:100D90001759FF1F130989F281A883274B0B1314DE
:100DA00039003E9483570400638857050509D1BF75
:100DB0008327490B139434003E948357040085E73E
:100DC0002310540191467000D2854E85EFF0AFDBC1
:100DD0001DE9B24713978700E1832183858B58C0B3
:100DE0002301F4000DA08504EF60BFDAE3C2A4FC88
:100DF0005D5511A861558280F1F421468145228517
:100E0000EF00FFF0014541016F001FEF1971D2C4DF
:100E1000130AC10686CEA2CCA6CACAC8CEC6D6C2FE
:100E2000B6D6BAD8BEDAC2DCC6DE52C463810524A7
:100E3000FD151C102ACC2ECA02CE3EC89304B00267
:100E40001549A94983050600130416009DE1F246E1
:100E50005247E24763FBE620B697238007007245BE
:100E6000F6406644D6444649B649264A964A096140
:100E70008280930750026386F5004808EFF02FCF79
:100E8000F5A88357C10023070100014593F7C70F59
:100E90002316F10081450148014701468146930828
:100EA000D00213030003130E300205048307F4FF7E
:100EB00099C7638C970463C3F404638BC70501CAA5
:100EC0000346C100858A799AD18E2306D100630931
:100ED00008008346C100098BF59A558F2306E1006F
:100EE00019C12307B100138707FD1377F70FA54634
:100EF00063E2E6068146A545294535A0E38717FB51
:100F0000E39F67FA0546FD564DB70545854571BF18
:100F100005487D5759BFB386A60205048307F4FF31
:100F2000BA96E206E18613F7F70F130607FD13766C
:100F3000F60F63E5C500138707FDF1BF1306F7F948
:100F40001376F60F636EC902138797FAE30537FD30
:100F5000A306D100130790066385E704634BF706E9
:100F6000130780056384E70A6345F702E38107EE10
:100F70001307500293055002E381E7F02286D9B5AA
:100F80001307F7FB1377F70FE364E9FC138797FC6C
:100F900075BF130730066386E70A13074006E39F11
:100FA000E7FC03250A00A947A307F100930A4A00BA
:100FB000635805009307D0023305A0402307F100D2
:100FC0006C00EFF0AFB56C004808EFF01F88568A50
:100FD00075B713073007638EE7066341F7021307FF
:100FE000F006638EE70413070007E399E7F8034769
:100FF000C100136727002306E10009A81307500763
:10100000638BE70213078007E39AE7F6938787FA73
:10101000414793B71700A307E100139727008347C1
:10102000C100ED9BD98F2306F100930A4A006C00A2
:1010300003250A0079B7A947A307F100FDB7A14727
:10104000E5BF83050A004808930A4A00EFF02FB273
:10105000BDBF83270A006C0048083EC8EFF0EFFED2
:101060001C10930A4A003EC89DB7BA97FDB30145CC
:10107000C5BBEF02DFC62A88368583464800BA879B
:1010800003475800A206D98E328717A60000130620
:10109000267D89E517A600001306467DBE85EFF084
:1010A000FFD66F001FC69757FF1F9387E7D49C4357
:1010B00081CFEF02DFC2D843B2862E861847AA85B9
:1010C0003E8502976F00FFC361558280EF023FC1EA
:1010D0008357050039712A84231EF1008347450098
:1010E0009305650041461305F101230FF100EF70F0
:1010F000406F9305740141461305F102EF70606E75
:101100008356240017A600001306867EE5450A854F
:10111000EFF0DFCF6C08130630020A85EFF0BFF85E
:1011200021616F001FBEEF029FBB39712A849305B6
:10113000050341461305D101EF70A06A9305940899
:1011400041461305D102EF70C0698347E4010347AC
:10115000F4018356C401858B0607D98F17A60000BA
:101160001306C679E5450A85230EF100EFF01FCA84
:101170006C08130610020A85EFF0FFF221616F0080
:101180005FB8EF023FB437040001B70400FF01115C
:10119000814A1759FF1F130969B27D149389F4FF1F
:1011A00017AA0000130A0A7AEF60BF9E63C5AA005F
:1011B00005616F007FB48327490B13973A003E9770
:1011C0008347370095CF5C43A30107005286B3F6EF
:1011D00087008247E5454800E58FD58F3EC08346AE
:1011E0002700B3F73701858AE206D58F83560700BB
:1011F0003EC0EFF0BFC111468A854800EFF0BFEA5C
:10120000850A5DB7EF02BFAD01468145EFF0BFE94A
:101210006F003FAF83576500638E071A1D71A2CC24
:10122000A6CACAC886CECEC6D2C4D6C2DAC05EDED0
:10123000801013F717003289AA8431CBF99B23134E
:10124000F500EF601F9906053D0541990A8BC16ABB
:101250003301A1408A8B8149014AFD1AEF607F97D3
:10126000634CAA0C7947930604FB17A600001306EB
:10127000666CCA852685EFF0DFDF638F090C139655
:101280001900DE85130504FBEFF0FFE15A8183D7D7
:10129000640013F7270021CBF59B2393F400EF6044
:1012A0005F9406053D0541998A8A3301A1400A8B66
:1012B0008149014AEF60FF926345AA0A6547930698
:1012C00004FB17A6000013066667CA852685EFF0A3
:1012D0005FDA6387090A13961900DA85130504FBA0
:1012E000EFF07FDC568183D7640013F7470005CB0E
:1012F000ED9B2393F4006547930604FB17A60000BB
:1013000013060664CA852685EFF0BFD69C4481C7C4
:1013100003D747003DEB130504FBEFF0BFEE1301CD
:1013200004FAF6406644D6444649B649264A964AE7
:10133000064BF25B25618280DC4413171A00BA97D2
:1013400003D707006308570193971900DE9723908E
:10135000E7008509050A19B7130504FBEFF09FEABA
:1013600035B79C4813171A00BA9703D7070019C757
:1013700093971900DA972390E7008509050A1DBFA6
:10138000130504FBEFF01FE8B1BF2314E4FA03D701
:1013900067008326C4FA2146520751832315E4FAD5
:1013A000370700F0758F9447930584FA130504FB03
:1013B00092069182558F2326E4FA83C7770013F7AC
:1013C00007018347F4FABD9BD98FA307F4FAEFF026
:1013D0009FCDB1B78280EF021F8E1754FF1F1304F9
:1013E000E48D0444797193F7F4FB1757FF1F232B07
:1013F000F78C93F70404A1C78588A1E097A90000A2
:1014000093894954EF60EFF863DBA4028327440B10
:10141000139934003E998356090091CE4E86E545D6
:101420004808EFF0BF9E4808EFF0DFDD2146814518
:101430004A85EF00DF8D8504F1B7EFF09FD41C449F
:1014400013F7F7F79756FF1F23AEE68693F70708C3
:101450006397071E1C4413F7F7EF9756FF1F23A34C
:10146000E68613F707106318071E18449377F7DF13
:101470009756FF1F23A8F6849376072095C6058B01
:10148000630A072018408983858B3ACA034784077B
:1014900015464C080607D98F17A5000013054547C8
:1014A000230CF100EFF03FC01C4413F7F7BF975631
:1014B000FF1F23A9E68093F707408DC3835744009D
:1014C0000D464C08231AF1008357640017A500004D
:1014D00013054544230BF100EFF0FFBC1844FD74E5
:1014E0009387F47FF98F9746FF1F23ADF67C931700
:1014F000470163DF0700EFA08FE119C98356C501DB
:101500006391061A17A5000013054541EFF09FCF20
:101510001C447D777D177D8F9746FF1F23A4E67AB5
:1015200013973701635A0702858B6388071CEFA066
:101530004FDF1DC118458347E5001D463ACA0357D2
:10154000C5004C0817A500001305C53D231CE1008C
:10155000230DF100EFF03FB51844F977FD17F98F2F
:101560009746FF1F23A0F6769317270163D907003C
:10157000814517050000130525CAEF50FFF21844F6
:10158000E177FD17F98F9746FF1F23ADF67293178A
:10159000070163D30702EFA0BF982A84814417A9EB
:1015A00000001309A938EF600FEE9397040142057C
:1015B000C183418163EAA71445616F004FF383A79C
:1015C0000A0093141900BE9483D7040033F767010F
:1015D0001DCF1396170133F77701B3F63701635226
:1015E000060417A600001306A63009E717A6000098
:1015F0001306C630E5454808EFF05F814808EFF074
:101600007FC083D70400B3F747012390F400050996
:10161000EF602FE1AA84EF60CFDF2695E341A9FABE
:1016200015BD368519C7EF40A04361DDEFF01FAA55
:10163000C9BFEFD09FB371D5EFF0FFAED9B78569C1
:101640007D7A0149974AFF1F938A0A78056B896B57
:10165000FD197D1A75BF858B9DC7EF500FF3231AB7
:10166000A10041469745FF1F9385C56E1305610193
:10167000EF70201749464C0817A500001305C52830
:10168000EFF07FA2DDB317A500001305E527EFF00B
:101690007FB7E1BB17A5000013058527EFF09FB6C4
:1016A00021B50357E501C17785073E978357A1010F
:1016B000FD14133717003207E58FD98F231DF10072
:1016C000231AD10083560502035725022146231B06
:1016D000D100231CE100035745028566FD16758F76
:1016E000FD76F58FD98F4C0817A50000130505234B
:1016F000231DF100EFF03F9B21BD17A5000013054E
:101700006522EFF03FB089BD5C4813F7E7FF58C88A
:10171000858B89CFA6864A86C9450A85EFF00FEFEB
:101720008357040099E70A85EFF0DFAD8504610473
:101730009DBD231AF10083572400930544004146C0
:101740002808231BF100EF70C00951464C080A8598
:10175000EFF07F95E1BFEF028FD885473395A70063
:101760009747FF1F938787559C47411181455D8DA2
:101770009747FF1F23A8A7549377057085E39357D6
:101780006500858BA1CBC167938707887D8D05EDAB
:10179000EF606FD19305803EB305B5021745FF1F7B
:1017A0001305C5622EC6EF50A03BB24519C163496F
:1017B000B50085C51745FF1F13054561EF50C044AF
:1017C00041016F000FD4EF600FCE2A84EF60AFCEDF
:1017D000E360A4FCEF602FCE75BF0145EFF0BFBF03
:1017E000C5B7EF02CFCF7971AA8601441749FF1F11
:1017F0001309C94C36C6EF60CFB9B246635CA40288
:101800008327490B93143400BE9483D70400639656
:10181000D70285C617A600001306C612E54548087C
:10182000EFF0CFDE4808EFF0FF9D21468145268589
:10183000EF00EFCD45616F00CFCC050465BF19C245
:1018400023200600814701C59306D00389E53E8524
:10185000828085050505838705000307050099CF6C
:101860006394E700E397D7FE8147D5B79306D0038B
:101870008547E30ED7FC93371700D1BF9307F002DB
:10188000E316F7FE854761D6050508C2C9B799C1B9
:1018900023A0050081470DC11308D0031306F002F1
:1018A0003307F5008306070081CA63870601639743
:1018B000C60099C1050798C13E8582808507CDB7CE
:1018C00031C9EF024FBF41112E8A6C002A89368B35
:1018D000B28A97A400009384A4FAEFF05FFB2A8CED
:1018E0000144A689B14B88406286CA85EF70E01832
:1018F00001ED0E044E945C403245DA865686D28560
:10190000829741016F00AFBE0504A104E31D74FD81
:101910006155C5BF7D55828099E5615582806155CD
:1019200005616F006FBDEF02EFB92E8A2A840111A5
:101930008145B28452854146BA893689EFF06F8776
:1019400093150501C1811376F50FA1812285EF5012
:101950007FB12A8469D552854C08EFF05FF3524A73
:101960002A8BE30E0AFA2A8697A50000938585FC48
:101970005285EF708010AA8A0DED7D5AEF606FA539
:1019800063C5AA0099E8014561BF5C4413971A003A
:10199000850ABA9723904701D5B74C442EC6EF600D
:1019A0004FA3B245131615004E850299E34DA0FCD6
:1019B00085BF5A8697A50000938545F85285EF703C
:1019C000C00B0DE1032A0401EF60AFA1131615004F
:1019D00081455285EF00AFB3DDD40C482EC6EF60D1
:1019E0004FA0C1B75A8697A50000938565F552852B
:1019F000EF70A00841E11C44A5CF81ECD443370728
:101A000000E0758F9447D8C33707001F758F98C7BC
:101A100001BFA1463008CE854A85EFE0DF96E3118D
:101A200005F01844835781017D762312F700835710
:101A3000A1019396470183576700D182F18FD58F1B
:101A4000F2467D767D16F182858AB206F18FD58FBA
:101A50002313F7008347E1018356C1012305F700F3
:101A60008347B7002314D700FD8BA305F7004DBDB6
:101A70007D557DB55A8697A500009385E5DF528593
:101A8000EF60B07FE31D05E81C4CE38A07E89C4348
:101A9000E38707E8CE864A86A6852285829749B5E0
:101AA000EF02EFA33687B2862E86AA850545EFF0B2
:101AB000BFE66F000FA5EF028FA23687B2862E8693
:101AC000AA850145EFF05FE56F00AFA3EF028F9F9E
:101AD000411199C123A005009747FF1F9387C73085
:101AE000804381441DC82E89AA8931141DC40C402D
:101AF00070004E85EFF0BFD419CD81E8A284630C4D
:101B00000900B2472320F90039A08C400840014663
:101B1000EFF0FFD265F5404869F8268541016F0076
:101B2000AF9D184111CBEF028F9BAE873E85B285EA
:101B3000368602976F00EF9C35558280EF022F9A10
:101B40008357C50013D70501C205B387E7021841C3
:101B5000C1814849BA95BE95EFF0BFFC6F006F9AFE
:101B6000584111CBEF02AF97AE873E85B2853686DE
:101B700002976F000F9935558280184509CBEF0207
:101B80000F96AE873E85B28502976F008F973555C9
:101B900082805C4599C7EF028F942E8582976F00F3
:101BA0004F9635558280EF02EF9183290500035A45
:101BB000C5002A844849AE848145EFF09FFD2A89FB
:101BC0000DE193D50401B38545030356C40048488D
:101BD000CE95EFF09FFA2A8909E548488545EFF050
:101BE0005FFB4A856F004F91EF02CF8D2A89044138
:101BF000035BC500484979712E848145B28A368AD3
:101C0000EFF03FF941E193590401B38969034204BC
:101C100041802694A299034409013304804033741F
:101C2000440111CC03254901A2865686CE85EFF0EA
:101C30003FF3AA8431E1330A8A40A299A29A8144EF
:101C4000630C0A025286D685080803244901EF6016
:101C50005039834609011C089305F00F338646412D
:101C60003385470136C6EF008F8AB2461008CE850D
:101C70002285EFF0FFEEAA84032549018545EFF0A8
:101C80005FF1268545616F002F87EF024F852E8615
:101C90004C41A1462A84EFF03FF5AA840345040194
:101CA000A145EFE07F985C403385A74048C026857A
:101CB0006F002F85814797A60000938666B96393CE
:101CC000C70082803387F500034707008507398DF9
:101CD000135745003697034707001205398D1375D2
:101CE000F50F135745003697034707001205398D46
:101CF0001375F50FE9B7EFF29EFE2A84AA851D46FB
:101D00001305F00FEFF01FFB834774003385A740E6
:101D10003335A0006FF0FEFEEFF27EFC4111A146CC
:101D20003000EFF0BFE109ED03578100C167FD17F7
:101D300005456317F7002800EFF0FFFB3335A000DF
:101D400041016FF01EFCEFF2FEF7AE848C414111B1
:101D5000A1462A8903440501EFF05FDEAA8939E92B
:101D6000A1452285EFE05F8C9C400357C9002A8A79
:101D7000AA97939607019CC0C182098F639CE602D3
:101D8000C16513D70701B385B74011E78355E90053
:101D9000FD15C205BE958CC0A1460A864A85EFF0A6
:101DA000FFD9AA8901E90A85EFF0FFF401C9832769
:101DB00049009CC04E8541016FF01EF40357C900D5
:101DC0008357210080403307474163DBE70033FA44
:101DD000470363170A004177798C3E9480C0D9BFCE
:101DE00003450901A145417AEFE01F84098CAA8AC5
:101DF00080C0337A4401417B63648A0081495DBFBE
:101E0000A1463000A2854A85EFF05FD3AA895DF133
:101E10002800EFF05FEE11E98357A1000357C100DE
:101E2000337A6A0180C0BA973E9A33045441E9B7C5
:101E3000EFF2FEEA2A84AA851D461305F00FEFF0A3
:101E40007FE7A303A4006FF0DEEBEFF2DEE62A8467
:101E5000034505015D71A145EFE00FFD5C402A8B54
:101E60000355E4004179B3F727016C003EC6EFE06B
:101E70000FFD8355C400B247A1463008BE95B38517
:101E8000654122852EC8EFF07FCBAA84634B050005
:101E90002808EFF05FE611C9B2452285EFF0BFD008
:101EA000AA84268561616FF09EE4C2470357A101B1
:101EB000417C338B6741B3F72701BA973EC81010B6
:101EC0000C082285C24BEFF01FE8AA8479F90810AC
:101ED000EFF07FE22DE95C403ECA30104C082285CD
:101EE0005249EFF05FE6AA844DFD03578102835704
:101EF00001026316F7002810EFF0FFDF09C5584014
:101F0000D247E31CF7FC63902B058357410285CF32
:101F100083572102B3FA8B010810BE9A1C44231187
:101F2000F102EFF0FFF083490401035A4102B309C3
:101F3000304193F90902631B0A000C102285EFF06F
:101F4000DFD4AA8439FDE31C7BF7B9B74E896373EC
:101F50003A015289CA861018D6852285EFF01FBE35
:101F6000AA8421F1630909000C44CA86101822854D
:101F7000EFF09FC7AA8403450401CA85EFE0CFEACA
:101F80001C443E9508C4E39E04F0330A2A41CA9AD1
:101F90005DB7EFF23ED3411191E5FD542685410135
:101FA0006FF09ED5C44983D725014CC904C12316BF
:101FB000F50003C705012A842317E50003C51501B1
:101FC00093160701130700022308A400C182E366E9
:101FD000A7FCE1D7B3E4F402E9F08547E3FFD7FAC1
:101FE000A145EFE06FE4AA89014A01498357C40083
:101FF000931509012285BE95B38535412EC2EFF0B8
:10200000BFD119ED0355E4004C00050AEFE02FE3C2
:102010009245420A2285135A0A01EFF0FFCF09E9DF
:1020200005098357E400420913590901E360F9FCEB
:102030008357E40063944701D1548DB76394270319
:102040009245A1463000B38535412285EFF01FAFA0
:1020500035E12800EFF03FCA11C50355E4004C00FC
:10206000EFE0EFDD9247C17A3387374158C04177BF
:10207000F98F1CC44C401C4463EEF500A1463000AF
:102080002285EFF0BFAB1DE52800EFF0DFC6032A85
:1020900044001DC15C400355E4004179B3F72701BA
:1020A0004C003EC2EFE0AFD992452285EFF0DFC68B
:1020B000635C0502AA84DDB512450359A100035BE8
:1020C000C10033F5AA002A9903450401DA85EFE03F
:1020D000AFD54A9508C46314450163130B04330A52
:1020E0003A412322440179B709C58547A308F40082
:1020F00075B54C402285EFF01FAB4DFD484083572E
:10210000C40086093375A9003E953305354148C0A2
:102110003375250108C42285EFF03FD379D559BF27
:102120004D5549BF83471501C9CFEFF2DEB82A8468
:102130000345050141112E8AA145BA893689328BA2
:10214000EFE08FCE8357C4000605898F7D5563E786
:1021500027075C4081443EC230004C002285924AF1
:10216000EFF07FBE21ED835B810063994B01280076
:10217000EFF07FB801E58504C204C1805840924762
:10218000630BF702E3FA99FC8356C10061559DC6C3
:1021900063E63403C175B3FABA006373D900CA8623
:1021A0008355A1005A862285D695EFF03F9919E50F
:1021B0000355C10021A06155E3884BFD41016FF03B
:1021C0001EB349558280EFF29EB10147EFF09FF5B3
:1021D0006FF03EB3EFF2BEB03284B2862E868355E6
:1021E00045000841EFF03FFE635385002A842285B5
:1021F0006FF03EB1EFF2BEAB834715013971C954A0
:10220000BDC7034B05012EC62A84A1455A853689D0
:10221000328AEFE06FC10D473307E5028357C400F0
:10222000AA8DFD54998F63E42705630409006300B8
:102230000A045C403ECA30084C082285524DEFF03B
:102240009FB0AA8945ED8357810132476397E70024
:102250002808EFF05FAA630605105840D247E31C38
:10226000F7FC8144631B090019A0814499E7268586
:1022700021616FF09EA7E35CA0FE5A85CA85EFE05E
:10228000AFBA014B11C5330BB501420B135B0B0108
:10229000014D7D5CC17B930C44008357E400638057
:1022A000A70D1C4444403307FB0063EBE4043247B2
:1022B0002311F1020810FD572310E102231221031C
:1022C0002303F102EFF0DFB6630909000C44CA866C
:1022D00052862285EFF05F91AA8903450401CA85E1
:1022E000EFE08FB41C443E9508C4639909000C10BC
:1022F0002285EFF09F99AA89CA8435D9CE8485BFFB
:1023000003450401A145EFE02FB2B387A4002311D8
:10231000F1028357C400B3F4740123108103BE9407
:10232000898C44C0081023120102EFF07FB00C101A
:102330002285EFF09F95AA840355E400E685EFE03F
:102340000FB05C40B3F777011CC4E39204F222851E
:10235000EFF0BFAFAA84E31C05F0050D3DBFC154EB
:1023600039B78357C101E30209F0E39827F1C17738
:10237000034C0401B377FD00035DA101330C8041E0
:10238000137C0C023E9DD28ACA8CE28B63F38C01D3
:10239000E68BDE861010EA852285EFF02FFAAA84FC
:1023A000E31B05EC5E860C105685EF602041AA8485
:1023B000E31505ECB38C7C415E9DDE9AE3970CFC43
:1023C0007DB5EFF2DE9181460146EFF0BFE26FF09E
:1023D0005E93638C050EEFF21E8E5D71054D19C282
:1023E00013BD160003590502B68B328B050942094D
:1023F000135909012E8A2A84CA89216C930A8500FF
:10240000E15C9304F9FFC204C180638F84059306E5
:10241000A0045000A6855685EFF0FFDA635705004B
:1024200063139501A6892689E9BF9C083E95230A76
:1024300005FA4C005285EFF01E9875F563040D08FF
:1024400083570402639597089387F4FF2310F402DF
:10245000894613060402A1655685EFF0BFD963587B
:10246000050661616FF0BE880145E31C0DFE05495C
:10247000B1675D55E387F9FE9165CE9593048400BD
:10248000C205DE865A86C1812685EFF0BFD6630D70
:1024900009005285EF60405DAA865286CE8526856A
:1024A000EFF05FD5E34F05FA8357040263FF37036C
:1024B00023103403894613060402A1652685EFF034
:1024C0007FD325A0A689014965B77D558280A68561
:1024D0005685EFF01FEFE34605F89165FD15CA95A7
:1024E000C205C1815685EFF0DFEDE35CA0F6014542
:1024F0008DBFEFF24EFC03540502916A1D71050475
:1025000042042A89AE894180A16B130A8500FD1A15
:10251000130B05029304F4FFC204C180639D74058C
:10252000916B2164130A8900850B170C0000130CB2
:10253000ACCA8357090293041400C204C180850702
:102540006383F40E5E949306A0045008A68552851A
:102550004204EFF05FC74180AA8A854613067100E6
:10256000A2855285EFF03FC62A8B63475007634729
:10257000A00626847DBF56949306A0045008A68525
:1025800052854204EFF03FC441802A8C85461306F1
:102590007100A2855285EFF01FC3634C8003E351A5
:1025A000A0F883570902E39D97F69387F4FF231061
:1025B000F90289465A86A1655285EFF0BFC3A68508
:1025C0005285EFF01FE0A2855285EFF09FDF268451
:1025D00091B7E358A0FCA9B7634BA000A68552852C
:1025E000EFF03FDEA2855285EFF0BFDD59B79C10BA
:1025F000BE9A238A0AFA639109022C004808EFF078
:10260000EFCC25D91C45224552C623188100740001
:102610006286DA858297B1BF0146CE854808EFF021
:102620000FA261FDB9B7014525616FF04EECEFF2E5
:102630000EEB9737FF1F9387277B8043814409C4A4
:102640002A893114814401E426856FF08EEB6318EA
:1026500009005C4481EF404865D83114EDB708406B
:102660000146CA85EFF0AF9D6DF5F5B78297E5F4A9
:10267000AA84D5B7EFF2AEE69737FF1F9387477767
:102680008043AA8409EC2685EFF07FFAAA840144EE
:10269000EF502FD0636CA40026856FF08EE65C406F
:1026A0002285A6859C4382970040E9BF05041374E8
:1026B000F40FF9BFEFF2AEE20145EFF0BFFB6FF0B0
:1026C0004EE49737FF1F9387A77223A0070023A22A
:1026D00007008280EFF2AEE09737FF1F9387C77045
:1026E00023A0070023A20700EFF0BFFD6FF06EE10B
:1026F000EFF2EEDE4111130985002A84EF50CFE599
:10270000AA854A85EFF0FF88AA8419ED8946130649
:10271000E100A1654A85EFF01FABE1776344050056
:102720008357E1002310F402268541016FF06EDD2E
:102730009737FF1F9387C76B90430147B28691EE8F
:1027400005E3DC4310C11737FF1F2323A76A85EF7A
:102750009737FF1F23A0A76A828036879442C5B7A8
:10276000144385E2DC432320050091EB9737FF1FDC
:1027700023A2A7689737FF1F23ACA766828088C370
:10278000C1BF14C108C38280EFF26ED51734FF1F9A
:10279000130444612285EFF0BFF5AA8405E517997B
:1027A00000001309E91322859737FF1F23AE275F27
:1027B000EFF01FF89737FF1F23A8275F9737FF1FFA
:1027C00023AC876226856FF0CED39737FF1F83C770
:1027D000E762795599EFEFF28ED0EFF0BFEFEFF0AF
:1027E000BFFA11E585471737FF1F2309F7606FF020
:1027F0004ED18280EFF2AECE9737FF1F9387C75E30
:1028000080432A89BE8419C0311415E0D840232A98
:1028100009009307490105E71737FF1F2328F75CD5
:102820001737FF1F2322F75C01456FF08ECD0C4058
:1028300003250900EFF02ED809C94048E9B71CC3A9
:102840001737FF1F2324F75AC5B75955F9BFEFF2C1
:102850000EC997F5FFFF938545B81735FF1F130580
:10286000E556EF40402EEFF05FF61715FF1F1305FA
:10287000658AEFF03FF86FF0CEC8EFF24EC683578F
:10288000650093E717002313F5003545EFE0BFEC33
:102890006FF02EC7EFF2AEC48357650093E72700B1
:1028A0002313F5003545EFE01FEB6FF08EC5EFF217
:1028B0000EC38355C50101112A840A860145EFD054
:1028C0001FAF19C9835705001167D98F2310F50071
:1028D0001D45EFE05FE805A002478356C40119EFEC
:1028E0001796000013068601E5454800EFE00FD279
:1028F0004800EFE03F9105616FF0AEC0939746014D
:10290000835607007D76D183F18EDD8E93D78600C6
:1029100093F7F7082310D70093E70705A300F70004
:1029200045BFEFF2CEBB2145EFE0FFE26FF06EBD99
:10293000EFF2EEBA2145EFE01FE22545EFE0BFE1FF
:102940003145EFE05FE16FF0CEBBEFF24EB983555A
:10295000C50141112A8470000145EFD05FA501CD6A
:102960008357050071777D17F98F2310F5001D45FA
:10297000EFE07FDE31A0B24699E62285EFE0AFFAC4
:1029800041016FF00EB88357C4017D76139747015C
:1029900083D706005183F18FD98F13D787002390F7
:1029A000F6009377F70893E70701A380F600C1B715
:1029B000EFF2EEB22A842545EFE0FFD901E4294584
:1029C000EFE07FD96FF0EEB3EFF26EB183552500E3
:1029D00041112A8470000545EFD07F9D01CD8357BA
:1029E000050071777D17F98F2310F5001D45EFE085
:1029F0009FD631A0B24699E62285EFE02FED410146
:102A00006FF02EB0835724007D761397470183D74C
:102A100006005183F18FD98F13D787002390F600DA
:102A20009377F70893E70703A380F600C1B7EFF2A7
:102A30000EAB8355250001112A840A860545EFD087
:102A40001F9719C9835705001167D98F2310F50007
:102A50001D45EFE05FD005A002478356240019EF23
:102A6000179600001306C6E8E5454800EFE00FBAE8
:102A70004800EFE02FF905616FF0AEA8939746018B
:102A8000835607007D76D183F18EDD8E93D7860045
:102A900093F7F7082310D70093E70707A300F70081
:102AA00045BFEFF2CEA3EF500F9F11E52945EFE0B0
:102AB0009FCA6FF00EA59737FF1F93872720C0434B
:102AC000EF506F9D3375A40275D1E5B7EFF22EA1DB
:102AD0002A84EF500F8D85476307F500A301F400AA
:102AE0001945EFE05FC76FF0CEA1EFF24E9FEF50B8
:102AF0004F8B85476305F5001945EFE0DFC56FF0A3
:102B00004EA0EFF2CE9D3D45EFE0FFC46FF06E9F0B
:102B1000EFF2EE9C8357650093E747002313F5001F
:102B20003545EFE05FC36FF0CE9DEFF24E9B314530
:102B3000EFE07FC26FF0EE9CEFF26E9A2D45EFE072
:102B40009FC16FF00E9CEFF28E998357250079712B
:102B50002A842314F100834745019305450041462B
:102B60001305A100230DF100EF50B0478356040078
:102B700017960000130606CDD1456808EFE00FA9AF
:102B80002C004D466808EFE00FD245616FF06E975C
:102B9000EFF2EE948356050001111796000013061C
:102BA00066CAD1456800EFE06FA66800EFE08FE5E8
:102BB00005616FF00E95EFF28E9201113684B284AA
:102BC00079478A8617960000130606CBEFE06FCA96
:102BD00009C82286A6850A85EFE0EFCC05616FF073
:102BE0004E920A85EFE00FE2D5BFFD571707FF1F92
:102BF0002302F7548280EFF2EE8C41112A892EC60F
:102C0000B289EF40CFB5B2451304F9FF2E944DC5FC
:102C100093170901C187AA847D55635CF0024204C1
:102C2000418093170401C1876355F0029DC1EF40B5
:102C3000CF95636AA4069C4481443E954205418138
:102C40009307F5FFC207C18363E027076396090076
:102C5000695541016FF04E8A2390A900D5BF338793
:102C6000640383A78A0A3E97835727006386470336
:102C7000835707006362F40203474701BA97C2070C
:102C8000C1831387F7FF4207418363672701E3810D
:102C900009FC2390F9006DBF8504EF500F8AE3C053
:102CA000A4FC01457DB78144416A973AFF1F938A8E
:102CB000EA00594B7D1AD5B77D5561BFEFF22E82E0
:102CC0001734FF1F130484149734FF1F9384C41414
:102CD0000325C41419CD184D232604141104834769
:102CE000870093F7F7FB2304F700EF507FD7E3113A
:102CF00094FE6FF00E81EFE29EFE1735FF1F130565
:102D00006526EF30F071EFF07FFB6FE09EFFEFE2A2
:102D10001EFD930540061735FF1F1305A524EF3050
:102D2000B06E6FE01EFEEFE29EFB7D56B54501459D
:102D3000EF40BFC56FE0FEFCEFE2DEF8EF40DF8959
:102D40001734FF1F1304840C2320A4142322B4146B
:102D500081440D499709FF1F9389493D0325C414F8
:102D600019CD850401466386240183270415814516
:102D700091E3CE85EF405FCA1104E39124FF6FE039
:102D8000BEF7EFE23EF441112A84AE8932C6EFF07D
:102D90009FF6EFF05FF929C99737FF1F9387070761
:102DA00083A5C7129304C5002A892685EF501FB258
:102DB00081452685EF501FAB9315240093E5350020
:102DC00093F5F50F2685EF50FFA93246CE8526856F
:102DD000EF507FA79737FF1F23A02719EFF0DFF5EC
:102DE000014541016FE05EF16555E5BFEFE23EEF61
:102DF000AE8495452A84EF50BFBCA6852285EF504E
:102E00007FA66FE01EF0EFE21EEBBD652A8493857E
:102E100005A61735FF1F1305E516EF30F05E97374F
:102E2000FF1F9387A7209C439734FF1F938404FEC2
:102E3000268989CBC84019C522868D45EF10903F61
:102E40006FE0FEEAEFF03FEBEFF0FFEDAA8465558F
:102E5000E5D8032709009737FF1F83C7A70F9316ED
:102E6000170163D7060C1307F0076388E70085078F
:102E70001737FF1F2300F70E29A09737FF1F238B5B
:102E8000070C8325C9129389C4004E85173AFF1F8A
:102E9000034A4A0CEF509FA3D2854E85EF509F9C6A
:102EA0008347440051478145637CF7009385C7FE03
:102EB00093F5F50FDD47B3D5F502850593F5F50FCD
:102EC0008A0593F5C50F4E85EF50DF998355440071
:102ED0004E85EF50DF9C834544000840EF905FFE35
:102EE000AA854E85EF501F98835544009737FF1FE2
:102EF00023A49706D14763F3B700D1459394050106
:102F00000C40C18026864E85EF50FF93A685228512
:102F1000EF503F8C173BFF1F130B4BEF814AA14B28
:102F20005D4C8357440085E3EFF01FE1014509BF85
:102F30001387F7FF1377F70F9306D00FE3F9E6F245
:102F4000930700F835B763967A01EFF03FD739550C
:102F5000C5BDEFF05FDD110B910A09E5EFF01FD65B
:102F60006555F9BD835544002326AB146373BC003B
:102F7000DD45939905018325C9129304C500268573
:102F8000EF50DF94D2852685EF50DF8D93E52A0040
:102F900093F5F50F2685EF50FF8C0C4093D909016E
:102FA0004E862685EF503F8ACE852285EF507F8260
:102FB0008DBFEFE2DED201117C003ECAB7070700E9
:102FC0003ECC81457C0048083ECEEFF03FE297358D
:102FD000FF1F83C5A5E44808EF50DF88D2474808A3
:102FE00083C717001737FF1F2306F7EAEFF0BFE18B
:102FF00011E585471737FF1F2304F7E405616FE0EC
:103000005ED0EFE2DECD01117C003ECAB7070600BC
:103010003ECC91457C0048083ECEEFF03FDD4808AD
:10302000EFF07FDE95471737FF1F230BF7E00561B1
:103030006FE03ECDEFE2BECA01117C003EC0834589
:103040000500B70711003EC27C003EC42A8481C53A
:103050000145EFB0AFE28347040085450A85173785
:10306000FF1F2309F7E2EFF07FD8EF301FD1AA85C9
:103070000A85EF502FFF85450A851734FF1F13047B
:10308000A4F2EF50DF811C400A8583C5C700EF50D2
:103090006FFD1C400A85CC4BB335B000EF508FFC60
:1030A0001C400A8583C59701EF50CFFB1C400A8561
:1030B00083D5A701EF50AFFE1C400A8583C5C70129
:1030C000EF504FFA1C400A8583D5E701EF502FFDE2
:1030D00082452D461735FF1F1305D5DB8505EF50BB
:1030E00040700A85EFF03FD211E589471737FF1F7F
:1030F0002308F7D405616FE0DEC09707FF1F83C781
:1031000067036387A706EFE2FEBB2A84EFF0BFC127
:10311000AA8429CD1707FF1F0347C7019307F00FA4
:103120008149631AF7009707FF1F23858700979946
:103130000000938969869737FF1F938727CD83A562
:10314000C7121389C4004A85EF504FF8A2854A85FB
:10315000EF504FF185454A85EF50CFF02685014667
:10316000CE85EF407F8B2685EF509F8F6FE0DEB8D6
:103170008280EFE2DEB679713C083EC6B7071600E2
:103180003EC899453C0868003ECAEFF03FC641463C
:103190009735FF1F938505CC6800EF50CFEA680094
:1031A000EFF07FC605E19737FF1F938727C69C4343
:1031B000139717019947634307009D471737FF1F70
:1031C0002300F7C845616FE0DEB39387F501FD1575
:1031D000FD1703C717000505A30FE5FEE39AB7FE29
:1031E0008280EFE2DEAF0547411132846304E504DB
:1031F000AA8719C90947630EE5060D477D55638502
:10320000E71A41016FE0FEAF33E4C5007D5575F864
:103210009737FF1F23A807C49737FF1F23A607C4AC
:103220009737FF1F23A407C49737FF1F23A207C4A4
:103230000145C1BF33E4C5007D5561F49737FF1FD9
:10324000938787D6804341499734FF1F938484C175
:10325000034684014C483305C9402695EF50605819
:1032600003468401814526853306C940EFE03EAA26
:10327000C1B791477D55E3E6B7F89787000093877C
:10328000E770BE9583C40500ADDC1739FF1F130935
:10329000A9D1032709008357A701E58FBDD3834731
:1032A0009701E3E0C7F69737FF1F938727B69C4344
:1032B000139717016358070093E707081737FF1F95
:1032C0002326F7B4C1476397F406A2854800EF9020
:1032D0004F8B5800814413064002A545639B84022E
:1032E0001C08A697238A07FE9737FF1F938787B787
:1032F00026864C003E85EF50C04E4146058E8145E6
:103300002695EFE0DEA0832709004800DC53829772
:10331000CDBD83470700B3F7C7029386770363E405
:10332000F5009386070385042300D70093F4F40F78
:1033300005076DB791454800EF90AF847D141316D3
:103340002400178400001304A46532941C409245A5
:103350002685B3F5F50293D7050113D78700973675
:10336000FF1F2387E6B01737FF1FA303F7B013979C
:1033700005014183218393978500D98F1737FF1F5C
:103380002319F7AE9737FF1F23AE07AC9737FF1F00
:1033900023AC07AC9737FF1F23AA07AC832709008C
:1033A0002EC29C538297B1BDE3EDB7E4978700002E
:1033B0009387475EBE9583C70500E38407E417370C
:1033C000FF1F130767BE18438356E701FD8EE38A8C
:1033D00006E28346C701E3E6C6E29736FF1F9386FF
:1033E000E6A29042A145936606026394B7009366F5
:1033F000060418571736FF1F232AD6A0A2853E853C
:10340000029701B5EFE21E8C41112E89B28935C5B4
:1034100001462A84EFF02FFE634F05048144173ADA
:10342000FF1F130AAA89D94AEF403F9163D5A4042C
:103430003385540383278A0A3E9583570500B1E3F9
:1034400023108500230A25012311350141016FE076
:10345000BE8A631245030354E1008504EF40FF8DEB
:103460000505634995001306E100CA852285EFF042
:103470008FF865F145F40145D1BF81440544695A8F
:10348000F1BF850455B7EFE2FE832A84AE898345F8
:103490004501035505000149EFC02F8683474401CC
:1034A0006341F902638509002285EFF06FEE231076
:1034B00004004146814513054400EFE05E856FE05E
:1034C000BE830355040093140901C180269542056B
:1034D0004181EFE00FB1035504000509269542052F
:1034E0004181EF30804B0355040026954205418110
:1034F000EF30C04A65B7EFE28EFE1735FF1F1305A8
:1035000065A8EF30E0719737FF1F83C7A79889C779
:1035100081450145EFB08F961734FF1F1304048FC8
:103520001C401397170163570700084401C58145E4
:10353000EFF07FF59737FF1F938747AF9C4389C70D
:10354000484019C1EF40CF88EFF0EFFA130680151D
:1035500081451735FF1F1305658BEFE04EFBFD57C7
:103560001737FF1FA30CF79C9737FF1F938787A37D
:103570009C4395C398472392070098C31737FF1FB2
:103580002322F79C0545EF901FC7814711E1C957DA
:103590003E856FE00EF7EF1040489737FF1F23A3DB
:1035A000A79ACDB7EFE2AEF341112AC6EFF0BFF410
:1035B0009737FF1F9387479F9C439C5F81C7B24506
:1035C0000545829741016FE0CEF3EFE24EF183476C
:1035D000550085462E8789836382D70C91C789461B
:1035E0006389D7106FE0EEF19736FF1F938606824E
:1035F0009C42B68413961701E34606FE83D5450028
:103600003D46E371B6FE8983858B2A848DC303A76B
:10361000C6121C41E318F7FC9737FF1F83C7478288
:10362000F1F3014681450545EFF0AFF565BF9737EA
:10363000FF1F9387679703A9070008434146832527
:103640000900EF50A01759FD8327490399C3054589
:1036500082971C40BD65938505A61737FF1F232D54
:10366000F78C9C401735FF1F1305C59193E7470062
:103670001727FF1F232CF77883A7841398472392DB
:10368000070098C3EF304058014681450545EFF0EB
:103690004FEF9727FF1F2385077AA9B79727FF1FAB
:1036A0009387C7769C4393961701E3DD06F203D711
:1036B00045000DFB13F7870001CB93E78700172721
:1036C000FF1F2325F77439BFBD9B93E7870017279A
:1036D000FF1F232DF772EFF00FE29737FF1F93873D
:1036E000A78C9C43DC5B99C305458297EFF07F8CE8
:1036F000D5BD9727FF1F938767719C438983858B6F
:10370000E38207EE83D74500E38E07EC9C4103C5B7
:103710000700EFF03FE9F9B5EFE2CEDA1724FF1F1B
:103720001304C46E1C4013D72700058B35CF91833B
:10373000858B9304007D81E79D6493840453EF306F
:10374000BFE903270414832744143307E5409D8D04
:103750003335E500898D93D7F44163C9B704639489
:10376000F50063E5E4049724FF1F9384246A014471
:103770000D499709FF1F9389699B03A5C4140DC5C3
:103780001C4D050483C7870093F7070499EB014696
:103790006306240183A70415814591E3CE85EF409C
:1037A000AFA79104E31B24FD6FE00ED51C4091836D
:1037B000858B91CB8327C4140145DC4703C7570091
:1037C0008D476313F7002545EFF0DFDDF1BFEFE232
:1037D0000ED19727FF1F938767639C434111A3076F
:1037E000A10013E707019726FF1F23A1E662C18B03
:1037F00099E705469305F1000945EFF08FD8034797
:10380000F100A5476314F700EFF0FFCE8345F10008
:1038100091C99727FF1F938727799C439C5F99C382
:103820000545829741016FE0CECDEFE24ECB1724E4
:10383000FF1F1304A45D1C40011113971701635768
:103840000700EFF0DFF805616FE0AECB7C003ECA09
:10385000B7070700AA843ECCA5457C0048083ECEA9
:10386000EFF0CFD8A6854808EF40DFFF4808EFF01B
:103870008FD91C4093E707101727FF1F2328F758FD
:10388000D9B7EFE2CEC51724FF1F130424588327AE
:103890008413BD65938505A69C431725FF1F13055B
:1038A000656E83C40700EF30203603258413972507
:1038B000FF1F83C5E568EF906FE305C91725FF1F5C
:1038C0000345C567EFF07F83834704131727FF1F66
:1038D000A306F7669727FF1F238207661C40A18374
:1038E000858B91C70D45EFF05FF46FE08EC1A54762
:1038F00063F497000945C5BF6388F4009727FF1F4D
:1039000083C70754E39097FE978700009387C70EFD
:10391000032784138E04BE9483D744008356470044
:103920008507E399D7FC08439C400505829775BF3E
:10393000EFE2EEBA834645001727FF1F03471760E3
:10394000834755006317D7003A85EFF00FFB6FE010
:103950004EBB1726FF1F0346665E9724FF1F938406
:10396000E44A6304D6020507E393E6FE1727FF1F28
:103970002306D75C03A7841314472312070014C33C
:103980007D579726FF1F239CE65A13D427009727BD
:10399000FF1F83C7D75A63F687000945EFF0FFE89A
:1039A0007DB763918702A557B307F40203A7841379
:1039B000034747008D07BA9703D7450093F7F70FE2
:1039C000E39DE7FC9727FF1F83C76757B3D787009F
:1039D000858BB5DF5D459307F4FFB387A70203A787
:1039E000841303D645008C410843D1073E95EF4030
:1039F000505F03C724138547B397870093C7F7FF2A
:103A0000F98F1727FF1F230CF752B1F3EFF07FE771
:103A10003DBFEFE24EAA59711C083ECCB707060025
:103A20002A843ECE58181C0897860000938646FBD1
:103A30001726FF1F1306164F930500021725FF1FB9
:103A40001305053E3ED0EF90AFCE19C11D4589A0AC
:103A5000D80897860000938626F91726FF1F1306BD
:103A6000764C930500021725FF1F1305653BEF9069
:103A70002FCC69FD3546930571054810EF4070560F
:103A8000D40822864C104818EF90CFE509C5194597
:103A9000EFF0BFD9D9A8D80097860000938646F5E5
:103AA0001726FF1F13061648930500021725FF1F50
:103AB00013050537EF90CFC751F903466106280873
:103AC000A14583494106034B510632C603447106A2
:103AD000834C810603499106034CA106034AB106B3
:103AE000834BC106EFF08FB02808EFF0CFB135ED72
:103AF000FD571727FF1F2305F7349727FF1F9387CD
:103B0000A7529843BE8A8144324611CF9727FF1FA0
:103B10009387C7519C4381CB9727FF1F9387072F1C
:103B2000C443B33490002204336494012209220A6E
:103B30004204B366890193958900DC0033677A01FA
:103B4000C18EB3E56501C808EF400FCA19ED83A720
:103B50000A0081C799C0EF1020069305007D172544
:103B6000FF1F13052542EF30200A65616FE02E9894
:103B7000EFE2EE961971AA84AA8534101726FF1F6A
:103B80001306462E1725FF1F1305C52FEF90CFD91B
:103B900019C11D4519A841469725FF1F9385852A00
:103BA0002810EF40B04109C51145EFF01FC8A5A28C
:103BB0001724FF1F130484251C409725FF1F93859E
:103BC00065291397170163470700A6859724FF1FF0
:103BD000938444289726FF1F9386D634268617257C
:103BE000FF1F13052529EF90EFD945F51C401397CA
:103BF000170163550712BC083EC6B70727003EC829
:103C00003818BC0897860000938686DD1726FF1FAC
:103C100013065631930500021725FF1F1305452093
:103C20003ECAEF90EFB035F5B80097860000938656
:103C3000A6DB1726FF1F1306F62E93050002172595
:103C4000FF1F1305E51DEF90AFAE21F53546930537
:103C5000B1042808EF40F038184497860000938696
:103C600026D91726FF1F1306F62B1107930500020E
:103C70001725FF1F1305C51AEF908FABE31B05F047
:103C80001C4403D52700EFB04FCEAA84E30305F010
:103C90009D456800EFF08F9583C5E401930790057B
:103CA0004146B385F502680093850503A695EF406C
:103CB0009FB91C44680083D52700EF405FBE26856E
:103CC000EFB0CFCCAA856800EF40DFB99727FF1F80
:103CD0009387C7FE8C436800EF405FBF1C446800B9
:103CE00083D50700EF40BFBBA1456800EF401FB37D
:103CF000B2462C08281885063686EF904FBD19C1AC
:103D0000194565B56800EFF00F9011E5A147172739
:103D1000FF1F2307F71209616FD0BEFEEFF06FC5DA
:103D2000DDBFEFD2DEFB79713C083EC6B707160057
:103D30003EC89725FF1F9385E5133C081725FF1FF5
:103D4000130545153ECAEF900FC019C51D45EFF08C
:103D5000DFAD45616FD0FEFA1726FF1F13068612EE
:103D60009725FF1F938505111725FF1F1305450B89
:103D7000EF908FBF61FDC1451725FF1F1305850D0E
:103D8000EF802FE061F595456800EFF02F86C14583
:103D90006800EF40BFA8AA861726FF1F1306860CEF
:103DA0009725FF1F9385050B1725FF1F1305850D0D
:103DB000EF908FB741FD6800EFF0EF8459F9972736
:103DC000FF1F9387A7049C43B983858B93B7170084
:103DD00095071727FF1F2305F706A5BFEFD23EF073
:103DE000AA8541461725FF1F1305C505EF40701F23
:103DF0009727FF1F938787019C43139717016356EB
:103E00000700EFF00FB76FD0DEEFEFF09FF1E5BFE7
:103E10009727FF1F938787FF9C4313F7F7F7972692
:103E2000FF1F23A5E6FE13F7070809CB858B99C76B
:103E3000EFD2FEEAEFF0FFEE6FD0BEEC8280EFD261
:103E40001EEA9724FF1F938464FC80403971AA8581
:103E50009317140163D407061364140013060004B7
:103E60001725FF1F130515089727FF1F23A087FAA3
:103E7000EF403017EFE03FE89C401724FF1F13048A
:103E8000740613971701634607001724FF1F1304D6
:103E90007401A2850A85EFF04FB393050402081060
:103EA000EFF0AFB297050000938505140A85EF90F7
:103EB0002FB81DC91D45EFF05F973DA01306000404
:103EC0001725FF1F130515FEEF40B01193579400FF
:103ED000858BC5DF93571400858BC5FB13641400D5
:103EE0009727FF1F23A487F221616FD09EE1EFD2B5
:103EF0001EDF1D713C083EC6B70746003EC801459F
:103F00003C083ECAEF902FAF19E51D45EFF0FF9139
:103F100025616FD01EDF2A848D456800EFE01FED1C
:103F2000930500026800EF407F8FA285EFF0EFA9B4
:103F3000930500026800EF407F8E93050402EFF0C6
:103F4000CFA81724FF1F130464EC1C40B2451306CE
:103F500000041397170185051725FF1F130595F416
:103F6000634607001725FF1F1305D5F7EF407007BD
:103F70006800EFE05FE949FD1C4085661387068015
:103F80005D8F1726FF1F2323E6E81727FF1F130760
:103F9000E709184301CF584011CB7D771307F77F0E
:103FA000F98FD58F1727FF1F2322F7E61C401397A1
:103FB0001701635B0700A583858BB9FB8D47172726
:103FC000FF1F230FF7E6A9B713D757009983D98F9F
:103FD000858B1307F00F91E315479727FF1F238168
:103FE000E7E63DB7EFD2BECFAA851725FF1F130521
:103FF00025E3EFF08F9D9727FF1F938727E19C43D1
:10400000139717016352070413D7670093D657001D
:10401000558F058B11EB13D77700058B01CB91479B
:104020001727FF1F230EF7E06FD0BECD1397370180
:1040300063550700EFF0FFCEC5BF0967D98F17277B
:10404000FF1F2325F7DCCDB713D79700058B05C7D6
:1040500015479726FF1F2385E6DE856613F7F7F7DA
:10406000558F9726FF1F23A3E6DA93F70708CDDFC6
:10407000EFE03FF955BFEFF09FE77DB7EFD23EC6C7
:104080001724FF1F130484D88327C4149DCF03472C
:1040900045009727FF1F83C7E7EB6318F7021C4013
:1040A0009183858B99E3EFE01FC51C40139717019F
:1040B000635F070013F7F7BF9726FF1F23A8E6D417
:1040C00093F7074089C7EFF09FE26FD09EC3184077
:1040D000FD779387F77F13164701F98F856663474E
:1040E00006001727FF1F2323F7D2C5B7D58F1396D6
:1040F0001701634706021727FF1F2329F7D01C402B
:1041000013971701E34307FC13F7F7F79726FF1FF1
:1041100023AEE6CE93F70708CDDBEFE09FEE75B751
:10412000F5779387F77FF98FD58F9726FF1F23AFFA
:10413000F6CC93172701E3D407FCEFF09FBEC1B77D
:10414000EFD2FEB98347050091C70945EFF0EFEDC7
:104150006FD03EBB834715002A8413F7E70F75F72E
:104160001727FF1F130747E418430346C700E31E42
:10417000F6FC9727FF1F938767C9944393F7F6DFF1
:1041800019C293E706209726FF1F23A1F6C8A5832F
:10419000858B81C71C4B91C382971546A285172535
:1041A000FF1F1305E5CFEF40C0638D471727FF1FA3
:1041B0002308F7C803464400834534000345240020
:1041C000EFF02F82E35605F849B7EFD2DEAE172B9A
:1041D000FF1F130BABC303270B000111931717012C
:1041E00063D007023C003ECAB7070B003ECC3C0040
:1041F0003ECE834705002A8499E70945EFF0EFE2B8
:1042000005616FD0DEAE8347150083462500A20707
:10421000D58FC207C1878546E391D7FE8346350017
:10422000E3EDD7FC972AFF1F938A0AD883A70A00D9
:1042300001499C5BADCFA5CE1367072083444400A2
:104240009727FF1F23A4E7BC8547E3E897FA034CB1
:104250005400A147E3E387FB8349640003457400EE
:10426000A209B3E9A90013F709FE41FB834B8400BF
:10427000E3E577F9034A94000345A400220A336A70
:10428000AA0093770AFFB5FB834504001726FF1F9A
:104290000356A6B81725FF1F035505B8EFF08F96F4
:1042A0009727FF1F23A8A7B611E5154581BF1377F0
:1042B000F7DF69B783A70A0091C403C7870119C351
:1042C000D84B61EF83C4970163F39B00DE8483D7EF
:1042D000A70193F4F40F13F7070101C713778A00BE
:1042E00059EBBD8BD1CF13757A0059C9EFA0BFAD83
:1042F00083A70A007D15937BF50F03D5A701A94C71
:104300003D89EFA05FAC7D15137AF50F03A70A0076
:104310008347C7016373FC00E28713FCF70F8357E1
:10432000E70113F7870001C713F7090131EF9D8BF0
:10433000ADC313F5F90031CDEFA0FFA883A70A00A4
:104340007D159379F50F03D5E7011D89EFA0BFA770
:104350007D151379F50FA947B307FC023387940342
:10436000636AF70C638C0C0C639C040C8149014953
:10437000814B014A3DA0930C4002114A8D4B79B705
:10438000814C014A814B59B7930740020D4991492D
:10439000E1B7814701498149C1B781448149854BD2
:1043A000054A2D46A2851725FF1F1305B5AEEF4020
:1043B000404389454808EFE07FA381454808EF4026
:1043C0006FCA83250B004808A5818589EF408FC9F6
:1043D000DE854808EF400FC9CE854808EF408FC8FA
:1043E000A6854808EF400FC8D24515461725FF1F80
:1043F000130505AB8505EF40C03E4808EFE0BFA0C0
:10440000E31005E02686CA855285EFE09FDD01C5F1
:104410000945EFF08FC183270B00A583858B89C7E2
:1044200083A70A009C5B829783274B0099CFEFF00C
:104430001FACF9B3E284894B0D4AA5B781443DB75F
:10444000DE8952898D4B094AA9BF83270B0093E768
:1044500007401727FF1F232BF79A5DB3EFD29E86E5
:10446000834745002A891725FF1F034535AD63168D
:10447000F500EFE09FC86FD03E881724FF1F13049C
:10448000E498832984132E85AE84EF40EFCB2392EA
:10449000A9008347490026851727FF1F2300F7AA95
:1044A000EF40AFC69727FF1F238CA7A8832784134D
:1044B00003D7470009E70945EFF02FB76DBF83D752
:1044C0006700E3EAE7FE83475900898381C7D14645
:1044D000E3F3E6FE1727FF1FA303F7A61725FF1F29
:1044E0000345E5A5137715009307F00F05C31345A2
:1044F000F5FF1375F50FEFA01F8D7D159377F50F61
:104500001727FF1F0347B7A3E367F7FA1727FF1F14
:104510000347E7A211C3BA8703455900098113076E
:10452000150005453315E5007D157D8D9727FF1F87
:104530002387A7A08327841303D644008C40884395
:10454000EF40202A8347241393F7E70F1727FF1F15
:104550002307F79E8DF3EFF0CFB231BFEFD22EF8E5
:1045600003450500EFF0AFA66FD0AEF9EFD22EF7FE
:104570002A89AE840144EFA05FF8634494006FD0B1
:104580004EF83305890042054181EFD08FA505041F
:10459000EDB7EFD2CEF401449714FF1F9384047259
:1045A0005949EF308FF96344A4006FD08EF533057D
:1045B000240383A7840A3E958357050081C7854558
:1045C000EFE07FEC0504F1BFEFD2CEEFAA84014407
:1045D0001719FF1F1309896ED949EF300FF663458C
:1045E000A40001456FD04EF1330534038327890AB7
:1045F0003E950357050063E7E40083474501BA97FA
:10460000E3C2F4FE0504D1BF9727FF1F9387C79924
:104610009C43DC5F91C7EFD28EEC82976FD06EEE39
:1046200082809727FF1F938727989C43BC4391C79D
:10463000EFD2EEEA82976FD0CEEC82809717FF1F01
:104640009387C77C98439316170163D30608EFD26C
:104650000EE9804701498345440103550400EFA05A
:10466000DFE983474401634BF9022285EFE0AFCDD8
:104670009717FF1F23A0077AFD5701451717FF1F44
:104680002300F77CEFF0AF94034644018355040008
:1046900003552400EFF0FFF86FD0AEE60355040099
:1046A00093140901C180269542054181EFD06F9393
:1046B000035504000509269542054181EF20E02DB0
:1046C00003550400269542054181EF20202D51BF5E
:1046D00082809727FF1F23A7A78C8280EFD22EE02E
:1046E0009717FF1F93878772DC436D54639FA70062
:1046F000EFE07FE09727FF1F9387078B9C432A8477
:104700009C5F81C781450945829722856FD06EDF06
:10471000EFD2EEDC9717FF1F9387476FC84309C599
:10472000EFF0DFFB6FD0EEDD25459727FF1F2388D5
:104730000780EFF0CF89FDB79727FF1F9387C786C4
:10474000884382809717FF1F9387476C88430981AE
:1047500005898280EFD2AED841112A84EFF09FFE06
:104760002DC903574400954763F8E7062285EF40BB
:10477000EFA02AC42285EF404F992306A10022858D
:10478000EF40AF989717FF1F938747689843A3069A
:10479000A1000983058B11C783A6C712A247639D99
:1047A000F6020D8997770000938787210E05B3865F
:1047B000A7008355440003C6560063EFC50001E718
:1047C00003C7460011EBAA979C43A2852800829755
:1047D00021A0EFA0BF9851D541016FD08ED297177D
:1047E000FF1F9387677C9C43FC4391C7EFD22ECF7A
:1047F00082976FD00ED18280EFD26ECE97F5FFFFF9
:104800009385C5F11715FF1F1305C575EF20A0335C
:104810006FD02ECF15C5EFD28ECC2A84970500001D
:10482000938545EF1715FF1F1305C575EF20A031C0
:104830009717FF1F23AA8776EFE0FFCB6FD06ECCD0
:104840007D558280A9E18280832709001317140017
:10485000BA9783D70700638697020504EF306FB9D4
:10486000E344A4FE0144EF30CFB8635CA400032707
:10487000090093171400BA9703D7070019EB239088
:1048800097006FD00EC8EFD28EC52A89AE8401443E
:10489000F1B70504C9BFEFD28EC44111AA84014407
:1048A0002EC6EF300FB5B245635CA4009840931755
:1048B0001400BA9703D707006317B70023900700C7
:1048C00041016FD00EC40504E1BFEFD24EC197176E
:1048D000FF1F9387E7749C432A87AE86328889CF6F
:1048E0009718FF1F9388887303A3080089486315EE
:1048F000130182976FD0EEC09717FF1F938707733E
:104900009C430145E5DB9717FF1F93872771904371
:104910008547E311F6FE4286B6853A85EF205FD0E3
:10492000D1BFEFD22EBA2E8A3284AA89EF20FFCDD2
:1049300075158357440093140501C1801379FA0358
:1049400063FE9700CA852285EF303FE70356440097
:104950000C404E85EFF07FF76FD00EBA93650904D7
:104960002285EF309FE50C4026864E85EFF0FFF55F
:10497000A6852285EF30FFE51369090883574400B7
:1049800099CF850763DF970093650A0C2285EF3086
:10499000DFE2035644000C404E85EFF01FF3014563
:1049A00065BFCA852285EF305FE10C4026864E85C3
:1049B000EFF0BFF1A6852285EF30BFE1C1B7EFD29E
:1049C0000EB279713C083EC6B70717002A84AE8440
:1049D0003EC868003C0885453ECAEF307FFE6C004B
:1049E0002685EF30FF81700085452285EFF07FF34B
:1049F00045616FD00EB1EFD28EAEEF308F9F8945FB
:104A00000605EFA06FBEE55711C59717FF1F23AF2F
:104A1000A75A81473E856FD0CEAE9717FF1F938769
:104A2000A75A985B239607021715FF1F1305455CCD
:104A300098D782801717FF1F13070759184363166B
:104A4000A7021717FF1F0347A75875179387D5FFAE
:104A50001337170093B71700FD566319F700EFD20D
:104A60000EA8EFF01FEC6FD0CEA9ED5636858280F0
:104A7000EFD24EA505EDC16401441719FF1F1309BC
:104A8000E9239309400EFD1421A83305340383273D
:104A9000090B3E958357C50163839700D13F0504F9
:104AA000EF302F97E343A4FE6FD00EA59717FF1F9B
:104AB00093878751AA85884365D9EFF05FF0EDB7FA
:104AC000EFD24EA079711C083EC2B70720003EC449
:104AD0001714FF1F1304444F1C083EC61C40D9C3C3
:104AE0001717FF1F0347C74E8947AE842A896315EE
:104AF000F704814911A85C4013971900BA9783D72E
:104B00000700638197068509EF30AF8EE3C5A9FEE4
:104B100085454800EF30DFEA035649008325090048
:104B20004800EF305FD2084050008145EFF09FF021
:104B3000054545616FD04E9CC167FD17E38AF5FCC2
:104B400085476311F702814911A85C40139719004A
:104B5000BA9783D70700E38D97FA8509EF306F89FD
:104B6000E3C5A9FE0145F1B7230005022322050292
:104B70008280EFD2CE9685472300F5022A84EF206B
:104B80005FA79717FF1F9387671383A7070B48D06B
:104B90001715FF1F130585411D8CB7F723B89387A1
:104BA00097E009843304F4029717FF1F23AC87466C
:104BB000EF2020046FD0EE94EFD2CE90EFA00FDA6A
:104BC000E95705C1C16401441719FF1F1309090FF3
:104BD0009309400EFD14094AEF30AF836346A400E9
:104BE00081473E856FD04E91330534038327090BEF
:104BF0003E958357C5016388970083470502638408
:104C00004701EFF01FF70504C1BFEFD24E8D834778
:104C100005FE85466398D7001305C5FDEFF09FC2DA
:104C20006FD02E8E8946E39DD7FEFDD91305C5FDB5
:104C3000EFF07FC6F5B79717FF1F9387273E98437E
:104C40003DCF8546F157631DD706EFD24E899717A2
:104C5000FF1F938767372A8788433E8405C99716C5
:104C6000FF1F83C6E6368D476392F60239E3971736
:104C7000FF1F9387A73B9C4395EB9717FF1F238943
:104C800007341C4003D50700EF20FF9CEF207F9ED8
:104C90001715FF1F130585319717FF1F23A007382E
:104CA000EF10107881473E856FD0AE85EFF01FA3DF
:104CB000E9B703550500CD45EF20DF98D9B7F9577F
:104CC0003E8582809717FF1F938747359C43795510
:104CD000BDC3094771556383E7008280EFD22E8000
:104CE0001714FF1F1304442E184015C38347840074
:104CF0008546FD1793F7F70F63EBF60003550700A2
:104D0000CD459717FF1F2385072CEF20BF931C402D
:104D100003D50700EF20BF97EF203F991715FF1F1E
:104D20001305C5289717FF1F23AA072EEF10506FF2
:104D300001456FC01EFD828015C1EFC25EFA1C41A5
:104D4000AE842A8489C72E860145814582975C40BE
:104D500081C7A685014582976FC0BEFA8280EFC2E7
:104D60001EF897670000938767509C43AA8501450A
:104D70009C4782976FC0FEF8EFC27EF62A840345F7
:104D800085019307F00F6314F500EF604FCF930791
:104D900020033305F5020328C4018146014793052A
:104DA000000293076509034574017D8905053356A3
:104DB000D800058A01C605071377F70F8506E39823
:104DC000B6FE198D130740063305E5023E9593079D
:104DD000C0126354F5001305C0126FC09EF2EFC2FB
:104DE0007EEE1C4D03548500B28995834E04858B5D
:104DF0004111AA842E894D80314691C32146330743
:104E0000260383D74401998F6344F60013F6F70F06
:104E100083C564014E8532C6EF30DFA49C4C9355A8
:104E200064004E85860793F70708DD8DEF309FA35A
:104E30000A0493553900C18D93F5F50F4E85EF3077
:104E40007FA29C4C931559004E85FD8BDD8D93F50B
:104E5000F50FEF303FA1DC40931529003246BE9597
:104E60008C414E85EF303F9E41016FC0FEE8EFC29E
:104E70007EE5AE8A8345A5002A84B28905450146B0
:104E8000368A3A8BEF207FB03DC19304C5002A8952
:104E9000A5452685EF30DFB2630D0B0483450B007B
:104EA00093F5F5072685EF30FF9B03D64A0083A5CF
:104EB0000A002685EF303F999717FF1F938747C851
:104EC0009C43C9C750401C4083558400035646008C
:104ED00003D5C70105478146EF80BF8115E95C40D6
:104EE000839747006354F0064A85EF307FB76555D6
:104EF000A1A85C400547814583D727008D07C207DD
:104F0000C183E371F7FA0C44E98193E5050459BFC5
:104F10009717FF1F938787C283A807000548A687B6
:104F200005478146014681452285829805C15C403E
:104F300083974700635CF0004A85EF307FB24E856F
:104F4000D285EFF07FDF01456FC01EDBD2864E8633
:104F5000CA852285EFB08F85C5BFEFC2BED62A8431
:104F6000130545022E89EF10B04B9717FF1F93874B
:104F700027BD9C4395CB8307740163D70702034683
:104F80007401054581457D8A0506EF30E0425C4CA1
:104F90007D15638BA7000356240183550401084047
:104FA00093068400EF807F878144584093992400C2
:104FB0004E97084319C5EFF09FDA5C40CE9723A0C7
:104FC0000700834774018504FD8BE3D097FE834778
:104FD000740193F7F7FBA30BF400630B09008147FF
:104FE0000148232004001CC42326040123280400B4
:104FF0006FC09ED0EFC21ECD9C45AA842E84B2897C
:10500000239205009CC10149DC4013172900BA977F
:10501000D8488C43A1479316270063C30600B147C5
:105020003387270303D64401198E63D3C7003E8616
:105030002285EF305F8183C774010509FD8BE3D5BD
:1050400027FD83C7740193F7070291EB8357440050
:105050002147639309001147998F2312F4006FC011
:10506000BEC9EFC2DEC72A83084103DE0500411135
:105070000355C5016313AE0603454301098911C5F4
:1050800003C54500138E650119E1138E5500834554
:105090000E001377F7037D55639EE502BE85B68744
:1050A000832643014285468713F816009716FF1F93
:1050B0009386C6C094428358A30032C0B38606418B
:1050C0000358830036C22E86AA86814513051E002A
:1050D000EF707FD641016FC0DEC27D55E5BFEFC2E4
:1050E0007EBE2A84035585004111BE89AE8A328A6C
:1050F000B6843A89EF10FFD6E15739E103558400B1
:10510000EFF08FCCFD570DCD5C488358A4004E873F
:1051100013F817009717FF1F938747BA9C43CA8657
:1051200056C0B3870741035884003EC22686D28703
:1051300085451105EF703FD03335A000B307A0407F
:105140003E8541016FC05EBBEFC27EB92A84130564
:105150008502EF10F02C81471CC48357840101485D
:1051600023200402C607C58323220402232004004F
:105170002326040123280400231CF40081448347D0
:10518000A4019DC75840139924004A97084301CDB4
:10519000EFF0FFBC5C40CA9723A007008347A4013F
:1051A000FD17230DF4001C4C8504FD8BE3D997FCFF
:1051B0001717FF1F130787B01C47230D040093F632
:1051C000F7FD1716FF1F232FD6AE93F7070289CBE3
:1051D00008438145EFA04F8101C50145EFA04FA8CD
:1051E0006FC03EB2EFC23EAD832A0502032A4502DC
:1051F000AA84AE8901490144171BFF1F130BCBE39F
:10520000930B8004EF203FA5634BA90201CC835789
:105210008401814513058402C607C583231CF4005D
:10522000EF10901E2685EFF03FF263880A0083A7F7
:105230004A0081C7D2854E8582976FC05EABB307A7
:10524000790303270B00BA97638DF4020397870154
:105250006359070283D6070103D704016393E6026B
:1052600083D6270103D72401639DE60009CC54446B
:10527000D847636AD7006396E6001444984763648E
:10528000D700050941B73E84EDBFEFC2BEA3184168
:105290007971231001028357C701231101023AD209
:1052A000231CF1008357850103476501231F01007B
:1052B000EA07FD87231DF100835725010A07231EF6
:1052C000F100930700F8A300F1028347B501230121
:1052D000F1023C083ED4835705012316F1028347AF
:1052E00075012307F1021C4D9D83858BD98FA30780
:1052F000F1028347D50195CBF1742A841769000028
:10530000130989749384F40F184C9357870093F70B
:10531000F7037D8B6371F70283578401717713075D
:10532000F70FF98F231CF400A5A0A555EFF09FEB14
:1053300045616FC07E9C58408A07BA979C43D1C391
:105340008345740101460545EF202FE4AA8929C150
:105350001306C5003285A54532C6EF306FE60C4C0A
:1053600032462285A18193F5F503EFF05FA78347CD
:10537000C401A2864A868507230EF400CE85481014
:10538000EFA0DFC21DCD8347C401FD17230EF4003B
:105390008347C4018DE38317240113058402930519
:1053A00020036358F0008347B401B385B7029385A7
:1053B0000519EF1070058347D401FD17A30EF40003
:1053C00085BF1C4C03578401A183850793F7F7031E
:1053D000A207658FD98F231CF4003DB7EFC23E9022
:1053E000130585FDEFF07FEA6FC0BE910347A5016D
:1053F00039CF0347C501AA877D171377F70F230E0F
:10540000E50031E7EFC2BE8D83162501634AD00067
:105410000347D50111E78145EFF0DFDC6FC07E8ED9
:1054200003D687011167130707F0718F1385870271
:10543000814519EB930520036358D00083C7B7015A
:10544000B385B70293850519EF10007CC1BF828038
:10545000EFC2FE882E85EFF07FF96FC09E8AEFC203
:105460001E8883578601AE84328413971701634EDA
:1054700007001C5299CB9C4389CB5052829783578B
:1054800084011167D98F231CF40081C42285EFF0B9
:10549000FFF56FC01E87EFC21E82AA8413F5F507C1
:1054A000328915CDA947630BF51883C74401014420
:1054B00093F707049DCB9707FF1F9387E7679843F0
:1054C0006306071C9707FF1F9387477F9C5F9183A5
:1054D000858B639D071AA68502972A8439A00357F6
:1054E0004600954763E6E7007D5422856FC03E8005
:1054F0003285368AEF304FC59317150193D937019E
:105500009707FF1F9387C7639C43935AF500C20A0E
:1055100093DA0A018DCB8387440163D60702DC4806
:1055200013F717009707FF1F938747799C43998FBD
:1055300013D78700E207B3E737012320FA002322BD
:10554000EA0001445DB74A85EF304FC3096B83DB46
:1055500084002A898144171CFF1F130CECAD930CA7
:1055600080047D1BEF202FEFE3D0A4F83384940355
:1055700083270C003E9418445444B377670163902A
:10558000370583572401638D7701638A0A021C4C17
:105590000346A401FD8B85076313F60223197401EA
:1055A00083172401E352F0F42320EA002322DA00D7
:1055B00063190900A9552285EFF0DFC259B78504A8
:1055C00055B74A85EF903F801C4C7D15FD8BE3CD90
:1055D000A7F013058402370A0040EF1060647D1ABB
:1055E000854A4A85EF90EFFB01E98347A401A9C7EB
:1055F0002285EFF09FC9B1B75840B30745018A072C
:10560000BA979C439304F5FF8DC393F9F40F8A096D
:105610004E970843EFF0AFF45C40BE9923A0090019
:105620008347A401FD17230DF40033959A00134519
:10563000F5FF3379A90075B78145B5BF035746001B
:105640008947E3F3E7EA03D7A4009717FF1F83D73F
:10565000279E0144E31BF7E83285EF300FABAA89A0
:105660004A85EF306FAED04493F9F907AA862182BC
:105670009377F60705461D8E83D5A40003D58400D5
:105680004E961376F60FEF502FF985B59707FF1F4B
:10569000938707619C436154E38907E44A86A685A2
:1056A000829725BDEFC2AEE07971AA8A2E8A32C0F8
:1056B000368B3A848144014D01499719FF1F938924
:1056C000A997930B8004EF200FD963CCA414F15455
:1056D00063050D1403A64A006305041883470400FC
:1056E00093E707F8230BFD0083D78A0003574A008E
:1056F000B33580002318FD0083574600A1492319C4
:10570000FD009307F7FF11E0B149B3C73703835694
:105710008D011705FF1F1305655A231AED00819AA5
:105720009605FD8BDD8E231CDD008507230DFD0016
:105730001C4503284500898313F717001C41998FE6
:1057400013D78700E207B3E707012324FD0083A7EF
:105750000A002326ED0023226D032320FD0082474B
:105760002320FD0293070040231EFD0083C7AA00EB
:10577000A30BFD0003A78A004D839377070413F75B
:10578000F6FB5D8F231CED0083C7BA001377F7F794
:105790009316F900858B9E075D8F93171701C583BC
:1057A000D58F13D78700231CFD0093770708A30C20
:1057B000FD0083578D011307F00F93F7F7FDCD8F91
:1057C000231CFD008347A6002AC2639DE70AEF5011
:1057D0001FABA30DAD009704FF1F938464369C405C
:1057E000130C8D006388071683270D0003278D0196
:1057F00003562D0183D58A0003D5C7017D8B05078C
:10580000E286EF701FEF6317051483172D016353B2
:10581000F0146A85EFF05F93E554268545616FC00B
:10582000CECCB387740303A70900BA9703C7A701B7
:105830000DC703D68A0083D607010147631BD60034
:1058400003A74A0083D72701035747001D8F13374B
:1058500017003369E9008504BDB5E31E0DFE3E8DDA
:10586000DDBF8357260005478D07C207C1836365E7
:10587000F700930700F8BDB583A78A00E98393E793
:1058800007FC8DB5A30DFD00B9B73247035CA1003D
:1058900063F3E7003E8C83A70C00420C135C0C0101
:1058A0009C4362D001460C1001458297AA8935D1EC
:1058B000E2855285EF203FF36286AA854E85EF2070
:1058C000507283274D00131C2400E29723A0370158
:1058D0009C40A1CF1C103ECAB70710003ECC500818
:1058E0001C10A2856A853ECEEFF06FCF03278D0195
:1058F00009467D8B6303E400054603AE0D000548B1
:105900005C080507DE8681455685029E19CD83A772
:105910004A0083974700635AF0004E85EFF02FC48A
:1059200083274D003E9C23200C0005041374F40FC4
:1059300083574A00B9FB9C40A9C383274D009C4371
:105940008DEF6A85EFF05F800245DA85EFF0CFBE1C
:105950008144E1B5814B11E0E28B93970901C1834A
:105960000144231531013EC6976C0000938C0C90C6
:10597000970DFF1F938D8D1C65BF63050900EF9088
:105980005FB2F9B76A85EFF05F909707FF1F9387C3
:1059900067319C438144E38207E892479C5F91838F
:1059A000858BE38C07E6EF90EFA785BDEFC22EB3A2
:1059B000EF206FAA930780043305F502A145EF900D
:1059C000AFC201E565556FC0CEB39707FF1F23A592
:1059D000A76601449704FF1F93840466130980049B
:1059E000EF206FA76369A402EF20EFA7A1451A0576
:1059F000EF908FBF61D99707FF1F23ADA7620144C6
:105A0000B1441709FF1F1309E962EF20CFA56364B2
:105A1000A40201454DBFEF200FA391450A05EF9069
:105A2000AFBC4DD1330724039C4005041374F40F1D
:105A3000BA97C8C375B7EF200FA4335595029145A7
:105A4000420541810A05EF902FBA2DDD8327090019
:105A5000131764000504BA97C8C31374F40F75B71D
:105A6000EFC24EA6C1642A8901449709FF1F93899A
:105A7000E924130A8002FD14EF20AF9A6345A400C5
:105A800001456FC06EA73305440383A7C90A3E953D
:105A9000835705006386970083572500E38327FF1C
:105AA0000504D9BFEFC2AEA3C167BA841387E7FF6D
:105AB00041113684639BE500238004009707FF1F94
:105AC000938747291CC081471DA8F5172A89639130
:105AD000F50432852EC632C4EF10AFB871FD9707BA
:105AE000FF1F9387A7329C432246B24513971701A5
:105AF000635007023285EFE03FAD11E5FD573E856B
:105B000041016FC00EA0110508C02380040065BFCD
:105B1000E30609FE2E85EFF0BFF4E1576DD1034790
:105B2000F9018947631DF7008347450089CB930737
:105B300075011CC0834765012380F40069B7930792
:105B400065001CC083475500C5BF83D7450099E752
:105B50007D5582807D5505616FC00E9AEFC28E968D
:105B6000130700182A8401112D55E366F7FE2E85D0
:105B7000B6893289AE84EF20FFC88D47E3FCA7FCCD
:105B800003DA4400EF20EF8A11055C4063584501B9
:105B900003C79700136707F8A384E70003D64700FD
:105BA00083D5270008401307B1017408EFF09FEF79
:105BB0005DF18347B101139727008347B4008D8BB4
:105BC000D98FA305F4005C408387970063D9070051
:105BD0002685EF203FC31335850013451500834705
:105BE000B40006059166F59B5D8D5C40A305A4009D
:105BF000014703D54700A167A98F63F5D700EF5090
:105C00008FF62A875C409706FF1F9386260B83A892
:105C1000060083D5270003D847009C4610448D0515
:105C20008983858BB387F8403EC0C20583A84600B0
:105C30008357840072456582C181A686058A93B523
:105C40002500EF70AF96E31805F05C400147CE8663
:105C5000838797004A86A685228563D50700EFF0E3
:105C60007FA4D5BDEFF0AFA0FDB5EFC24E8732885F
:105C70003A861397060101114183A307B100231C43
:105C8000E100231DE10042CA42CEAD45584163F810
:105C9000D5008345970093E505F8A304B700FD56AA
:105CA0002311D70003079700635B07001307F10078
:105CB000BE864C08EFF01F9F05616FC08E841307EE
:105CC000F100BE864C08EFF08F9AFDB7EFB29EFF51
:105CD0003E848357C5010111231901002314F100EB
:105CE000FD572315F1003C002ACA23170100231891
:105CF00001002316C1002309D10002CE3ECC2E891B
:105D0000BA89C2842E8563040800EF100F88231E11
:105D1000A100EF50AF979707FF1F938727FA9C5F6B
:105D2000230FA10001459183858BADE342091359EF
:105D30000941635D200503D709001398F4009946D3
:105D40004E074583336807019317880042081358AC
:105D500008011358880033E807019357040113D74B
:105D60008700A301F1009317840042044180218041
:105D70005D8C2301E100814701470A86814548087F
:105D80002310010123128100EFF03FEE05616FB097
:105D9000BEF6EFB2DEF42A849304C5FDEF107F85D2
:105DA0008327C4FF1D8DBD67938707A663F8A700EF
:105DB00081452685EFF06F9A6FB0BEF4032804FF8B
:105DC0008355E4FE832784FF834644FF0356C4FEC5
:105DD0000325C4FD1358F801130744FEEFF01FEF2D
:105DE0002685EFE07FF9AA852285EF00F061E9B70B
:105DF000EFB2FEEE01112E89AA84EF509FD22A84C1
:105E0000FD572315F1008357C40203554503231999
:105E100001002316F1008347140323170100231800
:105E200001002309F1002314A10002CA02CC02CE12
:105E3000EF90AFB32ACA08403C003ECCEF102F943D
:105E400083570500231EF100EF504F848357C4028F
:105E5000230FA100B1CF834714032302F100EF50B9
:105E60002F907D1513341500EF50CFB28547631482
:105E7000F50013642400EF50EF8F85476314F5009D
:105E8000136444009707FF1F938747E39C5F918348
:105E9000858B99C313648400CA8726878D4650007A
:105EA000A9454808A302010023038100EFF0FFDBAE
:105EB00005616FB01EE5EFB29EE281450145EFF04E
:105EC0003FF36FB01EE4EFB29EE101449704FF1F61
:105ED0009384841613098004EF10FFD76345A40050
:105EE00001456FB01EE2330724039C40BA9783C775
:105EF000A70199E30504CDB70545E5B7EFB23EDE4E
:105F0000AA8401441709FF1F130949DBEF107FC85A
:105F10006353A4028327490B131534003E9583571E
:105F20000500639C97002310050023220500230130
:105F30000500EFC0BFB96FB0DEDC0504C1BFEFB232
:105F40007ED82A842E89EF10DFC619C1014565A0CD
:105F500083474401414793F60703E389E6FE93F73D
:105F60000704EDD7EF10FFC275D181448149170AAC
:105F7000FF1F130AAAD4EF10DFC163CCA900EF10F2
:105F80005FC1639BA90E81449709FF1F938909D3C1
:105F900089A883274A0B93943900BE9403D7040041
:105FA00083578400E30DF7FC8509F1B783A7490BFC
:105FB000139534003E95835705009DE36305090062
:105FC0002320A90061B7835784002310F5001C48E3
:105FD0005CC15C48858B2301F500EFC03FAFBDB7C6
:105FE0008504EF101FBBE3C3A4FCEF109FBB8547E4
:105FF0006305F50005456FB03ED09704FF1F83D4BD
:1060000044031707FF1F130767CB939734008324BC
:10601000470BBE9403D50400EFB0AFFC03D50400DA
:10602000EFF0DFED630C0902232099009707FF1FB3
:1060300083D7270085071707FF1F231CF7FEEF10E4
:106040005FB542059707FF1F83D7A7FE4181E3EFA6
:10605000A7EE9707FF1F239E07FCCDBD8357840043
:1060600026852390F4001C48DCC05C48858B238186
:10607000F400EFC0BFA55DBF8347440103C7240000
:10608000858B99C725DBD8401C48E375F7F611A02E
:106090007DDB63050900232099004DBD83578400F3
:1060A00026852390F4001C48DCC05C48858B238146
:1060B000F40025B7EFB2BEBF03584500217102D2EC
:1060C0009147832B050063E707017D594A853961B4
:1060D0006FB0BEC12E842A8A4C102285BA8DB68933
:1060E000328CEFF0DFE575F185455285EF206FEEDC
:1060F0005285EF207F851319350009818964420597
:106100004181938CF4FFB37495015285EF20EFFF2A
:1061100013798901935755003369F900137DF5010F
:106120001379F90F137BFD0FE3612BFB5C481848D3
:10613000970AFF1F938A8AB893F6170083A70A006D
:10614000B3049740B3F49401958F93D68700B304BA
:106150009740E207DD8C23A2D90023A09900930C7D
:106160001B0023809D01814636CEEF10DFAFF24643
:106170001708FF1F130808EC63D0A6048327080044
:1061800093946600BE9498481C446316F706D8445E
:1061900083A749008C4403A609006366F700639057
:1061A000E74863FEC54683C7740193F70704A1C798
:1061B00085452685EFE07FDA5C4821478D83858B16
:1061C00091E33147B3046703EF10FFAA63C4A4044B
:1061D000032844018346E400035684008355A40049
:1061E0000840135878001378180081474E87EFF065
:1061F000FFAD2D59E1BD850685BF8357840023106F
:10620000F5001C485CC15C48858B2301F500EFC09C
:10621000FF8B49A19707FF1F938787929C4381EFCC
:10622000814DEF105FA49707FF1F9387A7E063CB13
:10623000AD045D5961BD5C481307000893F7070C76
:10624000E390E7FE1C4003C70D000356A4008355EE
:10625000840003D5C701CE86EF70AFC971F1032862
:1062600044018346E400035684008355A40008409B
:10627000135878001378180081474E87EFF01FA558
:106280006559A9B5984393946D00BA9403C77401F6
:106290009376070499C2850D69B713670704A38B2A
:1062A000E4001C409CC05C488A0793F60702937781
:1062B000F7FDD58FA38BF40003A6090083A6490040
:1062C000819BB3E7A701A38BF40090C4D4C403C798
:1062D0000B0093F7F707238BE4000347E400238CBC
:1062E000E400035784002398E4000357A40023AE7E
:1062F00004002399E400584813770708D98FA38B2B
:10630000F400DC4CB3D72701858B63950738DC4854
:1063100003574A00F583858B6317690B93160901B0
:10632000C182214691E33146B387C6023E97239A44
:10633000E400EF100FAC138D440288D06A85EF00A3
:10634000300209ED83A78A039183858B81EB268533
:10635000EFE09FA2AA856A85EF00100B5C482147F9
:106360008D83858B91E33147DC40BAC0175700001D
:106370001307C7EF1843931D2900130B010418439B
:10638000EE970146DA8501453ECE0297F24788C373
:10639000DC40BE9D03A50D000DED0328440183558F
:1063A000A4008346E4000356840008401358780094
:1063B0001378180081474E87EFF05F918545268559
:1063C000EFE0BFB975BDA14691E3B146E383E6F6C0
:1063D000EDB903564A0083250A00054A33192A01FC
:1063E000EF202040DC4C668605453369F90023AE7A
:1063F00024018145EF10507C7D156306A900232000
:106400004C010149E1B1125509CD83578400231095
:10641000F5001C485CC15C48858B2301F500EFC08A
:10642000EFEA89472320FC006A85EF00607F03A81C
:106430004401DC4C8346E400035684008355A400E9
:1064400008404E871358F801EFF05F8883474401F6
:1064500013F7870005CBB707000101464C182685C6
:106460003EDC5ADA5ADEEFE0FFB883C50B00CE8679
:1064700050182285EFF02F822A8981452685EFE08A
:10648000DFADA9B183C91B0003AA840037078001CF
:1064900083CC0B00220A3AD693D979005AD45AD821
:1064A000135A8A0083D64401254763930900154790
:1064B0007D59E3C4E6FC17F7FE1F1307676818430E
:1064C00011C793F7070499E3014945BF0355A40099
:1064D000A1671167A98F814B63F5E700EF40BFE823
:1064E000AA8B93D76C00858BBDCF114C63830900B9
:1064F000214C420C135C0C01014B130D8002EF1078
:106500004FF293170B014205C1834181E3FEA7FAC5
:1065100003A3CA0AB30DAB034E862C1026851ACEF0
:10652000EFE05FADA25783A5CA0A930841033EDEA0
:106530003EDA83D74401130881026687B387874117
:10654000231DF102DE86CE875286EE952285231C1E
:106550000102EFE01FB12A89050B55F172439A9DA4
:1065600083D72D0075A09707FF1F9387278A9C4329
:1065700013971701635007044E862C102685EFE011
:106580007FA7A25721473EDE3EDA83D744016393BB
:1065900009001147998F231DF10238105C18CE862F
:1065A0005E86D2852285231C0102EFE05FB32A8933
:1065B000F55739CD4E862C102685EFE0BFA3A257A4
:1065C00021473EDE3EDA83D7440163930900114739
:1065D000998F231DF1025C4852C0341013F7170045
:1065E00083A70A004E868545998F3EC28358A40032
:1065F00003588400DE87581817F5FE1F13058575AC
:10660000231C0102EF603F832A89F957E31705E64F
:106610002313F4004C182285EF00FFCBB9BDE3E64D
:10662000E7AA6314F700E362B6AA03C70B0083C7A7
:106630006401E31CF7A803AD440193578D01FD8B62
:10664000E39567A95C481357DD01058B8D83858B26
:10665000E31DF7A683C7740193F70704E39307CA02
:10666000DC4C6686054581453ECEEF10F054F2477E
:106670007D15E39CA7A48346E4000356840083555C
:10668000A40008401358FD014E87EFF02FE4125587
:10669000E31505B679591DBC9707FF1F239AA798E4
:1066A0008280EFB2CEE03971FD5717FAFE1F130A50
:1066B0002A493ED683270A007D573AD402D2A30145
:1066C0000102AA842E84638707109C4183D5A5000C
:1066D00003D5C701EF60FFFD834744011E0593F713
:1066E000F707C98F230AF400A5452685EF206F8E92
:1066F00097FAFE1F938A0A5B83A70A008DC717F7D4
:10670000FE1F1307A75B1C5F9183858B89CF83478F
:10671000440193F6070381EA54532147695963976B
:10672000E60A918BC5C72685EF202F8D9C40AA8B4A
:1067300003DC44008387070063D3070A5C480149F0
:1067400093F7070CC1C71307310234105010A2850C
:106750002685EFF03F962A8983A70A0085C317F79D
:10676000FE1F1307A7551C5F9183858B81CB585360
:10677000A1476315F7002285EF80AFE09C44C20B70
:1067800093DB0B01BE9B83270A0023A07401239295
:1067900084018DCF8307440163DA0702631809027D
:1067A00097F7FE1F9387873983A80700A257FD56E6
:1067B0001256034731020148639ED71CB256639BB1
:1067C000F61CA6878146A285014582984A852161EB
:1067D0006FB0AED183C7450193F7F70721B785475F
:1067E000A301F10263140C007D59BDB781452285D8
:1067F000EFF0EFF475F92685EF202F9183474401E0
:10680000AA8CA18B81CBAA85341026862285EFE045
:106810009FC891B75C48014993F7070C95DF37EBA8
:10682000040083290B07EF10CFC0110542054181F9
:106830008299AA89630E05142ADA231C0102EF103B
:106840004FBF03D744001105231DA1024EDE91471F
:1068500063E7E70083278B064E85829771B783270E
:106860000A0099CB8347440193F7070491E78327F4
:106870008B064E858297CDB50355A400A16711679D
:10688000A98F014B63F5E700EF40FFAD2A8B83D75B
:106890004400F1172392F40093D76C00858BE1E755
:1068A00097F7FE1F938787569C43139717016351F1
:1068B0000702F2570C4826873EDA81465C185A8652
:1068C0002285231C0102EFE09F812A89F55739C5F3
:1068D000F2578358A400035884003EDA5C48A68629
:1068E000014613F7170097F7FE1F9387273D9C4338
:1068F000854517F5FE1F1305E545998F3EC21C48D7
:106900005818231C01023EC0DA87EF60CFD22A89D3
:1069100009C5B7E70400BC57A9BFF9572313F40012
:106920004C182285EF003F9BEDB793078002B38799
:10693000FD02032ECD0A104893084103268866877E
:10694000DA862285231C0102850D3E9EF257F285D0
:1069500072CE3EDA8147EFE0CFF02A8911E9724E1C
:1069600083572E0065BF814D17FDFE1F130D0D359A
:10697000EF102FAB420593970D014181C183E3E6F0
:10698000A7FAB7E70400BC574E8501498297E9B3DF
:106990005D59D9B3A68734103DB582808280EFB2AD
:1069A0000EB4014497F4FE1F9384C468EF10AFAB9C
:1069B0006344A40297F7FE1F9387473003A4470B55
:1069C000EF102F9D1316350081452285EFB02EB4B0
:1069D000EFC0AF916FB0EEB2884093176400854569
:1069E0003E95EFE08FD70504D1B7EFB24EAF01442B
:1069F00097F4FE1F9384446413098004EF10AFA53D
:106A00006344A4006FB0EEAFB307240388400504CD
:106A10003E95EFE06FF3DDB7EFB2CEAA014497F4F5
:106A2000FE1F938464611309800497F9FFFF938923
:106A3000299BEF104FA26341A402014497F4FE1F6B
:106A40009384445F17F9FFFF1309E934EF10AFA1F6
:106A5000634EA4006FB04EAAB30724038840CE85CE
:106A600005043E9513058502F928E1B78840931780
:106A70006400CA853E9513054502F1200504F9B767
:106A8000EFB2EEA51C452A84858BA1CF97F6FE1F99
:106A90009386C65A9C42014795C36311F4041C4077
:106AA000D4420DE717F7FE1F232AF7586316D400C8
:106AB00017F7FE1F2326F758232004001C44232C1D
:106AC00004000145F99B1CC46FB0AEA31CC3E315C1
:106AD000D4FE97F7FE1F23A5E756F9BF3E879C43D8
:106AE00065BF31053926D9BF8589B1C1EFB22E9F67
:106AF00017F4FE1F1304845408401DC51C4117F7EA
:106B0000FE1F232DF75258406316E50017F7FE1FAE
:106B10002328F7521C45584193F6E7FF14C5858B8F
:106B2000E1DF79DB0297C9BF01456FB08E9D01455A
:106B30008280EFB2CE9A2E8431468145EFB02E9DF1
:106B400040C16FB00E9CEFB28E992A84EFF07FFEA9
:106B50002326040023280400232C04006FB06E9A1F
:106B6000EFB2EE973105CD2295473305F502A147E7
:106B70003345F5026FB0EE989C4513E7170098C5B2
:106B8000858B8DE7EFB2AE955C4123A0050081EFC8
:106B90004CC10CC1B7E70400BC4B034585008545DB
:106BA00082976FB00E968CC34CC1EDB78280EFB266
:106BB0006E913559634A06009C4DB2842E84AA8991
:106BC00099C731596387A7004A856FB0EE92014992
:106BD00019E52285EFF0DFEA2A89E34705FE8E04F6
:106BE0009545B3C5B402232C34011305C400612AB2
:106BF000E1BFEFB2CE8EAA8517F5FE1F130505443F
:106C0000EFF09FF76FB0EE8FEFB26E8D2E86AA85F4
:106C100017F5FE1F13058542EFF07FF96FB06E8EFA
:106C20001C4D99C7EFB2AE8BEFF09FE56FB06E8D44
:106C30007D558280EFB2AE8AB7E7040083A70708CC
:106C400017050000130585EA829797F7FE1F9387C3
:106C5000E73E2384A70023A0070023A207006FB00C
:106C60004E8A97C7FE1F9387274D88436313F5000D
:106C700001458280EFB2AE86EFF0BFFEFD5711C135
:106C80001C453E856FB0EE87EFB26E85EFF07FFD5D
:106C9000AA87014589CF8047B7E70400BC538545E3
:106CA00017F5FE1F0345453A82973305A4406FB0A0
:106CB0004E85EFB2CE8237E404007C4C41112AC6E7
:106CC000854517F5FE1F0345253882977C48854585
:106CD00017F5FE1F0345453782973246634A060083
:106CE00017F5FE1F0345453619E63C488545829752
:106CF00041016FB00E813C4C85458297D5BFEFA214
:106D00001EFE930545FF4845EFF01FE76FA07EFF8D
:106D100085898DC9EFA2BEFCEFF0BFF409CD5441C7
:106D200018412324050098C254C3232005002322C0
:106D30000500EFF0DFFCEFF0FFF3EFF09FF7014508
:106D40006FA03EFC014582801C4185CFEFA23EF939
:106D5000AA84EFF01FF197C7FE1F9387E73DDC433E
:106D6000014419E5EFF05FF23305A4406FA07EF90E
:106D700018453A94E30895FE75D5E305F5FE0841FC
:106D8000CDB701458280EFA29EF50CC52A84EFF0B5
:106D9000BFEFAA84EFF0FFEC01C51C45858F1CC531
:106DA000EFF03FEC97C7FE1F93870739D04311E9F7
:106DB00050C01CC0DC4380C397C7FE1F23A0873888
:106DC00029A8144518446350D7025C413387E64034
:106DD00018C55CC008C080C340C1EFF0BFE9EFF048
:106DE0005FED6FA01EF2158F18C4E303A6FC0841E7
:106DF0007DBFEFA2DEEE1C41FD54B1C72A84EFF047
:106E00005FE62A89014563142401EFF0FFE717C705
:106E1000FE1F1307673258431C406308E40091C704
:106E20001844098F88473A9588C7584081441CC345
:106E3000D8C3232004002322040063162401EFF0AA
:106E40007FE3EFF01FE726856FA0BEEBEFA23EE9E0
:106E5000B7E7040083A7070817050000130585EBB3
:106E6000829797F7FE1F2381A71E6FA09EE911E26C
:106E700082807D16B387C50003C70700B307C5002E
:106E80002380E700EDB797F7FE1F23A1A71C8280A0
:106E9000EFA2FEE41C412A84B284858B014989CB90
:106EA000B2862E86AA8597C0FE1FE78040B22A8947
:106EB000A685228597C0FE1FE78060AF630A0900A0
:106EC0008A04F11426941C4037070080D98F1CC017
:106ED0006FA03EE3EFA21EDF039A26009307000295
:106EE000AE891304FA013344F40293844602AA855E
:106EF000B28A4E852686054962046184A28697C0BF
:106F0000FE1FE780C0AC11ED931754000149635A8E
:106F1000FA00D2854E8597C0FE1FE780A09F3339C7
:106F2000A000A2862686CE85568597C0FE1FE780E4
:106F300000AA4A856FA05EDCEFA2DED801112146CF
:106F40002E842A8997C0FE1FE78080A15C54A14649
:106F50000A863EC61C588A850A853EC85C5802C40B
:106F600002C23ECA1C5C02C03ECC5C5C3ECE97C0F6
:106F7000FE1FE780C0A5AA84A1460A86CA854A8565
:106F800097C0FE1FE780A0A41C58AA94A1463EC645
:106F90005C580A868A853EC81C5C0A8502CE3ECAB9
:106FA0005C5C3ECC97C0FE1FE78060A2AA94A1461D
:106FB0000A86CA854A8597C0FE1FE78040A11C50FB
:106FC000AA94A1463EC05C500A86CA853EC21C54A3
:106FD0004A8502CA3EC41C5C02C802C63ECC5C5C48
:106FE0003ECE97C0FE1FE780809E5C50185CAA943E
:106FF0003EC01C543AC8585C3EC25C54A1460A8646
:107000003EC45C58CA854A853EC63ECC1C503ACA2E
:107010003ECE97C0FE1FE780809B5C54AA94A14699
:107020003EC01C580A86CA853EC25C584A8502CAC0
:107030003EC41C5002C802C63ECC1C543ECE97C073
:10704000FE1FE780609C1C58898CA1463EC05C589E
:107050000A86CA853EC21C5C4A8502CA3EC45C5C84
:1070600002C83EC65C503ECC5C543ECE97C0FE1F6C
:10707000E78080995C58898CA1463EC01C5C0A86DA
:10708000CA853EC25C5C4A8502CC3EC41C503EC6EA
:107090005C503EC81C543ECA1C583ECE97C0FE1FD2
:1070A000E78080961C5C898CA1463EC05C5C0A86A9
:1070B000CA853EC25C504A8502C43EC61C5402CCFE
:1070C0003EC85C543ECA5C583ECE97C0FE1FE78067
:1070D000A0933384A44097C4FE1F9384A4066347FF
:1070E0000402854911E82146CA85268597B0FE1F0E
:1070F000E780407563073503A1462686CA854A8521
:1071000097C0FE1FE7804090098CE9BFA146268604
:10711000CA854A8597C0FE1FE780608B2A94E347A3
:1071200004FE05616FA05EBDEFA2DEB91D712A8469
:1071300032892E8A714681454800EFA05EBD8304E6
:1071400009008D475286A686D28508103EC097C09A
:10715000FE1FE780A0928327C90A0C102285829720
:10716000A6860A86A28522859309490097C0FE1F3C
:10717000E780808909C9A6864E86A285228597C0A8
:10718000FE1FE780C084830609005286A28508108E
:1071900097C0FE1FE780808E8327C90A0C102285C6
:1071A0008297A68613064908A285228597C0FE1FEE
:1071B000E780E08119E92686A2854E8597B0FE1FFB
:1071C000E78040688547630AF500A6864E86A2855B
:1071D000228597C0FE1FE780208325616FA0DEB166
:1071E000EFA25EAE8384060019712A89AE8A3285C9
:1071F000A6853284B68997B0FE1FE780806F631939
:10720000052CA6865686D685880097C0FE1FE78087
:10721000E08683A7C90A8C000A85829783860900C5
:107220000A86CA85880097C0FE1FE780208583A74D
:10723000C90A8C0008108297838609000A868A850D
:10724000880097C0FE1FE780608383A7C90A8C006F
:107250000A858297838609002286D685880097C092
:10726000FE1FE780A08183A7C90A8C0056858297FC
:10727000838609002286A285880097B0FE1FE780DA
:10728000E07F83A7C90A8C0022858297A686228682
:10729000CA854A85138A490097B0FE1FE78020738C
:1072A00019E92686CA85528597B0FE1FE780805966
:1072B0008547630AF500A6865286CA854A8597B037
:1072C000FE1FE7806074A6862286A285228597B07D
:1072D000FE1FE780C06F19E92686A285528597B008
:1072E000FE1FE78020568547630AF500A686528672
:1072F000A285228597B0FE1FE7800071A6862286B0
:10730000CA85228597B0FE1FE780007009C9A6864E
:107310005286A285228597B0FE1FE780406B838648
:1073200009002286CA85880097B0FE1FE780007595
:1073300083A7C90A8C004A858297A6864A86CA8591
:10734000228597B0FE1FE780806819E92686A2850E
:10735000528597B0FE1FE780E04E8547630AF5002F
:10736000A6865286A285228597B0FE1FE780C06957
:10737000A6862286CA854A8597B0FE1FE7802065CB
:1073800019E92686CA85528597B0FE1FE780804B93
:107390008547630AF500A6865286CA854A8597B056
:1073A000FE1FE780606681454A8597B0FE1FE78033
:1073B000605663020512A6865286CA854A8597B032
:1073C000FE1FE780C0602A8BA6854A8597B0FE1F06
:1073D000E780E05D93972400F117CA9788437E0BFE
:1073E0003365650188C3838609004A86CA8588009B
:1073F00097B0FE1FE780806883A7C90A8C002285AA
:107400008297A6861010A285228597B0FE1FE7807E
:10741000A05F09C9A6865286A285228597B0FE1F65
:10742000E780E05AA6861010A285228597B0FE1F3D
:10743000E780805D09C9A6865286A285228597B01D
:10744000FE1FE780C0580C10A68622862E8597B0B6
:10745000FE1FE780605B09C90C10A68652862E8548
:1074600097B0FE1FE780A056838609001010CA85DA
:10747000880097B0FE1FE780606083A7C90A8C0070
:107480004A858297A6860A86CA850A8597B0FE1F16
:10749000E780805709C9A68652868A850A8597B0F3
:1074A000FE1FE780C0522686A2854A8597B0FE1F40
:1074B000E780004B2686D685228597B0FE1FE780A1
:1074C000204A26868A85568597B0FE1FE780404968
:1074D00009616FA07E82A6854A8597B0FE1FE7806E
:1074E000004D11B7EFA20EFEAE8919712A89B6853B
:1074F0004E85B284368497B0FE1FE780803F11C965
:10750000A2854A8597B0FE1FE780E03C09616FA025
:10751000AEFE2286CE850A8597B0FE1FE7804044E6
:107520002286A685081097B0FE1FE7806043A285DB
:10753000880097B0FE1FE780003A8547A285881033
:10754000BEC097B0FE1FE780003922860C100A8566
:1075500097B0FE1FE780002F09E922868C004A853C
:1075600097B0FE1FE780C03F55B78247858B89EFF4
:10757000A2850A8597B0FE1FE78060432286A68514
:107580008800EFF0FF90D1B78257858B99EBA285E9
:10759000081097B0FE1FE78080412286A6858810DC
:1075A000CDB7A2866359A00410108A850A8597B0CA
:1075B000FE1FE7806045A2850A8597B0FE1FE78021
:1075C000003F22868C10880097B0FE1FE78080273E
:1075D000635A05008C00A28626862E8597B0FE1F72
:1075E000E780E03E8C00A28690102E8597B0FE1FAB
:1075F000E780804161B70C100A862E8597B0FE1F88
:10760000E7808040A285081097B0FE1FE780203AEF
:1076100022868C00881097B0FE1FE780A022635A54
:1076200005008C10A28626862E8597B0FE1FE78067
:10763000003A8C10A28690002E8597B0FE1FE7803E
:10764000A03CA1BFEFA2AEE6038C070069712AC27D
:10765000B28D080962862E8D36C63E84BA8B97B0ED
:10766000FE1FE780E02F93172C003EC4EA97628646
:10767000BE8588093EC097B0FE1FE780602EB246E7
:10768000830404006384066C2686B685081897B0C8
:10769000FE1FE780E02C26860C09881897B0FE1F95
:1076A000E780002C26868C09081997B0FE1FE7801A
:1076B000202B830604001018B285881997B0FE1F8E
:1076C000E780C03B8327C40A8C1988088297830609
:1076D000040090080C09881997B0FE1FE780003A53
:1076E0008327C40A8C19080982978306040010189E
:1076F0008C08881997B0FE1FE78040388327C40A9A
:107700008C19880882978306040090088C098819D0
:1077100097B0FE1FE78080368327C40A8C1988093A
:1077200082978327440AA28610188C090809829739
:10773000830604001018B285881997B0FE1FE780F1
:10774000E0338327C40A8C198808829783060400D3
:1077500090088C18881997B0FE1FE7802032832785
:10776000C40A8C19881882978306040010188C08A4
:10777000881997B0FE1FE78060308327C40A8C19F0
:10778000880882978306040090080C19881997B01E
:10779000FE1FE780A02E8327C40AF91B8C19081945
:1077A000C20B829793DB0B4113094400854C830481
:1077B00004006346705B81456E8597B0FE1FE780CD
:1077C0006015B339A00096099C18338A3701933AA3
:1077D00015001C19960ABE999C18338B5701A68672
:1077E0001C195286DA850808BE9A97B0FE1FE780FA
:1077F000A02109C90C08A6864A862E8597B0FE1FCF
:10780000E780E01C830604001008B285881997B051
:10781000FE1FE780A0268327C40A8C1908088297D8
:10782000830604001008D285881997B0FE1FE780F0
:10783000E0248327C40A8C195285829783060400AA
:107840001008DA85881997B0FE1FE7802023832768
:10785000C40A8C195A858297A6864E86D685080852
:1078600097B0FE1FE780A01619E926860C084A8506
:1078700097B0FE1FE78000FD8547630AF5000C08FE
:10788000A6864A862E8597B0FE1FE780E017A6865B
:107890004E86D685568597B0FE1FE780E01609C94B
:1078A000A6864A86D685568597B0FE1FE7802012A9
:1078B000A6865286DA85081897B0FE1FE780C014A6
:1078C00009C90C18A6864A862E8597B0FE1FE78048
:1078D0000010830604001018CE85881997B0FE1F8B
:1078E000E780C0198327C40A8C194E858297A68623
:1078F0005A86D285081897B0FE1FE780400D19E917
:1079000026860C184A8597B0FE1FE780A0F38547AE
:10791000630AF5000C18A6864A862E8597B0FE1FCE
:10792000E780800E830604005686D685881997B0B6
:10793000FE1FE780A0148327C40A8C195A858297FA
:10794000A6861018DA855A8597B0FE1FE780C00B0F
:1079500009C9A6864A86DA855A8597B0FE1FE78050
:107960000007A6865A86D285880897B0FE1FE78052
:10797000A00909C98C08A6864A862E8597B0FE1FE5
:10798000E780E004830604009008D685881997B044
:10799000FE1FE780A00E8327C40A8C1956858297A4
:1079A000A6864E86D685568597B0FE1FE780C00511
:1079B00009C9A6864A86D685568597B0FE1FE780F8
:1079C0000001830604001008B285881997B0FE1FD5
:1079D000E780C00A8327C40A8C19880882978C081C
:1079E000A68610182E8597B0FE1FE780E00109C912
:1079F0008C08A6864A862E8597B0FE1FE78020FD5C
:107A0000A68652868C08081897B0FE1FE780C0FF34
:107A100009C90C18A6864A862E8597B0FE1FE780F6
:107A200000FB8306040010080C18881997B0FE1F8D
:107A3000E780C0048327C40A8C1908188297A68699
:107A40004E860C184E8597B0FE1FE780E0FB09C9F3
:107A5000A6864A86CE854E8597B0FE1FE78020F722
:107A600026868C08528597B0FE1FE78060EFE2867D
:107A700090180C09081897B0FE1FE780E0F809C9B4
:107A80000C18E2864A862E8597B0FE1FE78020F408
:107A9000830604004E860C18881997B0FE1FE780F5
:107AA000E0FD8327C40A8C19081882978306040016
:107AB0006A860C18881997B0FE1FE78020FC832780
:107AC000C40A8C19081882970C182E85E2864A86FB
:107AD000EFF05FA18306040002460C18881997B0E6
:107AE000FE1FE780A0F98327C40A8C190818829723
:107AF0008306040052860C18881997B0FE1FE78091
:107B0000E0F78327C40A8C190818829783040400BD
:107B10005A86D285A686880897B0FE1FE780C0EEF9
:107B200009C98C08A6864A862E8597B0FE1FE78075
:107B300000EA830604009008B285881997B0FE1FFA
:107B4000E780C0F38327C40A8C19880882978306CC
:107B500004009008DA85881997B0FE1FE78000F2CC
:107B60008327C40A8C195A858297830604009008DB
:107B7000D285881997B0FE1FE78040F08327C40A9A
:107B80008C1952858297A6865686CE854E8597B0EB
:107B9000FE1FE78060E709C9A6864A86CE854E8526
:107BA00097B0FE1FE780A0E2830604004E86CE85D4
:107BB000881997B0FE1FE78060EC8327C40A8C19F0
:107BC000880882978C08A6865A862E8597B0FE1F55
:107BD000E78080E309C98C08A6864A862E8597B07F
:107BE000FE1FE780C0DE8C08A68652862E8597B0E1
:107BF000FE1FE78060E109C98C08A6864A862E85AB
:107C000097B0FE1FE780A0DCA6865A86D2855285F3
:107C100097B0FE1FE78040DF09C9A6864A86D28555
:107C2000528597B0FE1FE78080DA830604005286F3
:107C3000D685881997B0FE1FE78040E48327C40AE1
:107C40008C1956858297A6869008DA85528597B05A
:107C5000FE1FE78060DB09C9A6864A86D285528569
:107C600097B0FE1FE780A0D6830604005286CE851B
:107C7000881997B0FE1FE78060E08327C40A8C193B
:107C80004E858297A6865686CE854E8597B0FE1F76
:107C9000E78080D709C9A6864A86CE854E8597B0EB
:107CA000FE1FE780C0D226868C08528597B0FE1F43
:107CB000E78000CB830604001018B285881997B0BE
:107CC000FE1FE780A0DB8327C40A8C1988088297EF
:107CD0008306040090088C18881997B0FE1FE7806F
:107CE000E0D98327C40A8C19881882978306040078
:107CF00010188C08881997B0FE1FE78020D88327BA
:107D0000C40A8C19880882978306040090080C190D
:107D1000881997B0FE1FE78060D68327C40A8C19A4
:107D200008198297124562868C1897B0FE1FE7806B
:107D300020C3924722470C1962863385E70097B02B
:107D4000FE1FE780E0C155616F903EFAA6850818D6
:107D500097B0FE1FE78020B885473ED82DBADE8554
:107D60006E8597B0FE1FE780E0BA133A1500B3891D
:107D70004C4196099C18B38A37011C19160ABE9902
:107D80009C18338B4701A6861C195686DA8508088D
:107D90003E9A97B0FE1FE78020C709C90C08A68647
:107DA0004A862E8597B0FE1FE78060C283060400D6
:107DB0001008B285881997B0FE1FE78020CC832772
:107DC000C40A8C1908088297830604001008D68517
:107DD000881997B0FE1FE78060CA8327C40A8C19F0
:107DE00056858297830604001008DA85881997B0B3
:107DF000FE1FE780A0C88327C40A8C195A85829782
:107E0000A6864E86D285080897B0FE1FE78020BC64
:107E100011E926860C084A8597B0FE1FE78080A2EC
:107E2000630A95010C08A6864A862E8597B0FE1F28
:107E3000E78080BDA6864E86D285528597B0FE1F0C
:107E4000E78080BC09C9A6864A86D285528597B04C
:107E5000FE1FE780C0B7A6865686DA85081897B059
:107E6000FE1FE78060BA09C90C18A6864A862E85CF
:107E700097B0FE1FE780A0B5830604001018CE85DA
:107E8000881997B0FE1FE78060BF8327C40A8C194A
:107E90004E858297A6865A86D685081897B0FE1F0B
:107EA000E780E0B211E926860C184A8597B0FE1FDC
:107EB000E7804099630A95010C18A6864A862E85AC
:107EC00097B0FE1FE78040B4830604005286D28537
:107ED000881997B0FE1FE78060BA8327C40A8C19FF
:107EE0005A858297A6861018DA855A8597B0FE1FA4
:107EF000E78080B109C9A6864A86DA855A8597B097
:107F0000FE1FE780C0ACA6865A86D685880897B043
:107F1000FE1FE78060AF09C98C08A6864A862E85B9
:107F200097B0FE1FE780A0AA830604009008D285C0
:107F3000881997B0FE1FE78060B48327C40A8C19A4
:107F400052858297A6864E86D285528597B0FE1FAF
:107F5000E78080AB09C9A6864A86D285528597B04C
:107F6000FE1FE780C0A6830604001008B2858819AA
:107F700097B0FE1FE78080B08327C40A8C19880859
:107F800082978C08A68610182E8597B0FE1FE78072
:107F9000A0A709C98C08A6864A862E8597B0FE1F21
:107FA000E780E0A2A68656868C08081897B0FE1FC8
:107FB000E78080A509C90C18A6864A862E8597B049
:107FC000FE1FE780C0A08306040010080C18881963
:107FD00097B0FE1FE78080AA8327C40A8C1908186F
:107FE0008297A6864E860C184E8597B0FE1FE780B6
:107FF000A0A109C9A6864A86CE854E8597B0FE1FE8
:10800000E780E09C26868C08568597B0FE1FE780A7
:108010002095830404005A86D685A686880897B0E2
:10802000FE1FE780609E09C98C08A6864A862E85B9
:1080300097B0FE1FE780A099830604009008B285E0
:10804000881997B0FE1FE78060A38327C40A8C19A4
:1080500088088297830604009008DA85881997B00B
:10806000FE1FE780A0A18327C40A8C195A85829736
:10807000830604009008D685881997B0FE1FE78014
:10808000E09F8327C40A8C1956858297A68652865C
:10809000CE854E8597B0FE1FE780009709C9A6865A
:1080A0004A86CE854E8597B0FE1FE78040928306B4
:1080B00004004E86CE85881997B0FE1FE780009C8D
:1080C0008327C40A8C19880882978C08A6865A864A
:1080D0002E8597B0FE1FE780209309C98C08A686DD
:1080E0004A862E8597B0FE1FE780608E8C08A68694
:1080F00056862E8597B0FE1FE780009109C98C082F
:10810000A6864A862E8597B0FE1FE780408CA686FD
:108110005A86D685568597B0FE1FE780E08E09C93E
:10812000A6864A86D685568597B0FE1FE780208AA8
:10813000830604005686D285881997B0FE1FE78013
:10814000E0938327C40A8C1952858297A6869008EB
:10815000DA85568597B0FE1FE780008B09C9A68691
:108160004A86D685568597B0FE1FE78040868306EF
:1081700004005686CE85881997B0FE1FE7800090D0
:108180008327C40A8C194E858297A6865286CE858F
:108190004E8597B0FE1FE780208709C9A6864A86CC
:1081A000CE854E8597B0FE1FE7806082FD1B268638
:1081B0008C085685C20B97A0FE1FE780607A93DB80
:1081C0000B416FF0CFDEEF929EB15D713284AA84D5
:1081D0001018A2862E850C082EC432C6EFE09FCF61
:1081E00003572400133515009C080A053E95032605
:1081F00085FB05074207A287418781469305440412
:108200002685EFF02FC48345040026858605E20508
:10821000E18597A0FE1FE780C06D133515006161F1
:108220006F903EAEEF923EA92E8BAA84B2855A85FE
:10823000328497E9FE1F938969E197A0FE1FE780CA
:10824000A06E83A70900B1C7131A5400931B240022
:108250003305AA401389CBFF7D5A2699335AAA00C9
:10826000930A0004054C83A70900DE8526858297C2
:108270000DC183270900A2852685B3F74701232076
:10828000F90097A0FE1FE780C06619C5FD1AE39CA0
:108290000AFC01456F90BEA52286A6855A8597A047
:1082A000FE1FE780607AE31385FF0545E5B7EF928F
:1082B0007EA1AA892E89B28413040004130A000245
:1082C000930A460203962400D6854A857D063346E6
:1082D000460362066186EFF0FFF409C92686CA8567
:1082E0004E85EFF05FEE11E57D1469FC01456F905E
:1082F000BEA00545EDBFEF92FE9C038916003571C7
:1083000000102A8B130A01042285B2894A86B6849A
:10831000838A060022CC52CEEFE07FB513161900F7
:10832000DA858810EFE0BFB4A2852285A686528642
:10833000EFE05FBA97E7FE1F938747D19C432A84FB
:108340009DC3931725001811BA9783A687F7568601
:1083500093854400368536C6EFF0DFECB24609E57A
:108360000D616F907E99814603D724001334140069
:108370001C110A043E94032684F705078C1042075B
:10838000A68741872E85EFF0EFAB4A868C104E858D
:10839000EFE0FFAD83C5040088108605E205E185A6
:1083A00097A0FE1FE780E0541335150055BF17B5A1
:1083B000FE1F1305E5D8828011CE93070002918F2E
:1083C000635BF000B395C500B357F5003316C500E5
:1083D000DD8D32858280930506FE0146B315B5001A
:1083E0003285CDBF014863C6050E63DB0600330648
:1083F000C040B337C000B306D0401348F8FF9D8E8D
:10840000B6873283AA8EAE886391061863FCC50CCA
:1084100041676361E61EB70700016365F636935650
:108420008601E14717370000130787623697034735
:108430000700BA97130700021D8F19CBB395E5000B
:10844000B357F5003313E600B3E8B700B31EE500F9
:1084500013560301B3D7C80293160301C18213D781
:108460000E01B3F5C8023385F602C205B3E8E50094
:1084700063FAA8009A981387F7FF63E4680063E93A
:10848000A832BA87B388A840B3D5C802C20E93DE1B
:108490000E01B3F8C802B386B602C208B3E8D80129
:1084A00063FBD8009A981387F5FF63E56800F91518
:1084B00063E3D800BA85139507014D8D81456309A3
:1084C00008003305A040B337A000B305B0409D8D30
:1084D00082803305A040B337A000B305B0409D8D26
:1084E0007D5821B701E605433353D3024167636AE0
:1084F000E30EB7070001636BF32893568301E1474E
:10850000173700001307C754369703470700BA9779
:10851000130700021D8F65EB93180301B3866540B6
:10852000135F030193D80801854513D70E01B3D714
:10853000E603B3F6E60333861703C206558F637A64
:10854000C7001A979386F7FF636467006365C726C1
:10855000B687118FB356E703C20E93DE0E01337751
:10856000E703B388160342073367D701637B17011C
:108570001A971386F6FF63656700F91663631701A0
:10858000B28613950701558D1DBF63E1D504C16700
:1085900063E1F604B707000163E2F61E93D8860193
:1085A0006147973700009387A74AC69703C3070020
:1085B000930700023A93B3876740E9EB63ECB61C7C
:1085C0003335C500134515008145D5BD81450145AD
:1085D000FDB59307F00F63F2D71C93D886002147AF
:1085E000C9B71307F00F9A86E37C67F093568300B0
:1085F000A14739B71307F00FB286E375C7E2935668
:108600008600A14705B53313E30033D6F500135FA9
:108610000301335EE603B396E500B357F500DD8E44
:108620009318030193D80801B31EE50093D5060102
:10863000B377E6033387C803C207CD8F63FBE70038
:108640009A971306FEFF63E3671663F1E716791E38
:108650009A97998F33D6E703139706014183B3F7AF
:10866000E7033385C80293960701D98E63FBA60002
:108670009A969307F6FF63E7661263F5A6127916DA
:108680009A9693150E01898ED18D45B533576600A4
:10869000B396F600D98EB3D8650013DF0601B3DEBA
:1086A000E803139E060133536500135E0E01B39574
:1086B000F500B365B30013D705013316F600B3F820
:1086C000E8033303DE03C20833E7E800637B670097
:1086D00036979388FEFF6369D70C6377670CF91EA2
:1086E0003697330767403353E703C205C1813377B9
:1086F000E703B3086E024207D98D63FB1501B695F7
:108700001307F3FF63EED50863FC15097913B695DB
:10871000C20E416FB3EE6E001307FFFFB3F6EE001B
:1087200013D30E01718F4182338EE602B38515415A
:10873000B386C60293580E013307E302BA96C69673
:108740003306C30263F3E6007A9613D306011A9642
:1087500063E2C5026385C500768581458DB34167B7
:108760007D17F98EC206337EEE00B317F500F29640
:10877000E3F4D7FE1385FEFF814591B393D806013C
:10878000414705B593560601C14769B993560301A0
:10879000C147BDB3814505451DB3B688014711B535
:1087A0003A83BDB73E86F1BDC68E25BF328E55B524
:1087B000F9179A98C1B9F9171A9761BB0147631461
:1087C000E60001458280B307E5000507B386E500B2
:1087D00083C7070083C6F6FFE383D7FE3385D74000
:1087E0008280B3C7A5008D8B3307C50081E78D4715
:1087F00063EEC700AA876370E50A83C60500850794
:108800008505A38FD7FEE3EAE7FE828093763500E5
:10881000AA8791CA83C6050085078505A38FD7FE61
:1088200093F63700FDB79376C7FF138606FE63F015
:10883000C70683A3050083A2450083AF850003AF6D
:10884000C50083AE050103AE450103A3850183A8DE
:10885000C5019385450223A0770003A8C5FF23A285
:10886000570023A4F70123A6E70123A8D70123AAD1
:10887000C70123AC670023AE17019387470223AEDD
:1088800007FF75B790419107910523AEC7FEE3EB53
:10889000D7FEE3E4E7F6828039713EDA2ED232D495
:1088A00036D63AD842DC46DE97B7FE1F9387C79D7F
:1088B00022CC804326CA06CEAA8409C41C4C99E364
:1088C0002285012D0C4454102686228536C6EF00E1
:1088D000505FF2406244D24421618280011197B717
:1088E000FE1F9387679A22CC804306CEAA8519C4BF
:1088F0001C4C89E72AC62285E92BB2451044228503
:108900006244F24005616F100041011126CA4AC855
:1089100006CE22CC4EC652C4AA842E8901C51C4D57
:1089200091E3452B9C4C804499E326855D23973742
:1089300000009387E723631CF402C0408357C40000
:10894000A18BB1C71C48A1C7FD59294A1C448345C6
:108950000900FD17B1E91CC463DE07062286A9459C
:1089600026859122FD576308F502294535A09737E2
:1089700000009387E7216314F4008044C1B7973760
:1089800000009387E71CE31BF4FAC04445BFA285AF
:108990002685D12A55D97D55F2406244D2444249B8
:1089A000B249224A056182801CC4050963D70700C9
:1089B000184C63CBE700638945011C4013871700FF
:1089C00018C02380B70059B722862685E928E31FFF
:1089D00035F7D1B71C401387170018C029472380EB
:1089E000E70061B797B7FE1F9387078AAA85884378
:1089F0006FF0BFF135713ECBA6DA36C73AC942CD2A
:108A000046CF97B7FE1F9387278886DEA2DC844374
:108A100063DB05009307B0089CC07D55F650665493
:108A2000D6540D61828093078020231AF1002AC456
:108A30002ACC814799C19387F5FF3EC83ECE740189
:108A4000FD572E8426852C00231BF10036C2EF0033
:108A50007018FD576355F5009307B0089CC05DDCA6
:108A6000A247238007005DBFAA87850703C7F7FFDA
:108A70006DFF3385A7407D15828005C67D160147B1
:108A8000B307E500B386E50083C7070083C6060089
:108A90006396D7006304C7000507FDF33385D7400D
:108AA000828001458280011122CC26CA4AC806CEA6
:108AB0004EC6AA842E89328401C51C4D91E311292A
:108AC000973700009387C70A6319F406C0401C4C0F
:108AD0001CC48357C400A18BC9C31C48BDCF1C480C
:108AE00008409379F90F1379F90F1D8D5C4863469F
:108AF000F500A2852685752C2DE51C440505FD177E
:108B00001CC41C401387170018C0238037015C4821
:108B10006389A7008357C400858B81CBA94763165F
:108B2000F900A285268571240DEDF24062444A8544
:108B3000D2444249B2490561828097370000938749
:108B400027056314F400804459B7973700009387D2
:108B50002700E31EF4F6C0449DBFA2852685212090
:108B60003DDD7D59D9B7411197A7FE1F9387C77186
:108B700026C2844322C44AC006C62A892E8489C4D8
:108B80009C4C99E32685B12697370000938747FED2
:108B9000631CF402C0400317C40093170701C1838C
:108BA00093F68700B5EE93F607019DEEA5472320C7
:108BB000F900136707042316E4007D55B2402244F0
:108BC000924402494101828097370000938747FC15
:108BD0006314F4008044C1B797370000938747F7C8
:108BE000E31BF4FAC04445BF918B8DC74C5889C92B
:108BF000930744046384F5004A85892B232A0402E1
:108C00008357C4002322040093F7B7FD2316F40012
:108C10001C481CC08357C40093E787002316F40048
:108C20001C4881EF8357C4001307002093F70728DF
:108C30006385E700A2854A8595298357C40013F709
:108C4000170005C75C4823240400B307F0401CCC80
:108C50001C480145A5F78317C40013F7070839DF3F
:108C600093E707042316F40089BF898B014791E33A
:108C7000584818C4F1BF83D7C500011122CC26CAB9
:108C800006CE4AC84EC613F78700AA842E8471EF19
:108C9000D841634DE000B841634AE0000145F2402D
:108CA0006244D2444249B2490561828058547DD71A
:108CB00003A904009396370123A0040063DD060690
:108CC00070488357C400918B99C75C401D8E5C58D7
:108CD00099C33C401D8E5C540C508146268582977A
:108CE000FD570357C400631DF5009440F54763E842
:108CF000D706B70740208507B3D7D700858BA5C314
:108D00001C48232204001CC09317370163D80700B6
:108D1000FD576314F5009C4091E368C84C5823A0AC
:108D20002401ADDD930744046384F50026853929C9
:108D3000232A0402A5B70C500146854626850297D2
:108D4000FD572A86E31FF5F69C40A5DF754763852E
:108D5000E70059476394E70423A0240181B7136710
:108D600007042316E4007D551DBF83A90501E38791
:108D700009F203A905008D8B23A035013309394180
:108D8000014791E3D84918C4E35A20F11C540C5010
:108D9000CA864E86268582976349A0008357C40001
:108DA00093E707042316F4007DBFAA993309A9406D
:108DB000E1BF9C49A5C3011122CC06CE2A8411C56E
:108DC0001C4D81E72EC63122B245973700009387AC
:108DD00027DA639CF5004C408397C5009DC7228528
:108DE0006244F24005616FF01FE9973700009387F6
:108DF00027DA6394F5000C44C5B7973700009387D2
:108E000027D5E39BF5FC4C44C1BFF24062440145C9
:108E10000561828001458280411122C406C62A84F0
:108E20002316B5002317C5002320050023220500C3
:108E3000232405002322050623280500232A0500F4
:108E4000232C0500214681451305C505EF803EEC26
:108E5000971700009387E7F75CD097170000938778
:108E600047FA1CD497170000938787FE5CD49717A6
:108E700000009387470100D01CD8B2402244410132
:108E8000828097050000938505F3B1AA411126C29F
:108E9000130680069384F5FFB384C4024AC02E896A
:108EA00022C406C693854407912E2A8401CD23202F
:108EB000050023222501310508C413868406814557
:108EC000EF80FEE42285B2402244924402494101EF
:108ED00082801C4DB5E7411106C622C497070000E9
:108EE000938767FA1CD5973700009387E7D59C4393
:108EF0002324050423260504232805046314F50010
:108F000085471CCD2A84352848C022851D2808C4E1
:108F10002285052848C4484001469145EFF0DFEF1F
:108F200008440546A545EFF03FEF48440946C945CA
:108F3000EFF09FEE85471CCCB24022444101828075
:108F40008280411197370000938707D026C284435F
:108F50004AC006C69C4C22C42A8981E72685EFF0C8
:108F60005FF7938484048044DC40FD1763D60700D8
:108F70009C40B9CF8440C5BF0317C40039E7C1770F
:108F8000850723220406232004002322040023242F
:108F900004005CC423280400232A0400232C0400BA
:108FA000214681451305C405EF807ED6232A04029D
:108FB000232C040223240404232604042285B24023
:108FC000224492440249410182801304840671BF05
:108FD00091454A85EFF09FEB88C049FDB1472320BA
:108FE000F9000144E1BF797122D44AD052CC56CA6B
:108FF0005AC85EC606D626D24ECE2A8AAE8A130438
:1090000085040149054BFD5B09ECB25022544A85A9
:1090100092540259F249624AD24A424BB24B4561DC
:109020008280044483294400FD1963D40900004070
:10903000E1BF83D7C400637BFB008397E4006387B1
:109040007701A6855285829A3369A90093848406A4
:10905000E1BF1971A6DAAE848395E500A2DC86DE55
:10906000328463DC050083D7C40023A0060093F795
:10907000070885E7930700401DA0300836C6EF00BB
:109080001067B246E34105FE7247BD67F98F7977F5
:10909000BA9793B717009CC2F1BF930700041CC096
:1090A000F6506654D65401450961828083D7C500C5
:1090B000011122CC06CE26CA4AC8898B2E8489CFBC
:1090C000930774041CC01CC885475CC8F240624406
:1090D000D24442490561828074003000AA84EFF0D6
:1090E0005FF7A2452A892685112A01ED8317C4005E
:1090F00013F7072061FFF19B93E727002316F40085
:10910000C1B797070000938707D89CD48357C40042
:1091100008C008C893E707082316F400A2475CC8F4
:10912000B24791CF8315E4002685EF00705F01C937
:109130008357C400F19B93E717002316F40083576D
:10914000C4003369F9002316240149B7DDC583A79C
:10915000C5FF411122C406C626C21384C5FF63D3CE
:1091600007003E94AA84EF00306897A7FE1F9387FC
:10917000271B9C4391EF2322040097A7FE1F23A1E6
:10918000871A2244B2402685924441016F00F0655F
:10919000637EF40014403307D4006396E7009843DD
:1091A000DC43369718C05CC0C9BFBA87D84319C31F
:1091B000E37DE4FE94433386D700631F86001040AE
:1091C000B29694C33386D700E31DC7FA10435843C1
:1091D000B29694C3D8C375B76375C400B1479CC039
:1091E0004DB71040B306C4006316D700144358436C
:1091F000B29614C058C0C0C369B78280011126CA94
:1092000093843500F19806CE22CC4AC84EC6A104FC
:10921000B14763FBF404B14463EAB4042A89EF0064
:10922000B05C97A7FE1F9387A70F98433A8429E85D
:1092300097A7FE1F9387070F9C4389EB81454A85BB
:10924000EF00D03597A7FE1F23AEA70CA6854A8551
:10925000EF00D034FD59631B3507B1472320F900D7
:109260004A85EF00905829A0E3D804FAB1471CC101
:109270000145F2406244D2444249B24905618280CC
:109280001C40858F63C10704AD4663F6F6001CC021
:109290003E9404C001A85C406315870217A7FE1F17
:1092A0002320F7084A85EF0050541305B4009307B4
:1092B000440061993307F5404DDF3A94898F1CC013
:1092C0004DBF5CC3C5B72287404095B71304350036
:1092D0007198E30085FCB305A4404A85EF00102C8B
:1092E000E31935FB9DBF01114AC803A9850022CCB3
:1092F00052C45AC006CE26CA4EC656C22E84328BDF
:10930000368A63EE260983D7C50013F7074851C78D
:1093100004408C495848AA8AB389B4408D44B38428
:10932000E4020947B3C4E402138716004E9763F3BF
:10933000E400BA8493F70740D9C3A6855685EFF0B9
:10934000FFEB2A890DE5B14723A0FA008357C4003B
:109350007D5593E707042316F400F2406244D2449B
:109360004249B249224A924A024B056182800C4826
:109370004E86EFF00FC78357C40093F7F7B793E714
:1093800007082316F4002328240144C84E99B38407
:1093900034412320240104C4528963732A01528971
:1093A00008404A86DA85EF00903F1C440145B387A8
:1093B00027411CC41C403E992320240179BF2686E6
:1093C0005685EF00B0422A895DFD0C485685EFF0C6
:1093D000FFD795BF83D7C500717126D34AD14ECF31
:1093E00006D722D552CD56CB5AC95EC762C566C3D1
:1093F00093F70708AA892E89B284B9C39C49A9E3C7
:109400009305000436C6EFF07FDF2320A900232850
:10941000A900B24615E1B14723A0F9007D55BA5025
:109420002A549A540A59FA496A4ADA4A4A4BBA4BB8
:109430002A4C9A4C4D61828093070004232AF9003C
:1094400093070002A30CF1029307000302DA230D35
:10945000F10236CE930B5002972A0000938A4A7588
:10946000054C294B26848347040099C3639D7709E3
:10947000B30C9440638E0C00E6862686CA854E8522
:10948000EFF07FE6FD576304F51AD256E69636DA1A
:1094900083470400638D0718FD579304140002D01E
:1094A00002D63ED202D4A301010682DC83C50400A9
:1094B00015465685EF00102D13841400825731E5B0
:1094C00013F7070109C713070002A301E10613F709
:1094D000870009C71307B002A301E10683C6040091
:1094E0001307A002638BE602B25726848146254605
:1094F0000347040093051400130707FD6374E60691
:109500008DC63ED61DA00504B9BF330555413315A0
:10951000AC00C98F3ED0A28451BF7247930647006A
:10952000184336CE634907023AD60347040093072F
:10953000E002631FF704034714009307A002631BB4
:10954000F702F2470904138747009C433ACE63C1F0
:1095500007023ED235A83307E04093E727003AD60A
:109560003ED0E1B7B387670385462E84BA9749B7E3
:10957000FD57C5B7050402D28146814725460347FA
:10958000040093051400130707FD6378E606F1F263
:10959000834504000D46172500001305E561EF0023
:1095A000701E11CD97270000938707611D8D9307CB
:1095B0000004B397A700025505045D8D2AD08345AA
:1095C00004001946172500001305455F9304140095
:1095D000230CB102EF00101B25C59777FEFF938780
:1095E00067A295E70257F2471377071009CF910753
:1095F0003ECED257D2973EDAB5B5B38767038546DC
:109600002E84BA97ADBF9D07E19BA107D5B7780817
:1096100097060000938666CD4A860C104E8597000B
:109620000000E7000000FD572A8AE314F5FC835789
:10963000C9007D5593F70704E39307DE5255C5B380
:10964000780897060000938646CA4A860C104E8515
:109650003129D1BF1C46FD171CC663DA0700184E1E
:1096600063C5E700A9476394F5006FF0CFC31C42C0
:109670002E851387170018C22380B700828001113E
:1096800022CC26CA4AC84EC652C406CE2A89AE8902
:109690003284B304D6007D5A63149400014511A8A6
:1096A000834504004E864A85EFF0DFFA0504E31592
:1096B00045FFF2406244D2444249B249224A056120
:1096C0008280357122CD26CB4AC94EC706CF52C5FE
:1096D00056C35AC1DEDEE2DCE6DAAA89AE843289FC
:1096E000368409C51C4D99E3EFF0AFFE97270000C3
:1096F00093870748639DF40C83A4490083D7C40073
:10970000A18BE5CB9C48F5C793070002A304F102A7
:109710009307000302D22305F10222C6930B5002E5
:10972000972A0000938ACA48054C294B4A848347EC
:10973000040099C36392770FB30C2441638E0C002D
:10974000E6864A86A6854E85EFF07FF3FD576307D0
:10975000F51E9256E69636D2834704006380071EB4
:10976000FD571309140002C802CE3ECA02CCA30959
:10977000010482D48345090015465685EF00900008
:1097800013041900C24759E913F7070109C7130762
:109790000002A309E10413F7870009C71307B00209
:1097A000A309E104834609001307A0026380E608C9
:1097B000F2474A8481462546034704009305140076
:1097C000130707FD6379E60AB5CA3ECE85A8972739
:1097D00000009387E73B6395F40083A4890039BFB9
:1097E000972700009387C736E39AF4F083A4C90053
:1097F00031B7A6854E85EFF00FB719D57D55FA40E4
:109800006A44DA444A49BA492A4A9A4A0A4BF65BF8
:10981000665CD65C0D618280050411BF330555413D
:109820003315AC00C98F3EC82289A9B732479306C9
:109830004700184336C6634907023ACE034704007F
:109840009307E002631FF704034714009307A00285
:10985000631BF702B2470904138747009C433AC6CB
:1098600063C107023ECA35A83307E04093E72700EB
:109870003ACE3EC8E1B7B387670385462E84BA97D0
:1098800025BFFD57C5B7050402CA81468147254655
:109890000347040093051400130707FD6376E606EB
:1098A000F1F2834504000D46172500001305C5306D
:1098B000D12D11CD97270000938707301D8D930779
:1098C0000004B397A700424505045D8D2AC883456F
:1098D00004001946172500001305452E130914002E
:1098E0002304B10245253DC19767FEFF9387877129
:1098F00095E74247B2471377071009CF91073EC655
:109900009257D2973ED21DB5B387670385462E8402
:10991000BA97BDBF9D07E19BA107D5B77800970611
:109920000000938606D626860C084E859700000018
:10993000E7000000FD572A8AE314F5FC83D7C40032
:1099400093F70704E39C07EA125555BD7800970684
:109950000000938606D326860C084E85012AD9BFBF
:10996000797156CA9C49BA8A984522D426D24ECEDD
:1099700052CC06D64AD05AC85EC6AA892E84B28472
:10998000368A63D3E700BA879CC00347340419C3FF
:1099900085079CC01C4093F7070281C79C4089073C
:1099A0009CC00329040013796900631A0900130B92
:1099B0009401FD5B5C449840998F634CF9041C4012
:1099C0008346340493F70702B336D000A5EB1306A1
:1099D0003404D2854E85829AFD576303F5041C40FA
:1099E00011469840998B544481446397C700B384CF
:1099F000E64063D3040081441C4418486354F700D4
:109A0000998FBE94014969047D5B639824050145E3
:109A100009A885465A86D2854E85829A631E7501AD
:109A20007D55B250225492540259F249624AD24AA8
:109A3000424BB24B456182800509ADBF3307D4006C
:109A400013060003A301C7040347540493871600B9
:109A5000A2978906A381E7049DBF85462286D28509
:109A60004E85829AE30E65FB050945B7797122D4CC
:109A700026D24AD04ECE06D652CC56CA5AC8B6893D
:109A800083C68501930790063289AA842E841386A3
:109A90003504638DF60263E2D70693078005638879
:109AA000F61863EDD7006381062293073004638EB6
:109AB000F60A930A24042301D404C9A093073006AC
:109AC0006385F60A93074006E395F6FE1C400843BB
:109AD00093F6070893054500C5C61C410CC363D81F
:109AE00007001307D002B307F040A301E404972650
:109AF00000009386260D29476DA89307000763840D
:109B0000F61663E5D7029307E006638BF618930712
:109B1000F006E390F6FA0C401C4313F80508138591
:109B200047006307080608C39C438DA893075007A6
:109B3000E383F6FE93078007638BF61293073007E3
:109B4000E399F6F61C43D04181459386470014C340
:109B500083AA070056853D2101C53305554148C0FC
:109B60005C401CC8A301040471A81C43930A24048C
:109B7000938647009C4314C32301F4048547D5B75B
:109B800093F607041C410CC3B9DAC207C18781BF31
:109B900093F5050408C3C9D983D707001307F00656
:109BA0006388E60E972600009386C6012947A30125
:109BB00004044C400CC463C5050008406D9908C0FE
:109BC00099E3B28A91CDB28AB3F5E702FD1AB69550
:109BD00083C505002380BA00B3D5E70263F0E70C24
:109BE000A147631EF7001C40858B91CB58401C4851
:109BF00063C7E70093070003A38FFAFEFD1A33063D
:109C0000564110C84E87CA867000A2852685EFF09F
:109C10003FD57D5A631E450B7D55B2502254925458
:109C20000259F249624AD24A424B45618280A3827C
:109C3000D504972600009386E6F80C40084313F8F5
:109C400005081C411105630D080208C313F7150030
:109C500001C793E505020CC04147B1FB0C4093F5E9
:109C6000F5FD0CC0A9B79C4193E707029CC193077F
:109C70008007A302F404972600009386E6F575BFDB
:109C800013F8050408C3E30308FCC207C1837DBFC2
:109C900097260000938606F3214711BFAE872DB7A4
:109CA00094411C43CC4913F806081385470063060A
:109CB000080008C39C438CC301A808C393F606049C
:109CC0009C43F5DA2390B70023280400B28A1DBF15
:109CD00014485686CA8526858299E30F45F31C40B1
:109CE000898B8DE7B2474844E359F5F23E8535B795
:109CF00085465686CA8526858299E30F65F1050A51
:109D00005C443247998FE345FAFEE9BF014A930A62
:109D100094017D5BF5B7011122CC06CE2A8409C9D6
:109D20001C4D99E732C62EC4EFF0AF9A3246A245D9
:109D3000972700009387C7E36316F60250401C463E
:109D4000FD171CC663D00704184E63C7E70093F7DE
:109D5000F50F29476398E70222856244F2400561C6
:109D60006FE07FD497270000938787E26314F600A3
:109D70001044F1B797270000938787DDE311F6FCC5
:109D8000504475BF1C4213F5F50F1387170018C216
:109D90002380B700F240624405618280411122C4F1
:109DA0002A842E8597C7FE1F23A4072A06C6EF80A4
:109DB000DEE7FD576319F50097C7FE1F9387472914
:109DC0009C4391C31CC0B240224441018280411196
:109DD00022C42E848395E50006C6AD2463490500A0
:109DE0007C48AA977CC8B2402244410182808357B4
:109DF000C4007D777D17F98F2316F400EDB783D764
:109E0000C500011122CC26CA4AC84EC606CE93F719
:109E10000710AA842E843289B68991C78395E500FC
:109E20008946014635228357C4007D777D17F98F17
:109E30002316F4008315E4006244F240CE864A867D
:109E4000B24942492685D24405613DA8411122C448
:109E50002E848395E50006C6E528FD570357C40008
:109E6000631BF500FD77FD17F98F2316F400B24050
:109E70002244410182808567D98F2316F40068C887
:109E8000FDB78395E50025A8411122C42A842E85BB
:109E9000B285368697C7FE1F23AC071A06C6EF8029
:109EA0005ED6FD576319F50097C7FE1F9387471AC3
:109EB0009C4391C31CC0B2402244410182804111A5
:109EC00022C42A842E8597C7FE1F23A3071806C61F
:109ED000752AFD576319F50097C7FE1F938747172B
:109EE0009C4391C31CC0B240224441018280411175
:109EF00022C42A842E85B28597C7FE1F23AA071481
:109F000006C6692AFD576319F50097C7FE1F938798
:109F100027149C4391C31CC0B2402244410182805B
:109F2000411122C42A842E8597C7FE1F23A207123F
:109F300006C6AD2AFD576319F50097C7FE1F938724
:109F400027119C4391C31CC0B2402244410182802E
:109F5000411122C42A842E85B285368697C7FE1FFA
:109F600023A8070E06C6992AFD576319F50097C75F
:109F7000FE1F9387E70D9C4391C31CC0B24022444F
:109F80004101828093F5F50F2A966314C5000145BF
:109F9000828083470500E38DB7FE0505FDB763F3B7
:109FA000A504B386C500637FD5029345F6FF8147BC
:109FB000FD176393F50082803387F600034807009E
:109FC0003387C7002A9723000701DDB73387F500E1
:109FD000834607003307F50085072300D700E31702
:109FE000F6FE82808147E5BF8280828081E5B2856E
:109FF0006FF0CFA0011122CC06CE26CA4AC84EC6A9
:10A00000328401EEEFF08F940149F24062444A85B8
:10A01000D2444249B24905618280AE84AA89A92806
:10A020002689E37485FEA2854E85EFF02F9D2A894F
:10A0300069DDA6852286EFE0CFFAA6854E85EFF092
:10A04000EF90E1B7411122C42A842E85B28536866D
:10A0500097C7FE1F23AE07FE06C68D28FD5763195E
:10A06000F50097C7FE1F9387A7FE9C4391C31CC0B2
:10A07000B24022444101828083A7C5FF1385C7FFF8
:10A0800063D50700AA959C413E9582809307800581
:10A0900017C7FE1F232EF7FA7D5582809307800590
:10A0A00017C7FE1F2326F7FA7D5582809307800588
:10A0B00017C7FE1F232EF7F80145828093078005FE
:10A0C00017C7FE1F2326F7F87D558280930780056A
:10A0D00017C7FE1F232EF7F67D558280696436343C
:10A0E00001000000696436015289FEFF7A89FEFF93
:10A0F000A289FEFFBA89FEFFD489FEFFE489FEFF34
:10A100000C8AFEFF348AFEFF4C8AFEFF668AFEFF41
:10A11000FE006578706572696D656E74616C000033
:10A12000626C656465732E636F6D00004D6F6465CE
:10A130006C204E756D626572000000005365726997
:10A14000616C204E756D626572000000F28FFEFF3B
:10A150001890FEFF3290FEFF4C90FEFF6A90FEFFCB
:10A1600073696D706C6550726F66696C655F57726C
:10A170006974654174747243420000004150505F3D
:10A180004442472025733E200000000073696D7033
:10A190006C6550726F66696C655F57726974654172
:10A1A0007474724342206C656E3A2025640000008E
:10A1B00043483539785F424C455F4C49425F5631E0
:10A1C0002E330000686561642066696C65206572E5
:10A1D000726F722E2E2E00004C494220696E6974F7
:10A1E000206572726F7220636F64653A2025782053
:10A1F0002E2E2E0A000000002A2000000AA1FEFFD9
:10A200002CA7FEFF16A2FEFF0AA3FEFFCEA3FEFFB1
:10A21000CAA4FEFFAAA5FEFF2CA7FEFFF0A6FEFF24
:10A220002CA7FEFF2CA7FEFF2CA7FEFF2CA7FEFFEE
:10A230002CA7FEFF2CA7FEFF2CA7FEFF2CA7FEFFDE
:10A240002CA7FEFF2CA7FEFF2CA7FEFF2CA7FEFFCE
:10A250002CA7FEFF2CA7FEFF2CA7FEFF2CA7FEFFBE
:10A260002CA7FEFF2CA7FEFF2CA7FEFF2CA7FEFFAE
:10A270002CA7FEFF2CA7FEFF2CA7FEFFFA9FFEFFD8
:10A280006EA1FEFFAAA1FEFF4EA2FEFF3EA3FEFFAF
:10A290000EA4FEFFEEA4FEFFEAA5FEFF3AA6FEFF17
:10A2A00088A8FEFF74A9FEFFDAA9FEFF92AEFEFFAA
:10A2B0008CAAFEFF30ABFEFFBAABFEFF5EACFEFF2A
:10A2C000D6ACFEFF40ADFEFFA0ADFEFF92AEFEFF9E
:10A2D00092AEFEFF92AEFEFF92AEFEFF44AEFEFFD8
:10A2E000556E61626C652073657420617070206BBF
:10A2F000657900006C636F616C20617070206B6524
:10A3000079206164646564006C636F616C206170C6
:10A3100070206B65792062696E64656400000000DE
:10A3200053656C6620507269766973696F6E696EE9
:10A3300067202865727220256429000044656C65D9
:10A340007465206E6F6465206661696C65642000C9
:10A3500044656C657465206C6F63616C206E6F641E
:10A360006500000044656C6574652073746F7265E8
:10A3700064206E6F646520696E666F20636F6D7018
:10A380006C6574650000000041736B207374617428
:10A390007573206E6F6465206661696C656420006A
:10A3A0004F544120757064617465206E6F64652040
:10A3B0006661696C65642000536574207375622062
:10A3C0006E6F6465206661696C6564200000000042
:10A3D000434D443A20257800507269766973696F5D
:10A3E0006E696E6720696E666F20646174612065B6
:10A3F0007272210073657420697620307825782C7C
:10A4000020666C61672025642000000061736B206A
:10A41000697620307825782C20666C616720256469
:10A4200020000000507269766973696F6E696E670B
:10A43000206461746120657272210000434D445FA5
:10A4400044454C4554455F4E4F44452025782000F7
:10A4500064656C657465206661696C65642025645B
:10A4600000000000434D445F41534B5F535441543F
:10A47000555320257820000061736B5F73746174FD
:10A480007573206661696C656420256400000000B6
:10A49000434D445F5452414E534645522025782047
:10A4A000000000007472616E7366657220666169F7
:10A4B0006C65642025640000434D445F494D41476D
:10A4C000455F494E464F202578200000696D616741
:10A4D0006520696E666F206661696C65642025641D
:10A4E00000000000434D445F555044415445206CEA
:10A4F000656E3A202564000075706461746520669D
:10A5000061696C65642025640000000076657269ED
:10A510006679206661696C6564202564000000002E
:10A52000656E64206661696C6564202564000000C6
:10A53000434D445F5345545F5355422025782000D6
:10A5400073657420737562206661696C656420258B
:10A55000640000006C6F63616C2072657365742029
:10A560006461746120657272210000004C6F636148
:10A570006C206D657368207265736574000000005F
:10A5800044656C657465206E6F64652064617461F8
:10A59000206572722100000072656365697665202E
:10A5A00064656C65746520636D642C2073656E64EE
:10A5B0002061636B20616E64207374617274206427
:10A5C000656C657465206E6F64652064656C617987
:10A5D0000000000073656E642061636B2066616932
:10A5E0006C6564202564000073656E6420746F20C0
:10A5F000616C6C206E6F646520746F206C657420D4
:10A600007468656D2064656C6574652073746F7221
:10A61000656420696E666F200000000044656C650B
:10A620007465206E6F64652061636B206461746182
:10A63000206572722100000044656C657465206EAF
:10A640006F646520636F6D706C6574650000000059
:10A6500044656C657465206E6F646520696E666F15
:10A6600020646174612065727221000061736B2047
:10A6700073746174757320646174612065727221F2
:10A680000000000061736B20737461747573206344
:10A690006F6D706C657465007472616E736665725F
:10A6A00020646174612065727221000052656365E7
:10A6B000697665207472616E7320646174612C2008
:10A6C0006C656E3A202564007472616E7366657203
:10A6D00020726563656976652064617461206572C6
:10A6E00072210000696D61676520696E666F206484
:10A6F000617461206572722100000000696D6167FC
:10A700006520696E666F2061636B206661696C65A8
:10A710006420256400000000696D61676520696E32
:10A72000666F2061636B20646174612065727221C1
:10A7300000000000757064617465206461746120BC
:10A7400065727221000000004941505F50524F4D28
:10A750003A2025303878206C656E3A2564200D0A41
:10A76000000000004941505F50524F4D2065727209
:10A77000200D00007570646174652061636B206654
:10A7800061696C6564202564000000007570646177
:10A7900074652061636B206461746120657272214D
:10A7A000000000007665726966792064617461203A
:10A7B00065727221000000004941505F56455249C0
:10A7C00046593A2025303878206C656E3A25642049
:10A7D0000D0A00004941505F5645524946592065CF
:10A7E0007272200D00000000766572696679206142
:10A7F000636B206661696C6564202564000000005D
:10A800007665726966792061636B2064617461208A
:10A810006572722100000000656E642064617461DD
:10A8200020657272210000004941505F454E44206E
:10A830000D0000007365742073756220646174619B
:10A8400020657272210000007365742073756220A8
:10A8500061636B206661696C65642025640000009B
:10A86000736574207375622061636B206461746129
:10A870002065727221000000496E76616C69642067
:10A88000434D4420000000006C636F616C207375C1
:10A890006220616464722061646465640000000089
:10A8A0006C636F616C2073756220616464722064F4
:10A8B000656C6574656400006170705F70726F76BE
:10A8C0005F6174746E5F6F6E000000006170705F96
:10A8D00070726F765F6174746E5F6F666600000001
:10A8E0006C696E6B5F6F70656E0000006C696E6BFB
:10A8F0005F636C6F7365000070726F765F636F6D7E
:10A90000706C65746500000070726F765F726573BD
:10A91000657400006366675F6C6F63616C5F6E6592
:10A92000745F696E666F00006366675F7372765F5F
:10A930007273705F68616E646C6572006366675FF6
:10A94000636C695F7273705F68616E646C657200DE
:10A9500076656E646F725F6D6F64656C5F7372763F
:10A960005F7273705F68616E646C657200000000F6
:10A97000626C656D6573685F6F6E5F73796E63009F
:10A980004170705F50726F636573734576656E7466
:10A99000000000004170705F7472616E735F6D6FD4
:10A9A00064656C5F726576656976656400000000B9
:10A9B0004170705F7065726970686572616C5F721A
:10A9C00065766569766564004D6573685F53656E8D
:10A9D000645F446174610000D7070000000000005C
:10A9E00001000000902E00203842002000000000EE
:10A9F0000000000000000000000000000000000057
:10AA00000000000000000000000000000000000046
:10AA100000000000000000000000000048380000B6
:10AA2000DC3D0000163E000000000000CE380000B3
:10AA30006170705F70726F765F6174746E5F6F6665
:10AA4000660000006170705F70726F765F61747491
:10AA50006E5F6F6E000000004D4553485F4C4942E9
:10AA60005F56312E37000000556E61626C652073B1
:10AA7000657420636F6E66696775726174696F6E65
:10AA800020286572723A256429000000496E6974B5
:10AA900069616C697A696E67206D657368206661AB
:10AAA000696C6564202865727220256429000000A5
:10AAB000426C7565746F6F746820696E6974696142
:10AAC0006C697A65640000004D657368206E65747A
:10AAD000776F726B20726573746F72656420667233
:10AAE0006F6D20666C6173680000000041647665DC
:10AAF00072746973696E672064697361626C6564FE
:10AB0000202870726F766973696F6E6564202B20E0
:10AB1000706F77657220736176696E67206D6F6400
:10AB2000652900004164766572746973696E6720F7
:10AB3000656E61626C656420284445425547206D0E
:10AB40006F64652061637469766529004D6573687B
:10AB500020696E697469616C697A6564000000003F
:10AB60006F70636F646520307825303478000000A2
:10AB70004F70636F6465203078253034782C2074F2
:10AB8000696D656F757400007761726E696E67201C
:10AB90006F70636F64652030782530327800000074
:10ABA000417070204B657920416464656400000049
:10ABB00056656E646F72204D6F64656C2042696EDD
:10ABC0006465640056656E646F72204D6F64656CD9
:10ABD00020537562736372697074696F6E20536578
:10ABE00074000000556E6B6E6F77206F70636F643A
:10ABF0006520307825303278000000000000000029
:10AC00000000000000000000000000002E370000DF
:10AC10005C37000073656E64206661696C65642052
:10AC200025640000726561736F6E20257800000056
:10AC300073737373737373007373737373737325A5
:10AC4000647373737300000057616974696E6720E1
:10AC5000666F7220707269766973696F6E696E676C
:10AC600020646174610000000023456789ABCDEF6B
:10AC70000023456789ABCDEF54696D656F7574200E
:10AC80006F70636F64652030782530327800000083
:10AC90006C656E2025642C206461746120307825F9
:10ACA0003032782066726F6D20307825303478002D
:10ACB0004465627567206D6F6465206C6F616465C3
:10ACC000642066726F6D20666C6173683A2025643B
:10ACD0000A0000004465627567206D6F6465207529
:10ACE00073696E672064656661756C743A202564CB
:10ACF0000A00000025752C25752C25752C25750D51
:10AD00000A0000006D6573683A2000004E6F204D08
:10AD10006573680D000000007461726765745F649C
:10AD2000657620253034580D0A000000436F6E66AA
:10AD3000696720476174657761790D00434D445F11
:10AD4000484541443A3078253034580D0A00000017
:10AD500053746F705F4164767200000044656275E1
:10AD600067206D6F646520736176656420746F2061
:10AD7000666C6173683A2025640A00006D6573682B
:10AD800020686561642066696C65206572726F7207
:10AD90002E2E2E003657000052570000105700008C
:10ADA0000C57000003040010000000000A140160AA
:10ADB00000010605140103DD08020200C0000200C4
:10ADC0003C003C000200020401041E0002000000DE
:10ADD000500000002C01000064000A000000000088
:10ADE000D6BE898E0310220076656E646F725F6D29
:10ADF0006F64656C5F7372765F7265736574000073
:10AE000076656E646F725F6D6573736167655F739E
:10AE100072765F636F6E6669726D000076656E6450
:10AE20006F725F6D6573736167655F7372765F6183
:10AE3000636B000076656E646F725F6D657373613E
:10AE400067655F7372765F73656E645F7472616E5F
:10AE500073000000696E645F7374617274000000B7
:10AE60006164765F696E645F73656E640000000004
:10AE70006164765F7372765F7472616E735F73651F
:10AE80006E6400004E554C4C206275660000000058
:10AE9000556E61626C652073656E64206D6F6465CC
:10AEA0006C206D65737361676520286572723A2541
:10AEB00064290000556E61626C652073656E6420C4
:10AEC000696E64696361746520286572723A2564ED
:10AED000290000007372633A2030782530347820DE
:10AEE0006473743A20307825303478207469642093
:10AEF00030782530327820727373693A20256400E7
:10AF0000746964203078253032782000236D6573B1
:10AF1000682D6F6E6F6666205354415455533A2026
:10AF200073656E6420737461747573206661696CF7
:10AF300065643A20256400004E6F20656E6F75676A
:10AF40006820737061636521000000004E6F20610E
:10AF50007661696C61626C6520436F6E66696775C6
:10AF6000726174696F6E20436C69656E7420636FE3
:10AF70006E74657874210000416E6F74686572208C
:10AF800073796E6368726F6E6F7573206F70657220
:10AF90006174696F6E2070656E64696E6700000091
:10AFA000D707CF000000000098590000D707CC0059
:10AFB00000000000CE5A0000D707CD0000000000BE
:10AFC000325F0000000000000000000000000000F0
:10AFD000C2B3FEFFD0B3FEFFBEB4FEFF00B4FEFF5F
:10AFE000B4B4FEFF2CB5FEFF574D345F2530345806
:10AFF000000000006D795F6E65745F616464723A91
:10B000002564000052657374617274206164766512
:10B0100072746973696E6720284445425547206DF4
:10B020006F646529000000005265737461727420BA
:10B030006164766572746973696E6720286E6F74D7
:10B040002070726F766973696F6E65642900000005
:10B0500053746F70206164766572746973696E678A
:10B060002028616C72656164792070726F766973F3
:10B07000696F6E6564290000506572697068657259
:10B08000616C5F496E6974004E6F74696679204522
:10B0900052522000557064617465202578202D205F
:10B0A000496E74202578200A000000004552522E77
:10B0B0002E000000496E697469616C697A65642EBE
:10B0C0002E000000446973636F6E6E65637465647F
:10B0D0002E2E20526561736F6E3A25780A000000AB
:10B0E0004164766572746973696E672E2E00000084
:10B0F000436F6E6E656374696F6E206D61782E2E7E
:10B100002E000000436F6E6E202578202D20496EA2
:10B1100074202578200A0000436F6E6E65637465A5
:10B12000642E2E00436F6E6E656374656420416407
:10B13000766572746973696E672E2E005761697443
:10B14000696E6720666F72206164766572746973D8
:10B15000696E672E2E0000004572726F722E2E00EF
:10B160004572726F722E2E25780A000044495341B1
:10B17000424C454400000000454E41424C454400CD
:10B1800052657620434841523100000052657620D6
:10B1900043484152332E2E004465627567206D6F1F
:10B1A00064652025730D0A004164766572746973C5
:10B1B000696E6720656E61626C65640D0000000059
:10B1C0005175657279204D65736820416464722001
:10B1D0002D2050726F766973696F6E65643A2564CD
:10B1E0002C20416464723A3078253034580D0A00BE
:10B1F0005175657279204D657368204B6579202DF6
:10B200002050726F766973696F6E65643A25640DBC
:10B210000A000000186C0000B2700000DB2A000079
:10B22000DC2A0000020000002CB2010027180000F8
:10B23000DD2A0000DE2A00000200000040B201000A
:10B2400028180000292A2B244D4553485F4C4942B9
:10B250005F56312E3736000000000000EA81000002
:10B26000D28100000000000070B201000000000068
:10B27000248700004687000054870000000000007B
:10B28000000000007C8B00000000000002000000B5
:10B290000F000000AA9300000B80000001000000D6
:10B2A000869300000E800000010000006293000001
:10B2B00011800000010000003E9300001480000097
:10B2C000010000001A930000288000000200000026
:10B2D000C29200004480000003000000869200003B
:10B2E0000380000004000000DA9300003E800000AC
:10B2F0000700000060920000198000000C000000B0
:10B30000EC9100001F80000007000000C8910000C1
:10B310003C800000090000001891000006000000B9
:10B320000A000000AA9000002E8000000500000026
:10B3300058900000258000000100000022900000CD
:10B340004A80000000000000F68F000048800000E6
:10B3500004000000AC8F0000178000000400000013
:10B36000648F00004C80000005000000B08E0000DB
:10B370004E80000007000000F88D000002800000F1
:10B3800003000000568D00002A8000000500000028
:10B39000A28C00002C80000007000000EA8B000057
:10B3A000000000000000000000000000000000009D
:10B3B00000000000DC9E000000000000088000008B
:10B3C0000100000060A60000000000001300000063
:10B3D0008EBE0000010000001300000006BE000049
:10B3E000008000000300000072BF00000180000028
:10B3F00002000000FEBB0000098000000000000009
:10B4000046B100000A80000001000000BAB0000050
:10B410000C8000000000000018B300000D80000048
:10B420000100000092B20000128000000000000045
:10B43000EAB10000138000000100000002B2000029
:10B44000238000000000000010AF000024800000F6
:10B4500001000000A0AE00002680000000000000F7
:10B460004AB0000027800000020000009CAF0000EE
:10B470001880000004000000E0A5000003000000A8
:10B480000B00000002B700001A8000001800000046
:10B4900004B600001B8000000600000012A400009B
:10B4A00020800000140000004EA900001C80000055
:10B4B000060000003AA300002180000014000000F4
:10B4C0000EA800001E80000006000000F4B9000075
:10B4D000228000001400000004B900001D8000005C
:10B4E0000400000056B8000029800000040000009D
:10B4F000C49D00002B800000060000008A9C000014
:10B5000040800000120000009C9B0000458000006D
:10B5100012000000BC9A0000418000000200000000
:10B52000B4C0000042800000000000005ABB0000D0
:10B530004680000002000000829500004780000065
:10B5400003000000F09900003D80000006000000AC
:10B5500030A200003F8000000600000018B5000087
:10B560004B80000004000000FCA000004D800000A3
:10B5700006000000FCA00000498000000000000060
:10B58000FA9800000F80000000000000D494000032
:10B59000108000000100000034A000002D80000099
:10B5A0000200000048980000158000000200000022
:10B5B0003C95000016800000030000006A97000020
:10B5C0003880000000000000C096000039800000B4
:10B5D00009000000C2AA00003A800000000000003C
:10B5E000CCAC00003B80000005000000E4AC000093
:10B5F0000000000000000000000000007AAA000027
:10B60000000000006964313238010000736D6B3254
:10B6100000000000736D6B3300000000736D6B342D
:10B62000000000007072636B0000000076746164BB
:10B63000000000000091E3720796E4750E9FED7C18
:10B640000998EA7B1C8DFF6E1B8AF8691283F160F2
:10B650001584F66738A9DB4A3FAEDC4D36A7D544E2
:10B6600031A0D24324B5C75623B2C0512ABBC95812
:10B670002DBCCE5F70E1930277E694057EEF9D0CC2
:10B6800079E89A0B6CFD8F1E6BFA881962F38110B2
:10B6900065F4861748D9AB3A4FDEAC3D46D7A534A2
:10B6A00041D0A23354C5B72653C2B0215ACBB928D2
:10B6B0005DCCBE2FE0710392E7760495EE7F0D9C82
:10B6C000E9780A9BFC6D1F8EFB6A1889F263118072
:10B6D000F5641687D8493BAADF4E3CADD64735A462
:10B6E000D14032A3C45527B6C35220B1CA5B29B892
:10B6F000CD5C2EBF900173E2970674E59E0F7DEC42
:10B7000099087AEB8C1D6FFE8B1A68F9821361F031
:10B71000851466F7A8394BDAAF3E4CDDA63745D421
:10B72000A13042D3B42557C6B32250C1BA2B59C851
:10B73000BD2C5ECF0000000000000000A8E100006A
:10B740000000000005000000030000006AE20000A5
:10B7500004000000030000006CE1000037800000DE
:10B760000100000034E2000007800000010000003A
:10B7700000E20000000000000000000000000000E7
:10B78000000000000000000070E500000000000064
:10B7900031800000020000002EE500002F80000034
:10B7A00002000000DEE40000308000000200000023
:10B7B000FEE30000328000000300000096E4000079
:10B7C0003380000003000000C6E300003480000066
:10B7D00000000000BAE30000358000000100000016
:10B7E000A2E300003680000001000000D2E2000069
:10B7F000048000000000000050E30000058000000D
:10B8000001000000F0E600000680000001000000DA
:10B81000D8E600000000000000000000000000006A
:10B820000000000060EB0000ECEA000000000000F7
:10B830006E6B626B000000006E6B696B00000000B5
:10B840002F4E6F64652F25780000000000070E0959
:10B850001C1B1215383F363124232A2D2F566E64B7
:10B860002F25782F257300002F5369672F25782FF8
:10B8700025730000646174610000000048B9010094
:10B88000700701004CB90100D407010050B9010054
:10B89000A206010054B901005A0D010058B9010077
:10B8A0009A0C010060B90100EA0B010068B90100BF
:10B8B0002004010070B901005606010074B90100AE
:10B8C000B61A010078B90100A01A01007CB9010084
:10B8D000680B010080B90100F40A0100F2240100A4
:10B8E00000000000D2230100000000002F41707012
:10B8F0004B65792F257800002F4E65744B65792FA5
:10B90000257800002F4E6574000000002F49560076
:10B910002F536571000000002F48425075620000EF
:10B920002F436667000000002F56612F2578000026
:10B9300062696E64000000007375620070756200D9
:10B940002F52504C2F2578004E6574004956000048
:10B950005365710052504C004E65744B6579000080
:10B960004170704B657900004842507562000000DC
:10B970004366670053696700566E640056610000B5
:10B980004E6F646500000000010204081000000012
:10B9900001020408EA2B0100000000000A00000078
:10B9A00064000000E803000010270000A0860100EA
:10B9B00040420F008096980000E1F5055C440100CC
:10B9C000010300007C40010001000000303901004B
:10B9D00001000000CA350100000000007072736BA6
:10B9E000000000007072736E000000007072646BE3
:10B9F000000000003430010001000000CA410100D5
:10BA00000B00000040410100050000003E3E010027
:10BA100040000000103E010000000000DC3D01007D
:10BA200010000000703B010010000000123A0100FD
:10BA3000210000003C460100000000005C450100C0
:10BA4000010000005E540100505401000001020298
:10BA500003030303040404040404040405050505A6
:10BA60000505050505050505050505050606060682
:10BA70000606060606060606060606060606060666
:10BA80000606060606060606060606060707070752
:10BA90000707070707070707070707070707070736
:10BAA0000707070707070707070707070707070726
:10BAB0000707070707070707070707070707070716
:10BAC0000707070707070707070707070808080802
:10BAD00008080808080808080808080808080808E6
:10BAE00008080808080808080808080808080808D6
:10BAF00008080808080808080808080808080808C6
:10BB000008080808080808080808080808080808B5
:10BB100008080808080808080808080808080808A5
:10BB20000808080808080808080808080808080895
:10BB30000808080808080808080808080808080885
:10BB40000808080808080808080808080000000095
:10BB500000000000000000000000000000000000E5
:10BB600000000000000000000000000000000000D5
:10BB700000000000000000000000000000000000C5
:10BB800000000000000000000000000000000000B5
:10BB900000000000000000000000000000000000A5
:10BBA000000000000000000000000000232D302BEA
:10BBB00020000000686C4C00656667454647000041
:10BBC00030313233343536373839414243444546D3
:10BBD0000000000030313233343536373839616295
:10BBE000636465660000000076312E3000000000BE
:10BBF000262A000076312E3000000000272A00009F
:10BC0000292A00000A1800000200000004BC0100FC
:10BC100076312E3000000000282A0000E0FF0000EE
:10BC2000020000001CBC0100E1FF0000E2FF000078
:10BC3000E3FF0000E4FF0000E5FF0000965C000069
:10BC4000F8590000EC310020020000000CE0040074
:10BC50000100000008BC01000200000012E0040026
:10BC600001000000563200200200000000BC01006C
:10BC70000100000020A101000200000012E0040009
:10BC8000010000005432002002000000F0BB01005F
:10BC900001000000E8BB01000200000012E0040007
:10BCA000010000005532002002000000FCBB010032
:10BCB00001000000F4BB01000200000012E00400DB
:10BCC000010000005F3200200200000018BC0100EB
:10BCD0000100000010BC0100C02C000000000000AA
:10BCE00000000000020000000CE004000100000061
:10BCF00020BC01000200000012E00400010000006E
:10BD0000603200200200000028BC01000300000097
:10BD1000243300200200000016E0040001000000AF
:10BD2000A02D00200200000012E00400010000002D
:10BD300061320020020000002CBC01000100000064
:10BD4000983200200200000016E00400010000000C
:10BD5000B42D00200200000012E0040001000000E9
:10BD6000623200200200000030BC0100020000002E
:10BD70001C3400200200000016E004000100000056
:10BD8000C82D00200200000012E0040001000000A5
:10BD9000633200200200000034BC010000000000FB
:10BDA000343400200200000018E00400030000000A
:10BDB0009C3200200200000016E004000100000098
:10BDC000DC2D00200200000012E004000100000051
:10BDD000643200200200000038BC010004000000B2
:10BDE000A03200200200000016E004000100000064
:10BDF000F02D0020AC2E00009C2F00000000000061
:10BE00004368617261637465726973746963203138
:10BE10000000000043686172616374657269737445
:10BE200069632032000000004368617261637465D9
:10BE300072697374696320330000000043686172A3
:10BE40006163746572697374696320340000000073
:10BE500043686172616374657269737469632035E4
:10BE6000000000005442002000000C00544200205A
:10BE7000000000006A3D000000000000000000001B
:10BE800000000000000000000000000000000000B2
:10BE900000000000000000000000000000000000A2
:10BEA000000000008A3700000701070100000300BE
:10BEB0000000000000000000000000000000000082
:10BEC0000000000000000000000000000000000072
:10BED0000000000000000000000000000000000062
:10BEE0000000000000000000000000000000000052
:10BEF0000000000003010000F82E00208C2F00201D
:10BF00000000000000000000000000000000000031
:10BF1000042E0020000000000000000000000000CF
:10BF20000000000000000000000000000000000011
:10BF30000000000000000000FCAB01000000000059
:10BF400000000000000000000000000000000000F1
:10BF500000000000000000000000000000000000E1
:10BF6000000000006C3200202C420020BCB3010015
:10BF7000ACB30100402E00200100000000000000D2
:10BF80000000000068320020204200200000000075
:10BF900000000000102E0020020000000000000041
:10BFA000A02E0020703200204842002090B70100EF
:10BFB00080B70100D42E0020604200200000410024
:10BFC000604200200023456789ABCDEF0023456721
:10BFD00089ABCDEF00000000000000000000000071
:10BFE000FF00000000000000B04900000000D7077B
:10BFF000000000000000000074320020B442002065
:10C00000A0AF010000000000742F0020000000001D
:10C010000000000000000000000000000000000020
:10C020000000000000000000D859002000000000BF
:10C030000000000000000000000000000000000000
:10C040000000000000000000F45900206E630000B2
:10C0500046610000766200000201060302E0FF056F
:10C06000FFD7070000000000574D345F30303030FC
:10C0700000000000000000000909574D345F303017
:10C080003030051206006400020A0004100410009B
:10C09000020000000CE004000100000024B20100D6
:10C0A0000200000012E00400010000002B3000201C
:10C0B000020000001CB201000200000000000000AD
:10C0C0000200000012E00400010000002C300020FB
:10C0D0000200000020B2010000000000000000008B
:10C0E0000200000018E0040003000000285A0020AD
:10C0F000020000000CE004000100000038B2010062
:10C100000200000012E00400010000002D300020B9
:10C110000200000030B20100020000000000000038
:10C120000200000012E00400010000002E30002098
:10C130000200000034B20100000000000000000016
:10C140000200000018E0040003000000385A00203C
:10C1500000000000000000000000000055555500E0
:10C16000C2DA000000000000000000000000000033
:10C1700060A7010000000000C01801009604010043
:10C180000000000000000000000000000E2D010073
:10C19000FF0000003431002034310020082000016D
:10C1A000FFFFFFFFFFFFFFFFFFFFFFFF000000009B
:10C1B000000000000000000001000000FFFFFFFF82
:10C1C000512563FCC2CAB9F3849E17A7ADFAE6BC39
:10C1D000FFFFFFFFFFFFFFFF00000000FFFFFFFF6B
:10C1E00096C298D84539A1F4A033EB2D817D037711
:10C1F000F240A463E5E6BCF847422CE1F2D1176BAC
:10C20000F551BF376840B6CBCE5E316B5733CE2B7E
:10C21000169E0F7C4AEBE78E9B7F1AFEE242E34FAD
:10C220004B60D2273E3CCE3BF6B053CCB0061D65EA
:10C23000BC86987655BDEBB3E7933AAAD835C65A73
:10C24000E071010028710100386F0100000000005A
:10C250006CBB01008CBB01004CBB01000000000066
:10C2600000000000000000000000000000000000CE
:10C2700000000000000000000000000000000000BE
:10C2800000000000000000000000000000000000AE
:10C29000000000000000000000000000000000009E
:10C2A000000000000000000000000000000000008E
:10C2B000506000200202020001D7070000100102B6
:10C2C0000A02081002000000FFFF0000FFFF00004C
:10C2D000FFFF0000FFFFFFFF800000000868000074
:10C2E000FF000000EC310020010203040500000003
:020000040004F6
:10D000006F00C076000000000000000090000020CB
:10D010008C020020A9BDF9F590000020000000005E
:10D0200000000000900000209000002000000000A0
:10D030000000000090000020000000009000002090
:10D0400000000000900000209000002090000020D0
:10D050009000002090000020900000209000002010
:10D0600000000000900000209000002090000020B0
:10D0700090000020900000209000002090000020F0
:10D0800090000020900000209000002090000020E0
:10D090009000002001A0011113078008F3370780DA
:10D0A00093F787083EC201000100B71700409305BF
:10D0B00070052380B704130680FA2380C70401009B
:10D0C000010083C6B70493F6F60DA385D704238029
:10D0D00007049246F3A6068001000100937605023C
:10D0E000D5CEF336078093F6860836C401000100DA
:10D0F0002380B7042380C70401000100B706140091
:10D100007D89558D88C70100010001000100238041
:10D110000704A246F3A606800100010073370780CA
:10D12000137787083AC6010001002380B7042380E3
:10D13000C7040100010001000100372700409306E9
:10D140001005A303D78023800704B247F3A7078005
:10D150000100010093078008F3B7078093F7870861
:10D160003ECE01000100B717004013077005238071
:10D17000E704130780FA2380E7040100010003C7D6
:10D18000B70413670708A385E70423800704F24761
:10D19000F3A70780010001000561828093760504F2
:10D1A000BDC6F336078093F6860836C80100010035
:10D1B0002380B7042380C70401000100B7061400D0
:10D1C000938606047D89558D88C701000100010002
:10D1D000010023800704C246F3A606800100010077
:10D1E00073370780137787083ACA0100010023804C
:10D1F000B7042380C70401000100372700409306CD
:10D200002005A303D78023800704D24781B7733753
:10D210000780137787083ACC010001002380B70408
:10D220002380C7040100010098471367070C98C7C3
:10D2300023800704E24719BF011181460146814559
:10D24000114506CE7D2A93078008F3B7078093F730
:10D2500087083EC601000100B7170040130770059C
:10D260002380E704130780FA2380E704010001000C
:10D2700003C76704136717002383E70423800704A9
:10D28000B247F3A7078001000100F24005618280E8
:10D2900041118146014681451145A52213078008A9
:10D2A000F337078093F787083EC401000100B717E2
:10D2B0000040130670052380C704930680FA23807C
:10D2C000D70401000100FD552396B702238007040F
:10D2D000A245F3A50580010001007337078013778D
:10D2E00087083AC6010001002380C7042380D704C1
:10D2F0000100010003C76704136717002383E704D5
:10D3000023800704B247F3A707800100010001A0B2
:10D31000BD473305F50201007D1575FD8280411181
:10D3200022C426C206C6AA84014463179400B240F0
:10D33000224492444101828005041305803E420448
:10D34000C13F4180DDB72303048015472303E480F8
:10D3500001002302A480828083076480E3CE07FE5D
:10D3600023030480828083076480E3CE07FE0345A5
:10D370004480828083076480E3CE07FE2302A4807A
:10D380008280411126C44AC24EC006C61377F50BEF
:10D39000AD47AA892E8995446306F700194565377C
:10D3A000653F8D444E854537FD59FD146398340122
:10D3B000B240A244124982494101828013550901B9
:10D3C0001375F50F453F2209CDB7011126CC06CEC6
:10D3D000B704080051371545BD37713769372AC67C
:10D3E000A53F32459377150089EB1365150013753A
:10D3F000F50FF240E24405618280FD14E9FC01452D
:10D40000CDBF397126DC4ADA4ED852D656D45AD21C
:10D410005ED006DE62CE66CCB7E700E07D5783AA19
:10D42000070022C603AA470023A0E71823A2E71893
:10D43000B7170040130770052380E704130780FA2D
:10D440002380E70483C74704930B75FFB684E20784
:10D4500093FBFB0F8546AA892E8B32893724004027
:10D46000E187015763FA76016308D50089461307FF
:10D4700000026313D5000157D98F93F7F70FB71C3C
:10D4800000402382FC0411472303E4801305F00FBE
:10D490005D3D094CD135636D7C11B7050700DA9508
:10D4A00037870700795563F2E504B3879500636E0B
:10D4B000F702370B0800A94733EB65016399F906BA
:10D4C00089E48144513D26850DA0DA850945553D05
:10D4D00005090345F9FFFD14050B693D81C49377E8
:10D4E000FB0FFDF7DD3569FD7D55B71700401307CC
:10D4F00070052380E704130780FA2380E70403C73D
:10D500004704418B2382E704F250B7E700E023A0F1
:10D51000571123A24711E25432445259C259325A88
:10D52000A25A125B825B724CE24C21618280A54759
:10D530006395F90685691309F00FB3069900B37472
:10D540002B01B6941349F9FFB3749900856B3379B5
:10D550006901416B9387F9FFB3F7270199E363FCF6
:10D56000340193D94900C147E3E637FF99BF056904
:10D57000C1697D19D9B71305800D63886901130549
:10D5800000026384790113051008CA85DD3B353D2F
:10D5900021DD4E99B3843441D9B7DA852D45D53391
:10D5A000CA94E30099F205097D3BA30FA9FED5BFFC
:10D5B0009387F9FF93F7F70F6361FC0C83C71C0493
:10D5C00013073008631FF70437070800636BEB0489
:10D5D000B3079B00B706100063F5D704334BEB008D
:10D5E00089476393F9068980D549E38C04ECDA8591
:10D5F0000945413B11090327C9FF91472320E480D6
:10D6000003076480E34E07FE23033481FD17EDFB1F
:10D61000FD14110B81C49377FB0FE9FF7D3371F586
:10D62000E1B5B717004003C75704B70708001377E1
:10D63000070219E3B78707007955E378FBEA330758
:10D640009B00E3FFE7F855B58547E382F9F2DA85F9
:10D650002D45053B9389F4FFE38504E6293393F7D1
:10D66000390091EB832604800327090093074900C2
:10D67000E39AE6E43E89CE84F1BFB5476396F900AC
:10D680001305900BC93135BDB1471305B00AE38BC3
:10D69000F9FE99476391F904B7050800B365BB002B
:10D6A0002D45C53181448D4BA1497539639674016F
:10D6B000832704802320F9008504E39834FF83271F
:10D6C000048013172B01635507002312F900D5BB03
:10D6D0002322F900FDB39D476399F90281451305A3
:10D6E000B0044531BD442320090023220900FD591F
:10D6F0009D3993F77400CA9703C70700FD14398D4D
:10D700002380A700E39634FF6DBBA1476392F90421
:10D710006D398144630D0B008D479304C00363088A
:10D72000FB009304000563048B019304400413750C
:10D73000C507E30895D819453931393905452131EF
:10D7400026850D3909453D314931E31C05D669BBB4
:10D7500091476399F90013056006F536F53E130508
:10D7600090090DB7E38F09D4F154A9BB9731FB1F82
:10D770009381C17F1791FB1F1301C188170500001A
:10D78000130585889735FB1F9385C5871736FB1FC3
:10D790001306C6FD63FAC5008322050023A05500C9
:10D7A00011059105E3EAC5FE170500001305857311
:10D7B0009735FB1F938585FB1386818063FAC5002F
:10D7C0008322050023A0550011059105E3EAC5FE5B
:10D7D00013858180938581816377B50023200500BF
:10D7E0001105E36DB5FEFD42739002BC8D4273904E
:10D7F0004280B72200009382828873900230973271
:10D80000FB1F9382228093E2320073905230970282
:10D8100000009382622B73901234730020300D0647
:10D82000719A81473307F5006393C70082801443E0
:10D830003387F500910714C3F5B7914763EEB7023C
:10D8400017070000130787628A05BA959C41BA97AB
:10D850008287B717004003A7470B1345F5FF698F71
:10D8600023AAE70A03A7070B698F23A8E70A03A7E0
:10D87000070A798D23A0A70A8280B717004083A6E4
:10D88000470B1347F5FFF98E23AAD70A83A6070B88
:10D89000558D23A8A70A83A6070A758F23A0E70A38
:10D8A0008280B717004003A7470B498F23AAE70AD6
:10D8B00003A7070B1345F5FF45BFB717004083A625
:10D8C000470B1347F5FF758F23AAE70A03A7070A3B
:10D8D000598D4DB7B717004003A7470B498FEDB7D8
:10D8E000B71700408847420541819377050491EBC3
:10D8F0009377F5013755E801130505803345F502A7
:10D9000082809377050C130700046397E7009377F1
:10D91000F50137459C1CCDB72165130505D08280E4
:10D92000411122C406C62A84653F2947B307E50290
:10D93000B2408D83B3D7870222449507B3D7E7025D
:10D9400037370040C207C1832316F7404101828068
:10D95000716541111305052006C6D937B737004058
:10D96000130770F82381E7400D47A381E7401307B1
:10D970000004A380E74005472387E740B240410108
:10D980008280411122C491462A84138681809D653C
:10D990002D4506C69730FB1FE780A0A6B7F7070006
:10D9A00003C70701A5476313F70001A09306001002
:10D9B00001469D6525459730FB1FE78080A42384A1
:10D9C00081802244B2409146138681809D6529451D
:10D9D00041011733FB1F6700C3A2130101BF2326B8
:10D9E00011402324814023229140232021411737D5
:10D9F000FB1F0347A7D78D476310F706B7660200E2
:10DA00000146856505459730FB1FE780809F377489
:10DA1000020037A9FDFFB7D4040022851306004099
:10DA20008A85F53BB3052401930600400A86094523
:10DA3000130404409730FB1FE780A09CE31F94FC75
:10DA400005458137B76602000146B77502000545F6
:10DA50009730FB1FE780E09A856782978320C1405B
:10DA600003248140832441400329014013010141E3
:10DA700082800111914670009D652D4506CE97303C
:10DA8000FB1FE78000980347C10089469307F7FF13
:10DA900093F7F70F63E2F6029737FB1F2388E7CC73
:10DAA0009735FB1F83C585CC170500001305453D41
:10DAB0008528F2400561828085471737FB1F2307C1
:10DAC000F7CAF9BF41111305800406C69720FB1F52
:10DAD000E780605C371700408327870A1305002022
:10DAE0008D4593E707202324F70A813B953551376D
:10DAF000ED35B24001454101828081473737004012
:10DB0000A14663C3B70082800346B740E38EC6FEDA
:10DB10003306F5000346060085072304C740D5B742
:10DB20003571CAD813094108A6DAD2D4DAD02EC387
:10DB300086DEA2DCCED6D6D2DECEE2CCE6CAEAC8FB
:10DB4000AA8432C536C73AC93ECB42CD46CF4AC475
:10DB50008145014A170B0000130B4B3683870400E5
:10DB600085E789C5C205C1815285413FF65066549B
:10DB7000D6544659B659265A965A065BF64B664C09
:10DB8000D64C464D0D618280130750026389E70031
:10DB900063140A00268A814585058504C1B791C5AD
:10DBA000C2055285C181913F014A81471307B002E6
:10DBB0009305D002130500031308000293083002F6
:10DBC0008386140013861400638EE6026341D70235
:10DBD000638D0603638E1603138706FD1377F70F15
:10DBE000A54563EDE5060147254529481DA863873E
:10DBF000B600E393A6FE93E7170019A093E7070189
:10DC0000B2847DBF93E74700E5BF93E78700CDBFB0
:10DC100093E70702F5B73307070305062E971307A7
:10DC200007FD83050600938605FD93F6F60FE37462
:10DC3000D5FE830506009306E002639AD50C8305A2
:10DC40001600254593041600938605FD93F6F60FFE
:10DC5000636FD50881462545294805A89305A0028C
:10DC60007D57E398B6FC03270900138624001109A9
:10DC7000E35107FC3307E04093E707015DBFB3863C
:10DC800006038504AE96938606FD838504001386FD
:10DC900005FD1376F60FE374C5FE038604009305B5
:10DCA00080066308B6001376F6FD9305C00463137F
:10DCB000B60085040386040093058005630CB60452
:10DCC00093058007630AB604930750026307F600C2
:10DCD000854548002302F1000D3583870400A9CF54
:10DCE000854548002302F100093D81457DB51305B6
:10DCF000A0028146E393A5FA832609009304260037
:10DD00001306490063D306008146328979B7B2848D
:10DD1000FD5661B793E7070413F607045A8809E62E
:10DD2000170800001308081793FA070163880A0010
:10DD3000F99B9305000201A8FD1445BF13F61700D7
:10DD4000930500037DD6A302B1002303010093FBDA
:10DD500007020326090063830B00791741E61306C7
:10DD600000032306C1008549368C63D336014E8CEF
:10DD7000C58B330487418DE7A28C130D00026341EC
:10DD800090099307F4FF228763530400014733840B
:10DD9000E7408307610089C7854513056100B13BF2
:10DDA00063820B0293070003854513057100A303EB
:10DDB000F100A13393078007854513057100A30384
:10DDC000F100253B639D0A00A28A63435005930737
:10DDD000F4FF22876353040001473384E740930A2A
:10DDE0000003A1A06C0081491375F600429503451C
:10DDF0000500118285092380A500850575F6ADB75C
:10DE0000854513057100A303A101FD1CFD3185BFEC
:10DE1000854513055100D531FD1A45BF85451305CC
:10DE20007100A30351017D1CC939E3C989FFFD5A63
:10DE3000FD196398590193090002634F800011098D
:10DE40006DB57C00CE9783C707008545130571002B
:10DE5000A303F1005D31E9BF854513057100A303FC
:10DE600031017D145939D1BFEAF9FFFF12FAFFFFE2
:10DE70003AFAFFFF52FAFFFF6CFAFFFF496D616744
:10DE80006520466C616720253032780A000000006A
:10DE90003031323334353637383961626364656620
:10DEA0006768696A6B6C6D6E6F707172737475768A
:10DEB0007778797A000000003031323334353637E4
:10DEC00038394142434445464748494A4B4C4D4EF8
:10DED0004F505152535455565758595A000000004C
:08DEE000FF000000000000003B
:10E000006F00E2110000000000180118002801282C
:10E0100002280328002901290229032904290529A6
:10E02000062907290829002A012A022A032A042A84
:10E03000052AA62A78E8060056FD0400F002002012
:10E0400076030020C00200208E0200201C02002067
:10E050005EFF0400A6FF04004C010500D803050084
:10E06000C6040500B4FB040072FA040034FB04008B
:10E07000C4FA0400B60A05000C05002034FF0400B1
:10E0800082070500CC9F0600C4A106003CA2060042
:10E09000F66106002A62060056180600960D060074
:10E0A000A6990600B80705004669060004AA0500FF
:10E0B00092AA0500EAAA050046130500921305007E
:10E0C000FC1105002C660500E6600500C26F050026
:10E0D000927305003E7705001A530500B8520500FB
:10E0E000A0560500665305008E5205001253050028
:10E0F00040520500EA53050042540500F253050062
:10E10000F6530500905405004A5405007C54050060
:10E110009459050098590500E6530500EE53050093
:10E120008E540500965905003E550500065B050016
:10E130008685050004860500428605009068050076
:10E14000A8680500E4680500F24C0500104E0500C3
:10E15000864E05001C320500C22C05000843050050
:10E16000402D05006C3E0500C0C9060040C20600F7
:10E170001CC7060022DD060008DC060094DF06004E
:10E1800084DF06008CDF0600CCDF06005AB40600F0
:10E19000000000000000000000000000000000007F
:10E1A0003CE0060004DA06009AD9060000000000F0
:10E1B000000000000000000000000000000000005F
:10E1C00092830600B0710600367506000E730600D5
:10E1D000647D06004E9A0600000000008EB4060022
:10E1E000440C050066630600266906001E6A0600E8
:10E1F0000000000000000000000000008C6C050022
:10E20000C4820600000000000000000000000000C2
:10E21000607106001C0700203E640600B8DF06009F
:10E22000000000000000000088DF06006403050015
:10E23000E2690500C0DF0600688406003685060036
:10E24000B085060062C70600BCDF0600C4DF06001A
:10E25000220D0600C8DF060026110020EC10002069
:10E2600000000000000000000000000000000000AE
:10E27000000000000000000000000000000000009E
:10E280006373B60082801C419105110523AEF5FE33
:10E29000C5BFB72700203727002093878780130743
:10E2A00047D86373F700828023A007009107D5BF8A
:10E2B0004111B7E700E022C480433707200006C6BB
:10E2C000798C23A0E7180F10000011C199E5B7E77A
:10E2D00000E023A08710014545A893073500C20739
:10E2E000C183F19BC207C183130740036366F70232
:10E2F000372700200325079337270020832687929E
:10E300006391A602372700200327079C69D3C20721
:10E31000DD8D0545029765BF372700200325C7928D
:10E32000E1BF035765002DE7035745006362F70619
:10E33000B72600203306F7402148938686936378FA
:10E34000C8028328050003D86600138687001D8F46
:10E350002A9661172312E6002320160123130600D4
:10E3600010C12312F500130788FF2393E60023133F
:10E37000B50083D566002105B387F5402393F600E9
:10E38000B7E700E023A08710B24022444101828019
:10E390000841BDB7B7E700E003A807003707200032
:10E3A00023A0E7183378E8000F10000001E523A050
:10E3B00007118280B727002003AE0793B7270020FC
:10E3C00003A387928146F28763FC670A83A807004C
:10E3D000636BF50A63E9A80A138787006362E50A9D
:10E3E00003D66700216705076319E600372600207A
:10E3F0000347068905072308E6883726002013050A
:10E40000869383D5470003576500239307001306BF
:10E4100086932E97420741832313E5006387C70342
:10E42000372500200325C5926301F50203D5660058
:10E4300009ED83D7460023A016012107BE95A1054B
:10E440002392B6002313E600B6879843630A670257
:10E45000B726002083A6C6926304D70283566700BE
:10E4600085E283D64700835547001843A106AE9640
:10E470002392D70098C383576600A1072313F600A1
:10E48000B7E700E02DB7BE86C6873DBFB7E700E01F
:10E490009843B706200023A0D718758F0F100000EF
:10E4A00001C599C1814711E6B7E700E023A0E71055
:10E4B0008280B386F50003C80600B306F500850721
:10E4C00023800601E317F6FEC5B737E700E01C43DB
:10E4D000B70620002320D718F58F0F10000019C1B0
:10E4E00091C111E637E700E02320F7108280910503
:10E4F00003A7C5FF11057D16232EE5FEDDB737E71F
:10E5000000E01C43B70620002320D718F58F0F101A
:10E51000000001C53307C50011E637E700E02320FE
:10E52000F71082800505A30FB5FEE31DE5FEF5B7E4
:10E53000B7E700E09843B706200023A0D718758FEF
:10E540000F1000008147B306F5008386060099E6A8
:10E55000B7E600E023A0E6103E8582808507E5B798
:10E5600037E700E01C43B70620002320D718F58FBB
:10E570000F10000001C599C1014711EA37E700E01B
:10E580002320F710054582800507E309E6FE3308DE
:10E59000E500B386E5000348080083C60600E305EE
:10E5A000D8FE37E700E02320F7100145828037E7E7
:10E5B00000E01C43B70620002320D718F58F0F106A
:10E5C00000001307F6FFBA952A966317C50037E7D0
:10E5D00000E02320F7108280FD1503C71500050514
:10E5E000A30FE5FEDDB737E700E01C43B7062000C8
:10E5F0002320D718F58F0F10000001C53307C50081
:10E6000019E637E700E02320F71001458280050571
:10E610008346F5FFE397B6FEE31BE5FE37E700E030
:10E620002320F71005458280797126D2B724002077
:10E6300022D403A4C49806D64AD04ECE52CC56CA91
:10E640005AC85EC662C44DC8372A00203729002048
:10E65000B7290020814BB72A002037CBC901130A04
:10E660000A99130989939389C99D8357240099EFC7
:10E670005C44639A0B0023A6F498032CC400228503
:10E68000113B6284B9A823A6FB00C5BF83A74A98A3
:10E6900082971C443307F5406376F50003A74900D1
:10E6A0001D8F2A979306FB3763ECE60623280900A3
:10E6B0008355240003450400970005E0E78060B11E
:10E6C0005C405844B1C70C4403A64900AE97BE86CF
:10E6D00063E4B70063E4C700B386C74014C4A28BE9
:10E6E0003A8441F4B727002093878793984B894653
:10E6F00063FCE604791798CBB25022549254025925
:10E70000F249624AD24A424BB24B224C4561828066
:10E7100063950B0023A6E4988DB723A6EB00B1BF49
:10E7200003274A0219CB63EDA7003385A74083274F
:10E7300009016374F5002328A900A28B404455B752
:10E7400003A74900BA97D5B723A8070075B7B7271D
:10E75000002003A7479D411122C406C63E8411C371
:10E760000297B727002083C7279893F7F70F99E3FD
:10E77000232A049CB24022444101828001114EC6EA
:10E78000B729002083A7499606CE22CC26CA4AC8BC
:10E7900052C456C281C7829723A20996B72400208B
:10E7A000938744C883C7570037240020938444C804
:10E7B000858B1304449681CF83C774001947631671
:10E7C000F70EA3820400EF0030615C4482971C4482
:10E7D00091C3829737240020372900209307849320
:10E7E0000327899803C61700130A849383478493E9
:10E7F00093961700BA9683D60600F9C2834784938E
:10E8000063E8C70C83A74996230C0492639407120C
:10E81000B727002083A74798638E0710B7270020EB
:10E8200083A7079E2328FA00013583C7B4006393AA
:10E83000071083C7940081CF83C7740093F7F70F45
:10E8400099E7A3840400976006E0E780E007B72714
:10E85000002083A7479BF9CF83270A01E1CF83C715
:10E86000740015476368F70CB7270020938707CD1E
:10E8700083C7C700918BDDEFB727002083C7279898
:10E8800093F7F70FC5EB83461A000326899863CCEC
:10E89000D70A6244F240D2444249B249224A924ADB
:10E8A0000561170305E0670043F183C774001D4746
:10E8B000E31FF7F0A3820400EF0010521C4839B7A1
:10E8C000850793F7F70F230CF492E3E1C7F23DB706
:10E8D00086073E978355070023100700034584935E
:10E8E000B727002083A7079613172500B72A002013
:10E8F000BA979C4323900A98829783D70A98034734
:10E90000849393C7F7FF7D8D93171700032789988A
:10E910003E97835707005D8D2310A700834784939C
:10E9200081C78507230CF4920347849383471A0019
:10E93000E37AF7ECF2406244D2444249B249224AB7
:10E94000924A056182801397170032970357070098
:10E9500075F385072DBF37C700408326C720B7074B
:10E96000FCFFFD17F58F2326F72001000100B727D4
:10E97000002093878793C84F832787262326D72095
:10E980006A0593C7F7FF99835D8D8280B7270020C2
:10E9900003A3079F6303030002831305F00F828024
:10E9A0000327851163000712411122C406C683475D
:10E9B000C5008345E5042A8493F7C70F2306F500B5
:10E9C000834697000356C70013958601618563F15E
:10E9D000C508635A05060345870093F6F607A304A6
:10E9E000D700054693E627006314C50093E6170099
:10E9F0002306D4005C4389075CC3A30AB400032543
:10EA000004112E864C430905513483278411034693
:10EA10005401D44303D7C700B296118FD4C32396B1
:10EA2000E7008947A30DF400B727002003476403DC
:10EA300083C7279A6378F7048347C40093E70701E5
:10EA40002306F40081A093E717002306F40075B7AE
:10EA50009376F60F635D050203458700854513E64F
:10EA600027006314B50013E617002306C400A30AA9
:10EA7000D400A30407008547A30DF4008327841165
:10EA80009C43DDF3B240224401454101828093E77B
:10EA900017002306F400A30AD400A30407000325EB
:10EAA00004114C430905DD328327841103465401C8
:10EAB000D44303D7C700B296118FD4C32396E7007F
:10EAC0008D475DBF05458280B727002083A7C7C655
:10EAD000411122C406C6858B2A84DDEB41651305EE
:10EAE00025F5972006E0E78040E05DC18347A5005B
:10EAF0002315F50083270412B5E72320A41223224F
:10EB0000A41285472311F4042320050083476401E0
:10EB100054412316F5000347D4002304E5000547BC
:10EB2000A304E50037270020032787CA13851702AF
:10EB300015811C437D151375F50F9CC25C43DCC227
:10EB40001C479CC65C47DCC61C4B9CCA5C4BDCCAA1
:10EB50001C4F9CCE5C4FDCCE19CD9386060213076A
:10EB60000702C1BF8327441288C38357240423228A
:10EB7000A412850741BFB7270020938787B403D726
:10EB8000870005072394E700B240224441018280B8
:10EB90008347C40023090400054593C747002306A3
:10EBA000F400DDB78347850193F7E70FDDEB83477B
:10EBB0009501C5EB034625018346C50009CA3727E1
:10EBC0000020834565030347379A63E7E50013F7A1
:10EBD000060149CB014709C6C18A0357E51881C61A
:10EBE0008356251936973DCFB727002003D5479E7A
:10EBF0001307C71237460F00B335A702411113069A
:10EC00000624814622C426C206C67D543305A702C7
:10EC100097D006E0E780E07EB727002083C7779A89
:10EC2000B384A700B727002003A787BD8327070960
:10EC300063F387003E84184375FBB727002083A742
:10EC40004798829781476364A400B307A440B24009
:10EC50002244B3B7970093C7170092443E85410101
:10EC6000828081473E858280B727002003A7C7CADC
:10EC70003C5BFDFF010001008280011122CC4AC8EB
:10EC80004EC606CE26CA52C456C25AC00347B50065
:10EC900085472A842E8983290509631AF71E83571D
:10ECA0000508035BC503372A00209306CA9D83DA53
:10ECB0008600130ACA9D63F4671B834605016390AF
:10ECC000E61A03278511631C07180327450A6318F2
:10ECD00007188346F5001D476393E6180355A503FF
:10ECE000330BFB409307204E33056503832444090F
:10ECF00037460F008146130606243305F502B72771
:10ED0000002083C7679AB3549502B3B5AA02BE9494
:10ED1000C204C180231394083385AA0297D006E069
:10ED2000E780206EB307350133B5A7002E953E87E7
:10ED300083264A0019E163E4D7003387D740B384C0
:10ED40005403B7460F009387F623938606242320A7
:10ED5000E900A697B3D7D702DA97636CF70E1D8F39
:10ED60002320E900B729002083A7499883240900BC
:10ED7000829763E1A4123385A4406350050C83A7F6
:10ED80004998372B0020130BCB9D8297032709004E
:10ED90006368E510198D8357E40303578B008E07D2
:10EDA000B387E7021307003293870719B3D7E70247
:10EDB00063EDA70E374A0F00930AFA23130A0A24B9
:10EDC0008357040485072310F4048347041499E34C
:10EDD0002285512A2285971006E0E78000D87DE140
:10EDE000832604098327C40803274B00B6973E8572
:10EDF00063E4D70063E4E7003385E7408347F40129
:10EE0000835464082328A4088507A30FF4008357BC
:10EE10008B00B384F402D694B3D444036363950C9B
:10EE2000B304954083A7499823209900829763EE05
:10EE3000A40A3385A440E34505F8B727002083C71B
:10EE4000779A63E2A708B727002023A087BE014571
:10EE50009DA883264A00B387F6403E9711B7835496
:10EE6000640837470F009307F723B3845403BE9415
:10EE700093070724B3D7F40263E7F900B387F94097
:10EE80002320F900C5B503274A00BA99C5BF23A0BE
:10EE90003501C9BDB727002083A7079EBE94E1BDF9
:10EEA00083274B00998F3E95FDB5A145228597108C
:10EEB00006E0E780A0C3A305A402B727002083A72C
:10EEC000079C81EF7D55F2406244D2444249B249E9
:10EED000224A924A024B05618280894515458297F4
:10EEE000D5B7B3049740AA9435BF83274B00BE948F
:10EEF00089B72DC901116C0022CC06CE2A84B53BFE
:10EF000029CDFD576305F502372700201307079920
:10EF10005453B2479DC62547637FF700D9173EC6B5
:10EF2000B2450345940297F004E0E7808041F24047
:10EF3000624405618280372700200327079EBA9725
:10EF4000F1BF0347770163E4E700998FC9BFB72694
:10EF5000002083A6069EB697CDBF971006E0E780F7
:10EF6000404DF1B78280797126D206D622D44AD09C
:10EF70004ECE52CC56CA5AC85EC683475503034488
:10EF80007513AA843E941374F40F9307400263F63A
:10EF900087001304B4FD1374F40F03AA841383AA27
:10EFA000C413A38B841222865285D68597D006E09F
:10EFB000E7806042058915E503CBD41201498149F8
:10EFC000337B6403930B50024A865285D68597D0D3
:10EFD00006E0E7804040058915C563916903137415
:10EFE000F90F238B8412B250225492540259F249E1
:10EFF000624AD24A424BB24B456182808509E2099E
:10F0000093D989410509E31179FDE1BF832785097A
:10F0100003560504797193D60701BD8EC206C182DD
:10F02000358E1357764093575640898B058B5D8FED
:10F0300093573640918B5D8F93571640A18B5D8F10
:10F0400093171600C18B5D8F9317360093F7070255
:10F050005D8F931756009355860093F707041E069D
:10F060005D8F1376F60F518F93D7554013D63540E9
:10F07000118A898BD18F13D67540D18F13D6154045
:10F08000218AD18F13961500418AD18F13963500AE
:10F0900013760602D18F13965500137606049E054B
:10F0A000D18F93F5F50FCD8FA20745465D8F3307BE
:10F0B000C70222D42A8426D252CC56CA032A8413E9
:10F0C000832AC4135AC806D63697420741839357FA
:10F0D0007740135557400989858BC98F13553740A1
:10F0E0001189C98F135517402189C98F131517002E
:10F0F0004189C98F1315370013750502C98F131580
:10F10000570093558700137505041E07C98F1377A1
:10F11000F70FD98F13D5354013D755401189098B77
:10F12000498F13D57540498F13D515402189498FD3
:10F13000139515004189498F139535001375050204
:10F14000498F13955500137505049E05498F93F556
:10F15000F50F4D8F2207D98FB387C7024AD04ECE05
:10F160005EC662C4B697C207C18313D7774013D572
:10F1700057400989058B498F13D537401189498F2D
:10F1800013D517402189498F139517004189498F5D
:10F190001395370013750502498F1395570093D5C2
:10F1A0008700137505049E07498F93F7F70FD98FD2
:10F1B00013D5354013D755401189098B498F13D585
:10F1C0007540498F13D515402189498F1395150036
:10F1D0004189498F1395350013750502498F1395A1
:10F1E0005500137505049E05498F93F5F50F4D8F56
:10F1F0002207D98FB387C702130650025285D685DE
:10F20000B697BD8E93940601C18033F6C402137B7A
:10F21000F60F97D006E0E780001C05890DED8347C7
:10F22000D41201498149B3849702130C5002C18062
:10F230004A865285D68597D006E0E780C0190589B1
:10F24000937BF90F11C563863403850993F9F90F90
:10F250000509E31F89FD230B6413B2502254925415
:10F260000259F249624AD24A424BB24B224C4561A2
:10F2700082805E8BCDB70111B727002022CC03A47A
:10F2800087C026CA4AC84EC606CEAA8413092500DE
:10F29000854915C083C7140003473400858B630478
:10F2A000F700405CFDB71946930544004A85EFF02E
:10F2B0002FABE31835FF2285F2406244D244424925
:10F2C000B249056182804111B727002022C403A4FE
:10F2D00087C026C24AC006C693042500054901E836
:10F2E0002285B24022449244024941018280A6858F
:10F2F0001305A402974006E0E780C08DE30225FFD6
:10F30000405CF1BF0111B727002022CC03A407C045
:10F3100026CA06CE2AC42EC6854419E40145F24009
:10F320006244D24405618280834791000347140000
:10F33000858B6304F7000044CDB719469305A100FF
:10F3400013052400EFF0CFA1E31795FE0545C1BFDB
:10F35000EFF0EFBF73000000000000009712000004
:10F36000938262890383020023800200630F0300FB
:10F37000F32510342EC0970500009385A5FD7390EA
:10F380001534EF00A0477300203086DCEF00004703
:10F39000E65082800000B726002003A706C80111AE
:10F3A0004AC81C5F4EC606CE998322CC26CA858BDE
:10F3B0003689B7290020ADCF9307000637240020F7
:10F3C0001CDF930744C883C7670013070008930432
:10F3D00044C86319F70083A7C9C79C4393F7070480
:10F3E0002383F400834744C893F7070489CFB727E2
:10F3F000002083A747988297C8CC834744C893F7D7
:10F40000F70B2302F4C883C7440093F707048DE386
:10F410008547A382F400B727002083A7C7CA370710
:10F42000020098C7130700FC2382E4009848F8D331
:10F43000032709C81C5F9183858B95C31C5F93E7E5
:10F4400007011CDFB727002083A7C7CA054723A2EF
:10F450000706B7270020938747C82382E70083A7C2
:10F46000C9C7D8430583058B19C7D843759BD8C333
:10F47000D843799BD8C3F2406244D2444249B2494E
:10F4800005618280093F730020309317D50063DF48
:10F490000700B727002083A7C7CA7D57B8D7B7276B
:10F4A000002093878793D84F0507D8CF937785009F
:10F4B00099CFB7270020938747C803C72700136752
:10F4C00017002381E700130700F82382E7009377F2
:10F4D000150099CBB7270020938747C803C71700AB
:10F4E00013671700A380E700937765008DC7137734
:10F4F0004500B727002059CF03C747C81367170037
:10F500002382E7C8B727002003A707C85C57F19BF1
:10F5100093E717005CD79317F50063D20702B7276C
:10F520000020138787B483460707938787B4C18A6F
:10F53000BDCA8347070793E707022308F706931717
:10F54000E50063D60702B7270020938747C803C7A3
:10F550004700620761876355070005472382E7007C
:10F56000B727002083A7C7CA3707020098C7931799
:10F57000C50063D00702B7270020938787B403C76D
:10F580001707058B29C303C7170713672700A3882D
:10F59000E7068280938747C803C7370013671700C1
:10F5A000A381E70085B703C7070789463D8B63083A
:10F5B000D70003C707078D463D8BE312D7F81147E5
:10F5C0002388E706ADBF03C71707118B79D303C79D
:10F5D00017071367870065BFB7270020B7260020ED
:10F5E00003A6C7CA938746C803C746C8058B11C779
:10F5F00023820700A3820700828003C71700058BC0
:10F6000065FB785275F303C75700EDB73727002025
:10F61000032807C8832788039583858BC1E311C618
:10F6200083270803BD832300F60085CA832707C804
:10F63000985B4607935767016356070093E707C037
:10F64000C207C18303970600C207C18709C7BA97DB
:10F650000947B3C7E7022390F6009DCD8345150007
:10F6600085CDB7270020938747C883C767001387D6
:10F670009500894593F7070485C33A9583470500AC
:10F680000547994593F6F7066398E600E207E18798
:10F69000814563D30700B9452E8582808545EDBF3E
:10F6A000411126C206C622C44AC0B724002035ED47
:10F6B00083A6C4CAAE87F8527DFF372900201309FC
:10F6C00049C82301090037F400E03E85832704D1AF
:10F6D000B285ED9B2328F4D0832704D193E78702DA
:10F6E0002328F4D073005010975006E0E780E00A1A
:10F6F000B727002083A707C8B70680009843558F17
:10F7000098C3D857719BD8D783A7C4CAA30209004E
:10F71000A3000900094798C3832704D193E7870012
:10F720002328F4D07300501005A08D476314F5040E
:10F73000B727002083A707C8B70680009843558FD6
:10F7400098C3D857719BD8D783A6C4CAB7270020BF
:10F75000938747C803C72700058B19E703C73700FE
:10F76000058B51CB23820700B240224492440249C8
:10F77000410182808547E319F5FCB7F700E003A754
:10F7800007D16D9B23A8E7D003A707D11367870292
:10F7900023A8E7D07300501003A7C4CA8177FD17D0
:10F7A0005447F58F5CC70F10000003A7C4CAB70702
:10F7B0000200130600F81CC7B7270020938747C82C
:10F7C0002382C700B727002083A707C89C439D83D7
:10F7D000858B639FA700930760197CD354C737F7C5
:10F7E00000E0832707D193E787002328F7D01DBFC8
:10F7F0009307E01BDDB7F85231FFBDB7B7270020F4
:10F8000083A7C7CA8847D847798D09C988C7B7274A
:10F81000002003A3878963030300028382803727C4
:10F820000020B7260020138606CB130707CD834799
:10F83000D7008345B601484AAE97FD8BB355F50016
:10F84000A300F600A306F700858995E90347170191
:10F85000814613080002B3F7E7020147B355E500FC
:10F8600085899378F70F89C96395D700A30016019E
:10F870008280850693F6F60F0507E31107FF828065
:10F88000B727002083A74798011122CC26CA52C46B
:10F8900006CE4AC84EC68297B7240020938704CD6F
:10F8A0008047014A6301A406938404CD63668506FC
:10F8B000018D37270020930707CB83C7A701135477
:10F8C0005500137AF501130907CB636BF402B729CE
:10F8D00000209389C99DA1378346A90103A884000C
:10F8E00083A54900139756004297158C3A866364A6
:10F8F00007016364B7003306B74090C4E37DD4FCCE
:10F900001604336A4401F24062445285D2444249AB
:10F91000B249224A05618280B727002083A7079E4B
:10F9200033848740229571B7B727002003A7C7CA41
:10F930008967938707F47CD3B727002083A707D074
:10F9400083A60709139656006358060083A6070985
:10F9500013966600634406007453FDF28280000033
:10F96000B72700203727002083A707930327879214
:10F9700001456313F700828083D6670081E683D652
:10F98000470036959C43F5B7B727002083A5079914
:10F990003727002093870799138605222328C792CB
:10F9A00003D74700938785FFB72600204111BA97F8
:10F9B000056523A4F69206C61D05935637006374A9
:10F9C000E500930600203307D600372500202326C4
:10F9D000E59223A0E522E1162312D60023130600A8
:10F9E0001CC3998FE1172312F700231307008D3FE3
:10F9F000B240B7270020239FA79241018280B727FA
:10FA00000020B726002083A7079303A686922A87A3
:10FA1000B305B5406314F6003A8529A8938687009C
:10FA20009C43E369D7FEE377F7FE2E85E3E4D5FE3A
:10FA3000E3F2F5FE828023AC05FE1C4191E7010054
:10FA400001000CC18280BA8703A787FF6DFF23AC3A
:10FA5000B7FE8280184183A785FF6319B7001CC1D8
:10FA6000FD5723AC05FE238FF5FE8280232CF6FE86
:10FA7000C5BF411122C437E400E026C20440370765
:10FA8000200006C6F98C2320E4180F10000009E9B5
:10FA9000232094101545B2402244924441018280B3
:10FAA0000347E5FF9307F00F6306F7002320941048
:10FAB0001145D5B79700FB1FE7800067014523205C
:10FAC0009410D1BF411126C2B7E400E04AC003A997
:10FAD0000400B707200006C622C43379F90023A02A
:10FAE000F4180F10000009E923A02411B2402244A9
:10FAF00092440249410182809565938505D0C98D64
:10FB00002A842105C2054205C18141819700FB1F5E
:10FB1000E780405301CDFD572320050023128500C7
:10FB20002303F50023A024112105C9B723A0241124
:10FB300001456DBF0111B7E700E04AC803A90700FE
:10FB40004EC63707200006CE22CC26CAAA893379B2
:10FB5000E90023A0E7180F10000037250020032438
:10FB600045938144014619E499E8A1654E85EF006B
:10FB7000B00631A88347E4FF6397370395C8A6858D
:10FB800013054593C13D75D0A1654E85C92EF24040
:10FB90006244B7E700E023A0271126854249D244FA
:10FBA000B2490561828091E02286032484FF65BF0B
:10FBB000A284E5BF41114AC037E900E022C4032412
:10FBC00009003707200006C626C2798C2320E918D1
:10FBD0000F10000089E523208910154515A0B727CF
:10FBE000002083C79793AA842E8563F5F400894784
:10FBF00063EE9700BD3DB7E700E023A087100D45F9
:10FC0000B2402244924402494101828083A785FF89
:10FC100099E703C7E5FF9307F00F6308F700913DED
:10FC2000B7E700E023A087104DBF37250020238FC2
:10FC300095FE130545930135A16526850D260145E1
:10FC40002320891075BFB727002023AA079282803E
:10FC5000B727002083A7C79899E33E85828003D702
:10FC600027006316B70003C70700E308A7FEDC47B9
:10FC7000E5B7B9CD011106CE22CC26CA8147C146CF
:10FC800033D7F540058B21C312053E953147330527
:10FC9000E502372700208324079D05443314F40030
:10FCA0002EC642044180AA949C40C8408297B24527
:10FCB00023A0040023A20400A18DF2406244D24498
:10FCC0002E85056182808507E39CD7FA0144EDB754
:10FCD0002E858280BDCD797122D406D626D24AD017
:10FCE0004ECE01444147B3D78540858BB1CF120535
:10FCF000314722953305E502B727002003A9079D68
:10FD00008544B3948400C204C180BE892A99032724
:10FD1000090011C7032549002EC60297B245314795
:10FD20003304E40283A7099D3E941C4489E7232001
:10FD3000090023220900B2502254A58D0259925481
:10FD4000F2492E85456182800504E31EE4F8814472
:10FD5000DDB72E8582804111B7E700E026C28443DB
:10FD60003707200006C622C4F98C23A0E7180F101D
:10FD70000000B727002083A7079B37140020130437
:10FD8000847D91C782971C403E9508C031A0B7275B
:10FD9000002083A74798FDF70840B74703009387E3
:10FDA000D73F3305F502B7A72600938737ECB2405B
:10FDB0003E9508C02244B7E700E023A09710924484
:10FDC000410182800111B7E700E022CC80434AC89C
:10FDD0003707200006CE26CA2A892E86798C23A0D2
:10FDE000E7180F100000131506019305F004418178
:10FDF00032C69700FB1FE780E024AA8419C532466B
:10FE0000CA859700FB1FE780A041B7E700E023A069
:10FE10008710F240624426854249D24405618280BF
:10FE20007971B7E700E022D480433708200006D676
:10FE300026D24AD04ECE52CC56CA5AC85EC662C4EA
:10FE40003374040123A007190F10000005E123A05B
:10FE500087100945B250225492540259F249624A1D
:10FE6000D24A424BB24B224C45618280B7270020D8
:10FE700083A74798BA8A368AB28B2E8BAA89829733
:10FE8000B727002003A7079D3E898144B146C1479B
:10FE9000338CD40233068701104241E6C165938555
:10FEA00005F041459700FB1FE780C01919EDB72702
:10FEB000002083A7079C81C7814511458297B7E73A
:10FEC00000E023A087102D4571B7B727002003A7B6
:10FED000C79821E723A6A798230005008327099D3B
:10FEE00005473317970023260500232475012311A6
:10FEF000E50023225501E29723A0370123A26701E1
:10FF000023A4570163040A0023009A00B7E700E026
:10FF100023A0871001453DBF3E875C47F5FF48C7DA
:10FF200065BF8504E396F4F6B7E700E023A08710E9
:10FF300021450DB7B727002083A7879D411122C413
:10FF400006C6372400201304849389C782975C482F
:10FF50003E9548C84848B240224441018280B7E7F4
:10FF600000E09843B706200023A0D718758F0F1024
:10FF70000000B726002083C696936372D502372609
:10FF800000209316150003258698369583560500A4
:10FF9000D58D2310B50023A0E7100145828023A052
:10FFA000E7100D458280B7E700E09843B7062000D0
:10FFB00023A0D718758F0F100000B726002083C626
:10FFC00096936374D50237260020931615000325F7
:10FFD000869893C5F5FF369583560500F58D231059
:10FFE000B50023A0E7100145828023A0E7100D454E
:10FFF0008280011137E700E026CA0443B7062000DB
:020000040005F5
:1000000006CE22CC4AC84EC652C4F58C2320D7183F
:100010000F100000130705FF1377F70FFD4763E28A
:10002000E70AB146B306D502B727002003A7079D0C
:1000300036971C43D9C71359450005443D893315EC
:10004000A400131405014180AE894A85A2850931B7
:100050002A8A39C9A2854A85B937B727002083A7DC
:100060004798372900201309C99D82978357890033
:100070002A848146B385370313060064B3B7370378
:1000800013850532B335B500BE95EFE04110B307D7
:1000900085003E878326490063E4A70063E4D70018
:1000A0003387D7402324EA00B7E700E023A0971066
:1000B0000145F2406244D2444249B249224A0561B4
:1000C0008280B7E700E023A097100945DDB7011152
:1000D000B7E700E026CA84433707200006CE22CCCB
:1000E0004AC84EC6F98C23A0E7180F100000BD4780
:1000F00063E8A70431473307E502B727002083A749
:10010000079DBA979C438DCF05443314A400420445
:1001100041802E890145A285253EAA8911C5A28567
:100120000145513523A42901B7E700E023A097102A
:100130000145F2406244D2444249B249056182809D
:10014000B7E700E023A097100945E5B779714AD0D9
:1001500037E900E026D283240900B707200006D63D
:1001600022D44ECE52CC56CA5AC85EC6FD8C23202D
:10017000F9180F100000B727002083C79793637802
:10018000F500B727002083AB479863970B00B7E7CC
:1001900000E023A0971099A0B72900209389C99D5A
:1001A000AE8A03AB490083D58900B74736FE9387F3
:1001B00007C83E9BB387C5022A84328A8146B3B5FD
:1001C000C50213850732B337F50013060064BE95E8
:1001D000EFD0F17B6370AB02232099100145B25040
:1001E000225492540259F249624AD24A424BB24BCB
:1001F00045618280829B83D589002A891306006429
:10020000B38745038146B3B5450313850732B3373A
:10021000F500BE95EFD0B177B30725013E8903A75E
:10022000490063E4A70063E4E7003389E740D6852B
:100230002285393C09C923242501B7E700E023A022
:100240009710054569BF936504F0C205C18141451A
:100250009700FB1FE78000DF11E9B727002083A785
:10026000079C95D7A2851145829715B7372700209F
:100270008327C79895E32326A7988547232605005B
:10028000232425012311550123008500A300F50037
:10029000232205005DB7BA87D84775FFC8C7F1BFED
:1002A0007971B7E700E026D284433707200006D6ED
:1002B00022D44AD04ECE52CC56CA5AC85EC662C468
:1002C00066C26AC0F98C23A0E7180F1000002DC188
:1002D0004144B689B28A2E8A2A89B14C372B002034
:1002E000054D130C0003B30B940303270B9D5E977E
:1002F0001C43A5E39375F400B315BD0013554440AA
:10030000C2055686C1811375F50F893539C183271A
:100310000B9DDE9723A0270123A2470163840900D8
:1003200023808900B7E700E023A09710014521A0B2
:1003300023A097100945B250225492540259F24911
:10034000624AD24A424BB24B224C924C024D45611A
:1003500082800504E31984F9B7E700E023A0971031
:100360002145D1BF0111B7E700E026CA844322CC62
:100370004AC84EC63707200006CE2A84AE89328985
:10038000F98C23A0E7180F100000C9332285CE8511
:10039000C1302A8405C5B727002083D5479E1306A0
:1003A00000648146B3872503B3B52503138507325F
:1003B000B337F500BE95EFD0915D48C013351400FA
:1003C000F2406244B7E700E023A097104249D244CC
:1003D000B2490E05056182800111B7E700E04AC805
:1003E00003A9070022CC4EC63707200006CE26CA36
:1003F000AA892E843379E90023A0E7180F100000A2
:10040000EFF01F85AA8419C123110500A2854E852E
:10041000593EB727002083C7879363993701B727D1
:10042000002003D70798598C23908798B7E700E0FE
:1004300023A02711014591E01945F2406244D244BE
:100440004249B2490561828001114AC837E900E09A
:1004500022CC03240900B707200006CE26CA4EC6C8
:100460007D8C2320F9180F1000009307F00263E63B
:10047000A704B147B304F502B729002083A7099D5B
:10048000A6979C439DCB9377F5008545B395F500E2
:10049000C205C1811181893783A7099D0145A697AE
:1004A00023A0070023A2070023208910F240624402
:1004B000D2444249B24905618280B7E700E023A0F7
:1004C00087100945E5B74111B7E700E026C284432C
:1004D00006C622C437072000F98C23A0E7180F10A6
:1004E0000000EFF0EFF619E90145B2402244B7E70A
:1004F00000E023A09710924441018280B72700209A
:1005000083A7479800458297B72700209387C79D08
:100510006368A402D843B74636FE938606C83305FF
:10052000A4403697E372E5FC13070064B335E50297
:1005300003D6870081463305E502EFD0514575B7F4
:10054000D8433A94C1BF411122C426C237240020A7
:10055000B72400201307C49D938484939448584380
:10056000B727002006C683A747981304C49D63924B
:10057000E60882975440B74736FE938707C8B69778
:100580003387A7003A856364F7006364D7003305B7
:10059000D740B7240020938744C8DC53938444C8D1
:1005A00099CBB727002083A607D03707CDFF7D174B
:1005B0009C46F98F9CC611E14840B727002083A7CD
:1005C000479B829719E5DC5085C3EF60215CEF50B3
:1005D000B15ADC5091CBB727002003A707D0B7064C
:1005E00033001C47D58F1CC7B240224492444101BE
:1005F0008280829794485840B387A6003E8563E482
:10060000D700E3E8E7F83385E74061B74111B72742
:10061000002006C623ACA79C0295B240B727002055
:1006200023A8A794014541018280994763E9B70057
:10063000B72700208A0593874796BE9588C1828098
:10064000B727002023AAA79C11C5B727002005477C
:100650002381E7988280B727002023A60798B72731
:10066000002023AC079CB727002023A2079837253A
:100670000020B72700204111238107987146B72732
:10068000002081451305459606C623AA079C22C46F
:1006900026C2372400209700FB1FE78080BF130588
:1006A00084931306800281459700FB1FE78060BE9C
:1006B000EFF08FADB72700209387079903C5C703D5
:1006C00083C7D7031304849385453E958D4733052F
:1006D000F5029947B724002039051375F50F23015A
:1006E000A4003305F502130505249700FB1FE780DE
:1006F000609523A8A49C49C10346240099478145DD
:100700003306F602130606249700FB1FE78060B845
:1007100083A7049D03472400B72400209387072460
:100720000A0723A0F496BA97372700202324F798C6
:10073000EFF06FD1A5218347140083A604963706F6
:100740000500139727003697130646CD10C313876D
:1007500017001377F70F0A073706050036971306B9
:1007600026C710C313873700890793F7F70F8A0747
:10077000A300E400B69790C3B240224492444101E2
:10078000828037270020130787938347170083460B
:10079000270063F0D702B726002083A606961386AB
:1007A0001700A300C70013972700369708C33E859C
:1007B00082809307F00FE5BF1C41638C07104177DF
:1007C0007D8FB706002089476316D7100357450071
:1007D00063020710411126C21946AA849305F00F3F
:1007E000610506C622C49700FB1FE78000B90547D4
:1007F0008D47630AE50C9C4491C7D858994761C757
:10080000985C71C33724002013060004814513054A
:1008100004999700FB1FE780C0A713060004A68574
:10082000130504999700FB1FE780809F93070499A5
:1008300003D7C70009E7130700102396E70003C793
:10084000E70001E705472387E70003D7070101E732
:100850006D472398E70003C7F70001E71547A38713
:10086000E70003C7270101E705472389E70003C71E
:10087000370109E703C7F700A389E70003C757015A
:1008800001CB937637000983238ED702A38EE7022C
:1008900003C7470101E75547238AE70003C76401FF
:1008A00009E71307C003238BE7009C5791C7829782
:1008B000B72700202390A794B72700207D57A38255
:1008C000E7D6513B8147B240224492443E854101E4
:1008D000828089473E85828001114AC837290020DD
:1008E0008327C99D06CE22CC26CA52C456C24EC604
:1008F0008297130A0064B33545031309C99D835ACF
:1009000089008146568633054503EFD05108B72745
:10091000002013878793004FAA8401456306940241
:100920009389879333858440636E9400032549003F
:1009300056868146B335AA023305AA02EFD03105A7
:10094000018D269523AC9900F2406244D24442497D
:10095000B249224A924A05618280011122CC2E843A
:10096000B7E506000A8541469385C55D06CEEFD002
:10097000913B180806043A94B7270020035504FF5A
:1009800083D7679EF2406244AA9737450F0013054C
:1009900005243355F50205618280B727002083D7EF
:1009A000679E51471D45637CF70279471945637877
:1009B000F7021307200315456373F7021307B0040A
:1009C0001145637EF700130740060D456379F70074
:1009D0001307600909456374F70013B5B70F8280E8
:1009E000011122CC06CE2A842EC6EFF0CFB6B24536
:1009F000F240818D33A5A502229562441375F50F4F
:100A000005618280011122CC06CE2A842EC6EFF029
:100A10008FB4B245F240818D33A5A5022295624480
:100A20004205418105618280011122CC06CE2A84D3
:100A30002EC6EFF04FB2B245F240818D33B5A5021C
:100A40002295624405618280B727002013870799A9
:100A500018572DC3411122C426C24AC006C61389A5
:100A600007990297B72700201387879303578700BA
:100A70002A84938487930DCBBA876373A700AA87D0
:100A8000C207C183BA866373E400A286C206C1822C
:100A9000958F5147635AF7008327C90291C3829704
:100AA000EF50F17723948400B240224492440249EB
:100AB0004101828082800111B727002022CC372497
:100AC000002023A8079E93070499DC5706CE26CA68
:100AD000AA851304049981C72AC68297B245C9C161
:100AE0009C410545ADCBDC41BDC783D78500A5C77B
:100AF00083D7A500ADC3B72400201385C49D5146FC
:100B00009384C49D97F0FA1FE780807123860400C8
:100B1000B727002083A6C79D372700202322D79818
:100B2000034774011DE39387C79D03D5870093078F
:100B3000805737460F003305F50213060624814619
:100B40008145EFD0C164A30BA40037150500130540
:100B5000858D6D3C0145F2406244D244056182803E
:100B6000B7270020938787933707002023AE07001D
:100B70001307676EB727002023AEE79C3787320044
:100B80009387C79DFD56130727A1D4C398C7238613
:100B90000700B7C7004023A4D7269DBF011122CC70
:100BA0003724002093070499884706CE26CA4AC8EE
:100BB00001E90545F2406244D24442490561828020
:100BC000130404995C58F5D7185C65D77000854507
:100BD00082971844B247E30EF7FC0355C40093050F
:100BE000E004B724002097F0FA1FE780A0451387A0
:100BF000849308D3938484934DDD0356C4009305F6
:100C0000F00F014997F0FA1FE780A0688347E400DE
:100C10009050634DF900328597F0FA1FE780C0507D
:100C2000014523A0040223A2040269B78355C4002E
:100C30000844185CB3872503898105093E9508C2DD
:100C40000297E9B701114EC6B72900209387099989
:100C50009C4726CA4AC852C406CE22CC56C25AC0A5
:100C60002A8AAE843289638D071E9389099903A766
:100C70004903630407121307F01F6362A7123724A6
:100C8000002013078493832A070213048493639A32
:100C90000A0803D5C9009565938515E097F0FA1FFA
:100CA000E780403A08D02A866DC983D5C90083A75A
:100CB000490303A589008981829783A78900832A34
:100CC00004025CD089476316FA08C1476397F40CA5
:100CD00083D5C9009147938505FCB3C5F5028A0504
:100CE000D69503C725009307A0056314F70A83D799
:100CF00005006390470B4A852686910597F0FA1FF9
:100D0000E78000521C505685639357130145F2400B
:100D10006244D2444249B249224A924A024B056196
:100D200082805850E380E7FA03D5C9009565938522
:100D300025E097F0FA1FE780E030AA8A39CD83D505
:100D4000C9002A8683A7490303A589008981829760
:100D500095BF8D47631BFA00C1476390F40483D5A8
:100D6000C900938545FDF199A5BF91476318FA0025
:100D70006395440383D5C900A115F5B79307001007
:100D8000631DFA00A14763EA970083D5C900C11526
:100D9000D9BF1C5056856390570D29458DBF9D6A5C
:100DA000637C5509930A05E01947B3CAEA0203D7E1
:100DB000C900372B0020B38AEA02BE9A93078B93AF
:100DC000DC53130B8B936395570103240B021DE037
:100DD00003D5C9009305E00497F0FA1FE780802649
:100DE0002A8445DD83D5C90083A749032A868981E2
:100DF0005685829791451307A00589819397250011
:100E0000A29783C627006393E60483D60700639CFA
:100E1000460385058A052686A2954A8597F0FA1F1E
:100E2000E780004083270B02E38287EE228597F05C
:100E3000FA1FE780602FD9BD21677917E36FA7F408
:100E4000B30A5541ADB783C5370045BF83270B02B1
:100E5000E38587F4228597F0FA1FE780E02C35BF01
:100E6000B727002083A587958DD991479306A005C4
:100E70008983139727002E9703462700E31FD6F098
:100E800003560700631C460185078A072686BE9520
:100E90004A8597F0FA1FE780A0388DBD8347370059
:100EA000C1BFB727002093870799984729C3985F48
:100EB0001DCF8546631DD502411122C43724002071
:100EC00013048493105006C619CE83D5C70048502A
:100ED00089810297085097F0FA1FE780E0242320C9
:100EE000040223220402B240224441018280828013
:100EF000011122CC372400209307049956C283AAFB
:100F0000870026CA4AC84EC606CE52C42A89AE8475
:100F1000B28913040499638C0A1C1C5C99EB294563
:100F2000F2406244D2444249B249224A924A05619F
:100F300082805C58EDD79307F01F63E8A70C372A2F
:100F4000002093078A939C53130A8A93B9C70844D5
:100F500083274A02639FA70489476317F906C1479D
:100F6000E39FF4FA0355C4009147130505FC33458C
:100F7000F5029317250003250A022686CE853E95A5
:100F80009307A0052301F50023102501110597F013
:100F9000FA1FE780E028014561B70355C4009305B7
:100FA000E00497F0FA1FE780E0092320AA0245F148
:100FB000BDB78355C4005C5803260A028981829715
:100FC0001C442322FA0249BF8D47631CF900C14724
:100FD000E397F4F40355C400130545FD9377C5FF6B
:100FE00059BF91476318F900E39B24F30355C400EC
:100FF0002115EDB793070010E313F9F2A147E3E0E1
:1010000097F20355C4004115D1BF9D676378F5067B
:10101000930705E01947B3C7E7020357C400372A0F
:101020000020B387E702BE9A93078A939C53130A62
:101030008A93A1CF83274A026395570703250A02A3
:1010400091461308A0059305F00F93D72600139738
:1010500027002A97034627006316060783580700D0
:1010600003463700639C2805B306D64063C6960442
:1010700085078A072686CE853E9511BF2167791799
:10108000E36FA7E8B307F54049BF0355C4009305D4
:10109000E00497F0FA1FE780E0FA2320AA0259F94A
:1010A000BDBD8355C4005C5803260A02898156855C
:1010B000829723225A0359B72310B70093160601CB
:1010C000C18261B70356C400B3859600910513062B
:1010D00006FCE3F6C5E413863400719A1106B29655
:1010E0002301070123102701A301D70051B7372A95
:1010F000002093078A939C53130A8A93A9C303255C
:101100000A0291461308A0059305F00F93D7260015
:10111000139727002A970346270063140605835870
:1011200007000346370063982801B306D640E3D191
:1011300096F42310B70093160601C182C1BF034580
:10114000E4008357C4009305E0043305F50242052B
:10115000418197F0FA1FE780E0EE2320AA0245F1D3
:101160007DBB0356C4008345E400B385C5023386C6
:1011700096001106E3E5C5DAB9BF0145828083C751
:1011800005002300F50083D72500A300F50083D7D1
:101190002500A1832301F50083C74500A301F500C5
:1011A00011458280B727002023A60780B72700209B
:1011B00023A40780828029C1411126C206C622C409
:1011C000AA8401458DC52E84B7E5060022854146D7
:1011D0009385C55E97F0FA1FE780800483C70400FB
:1011E00005452306F40083C71400A306F400B240AB
:1011F000224492444101828001458280011122CC27
:1012000026CA06CE0947AA8432846381E504414692
:101210008147639BC500638FE6006397B6000DA806
:1012200041478147638EE600F2406244D2443E85E6
:10123000056182808A852285BD3F41468A8519A83D
:101240008A85953F41468A85228531A0E39AB6FC7E
:101250002E86A285268597F0FA1FE780A009AA8727
:10126000E1B7B727002023A4A7808280B7270020FA
:1012700023A6A7808280011122CC0354650006CEEC
:1012800026CA4AC84EC641C083298500AE842A8832
:1012900003C9090081471317890161876355070254
:1012A000B147054563FA87045114420403552800E9
:1012B000418033878900A2864E868545EFA0900C39
:1012C000B337A00085077D141355690042040589D2
:1012D0001379F90341802380F400A380A4002381C3
:1012E000240123928400014719C01387190098C470
:1012F00009476383E7000145F2406244D244424912
:10130000B249056182800545C5BFC167F917630A07
:10131000F502D94763F7B702011122CC2EC606CEDB
:101320002A84EF703055B2456368B5002285624467
:10133000F24005616F90E078F24062440545056136
:10134000828005458280C167F9176314F5006F70CC
:101350007052411106C6EF90806511E15D45B240C3
:101360004101828091476394F50283470500230081
:10137000F6008347250003471500A207D98F2311E4
:10138000F6008347350001452302F60082801145AF
:1013900082804111814522C426C206C6AA84052541
:1013A0002A8409E9B727002083A7878081C7F945E8
:1013B000268582972285B240224492444101828050
:1013C00039714ED656D25AD006DE22DC26DA4AD8F9
:1013D00052D4AA8A2E8BB28941EF36C6AD379145D9
:1013E000EF70105BAA844D492DC9B246054A23808F
:1013F00034010544630A0B00B68513851400029B73
:101400000505131405014180E20993D9894163D38D
:101410000902C1455685EF90C067654905E93386E5
:101420008400A2852685EFA000472A8905E13104C2
:101430004204418091472C085685231CF10026CE9A
:10144000231D8100EF8010702A8901C963070A00FB
:10145000268597F0FA1FE78020CDF25062544A8526
:10146000D2544259B259225A925A025B2161828067
:10147000BA84014AADBF011122CC26CA4AC84EC661
:1014800006CE2A893284B689253FAA840DE1B72782
:10149000002083A7C78081CF05476317E40003C4FA
:1014A000090005041374F40FA2854A858297F2405F
:1014B000624426854249D244B24905618280AE86A3
:1014C000B7150500014705469385E5176DB783D726
:1014D00005002300F50083D70500A183A300F500D4
:1014E0000945828083D705002300F50083D70500D6
:1014F000A183A300F50083D725002301F50083D73E
:101500002500A183A301F5001145828083D7050042
:101510002300F50083D70500A183A300F50083D73E
:1015200025002301F50083D72500A183A301F50041
:1015300083C755002302F50083C76500A302F500A9
:1015400003D58500190542054181828083D70500B6
:101550002300F50083D70500A183A300F50009450A
:10156000828083D705002300F50083D70500A1837F
:10157000A300F50083D725002301F50083D72500BC
:10158000A183A301F5001145828003D5450006051E
:1015900042054181828083D705002300F50083D76F
:1015A0000500A183A300F50003D525000905420528
:1015B0004181828083D705002300F50083D7050091
:1015C000A183A300F50083D725002301F50083D76D
:1015D0002500A183A301F50003D5450011054205AF
:1015E0004181828083C705002300F5000545828084
:1015F00083D70500411122C406C62300F50083D716
:1016000005002E841105A183A30EF5FE83D72500C6
:101610009505230FF5FE83D7D5FFA183A30FF5FE14
:1016200003C6F5FF97F0FA1FE78080BF034544002B
:10163000B24022441105410182808947639CF50034
:1016400083471500034705000145A207D98F2310E2
:10165000F60082801145828003D70500D94763FEDA
:10166000E702011122CC06CE2EC62A84EF7090200C
:10167000B24683D70600636DF50022856244F240CE
:10168000B7150500014709469385E54C05610DBB7B
:10169000F240624409450561828009458280914794
:1016A0009DC583460500FD15C2058547C18163922E
:1016B000F60213D725008D89914791E9914701CB17
:1016C00005052301D6002310E60048C281473E8568
:1016D000828009479147E39CE6FEC94733D7F5026C
:1016E000B3F5F502D1BFAE86B71505000147114627
:1016F0009385454EF1B193F7350091EB8981914780
:1017000089C52310B60048C281473E858280914733
:10171000EDBF03C745008947631AF702011122CCC8
:101720002A84C84506CEAE86014719C52EC69D45FA
:10173000EFE0EFACB2462A8722856244F240B7154B
:10174000050019469385C55005619DB909458280FC
:1017500099E1114582808347050005472311F60072
:10176000E379F7FEFD1593F5F50F33D7F502B3874F
:10177000E702E390F5FE050548C22310E6000145A7
:10178000828083C745000947AE866385E7004147ED
:101790006399E700B7150500014721469385055F6A
:1017A00005B1094582802310B60091E1014548C288
:1017B00001458280AE86B71505000147294693850D
:1017C000C554FDBE2310B60091E1014548C2014554
:1017D0008280AE86B71505000147314693852556B0
:1017E000C5B62310B60091E1014548C2014582808B
:1017F00003D74500854763FDE702011122CC2A8407
:10180000884106CE0DC12EC68545EFE04F9F2A8741
:1018100022856244B246F240B715050039469385E9
:10182000A558056171BEF240624409450561828098
:101830000945828091479DC5034705008D46914724
:1018400063F2E602FD15C205C181B3C6E5023308A5
:10185000D7026399050105052310D6002311E60080
:1018600048C281473E85828083C745000947AE86CE
:101870006385E70041476399E700B7150500014715
:1018800041469385055F2DBE09458280B335B00082
:10189000139525008280011122CC26CA06CE03C7EB
:1018A00085008547AA842E8449466310F702613C6F
:1018B0008357240049151306200963C8A700F24086
:1018C0006244D244094505618280034794008547FC
:1018D0006314F70013660604484011C58D4532C6EF
:1018E000EFE0EF913246A2866244F2402A872685D5
:1018F000D244B7150500938565590561D1B48D476C
:1019000063FFB7028347150003470500F115A207DF
:10191000D98F2310F6008347350003472500C20501
:10192000A207C181D98F2311F6002312B60089C501
:10193000110508C60145828023240600E5BF114534
:101940008280011122CC2A84884506CEAE8611C53C
:101950002EC69545EFE0AF8AB2462A8722856244BB
:10196000F240B715050059469385455B056189BC72
:10197000B335B000139525008280AE86B7150500FB
:10198000014761469385455E25BC8547114563F453
:10199000D7028347160083450600A207CD8F231088
:1019A000F7009387E6FF2311F70089476386F60067
:1019B000090650C30145828023220700E5BF014785
:1019C000814679468145EDBA83D705002300F500AD
:1019D00083D70500A183A300F5000945828083C752
:1019E000250005472300F50003D505006397E700B0
:1019F0000A050505420541818280C9473305F50284
:101A0000CDBF03D505000A0542054181828083D7F9
:101A100025002300F50003D5050083D725003305F5
:101A2000F502050542054181828003D505008280CB
:101A300003D50500828003D50500828083D7250069
:101A40002300F50003D5050083D725003305F502F3
:101A5000050542054181828083D705002300F500FA
:101A600083D70500A183A300F50083D725002301B8
:101A7000F50083D72500A183A301F50003D5450018
:101A8000110542054181828083D705002300F500BE
:101A900083D70500A183A300F50003D52500090520
:101AA00042054181828089471145639BF600834747
:101AB0001600834606000145A207D58F2310F700C4
:101AC000828003D70500D947AE8663F9E700B725C2
:101AD000050001470D469385859C71BA09458280B2
:101AE00011456393A602834716008346060001450D
:101AF000A207D58F2310F7008347360083462600C0
:101B0000A207D58F2311F700828083C725000547E0
:101B1000FD1793F7F70F6361F70483D705008DCFA7
:101B2000011122CC2A84C84106CE15C12EC6894592
:101B3000EFD0FFEC2A8722856244B246F240B725F7
:101B4000050015469385E59D05616FF0DF92F24033
:101B500062440945056182800945828095471145A7
:101B600063F9D706411122C426C24AC006C683477C
:101B70001600BA8403470600A2073284D98F239047
:101B8000F400834736000347260093054400A2076C
:101B9000D98F2391F40089472382F40009461385E5
:101BA0005400368997E0FA1FE78080679307A9FF02
:101BB0002394F4009947631BF90023A60400B24064
:101BC0002244924402490145410182801904C0C463
:101BD000FDB7828083D705008DCF011122CC2A84E6
:101BE000C84106CE15C12EC68545EFD05FE12A87D4
:101BF00022856244B246F240B72505001D46938512
:101C000025A005616FF03F87F240624409450561F8
:101C100082800945828099476395F604894741117E
:101C200006C62302F7008347160083460600B285E6
:101C3000A207D58F2310F70083473600834626007E
:101C400003464700A207D58F130557002311F7005D
:101C5000910597E0FA1FE780A05CB2400145410181
:101C60008280D14711456394F600C1474DBF828001
:101C700083D705008DCF011122CC2A84C84106CE1E
:101C800015C12EC68945EFD09FD72A872285624489
:101C9000B246F240B725050025469385E5A00561CB
:101CA0006FF06FFDF240624409450561828009458D
:101CB000828089471145639BF6008347160083465F
:101CC00006000145A207D58F2310F700828001117D
:101CD00022CC2A84C84106CEAE86014719C52EC63D
:101CE0008545EFD0DFD1B2462A8722856244F24093
:101CF000B72505002D469385A5A205616FF0AFF7C6
:101D000011456393A60283471600834606000145EA
:101D1000A207D58F2310F70083473600834626009D
:101D2000A207D58F2311F7008280011122CC2A84CB
:101D3000C84106CEAE8611C52EC68545EFD03FCC34
:101D4000B2462A8722856244F240B725050035460F
:101D5000938505A305616FF00FF293F71600114507
:101D600089EB89476387F60085822312D70010C369
:101D700001458280011122CC2A84C84106CE15C1BA
:101D80002EC68545EFD0BFC72A8722856244B2465A
:101D9000F240B72505003D46938565A305616FF0C8
:101DA0008FEDF240624409450561828083D70500CA
:101DB0008DCF011122CC2A84C84106CE15C12EC672
:101DC0008945EFD0DFC32A8722856244B246F240BC
:101DD000B725050045469385C5A305616FF0AFE9BA
:101DE000F240624409450561828009458280854749
:101DF00063FCD7022304A700A304B700834716009F
:101E000083450600A207CD8F2310F7009387E6FFD6
:101E10002311F70089476386F600090650C3014580
:101E2000828023220700E5BF114582800147814659
:101E30004D4681456FF02FE48D47114563FBD70276
:101E40008347160083450600A207CD8F2310F700B5
:101E50008347360083452600A207CD8F2311F70064
:101E60009387C6FF2312F7006386A600110610C7EA
:101E70000145828023240700E5BF011122CC2A847A
:101E8000884506CEAE8611C52EC69545EFD03FB724
:101E9000B2462A8722856244F240B72505005D4696
:101EA000938585A505616FF00FDD85471145639723
:101EB000F6008347060001452300F70082800147B2
:101EC0008146654681456FF00FDB011122CC2A84E3
:101ED000C84106CEAE86014719C52EC68D45EFD046
:101EE0001FB2B2462A8722856244F240B725050018
:101EF0006D46938585A805616FF08FCC011122CCCA
:101F00002A84C84106CEAE86014719C52EC68D4526
:101F1000EFD0FFAEB2462A8722856244F240B72551
:101F200005007546938585A805616FF06FC901119D
:101F300006CE2EC6EF80D02301C9B245F24003552C
:101F4000250005616FC0102EF24049450561828071
:101F5000B7270020A38C0782B7270020238C078295
:101F6000B727002023A00782B727002023A20782DB
:101F7000B727002023A40782B727002023A60782C3
:101F8000B727002023AE0780B727002023AC0780A7
:101F9000B7270020239A07A013064038938747A14C
:101FA0002391C70271761307400B130606B82391DD
:101FB000E7002392C70211671D46930600059305AB
:101FC000000A1305007D2392E7002393C7024147CF
:101FD0000546130810F82395E7002396E700239998
:101FE000E700239AE700239BE700239CE700239464
:101FF000E7022393B7002394B7002397D7002398D1
:10200000D700239DA700239E0700239F070023904E
:1020100007022395C7022396070323970702930815
:10202000F007239807022392E7042393E704239FF2
:10203000E7042390E7062391E7062392E706239916
:1020400017031307C01C239AC702239BC702239CB4
:102050000702239D0702239E0702239F0702239066
:1020600007042391C70423940704239507042396A8
:10207000C7042397D7042398D7042399A704239A46
:102080000704239B0704239C0704239DD704239E56
:10209000D7042393A70623940706239507062396C0
:1020A00007062397B7062398B70623990706239AAE
:1020B000E7067D57239B0706239007092391E7082E
:1020C0008280011126CAAA84214522CC06CE2E8404
:1020D00032C636C43AC2EFD0FF9E1DC9A24612478F
:1020E0003246930700FD2300F5009947A3009500B1
:1020F0002301F5002303D500A303E5002312C50047
:10210000AA8522856244F240D24405616FD09FAA1D
:10211000F2406244D24405618280B727002023A4A4
:10212000A7828280B727002023A6A7828280011180
:1021300022CC4AC806CE26CA2A890144B3048900A3
:102140006368B400F2406244D2444249056182802F
:102150002EC6EFD05FC093170501C183A183B2459E
:102160002380F4009307140093F7F70F850463F9B5
:10217000B700CA9709042380A7001374F40F7DBF2A
:102180003E847DBF411122C4372400201304449FA4
:1021900003556400C16706C6FD17630FF500B72736
:1021A000002003C687B3B725002093850583EF8001
:1021B000E05AFD572313F400B240224441018280CB
:1021C00009C925151375F50F1335850E134515002F
:1021D00082800145828023900500C9C6797122D48E
:1021E00026D24ECE52CC5AC806D64AD056CA5EC661
:1021F0003684328AAE892A8B814463F34407B3075D
:10220000940083C70700138914004209939A0701B9
:1022100093DA0A011359090163840A04CA976341D6
:10222000FA04B307240183CB07005E85513F0DC933
:102230009387FAFF2390F90063906B03130519004D
:102240002295B250225492540259F249624AD24A1B
:10225000424BB24B45618280D694C204C18071BFAB
:102260000145C5B701458280011122CC37240020E9
:1022700026CA4AC84EC69307449F06CE2E89D0CBA5
:102280008CCBC8C7AA8441469305F00F4A8597E0D6
:10229000FA1FE780800E85491304449F63193503B4
:1022A0000848C145693541469305F00F268597E0FA
:1022B000FA1FE780800C05496315250348446244F2
:1022C000F240D2444249B249C14505618DB541460B
:1022D00081454A8597E0FA1FE780200AE31535FD1E
:1022E000C1B741468145268597E0FA1FE780E0089F
:1022F000E30625FDF2406244D2444249B2490561F9
:102300008280411122C43724002026C24AC0AE84F4
:102310002A891306000281451305449F06C697E0EB
:10232000FA1FE78000F79307449FA3812701B7278F
:102330000020238E97B2EFC02071854719C18147D5
:102340004945230AF49EB240224492440249410185
:102350008280814781CD19C98547631BF50083C7FA
:10236000550093E707FCA382F50085473E858280F0
:1023700089476317F50083C7550093F7F703E5B75F
:102380000D478547E314E5FE03C755001377F703B0
:1023900013670704A382E500D1BF81478DC105C142
:1023A00003C755009306000C85471377070C630895
:1023B000D700930600048D476303D70089473E8505
:1023C0008280411122C4005D06C626C21DC8AA84AF
:1023D000085009C597E0FA1FE78000D5485009C5A5
:1023E00097E0FA1FE78040D4085409C597E0FA1F28
:1023F000E78080D3228597E0FA1FE780E0D223AC04
:102400000402B240224492444101828019E9B72774
:10241000002083C7679F91C73725002013050581DA
:102420008280372500201305C5A08280B7270020B1
:1024300003C5679F8280B727002003A507A082807D
:10244000B727002003A547A08280B727002083A7D5
:1024500087A088438280B72700209387479FD44B6B
:102460009842050798C203C537009307F00F63052C
:10247000F50091656FD0BFAE8280011122CC06CEEF
:102480002E8432C6EF80605F9147B2456310F5023B
:10249000B727002083A7C78295C303A30700630F54
:1024A000030022856244F24005610283B7270020C1
:1024B00083A7478281C703A34700D5B7F240624490
:1024C000054505618280011122CC2A84035545000F
:1024D00006CE26CA4AC84EC6EF8040383DC92A8972
:1024E000834405008349C500E93D4A85EF80101803
:1024F00003554400EF80A053372900201309898336
:1025000083470900B9CB639A9704B727002083C596
:1025100097832685293C19E12300090003554400CF
:10252000EF80A0559147631FF500B72700209387E0
:10253000479F8356440003D767006395E6007D57A5
:102540002393E700F2406244D2444249B249056114
:10255000828081499304F00F45B79307F00FE38F12
:10256000F4FA8346640003564400034524004E8772
:10257000A685813E65B779715EC6AA8B2E8552CC41
:1025800056CA5AC806D622D426D24AD04ECEAE8AD1
:10259000328B368AEF80802C7DC1045D2A89E5C0AC
:1025A0009C50614599C3130540039C5481C7510554
:1025B0004205418163050A00710542054181DC50F5
:1025C00081C75D0542054181EFD0CFCF2A8445C93F
:1025D0006146814597E0FA1FE780A0CBB72700202E
:1025E00083C947A46394090083490900930700FD48
:1025F0002300F400A947A30074012301F40023037E
:1026000064018C50231254011305840191C908C43C
:102610007146930A440397E0FA1FE78060C056852D
:102620008C5491C948C45146930A450197E0FA1F5A
:10263000E78000BF5685630C0A0008C87146D28542
:10264000930AC50197E0FA1FE78080BD5685CC50FC
:1026500099C548C85D4697E0FA1FE78060BCA2852F
:102660004E85EFD02FD52254B2509254F249624A8F
:10267000D24A424BB24B4A850259456199B3B25096
:10268000225492540259F249624AD24A424BB24B06
:102690004561828001114EC6AA892E854AC806CEA0
:1026A00022CC26CA2E89EF80601B21C9B7270020C3
:1026B00083C447A499E0834405001945EFD08FC037
:1026C0002A8405CD8145194697E0FA1FE78060BC52
:1026D000930700FD2300F400B947A3003401230150
:1026E000F40023122401A2856244F2404249B24917
:1026F0002685D24405616FD0EFCBF2406244D244CC
:102700004249B2490561828039715ECEAA8B2E851D
:1027100026DA4ED652D456D25AD006DE22DC4AD819
:10272000AE84328BB68A3A8ABE8942C6EF800013E5
:1027300021CD2A894145EFD0EFB82A8431C54146E1
:10274000814597E0FA1FE780C0B4B727002003C592
:1027500047A419E103450900930700FD2300F40095
:10276000BD472301F400B247A30074012312940073
:1027700023046401A304540123054401A305340187
:102780005CC4A285EFD00FC3F2506254D2544259B8
:10279000B259225A925A025BF24B216182807971BE
:1027A00026D2AA8439454AD04ECE06D622D42EC689
:1027B000B2893689EFD00FB121C1B2459307000D20
:1027C0002310F500B1472A842312B5002301F50038
:1027D000CE851905194697E0FA1FE78060A4230605
:1027E0002401A2852254B2500259F24913F5F40F84
:1027F000925445616FD00FBCB2502254925402598A
:10280000F24945618280411126C2B7240020938499
:10281000449F03C7340006C622C44AC09307F00F82
:10282000630CF7042A893945EFD0CFA92A8429C53A
:10283000930700FDB72500202300F500A300250124
:10284000230105009385C5A00D05194697E0FA1FE1
:10285000E780009D83D78400A28503C5340023153B
:10286000F40083C714002306F4002244B2409244CB
:10287000024941016FD00FB4B24022449244024950
:102880004101828001115AC02A8B314526CA4EC6A9
:1028900052C456C206CE22CC4AC8AE84B28A368A08
:1028A000BA89EFD02FA23DCD2A842685EF70107B08
:1028B00011C50347C500A1476314F704B7270020DB
:1028C00003C9779F930700FD2300F4009D47A300F1
:1028D00064012301F40023129400231354012314F0
:1028E000440123153401A2856244F240D244B24926
:1028F000224A924A024B4A85424905616FD08FAB0A
:10290000B727002003C9D7B3E31E0BFAB72700206F
:1029100083A7878D9C47DDD7CE865286D6852685B0
:1029200082974DB7F2406244D2444249B249224AAA
:10293000924A024B05618280011122CC2A842145F2
:1029400006CE2EC6EFD00F9821C1B245930700FDE9
:102950002300F500C5472301F50083C73500A30117
:10296000F50083D745002312F50083C765002303D4
:10297000F50083C77500AA85A303F500228562448C
:10298000F24005616FD00FA3F2406244056182807E
:10299000397162CC2A8C594526DA4AD84ED652D49F
:1029A00056D25AD05ECE06DE22DCAE8432C636C4A3
:1029B000BA8B3E8BC28A468A83590104034941047B
:1029C000EFD04F9025C93246930700FDA246230061
:1029D000F5009547A301C500A30085012301F5007B
:1029E0002A8419461105A9C2B68597E0FA1FE78027
:1029F000208323066401230A24012315740123176D
:102A000054012318440123193401A2856254F25061
:102A10004259B259225A925A025BF24B624C2685B5
:102A2000D25421616FD00F99814597E0FA1FE7805A
:102A30004086C1B7F2506254D2544259B259225A18
:102A4000925A025BF24B624C21618280411122C496
:102A5000372400201304449F8347240006C626C25F
:102A60008DCBB7240020AA8519461385048197D001
:102A7000FA1FE780E07A0345240093850481EFF094
:102A80005F8D2244B24013850481924441016FB0AE
:102A9000707CB24022449244014541018280411140
:102AA00026C2B72400209387449F06C622C44AC08A
:102AB00003C737009307F00F9384449F6304F70420
:102AC0002A892945EFD00F802A840DCD930700FD78
:102AD0002300F500A147A30025012301F50083C7CA
:102AE0002400B725002093850581A301F500194630
:102AF000110597D0FA1FE780A07203C53400A285A4
:102B0000EFD04F8B03C724008D476311F702B7271F
:102B1000002083A7878299CB03A387006308030063
:102B20002244B2409244024941010283B24022440D
:102B30009244024941018280797122D406D626D27C
:102B40004AD04ECE52CC56CA09445DCD2A8903558F
:102B50000500AE895144EF707050AA8455C53727DF
:102B60000020930787B383C747008546BA8AFD17BD
:102B700093F7F70F494463F9F6080347C500A147E7
:102B80006314F700639209089C5C4544B5EF9165B6
:102B9000938545711305C00297D0FA1FE780804ADC
:102BA00088DC2A8A4D442DC11306C002814597D086
:102BB000FA1FE780006E8357090093064A003685A6
:102BC0002311FA0071469305490036C697D0FA1FC3
:102BD000E780006589472300FA0003C5C400B246B8
:102BE0000356090083C58AB3611513351500EF80BC
:102BF000506D2A8463860900CE852685EF80A05615
:102C000001C42685EFF0EFFB2285B2502254925486
:102C10000259F249624AD24A45618280B7270020B0
:102C200083C7C7B30547FD1793F7F70F6378F70816
:102C3000894751C6011122CC26CA4AC84EC652C481
:102C400006CEAA89368AB2842E89EF7030412A8452
:102C5000D14729C9485509C597D0FA1FE780C04C0C
:102C6000F1452685EFD00F9648D4CD4705CD834654
:102C7000C40021478147639FE600630D0A000347B4
:102C8000A5010356050193062501AA854E85EF800F
:102C90002055AA8703474400630F090013676700A4
:102CA0002302E400F2406244D2444249B249224A3B
:102CB0003E850561828013674700DDB7C9473E85C1
:102CC00082809307000463EBA700B7270020938757
:102CD00047A106053E9503550500828041657D1597
:102CE0008280011122CC2A842E8526CA06CEAE848B
:102CF000EF70D0361DCDB7470F009387F7230945F6
:102D000063E4870281450A85414697D0FA1FE78030
:102D10004058A685231081000A8541802301810047
:102D2000A3010100EF809045F2406244D244056166
:102D300082804945D5BFB7270020238DA7B2828066
:102D40006F805052797152CC2A8A328522D426D291
:102D50004AD04ECE56CA5AC85EC606D662C4AE8B9C
:102D6000B28A368BBA843E89C2894684EF70102FAE
:102D700015C92A8C63140A0213774B008347450058
:102D800015CF93E727012302FC008DEC631C090299
:102D9000639A090205E8ED9B2302FC00832B8C0358
:102DA000639F0B06B250225492540259F249624A70
:102DB000D24A424BB24B224C45618280F59B93E74D
:102DC0000701D1B793E747002302FC0001CC1C4860
:102DD0004146A2852324FC0213058C0197D0FA1FDB
:102DE000E780004463910B02D5D80325CC0209C5C6
:102DF00097D0FA1FE7804033F1452685EFC09FFC4E
:102E00002326AC0261BFE30B09F80325CC0209C5F8
:102E100097D0FA1FE7804031F1454A85C5B79DC478
:102E200083A70B0299EB916593853571714597D016
:102E3000FA1FE780202123A0AB0203A50B0219C5CE
:102E40007146A68597D0FA1FE780803D6388090206
:102E500083A74B0299EB9165938525715D4597D0CA
:102E6000FA1FE780201E23A2AB0203A54B0219C55F
:102E70005D46CE8597D0FA1FE780803A1DC483A7B0
:102E80008B0299EB916593851571514597D0FA1F87
:102E9000E780401B23A4AB0203A58B0219C5514652
:102EA000A28597D0FA1FE780A0372254B2509254DF
:102EB000F249B24B224CCA865A860259424BD685F9
:102EC0005285D24A624A45616FF0EFEA011126CA83
:102ED00052C406CE22CC4AC84EC62A8AAE84EF70AF
:102EE000F01725C5AA893945EFC0DFBD2A8431CD49
:102EF000B727002003C947A46314090003C90900C8
:102F00009307000D2310F400AD472301F4009385CF
:102F1000690013053400194697D0FA1FE780403046
:102F200093F71400858085882306F400A306940097
:102F300023154401A2856244F240D244B249224A98
:102F40004A85424905616FC0FFC6F2406244D244DF
:102F50004249B249224A0561828001114EC652C4DB
:102F600056C206CE22CC26CA4AC8AA8A2E8AB2895E
:102F7000EF70D00E2DCD2A891305C002EFC09FB48B
:102F80002A8435C5B727002083C447A499E0834429
:102F900009009307000D2310F400E9472301F40012
:102FA0009305690013053400194697D0FA1FE7808E
:102FB0002027D285231554011305C400414697D01C
:102FC000FA1FE780E025CE851305C401414697D05E
:102FD000FA1FE780E024A2856244F2404249B249E8
:102FE000224A924A2685D24405616FC0BFBCF24096
:102FF0006244D2444249B249224A924A05618280DF
:10300000411122C43724002013048481084006C6DD
:1030100019C597D0FA1FE780201123200400B24081
:10302000224441018280011106CE22CC26CA4AC820
:103030002EC6EF70B00239CDB245B727002003C9C4
:1030400047A40CD5AA84631409000349050041452F
:10305000EFC05FA72A841DCD9307000D2310F50054
:10306000A5472301F50083C754009385640011052B
:10307000A30FF5FE194697D0FA1FE780601A9C54FB
:10308000A285F2405CC46244D2444A85424905614B
:103090006FC05FB2F2406244D2444249056182800F
:1030A0001D71A2CC86CE2A842EC6EF70207B05CD62
:1030B0008346C5001147AA8749456392E6029C5F93
:1030C000B24599C383C56701B7D605002308B1008F
:1030D0009386A6A7100889452285EF70907FF64059
:1030E0006644256182805145DDBFB727002083C734
:1030F000C7B30547FD1793F7F70F637AF7048947BE
:1031000021CA411122C426C24AC006C6B2842E89F1
:10311000EF70C0742A84D14705C56308090083474E
:10312000450093E727002302F5004146A6851305D5
:10313000840197D0FA1FE780A00E9C481CD48147D9
:10314000B2402244924402493E8541018280C947EF
:103150003E858280797122D406D62A842EC6EF70ED
:10316000E06F01CDB2452285230EB1006C08EF70EF
:10317000107CB2502254456182805145DDBF6F7092
:103180009004C1671387E7FF6395E502B727002026
:1031900083A7478291EB494582804945B24022444A
:1031A000924402494101828003A30700E30503FE24
:1031B0000283411122C426C24AC006C6FD172A89CD
:1031C0002E84B284639AF502B727002083A7478232
:1031D00091CF9C4381CF829711E9B7270020238CA0
:1031E0002783B7270020A38C97824DBFA6854A85E9
:1031F000EFE0FFD345F5D5B72E85EF70206651DDA2
:10320000834705000D45E39B27F922852244B24000
:103210000249A685924441016FB0D0009307000493
:1032200063E2A7064111C16722C406C626C2FD1784
:103230002A8409456382F502C547AE846313F4020C
:103240002E85EFB0B00537250020130545A10604F3
:103250002A94231094000145B24022449244410133
:1032600082809307A0036316F4002E85EFB0407CA4
:10327000D9BF9307B003E318F4FC13F5F50FEFB0D3
:10328000607BD1B709458280011106CE2AC6EFE0E6
:103290003FCCEF10C01CEFA0910EB7270020938702
:1032A000479F130700F02391E70023820700B72709
:1032B00000203245138787B3FD562301D700F24023
:1032C000238CA7B2954505616F50F06659719397AD
:1032D0000501A6D286D6A2D4CAD0CECED2CCD6CA2A
:1032E000DAC8DEC6E2C4E6C2EAC06EDEC187AE84DA
:1032F00063D3075237240020034584B337290020C5
:10330000372A0020EFC01F83AA8C22CCB72A0020C6
:10331000B72B00201304499F372C002063930C0225
:103320002165258DB650265496540659F649664AAD
:10333000D64A464BB64B264C964C064DF25D65611F
:10334000828083C70C001307200A639CE70083492F
:10335000340003D52C00C1656686FD15EFF0EF91B2
:103360009DA26247130787B38349270013071009FB
:103370006398E71683C71C001547639FE7006685BF
:10338000EFF06F946685EFC0CFEEE24703C587B3D9
:10339000EFC04FFAAA8C59B73947639BE71603D59C
:1033A0004C008567A5076316F50483A58C0003CB45
:1033B0000500631D0B00850591C9372500201946BE
:1033C0001305C5A097D0FA1FE78080E50347499F02
:1033D00085476317F71063080B00230A099E5A8577
:1033E000EFF06FC245B78947230AF99EEFB04066F8
:1033F00051BF896713872700631CE50403AB8C006A
:1034000063000B0E83470B0089EF83472B000347B4
:103410001B00A207D98F2314F40083473B00A300AD
:10342000F4000347499F8947631CF70A83470B0051
:1034300091C7230A099E03450B005DB7834514001D
:10344000035584008D47230AF99EEF50D051E5B70C
:1034500095076319F50083A78C0003C50700EFF0FB
:103460000FE40DB7F9771387A7FF2A974207418327
:10347000914663F1E6049387A7FCAA97C207C1832C
:1034800071476371F70289671387B7006310E5041A
:1034900083A70A82E38807EE9C43E685E38407EE70
:1034A000829715A0370700181307F770B357F70076
:1034B000858BA9CB83278A82E38607EC9C43E38331
:1034C00007EC66858297E31F05EA19A81387C700F2
:1034D0006311E50283A78C0083C70700E38407EA32
:1034E0009307F00FE380F9EAE6854E85EFC08FEC95
:1034F00069BDB9076318F50083274C82E38407E8A8
:10350000DC4361BF896793871704E303F5F8C9BFFC
:103510003D476399E70403D54C0089671387D700BB
:10352000E30CE5FC13879701E308E5FCCD07E319FD
:10353000F5FA03576400C167FD17631DF700832781
:103540004C82E38107E4DC43E38E07E20965E6850C
:103550004D05B9B7B727002083A7C782E38407E2E8
:103560009C43DDB71307E003E39CE7F683C72C0019
:1035700005476398E70E83C76C0037270020930D3B
:103580008781E1E783A70D00D5CF03CB0700A149D1
:1035900003C57C00138D8C00EA85EFE01FE083C734
:1035A0004C01A383AC0083D80C0103D8EC0003D7F3
:1035B0004C002A8603C53C003EC283D72C01EA8614
:1035C000DA853EC0CE87EFF0AFBC83C73C0095E7FD
:1035D000DD4783D80C0103D8EC0083C67C0083D57B
:1035E0004C003EC283D72C016A873EC0CE87054679
:1035F0005A85EF70805FA381AC0083A70D0081C75F
:103600001145EFF0FF9F138B8B8303450B00E30BFA
:1036100005D6B727002083C59783EFE05F91E303CA
:1036200005D683C63C0093071003638AF60003D6D1
:103630004C0083450B004E873685EFE09FA8238C16
:103640000B8289B3034B340099B783278A82034BDB
:103650003400914995DFDC4385DF81450145829740
:1036600005BF29476398E70A83C76C003727002006
:10367000930D8781A5EF83A70D00B5C703CB070086
:10368000A14903C57C0093868C0093772500BDCBB0
:1036900013761500138E4C0183C70C0283D8CC011E
:1036A00003D8AC0103D74C0003C53C003EC283D70E
:1036B000EC01DA8572CE3EC0CE87EFF06FAD83C7E6
:1036C0003C00724E9DFBDD4783D8CC0103D8AC0192
:1036D00083C67C0083D54C003EC283D7EC01728741
:1036E0003EC0CE8729B7034B340059BF83278A8257
:1036F000034B34009149D1D7DC43C1D78145014503
:10370000829741B7B68536CEEFE03FC9F2462A86AA
:10371000368E59B70947639CE70083A70A82E38383
:1037200007C6DC43E38007C666858297A1B92D47AB
:103730006398E70083A70A82E38607C49C47DDB746
:103740000D476397E70066868D4503D54C0039B178
:1037500019476395E7069305610213051031EFA041
:10376000A14A2C1013052031EFA0014A03D66C00AA
:103770008357810203D54C0063E8C70083D68C00D1
:103780000357610263F7E60093050002EFB00030D3
:10379000D5BE6374E6002393EC0063F4D700239452
:1037A000FC0003D7CC0083D6AC0003D68C0083D5B5
:1037B0006C0001488147EFB0202DE9B61D47E38139
:1037C000E7D231476395E7006686B145BDBF35470F
:1037D0006398E70083A70A82E38607BADC4799B7B4
:1037E0004947639DE70083278A82E38B07CEDC434A
:1037F000E38807CE814505458297DDB14D47E391CA
:10380000E7CE83278A82E38D07CCDC43E38A07CCAB
:10381000E6850945D5B793F7150089CFB72700206E
:1038200083A7078289C7DC4399C30145829713C5E3
:103830001400CDBC93F7250091CFB727002083A7B4
:10384000878291C7DC4381C781450545829713C5AF
:103850002400C9BC93F745000145E38507ACB727B1
:10386000002083A7C781372400201304449F91CFF1
:1038700085472302F400B727002083A7878291C7DA
:10388000DC4381C781450545829748442C10EF7081
:10389000507B2810EFF08F9BB727002083D767A3BA
:1038A00081CF130600643386C702B727002003C503
:1038B00087B39145EFC09F8913C54400A5B441115A
:1038C00022C4372400200325C48106C619C597D019
:1038D000FA1FE7806085232E0480B2402244410114
:1038E00082805971A2D4372400208327C48186D6D0
:1038F000A6D2CAD0CECED2CCD6CADAC80545638D00
:10390000070C9305F1041305F041EF807113930543
:10391000F1041305F041EF80B112B727002093871F
:10392000479F83C727000347F104B337F00011C353
:1039300089070327C4813EDE03453700930547000E
:10394000EFE03FA10327C4812ADC0D458345270012
:103950002EDAEFF00FB72AD81145EFF08FB6032417
:10396000C4812AD665450347A400034BB4003AD46A
:10397000EFF02FB5AA846945EFF0AFB42A897145FD
:10398000EFF02FB4AA896D45EFF0AFB32A8A7545E1
:10399000EFF02FB3AA8A7945EFF0AFB2E204625894
:1039A000F2572257B2564256D2551375F50F93FA75
:1039B000FA0F137AFA0F93F9F90F1379F90FE184DB
:1039C0002ACC56CA52C84EC64AC426C25AC0930808
:1039D00044000545EFB0400DB650265496540659A4
:1039E000F649664AD64A464B65618280011122CC6F
:1039F00006CE26CA8D472E846315F50603C735000B
:103A0000B7240020E94703D545009384449F6316FB
:103A1000F70083D764006382A706EF60306409C5AE
:103A2000835764002317F5000357A40083568400CE
:103A3000035664008355440003453400EFE09FE4DF
:103A40000357440083D764006309F7008547F240B9
:103A50006244D2443E8505618280FD572393F40081
:103A6000F5B78967CD07631DF50083C7250031478A
:103A70006385E7004547E39BE7FCEFE0AFF0F9B76C
:103A8000B1476319F500B727002003C5D7B3EFE0AE
:103A9000BFEA6DBF41677D178147E31AE5FA83C628
:103AA00055004947E395E6FA83C5450003552400D0
:103AB000300023140100EF60B04649BF411122C419
:103AC000372400208347A48326C206C64AC01307B2
:103AD000E00FAE846386E7041307F00F1304A4839A
:103AE0006387E7021145EFB0FFFD15C1930700FDA5
:103AF0002300F50089472301F5008547A3009500C1
:103B0000A301F500AA8503450400EFC0AF8AF95769
:103B10002300F400B24022449244024941018280D1
:103B20002A891145EFB01FFA75D5930700FD2300D0
:103B3000F50089472301F500A3009500A3012501A5
:103B40002244B7270020B24092440249AA8503C507
:103B5000B78341016FC00F8679714AD037290020A1
:103B60008327C98122D406D626D24ECE52CC56CA3D
:103B70004544D5EFB7240020938784B383C747001B
:103B80004944958BCDC7B72700202E8A9165A38D18
:103B9000A782AA8993857571314597C0FA1FE7807E
:103BA000604A232EA9804D4459C123003501A3004A
:103BB00005002946D285090597C0FA1FE7804066AF
:103BC0008327C981914603C7270063EDE60835EBDB
:103BD0004D472381E70003C72700136707012381AF
:103BE000E700930571001305F041EF80616583479D
:103BF0007100F1EBB727002003C7679F8D4763145F
:103C0000F70CEFE05F832C00EF70B0432800EFE08B
:103C1000FFE34545EFF0EF8A014411C91306006444
:103C20003306C50203C584B39145EFC02FD2228568
:103C3000B250225492540259F249624AD24A456122
:103C4000828085466314D700754761B7894663143F
:103C5000D7004947BDBF8D466314D700414795BF84
:103C6000554785BF9546CA8A630ED70099466316A5
:103C7000D70009472381E70031A01D466314C7021E
:103C8000238107006545EFF0CF839307F007E30A30
:103C9000F5F403A7CA818347270093E707042301AC
:103CA000F70081B721466314C7000547E1B72546F1
:103CB0006315C7002381D700F1B7A9460544E3186F
:103CC000D7F6114745BF31392A8435D1CD3E85B766
:103CD000011126CAB724002083A7C48122CC06CEB6
:103CE0004AC84944B1C783C707000D446392A7047B
:103CF00037290020034589B38945EFC0EFED03451F
:103D000089B3B72700209145239E0782EFC0CFECEF
:103D100083A7C48101478146A38087001306F10071
:103D2000854785450145A307F100EFA0505B2A8434
:103D30002285F2406244D2444249056182800111E9
:103D400006CE22CC26CA4AC88547631EF50637240C
:103D500000201304C48383570400A9CB3727002015
:103D60000347879F21E71307B003636CF702B7246B
:103D7000002003C584B38945EFC00FE60356040055
:103D80009307006403C584B33306F6028945EFC088
:103D9000EFBB23100400F2406244D2444249056163
:103DA0008280938747FC2310F400F5B7B7270020E3
:103DB00083A7C781EDD36244F240D244424903C590
:103DC0000700056131B7B724002083A7C481E1D77C
:103DD00037270020130987B383474900918BC5DF3C
:103DE00089476313F5062D452EC6EFB0BFCD2A8453
:103DF0005DD1B245930700FD2300F500E547A30020
:103E000005002301F50083C7350015051946230F6A
:103E1000F5FE83C745009505A30FF5FE97C0FA1F71
:103E2000E7800040034559009307F00F6316F50043
:103E300083A7C48103C50700A2856244F240D2442F
:103E4000424905616FB01FD7034587B38945EFC06D
:103E5000AFD86244F240D2444249B7270020239EA3
:103E6000078205616FF0BFA549458280B727002012
:103E700083C7C7B3958B638F07129307C01C63FC7E
:103E8000C70009458280F2406244D2444249B249A7
:103E9000094505618280B727002083A7C781638B0E
:103EA0000710B72700209387A78303C807001307CD
:103EB000E00F6311E810011122CC4AC806CE26CAD1
:103EC0004EC62380A700130586004205368932843A
:103ED0004181ADC991659385657197C0FA1FE780EF
:103EE0006016AA894DD1B724002003A54484938489
:103EF000448409C597C0FA1FE78000231385890011
:103F000023A0A9002286814523A0340197C0FA1F6F
:103F1000E78020389C402286CA85884397C0FA1FD4
:103F2000E78000309C40A286F240239287006244E2
:103F3000D2444249B249984305468D45054505613D
:103F40006FA0703991659385557197C0FA1FE7800E
:103F5000600FAA890DD9B724002003A5C4849384D7
:103F6000C48409C597C0FA1FE780001C1385890027
:103F700023A0A9002286814523A0340197C0FA1FFF
:103F8000E78020319C402286CA85884397C0FA1F6B
:103F9000E78000299C40A286F24023928700624479
:103FA000D2444249B249984305468D4505450561CD
:103FB0006FA0B032494582809307C01C63FCA70004
:103FC000094582800945F2406244D2444249B249DF
:103FD0000561828045CD011122CC2A8421054EC67F
:103FE0004205AE8991659385657141814AC806CEC7
:103FF00026CA97C0FA1FE780E0042A8961D5B72452
:10400000002003A544849384448409C597C0FA1F03
:10401000E7808011130589002320A90022868145AD
:1040200023A0240197C0FA1FE780A0269C40228687
:10403000CE85884397C0FA1FE780801E9C4023925C
:104040008700B727002083A7C7818DCFB72700201F
:1040500083C7C7B3958B8DCBB727002083A7478431
:1040600099CF984383D647006244F240D2444249F4
:10407000B24905468D45054505616FA0D02501472C
:104080008146DDB7014581B7494535BFB7270020D7
:1040900083A7C78195C7B727002083C7C7B3958B70
:1040A00095C3B727002083A7478481CB984383D645
:1040B000470005468D450545C9B701478146D5BF2F
:1040C00001458280494582809307C01C63FCA7009C
:1040D000094582800945F2406244D2444249B249CE
:1040E0000561828045CD011122CC2A8421054EC66E
:1040F0004205AE8991659385557141814AC806CEC6
:1041000026CA97C0FA1FE780E0F32A8961D5B72451
:10411000002003A5C4849384C48409C597C0FA1FF2
:10412000E7808000130589002320A90022868145AD
:1041300023A0240197C0FA1FE780A0159C40228687
:10414000CE85884397C0FA1FE780800D9C4023925C
:104150008700B727002083A7C7818DCFB72700200E
:1041600083C7C7B3958B8DCBB727002083A7C784A0
:1041700099CF984383D647006244F240D2444249E3
:10418000B24905468D45054505616FA010150147EB
:104190008146DDB7014581B7494535BFB7270020C6
:1041A00083A7C78195C7B727002083C7C7B3958B5F
:1041B00095C3B727002083A7C78481CB984383D6B4
:1041C000470005468D450545C9B701478146D5BF1E
:1041D00001458280494582809307C01C63F4A70093
:1041E00009458280797122D44ECE06D626D24AD095
:1041F000AE892A842DC1210591654205938575718B
:10420000418197C0FA1FE780E0E32A8909456306E8
:104210000908B724002003A584849384848409C5F5
:1042200097C0FA1FE78040F0130589002320A900FA
:104230002286814523A0240197C0FA1FE7806005EC
:104240009C402286CE85884397C0FA1FE78040FDB8
:104250009C4023928700B727002083A7C781014590
:104260008DCFB727002083C7C7B34945958B95C726
:104270006C001305D030EF903119B247014593F728
:10428000070F81CFB727002083A787848D45054579
:10429000944303D64700EFA0D004B2502254925466
:1042A0000259F24945618280B727002083A74784DD
:1042B00091CF03D647008C43411106C697C0FA1F21
:1042C000E78000F6B24001454101828009458280C5
:1042D000B727002083A747848DC7B727002003A7EF
:1042E000C784894705C3035647000C43411106C6DE
:1042F00097C0FA1FE780C0F2B24081473E85410176
:10430000828089473E858280797106D622D426D262
:104310004AD04ECE52CC8D4763FCA7008944B250A0
:104320002254268502599254F249624A456182809C
:10433000372900200347499FC144E312F7FE930742
:10434000F5FF9309499F93F7F70F8546AE842A84BA
:1043500003CA29001309499F63EAF6068DE19945CE
:104360002800EFD0DFDCB729002003C589B39145D1
:1043700023018900EFC04F8635E481444DB71946CB
:104380008145280097C0FA1FE780A0F019462C004D
:10439000268597C0FA1FE780E0F549F11946930595
:1043A000F00F280097C0FA1FE780A0EE19462C00F6
:1043B000268597C0FA1FE780E0F32DF11946A68500
:1043C000280097C0FA1FE780A0E571BFE31DE5F85C
:1043D00003A5C9002C00EF70C046AA8449D52381EB
:1043E000490135BF2800EFE06FE6AA840DED930583
:1043F00071001305F041EF70B16483447100B5FCA6
:104400008D47E31CF4F64545EFE0BF8B3DD5B7770C
:104410001800938707A03306F50203C589B39145B9
:10442000EFB05FF4EDBD23014901D5BDB7270020F2
:1044300083C7C7B3918B8DC3372500204111130566
:10444000058406C6EFD01FCEB240B72700207D57A7
:10445000239DE79E4101828001456FD0BFCCB727E5
:1044600000207D57A38DE782B72700207957238D41
:10447000E782B7270020238C07A8B7270020239EB8
:104480000782B727002023A20784B727002023A68E
:104490000784B727002023A4078437470500B727E0
:1044A00000209387078E1307876798C33747050057
:1044B0001307E7D3D8C3374705001307278E98C7DC
:1044C000B7470500372700209387C79E2320F7842E
:1044D0008280411126C2B724002083A7C48106C66A
:1044E00022C48DCF2A840D45EFB0CFDDAA8505C14A
:1044F000930700FD2300F5008D47A30085002301ED
:10450000F50083A7C48103C50700EFB0AFEA19C463
:104510002244B240924441016FF06FBAB24022444B
:10452000924441018280797152CC372A002083273E
:10453000CA814AD006D622D426D24ECE56CA0149C6
:10454000B1C703C91700B72400208547AA899384FF
:10455000449F6307F90483C74400054985EB0D4573
:10456000EFB04FD6AA8505C1930700FD2300F500E3
:104570009147A30035012301F5008327CA8103C5B4
:104580000700EFB02FE3EFF08FB30549B25022548C
:104590004A8592540259F249624AD24A4561828060
:1045A000B727002083A74784D28A85E30145EFE03F
:1045B0004FF12A8601CAB727002003C587B3894572
:1045C000EFB0DFB883A7CA8181A8944303D6470020
:1045D0009305E1000545EFD01FC069D98347050069
:1045E000858BE9D70545EFE0CFED9307B0032A842B
:1045F00063F0A704B727002003C587B35D661306E1
:1046000006708945EFB01FD6B7270020130444FC7D
:10461000239E87828327CA810947A380E70083C737
:10462000440081C72382040095B74E855D35B9BF2C
:10463000130600643306C502B5BF411122C42A84A3
:104640000D4506C6EFB00FC805C5930700FD230052
:10465000F500CD472301F500A30085002244B727CC
:104660000020B240AA8503C5B78341016FB08FD443
:10467000B24022444101828083564500011189677E
:1046800006CE22CC26CA138667002A876399C60005
:104690001C47014583C50700EFF04FC23DA81386B4
:1046A00087006397C6001C47054583C50700EDB723
:1046B000138697006395C602B727002083A7C7819A
:1046C000014595C71847034507006311050E0547C7
:1046D000A380E7000545EFA02038054509A813860B
:1046E000A700639BC6001C4703C507002D3DF24091
:1046F0006244D2440561828013866703E38AC6F868
:1047000013867703E381C6FA138687036392C60A8A
:104710001C45372400201307E00F83C4070083479C
:10472000A4831304A483638EE7021307F00F638648
:10473000E7021145EFB00FB9AA8505C1930700FD47
:104740002300F5008947A30095002301F500A3018C
:10475000050003450400EFB0EFC5F9572300F4004E
:10476000ADBFB727002003A7C7813E84014541D3D1
:104770008DEC85447D4523059100EFE08FD4231611
:10478000A10013050002EFE0CFD38327C481A30566
:10479000A1001307B100A380970074001306A100C5
:1047A00085450545EFA0A0330DBF26851D3335B7E0
:1047B00013869703E389C6F21386E7036397C6005F
:1047C0001C45094583C50700C1BD9387F703014513
:1047D000E39FF6F01C4703C5070005E96C001305CD
:1047E000D030EF906142B247414793F7070FE3861D
:1047F000E7EE9305B10013056031EF90E14003450A
:10480000B1008545EFA0202EC9BD053DF9B5B727FC
:10481000002083C7C7B3411106C6958B99CB3725B6
:1048200000201305058EEFD05F8F4D45B24041014A
:1048300082800145EFD07F8E0145CDBF03C70500C3
:10484000937625009377D70F99C2936727001318A3
:1048500085011358884113F7F7076354080013E7DD
:104860000708937685009377770F99C2936787003F
:104870001377050293F6F70D19C393E60702238019
:10488000D500634508009377A50281CB83470600D6
:1048900093E7C7002300F60082807DFD8347060072
:1048A000CD9BCDBF2D456319071403C805000947EB
:1048B0006310E814C84103471500034505002207AB
:1048C000498F42070D654187930825A0630B170B9D
:1048D000011122CC26CA4AC84EC606CEBE89B6846D
:1048E00032842E8963CEE800930705A0630DF7029A
:1048F000130515A06300A706239004000545B5A085
:10490000930745A06309F7086348F706130565AAEE
:10491000E314A7FE85472390F600DC4583C7070014
:104920002300F60091A0C84597C0FA1FE780809940
:10493000420541814E86637335012A862390C40067
:10494000420641828325C900228597C0FA1FE7806D
:10495000208D19A8DC4583D707002390060123008A
:10496000F600A183A300F6000145F2406244D24460
:104970004249B2490561828099472390F600194661
:10498000D1B785472390F600DC45014583C7070072
:104990002300F6008280DC45A9CB21472390E60066
:1049A00003D707002300E60003D707002183A300F5
:1049B000E60003D727002301E60003D72700218361
:1049C000A301E60003D747002302E60003D7470010
:1049D0002183A302E60003D767002303E60083D701
:1049E0006700A183A303F60041B723900600ADBF83
:1049F0002390060005458280828083C80500894790
:104A00006394F816DC41797122D406D626D24AD0B6
:104A10004ECE52CC56CA03C8170083C707002E8457
:104A200022083368F80042088D6713580841138341
:104A300027A0630C68102A8A3A89B684B285634C31
:104A40000301138707A0630BE802938717A0630194
:104A5000F80A854711A8138737A06303E80C13876A
:104A600067AA8D47E317E8FEB250225492540259C8
:104A7000F249624AD24A3E8545618280484432C644
:104A800097C0FA1FE7800084420541819D47E36D8E
:104A900025FDB72A0020938A2A8583C70A00B30917
:104AA0009900B24563D43701B5477DBF4844268697
:104AB000C2094A9597B0FA1FE780807603C60A00BC
:104AC000484493D9090105063306364181454E9580
:104AD00097B0FA1FE780E07BB727002083A74785C0
:104AE00099E3814751B79C438145E5DF52853DA05D
:104AF000AD47E31B09F6E39916FB8347160083468F
:104B000006005844A207D58F2310F700B7270020CE
:104B100083A74785F9D79C438545E1D78297D1B7CD
:104B2000AD47E31309F49947E390F6F84844194672
:104B300097B0FA1FE780C06EB727002083A747858C
:104B4000CDD39C43D9DF8D4555B7AD4711FF854780
:104B5000E39CF6F40347060093070008E3E6E6F05B
:104B6000DC452380E700B5BF85473E858280B727B7
:104B7000002023AA0784B7270020A3890784B7272A
:104B8000002023890784B7150020B707A00093856C
:104B9000457E938707059CC1B707E803DCC137F65C
:104BA0000600B71700209387076F1306C6C1D0C34E
:104BB000B71E002037F606000947938EFE7D1306C8
:104BC00006BF371E00202380EE00130ECE7DD0C717
:104BD00023AED70137230020B71800203718002054
:104BE0003715002037F60600B7FE06008546130687
:104BF00006C02300EE009388087E23AEC70313038C
:104C000003851308E87D1305D57D938E8EC037FE8E
:104C100006002380E8002380E7002388E700238044
:104C2000E7022388E7022380E7042300E8002384C7
:104C3000D70023950700D0CB238CD700239D0700F6
:104C400023A2D7032384D7022395070223A60702B2
:104C5000D0DB238CD702239D0702231003002300FF
:104C6000D500130E8EBF23A2C7052388E70423AE09
:104C700017052380E7062388E7062380E708B7F8AF
:104C8000060037F706001307C7BF938888C123A221
:104C9000E7082384D7042395070423A66704F0CBF1
:104CA000238CD704239D070423A217072384D70648
:104CB00023950706ECD7F0DB238CD706239D070648
:104CC00023AE07072384D7082395070823A6A70840
:104CD00037570500B7170020938707781307478ACF
:104CE00098C3375705001307A79FD8C323A407000D
:104CF0008280A54763ECA710B7E706009387C75FDC
:104D00000A053E951C41011122CC26CA06CE4AC88E
:104D1000B2842E8482879307800F63F9B7006145C0
:104D2000F2406244D2444249056182803719002032
:104D30009307096FC8571309096F09C997B0FA1F7C
:104D4000E780803EB72700202389078413061400DC
:104D5000916593850571328532C697B0FA1FE78059
:104D6000602E2326A90245DD3246814597B0FA1F01
:104D7000E78020520325C9022286A68597B0FA1F34
:104D8000E780004AB727002023898784014549BF6F
:104D90008947E396F5F803570600B72700202398C4
:104DA000E784EDB7A147E39CF5F6371500202146CF
:104DB000A6851305457E97B0FA1FE7806046F9B7D0
:104DC0008547E39EF5F4B71500209385056FD04D18
:104DD0009385850203C50400EFF05FA645BF8547B4
:104DE000E39FF5F2B71500209385056FD05D93859D
:104DF0008504CDB78547E394F5F203470600B7175E
:104E00000020A38EE77C59B7094519BF0945828068
:104E100005476302E5044111AA8706C62E8581CFA6
:104E200011476383E70425476388E7048947B24055
:104E30003E8541018280B717002083A5C77189474D
:104E4000FDD5B727002003C6278597B0FA1FE78056
:104E5000203D8147E9BFB727002083D707852390EE
:104E6000F50081473E858280B71500202146938555
:104E7000457EEF90416BF1BFB717002083C7D77D08
:104E80002380F500F9B7B72700209387378503C73C
:104E9000070015E305472380E700058909CDB7160C
:104EA000002037150020938606784146A545130556
:104EB000056F6F30406D01458280011106CE22CC16
:104EC0000546638CC50211460944639EC5023EC671
:104ED0003AC436C2EFD0EFC22A8492462247B24784
:104EE0001DE13E86BA853685EFD00FB8EFF03F92D0
:104EF000EFF0CFD3EF60F06F39A0EFD08FC02A84EE
:104F000019E1EFF0DF902285F24062440561828072
:104F100079714ECEAE896C0022D426D24AD006D604
:104F20002A89B284EF00707A2A840DE1CE854A8501
:104F3000EFC05F882A8419E93245B7160500268735
:104F40009386667A2D468145EF10C0122285B250B5
:104F5000225492540259F2494561828079714ECEB1
:104F6000AE896C0022D426D24AD006D62A89B284D1
:104F7000EF00B0752A840DE1CE854A85EFC0BF9160
:104F80002A8419E93245B726050026879386C68804
:104F90004D468145EF10000E2285B25022549254A6
:104FA0000259F24945618280397126DAAE844C009B
:104FB00022DC4AD84ED652D406DEAA893289368AF5
:104FC000EF00B0702A8431EDA6856303090283D710
:104FD00004002C002314F10083D724002315F100D2
:104FE000930720302316F100930780022307F10076
:104FF0004E85EFC00FF92A840DE55946A6851305A5
:10500000A1002304210197B0FA1FE7806021124517
:10501000B716050052879386067525462C00EF10BB
:1050200060052285F2506254D2544259B259225A34
:1050300021618280797126D2AE846C0022D44AD05C
:105040004ECE06D6AA893289EF0030682A840DE157
:10505000A6854E85EFC0EFF72A8419E93245B716C9
:1050600005004A879386467C3546A685EF1080006A
:105070002285B250225492540259F24945618280ED
:10508000BD47638CF50663E9B702A5476387F5065C
:1050900063EDB7009947638CF5049D47638FF50472
:1050A0009547638CF50401458280B5476387F50415
:1050B00063E1B704AD47F5B7DD47638EF50263EAF8
:1050C000B700C947638BF502D9476386F502C54728
:1050D000C9BFF5476383F50263E4B700ED47D1B775
:1050E00093072005638BF5009307200D5DBF4845AE
:1050F00082800841828008458280484182809307EF
:10510000F00F630EF506011126CAAA8413050002EA
:1051100022CC4AC84EC652C456C206CE3A89B68977
:10512000B28A2E8AEFA01F9A2A844D4515C893078C
:1051300000FB2300F400A3005401231144012302C7
:10514000340113058400614663050902CA8597B0DE
:10515000FA1FE780E00CA2852685EFA0BFA50145D8
:10516000F2406244D2444249B249224A924A05611D
:105170008280814597B0FA1FE780A011E9BF0945F9
:105180008280011122CC06CE2A842306B100A30618
:10519000C100EF50A06C15C18346C500B7270020A1
:1051A0002147938787B3639EE60003C567007800B5
:1051B0009306E0070146A2859937F24062440561F3
:1051C000828078009306E0070146A28503C5570058
:1051D000E5B7930700643306F6026FB06F8C05C91C
:1051E0000347050085469307270093F7F70F63F001
:1051F000F602411122C42A843A8506C6EFB0CFA434
:10520000FD572300F400B240224441018280828095
:10521000035705009307000B6313F702834745000C
:105220004947639CE7000347150185476399E700F9
:105230000355250085456F3090646D47C5BF82805A
:1052400001112314B1006C0022CC26CA4AC806CE34
:105250002A89B6842315C100EF0030472A840DE166
:105260002C004A85EFC02FC82A8419E93245B716A9
:10527000050026879386E66915462C00EF00905FAF
:105280002285F2406244D2444249056182807971AC
:10529000930720302314B1002315C1002316F10019
:1052A0002C0093078002014606D62307F100EFF099
:1052B000BFCFB25045618280C177797185073EC406
:1052C000894726D22316F100AE84930780024C0052
:1052D00022D44AD006D62A892307F100EF00F03EF7
:1052E0002A840DE12C004A85EFC00FD82A8419E9E1
:1052F0001245B726050026879386468345462C002F
:10530000EF0050572285B250225492540259456101
:105310008280B28605466FF03FC9797126D2AE848D
:105320006C0022D44AD04ECE06D6AA893289EF002C
:10533000D0392A840DE1A6854E85EFC0EFB12A84CD
:1053400019E93245B71605004A879386A6630D46CC
:10535000A685EF0030522285B25022549254025951
:10536000F249456182807971930720202314B100AE
:105370002315C1002316F1002C009307800201467B
:1053800006D62307F100EFF03FC2B250456182809C
:10539000011122CC06CE2A842EC632C436C2EF506A
:1053A000E04B0DCD0345C500B7270020A1469387EC
:1053B00087B312472246B245631CD50003C5670078
:1053C000B2862E86A2856244F24005616FF03FD31B
:1053D000B28603C557002E86A285F5B7F240624417
:1053E0000545056182806FF0BFB26FF07FB26FF04C
:1053F0007FC46FF03FC479714ECEAE896C0022D469
:1054000026D24AD006D62A89B284EF00102C2A84EC
:105410000DE1CE854A85EFC0AFBD2A8419E932453A
:10542000B716050026879386267E3D468145EF0008
:1054300070442285B250225492540259F249456177
:105440008280B28601466FF03FB6011122CC2E84D5
:105450006C0026CA06CEAA84EF003027DD47630A17
:10546000F500930710102314F400A2852685EFC0E1
:105470008FC2F2406244D2440561828023940500C9
:1054800083D7850099E36FF07FAD09458280FDB732
:10549000B727002003C7E788854763F9E7020111B2
:1054A00022CC2E846C0026CA06CEAA84EF00F021FE
:1054B00009E9930700102314F400A2852685EFC0A4
:1054C0008FBDF2406244D24405618280594582809A
:1054D000B727002023ACA7848280B727002023AE03
:1054E000A7848280011122CC26CA06CE2A84AE84EB
:1054F000EF50C036A6852285EFB03FE10DE9228549
:1055000023169100EF5080351DC18346C500B72793
:1055100000202147938787B36390E60203C56700A5
:1055200078009306F0070146A285EFF05FBDF240D8
:105530006244D2440561828003C55700D5B701118A
:1055400026CA06CEB68422CCDD4663E2B608D9462A
:1055500063FED50AA5466381D50A63EEB604954677
:10556000638CD50899466387D50A054441687D1840
:10557000631606093AC6EFB01FDD33068540324791
:1055800042064182420441803305C4004205BA8587
:10559000418132C6EF30D03FAA8749C181C432462B
:1055A0002390C400B30580406244F240D2443E855B
:1055B00005616FA0CFC4C5466380D504C9460D44BC
:1055C000E395D5FAC167FD17E31EF6FA65B7F54610
:1055D0006380D50463E4B600ED46D5B79306200595
:1055E0006388D5029306200DE391D5F8C167FD17B6
:1055F0000D446319F600BDBF09448DBF9306200D0D
:10560000E392D5F8310642064182ADBF15445DBF35
:105610000D444DBFC167FD171D447DB7F240624484
:10562000D24405618280011122CC26CA06CE03C66F
:1056300045002E841307000281469945AA8401374C
:105640002AC629CD8357040003464400930554001D
:105650002310F100835724002311F10089472312FE
:10566000F100930780022303F10097B0FA1FE7804F
:1056700020BB834744008A8526852314F100EFC0B0
:105680004F892A8411C5324597B0FA1FE780C0A917
:105690002285F2406244D244056182804D44CDBFF0
:1056A0005D7186C6A2C4A6C2CAC04EDE8947630623
:1056B000F600C14709446319F6040144B1C52E89B7
:1056C0004C0832C6B689AA84EF0030002A843246DC
:1056D00005EDC1778507CA851305D1013ECC230EA0
:1056E000C10097B0FA1FE780A0B32C082685253F9C
:1056F0002A8419E95245B71605004E879386666FCE
:105700001D462C08EF0010172285B640264496440B
:105710000649F25961618280797122D436844AD077
:105720004ECE52CCB2892E8A3A8981461307100296
:105730002286D94526D206D6AA8411352AC629C181
:105740002286CA85231481002312410123133101CB
:1057500097B0FA1FE780C0AC4C002685EFC06F9E63
:105760002A8411C5324597B0FA1FE780E09B228555
:10577000B250225492540259F249624A45618280E1
:105780004D44F5B7011122CC26CA06CE4AC8DD47E2
:105790002A84AE84638DF5028147035504006C00B2
:1057A0002306F100EFC06F9D0545638DA4080345F6
:1057B0008400B165938505B8EFA0BF83E547230159
:1057C000F400B7270500938707975CC09DA803479F
:1057D00055013149B2863306270318499C42329756
:1057E0001043E31BF6FA83D7460003564700E31540
:1057F000F6FA8C46084797B0FA1FE780A0AF49DD5C
:105800008347540103474401850793F7F70FA30A21
:10581000F40063FFE702B387270318480355040029
:10582000BA97984783D6470003D6270083D5070049
:10583000E5353DF103458400B165938505B8EFA0DA
:105840004FFB5945F2406244D2444249056182808F
:105850008347640199B7011122CC26CA06CEDD47E1
:105860002A84AE84639BF50603550500EFB0BFADF7
:105870000356C40183562401035744016D162A962A
:1058800042064182B307D640C207231EC400C1832B
:1058900063F0E7089305C5FF3308F740635BB80280
:1058A000BA96918EC206184C835504010355040024
:1058B000C1823E97953515E103458400B165938516
:1058C00005B8EFA00FF35945F2406244D244056198
:1058D00082806D1593160501F9B7814703550400C1
:1058E0006C002306F100EFC04F890545E38EA4FC50
:1058F00003458400B165938505B8EFA08FEFE547B8
:105900002301F400B7270500938707975CC065BFA4
:105910008547E9B7397126DAAE842C0022DC4AD8F3
:105920004ED606DE2A89B2894D232A8421ED4A8586
:10593000EFB07FA183D644006D1563C5A600931612
:105940000501C182984403D6240083D504004A850A
:10595000EFF09FDC2A841DE53146A6850808230662
:10596000010097B0FA1FE780A08B83D7240022455F
:10597000B72605004E879386E68F5D466C00231E92
:10598000F100CD2D2285F2506254D2544259B259C1
:105990002161828041B7BDBF797126D206D622D45B
:1059A0004AD04ECE52CC56CA5AC88944C5C159CEE7
:1059B0002E842A89BA8A368B328AEFB0DF98930513
:1059C00044008147711503D705006352A70A850774
:1059D00093F7F70FB105E318FAFE8A854A85F5219A
:1059E000AA842DE531453305AA029165938515708A
:1059F000CD4497A0FA1FE780E064AA8921C9314607
:105A00003306CA02A28597B0FA1FE7806081184466
:105A10008356440003562400835504004A85EFF062
:105A2000BFCFAA841DED0245B726050085475687DE
:105A30009386E68F5D464C002302F1004EC4230698
:105A40004101A3060100230761012D25B250225414
:105A5000268502599254F249624AD24A424B456124
:105A600082804E8597A0FA1FE780006CC5B7ED4491
:105A7000F1BF79714ECE37F60600AE89C16526D2E8
:105A80000147AA848946130646C2FD15054522D45E
:105A900006D64AD0EF10301A054431CD2A891307B3
:105AA000300281461146F5452685EFF05FA92AC6EA
:105AB000554431C18357A900CE8601462314F10015
:105AC00091472315F10085472300F500B2472C00CC
:105AD0002685A38007003247FD572301F700324790
:105AE000A301F700EF10F00A2A8411C5324597A0F0
:105AF000FA1FE78060632285B25022549254025903
:105B0000F24945618280411106C6EFF06FD719C591
:105B1000B240410117A3FA1F67000361B24041017F
:105B20008280011106CE2AC6EFB0CFE73245B727F3
:105B3000002023AC0784B727002023AE07849145BB
:105B4000B7270020A38CA7B2EF30E05EF2400561DA
:105B50006F20F0387971939705014AD006D622D488
:105B600026D2C187014963DE070AB727002003C593
:105B700097B32E89EF901FFC2A844DC1034705007F
:105B80009307000A6319F70885474C08A305F1003D
:105B9000EFB06FEEAA840DED834761017147637921
:105BA000F708138717FE1377F70F9306000263F8C1
:105BB000E608858BD5CBB727002083A78785994436
:105BC00081CB035524001306B1004C088297AA84A8
:105BD0008347B10099C7084409C597A0FA1FE78019
:105BE000A05495E05247B7070001938707F07D8FD7
:105BF000B707120093870710630FF700034761018F
:105C0000ED47631AF700035524008545EF30204720
:105C1000CD476388F4002285EF90BFE5A167334943
:105C2000F900B25022544A8592540259456182804B
:105C30003707301405073357F700058B3DDB37274F
:105C400000200327C78549D70347510151F3230695
:105C5000F10099472308F100035524006C00231735
:105C60000100EFB0DF85ADB7B727002083A7C78558
:105C70009DC3035524001306B1004C08829729D90F
:105C8000AA8483475101A9F7834761012308910042
:105C90002306F100D1B79944EDB7397122DC26DA39
:105CA00006DE4AD84ED652D456D25AD0A5472A84B8
:105CB000B2846399F5108347450203570600835A5F
:105CC000260085072302F5029307F7FFB387FA0240
:105CD0005442C207C183B69703C9170083C70700A0
:105CE0008346C50022093369F90085476390F602AF
:105CF00033075703231006008149014A130B35016E
:105D0000931A070193DA0A0163E15907C167FD1786
:105D10006302F90C83570401637EF90A05094209FD
:105D20008346C4001359090123172401054703556D
:105D300004009305E400639FE6002315F100930738
:105D400020302316F100930780022314210123073A
:105D5000F1002C00EFB0FFA203458400B1659385EC
:105D600005B8EFA00FA95945BDA083D62400DC409B
:105D700083452401ED1613865900C206C1823E9662
:105D80005A85EFB0AFC705C9630C3A01C84003D6C6
:105D90002400B3053501529597A0FA1FE7804048CB
:105DA00083D724003E9A83D70400420A135A0A017B
:105DB00085072390F40083D72400BE99C20993D9A4
:105DC000090199B703474600A9476310F7028347C3
:105DD000450281CF0145F2506254D2544259B25922
:105DE000225A925A025B2161828083462401130960
:105DF000340137F506004A8689451305C5C1EFB061
:105E0000EFBF19C10545C1BF8346240137F5060020
:105E10004A868945130505C2EFB04FBE65F5834636
:105E2000240137F506004A868945130545C1EFB0C0
:105E3000EFBC69F98346240137F506004A86894597
:105E4000130505C0EFB08FBB55FD03C74400BD4728
:105E5000E3EAE7FAA56793874712B3D7E700858B94
:105E6000D5D38347440285072302F40203D92400D3
:105E700071BDB727002003C607B4B727002003A7CA
:105E8000078681476315F600814636858280BA868B
:105E900013078702835587FDE389A5FE850793F7DE
:105EA000F70FCDB7011106CE2EC6E13701CD8347DE
:105EB000A500B245138717006396E50093F707F82E
:105EC0002305F500F24005618280011106CE2EC641
:105ED0004D3705C5B24591C188C183478500130779
:105EE000E00F5D456388E7001307F00F014563830A
:105EF000E7005945F240056182800945E5BF41113F
:105F000022C42A84210506C626C24AC0EFF02FAD5E
:105F100083472400A51793F7D70F91EB0347C400DD
:105F200085476310F7061C4881443149A9E3FD57B2
:105F300023010400A304F400230204021305C40097
:105F40002244B2409244024961468145410117A36F
:105F5000FA1F67000334B38724033E95084509C53B
:105F600097A0FA1FE780401C850493F4F40F834741
:105F700044010848E3E1F4FE97A0FA1FE780C01A45
:105F80007DB7084C75F965B7411122C4416406C656
:105F900026C29307E4FF630CF500AA8491EDD13D7E
:105FA00019E51305F4FFF13519C123109500B2402E
:105FB000224492444101828085476394F504EFF0C6
:105FC0005FEB2A846DD5FD572310F50083478400CD
:105FD0001307F00F6384E7021307E00F638BE700FA
:105FE000834624000345940001475146A685EFF0FF
:105FF0000F9122852937FD572304F400230504005F
:106000007DB78947E395F5FA8545EF40902845F13E
:106010002685EFF01FE62A8455F951BF39C9034799
:1060200085009307F00F6306F704011122CC06CE1A
:106030002A848346250083550500034595000147C2
:106040005D46EFF0CF8B03472400E1476319F7006B
:10605000035504006C0023060100EFB01F92F957AE
:106060002304F4002285EFF09FE9F24062440561C9
:10607000828082809307F00F6306F706011122CC1D
:1060800026CA2A844EC6AE84B689AA8593068500A0
:10609000376505004AC852C43A89328A1305C501DA
:1060A000794606CEEFF0EF92A304240123014401C8
:1060B0002322340185C01305C4006244F2404249E2
:1060C000B249224AA685D2446146056117A3FA1F48
:1060D00067000315F2406244D2444249B249224A61
:1060E000056182808280B72700202382A786828074
:1060F0009547639CF506834745028546850723023D
:10610000F50283570600584203462600FD17C207D2
:10611000C1836318D6048A07BA9703C7170083C7D9
:1061200007002207D98F0357E50063F9E7044111FF
:1061300006C622C485072316F5002A849305C500E8
:1061400003550500EFB02FDA03458400B165938550
:1061500005B8EF901FEAB2402244D9473E8541017D
:106160008280C946B387D70245BF83464600294788
:1061700085476396E6000347450211C381473E8584
:1061800082809D476392F506834745028356E5006A
:1061900085072302F502835706005842FD178A0738
:1061A0003E978347170003470700A207D98F01478F
:1061B00063F6D704411106C622C485072A84231634
:1061C000F5009305C50003550500EFF0CFC5034565
:1061D0008400B165938505B8EF90BFE1B2402244D9
:1061E00059473A854101828083464600A9470547C1
:1061F0006396F60003474502133717003A858280FD
:10620000411122C406C626C2B5472A84639BF50401
:1062100083474502B28485072302F5020355050032
:10622000EFB06F9283D704001307F5FF014563C5F4
:10623000E7020357E400035504009305C400BA972E
:106240002317F400EFB0EFD803458400B1659385C0
:1062500005B8EF901FDA5945B240224492444101FB
:106260008280034746009D470545E317F7FE034537
:10627000440213351500CDB7C547639EF506835715
:10628000060003572600FD17B387E70203474502C0
:1062900005072302E5025842C207C1833E978347A0
:1062A000370003472700A207D98F41677D17639501
:1062B000E70081473E858280138717002316E5009B
:1062C0000357E500E3F7E7FE411122C49305C5003B
:1062D0002A840355050006C6EFB00FD90345840094
:1062E000B165938505B8EF90DFD0B2402244D9471D
:1062F0003E85410182808346460029478547E39BCE
:10630000E6FA0347450255F775B7011122CC26CAB4
:106310004AC852C406CE4EC683C7250015472A8AEE
:10632000AE8432843689639DE7043686A28526854D
:10633000EFF01FDCAA8955E985476318F40A034783
:106340004900A9476301F70203C594004A878546BF
:106350000146D285EFE0BFDA19E585454A85EFE0D1
:106360003FD21334150083C6240003C594000147AF
:106370006946D285EFE0BFD82685EFF05FB851A01F
:106380001D476398E7003686A2852685EFF07FDFFC
:1063900055B725476398E7003686A2852685EFF036
:1063A000DF8F49BF35476398E7003686A28526858B
:1063B000EFF01FE541B745476398E7003686A285B1
:1063C0002685EFF07FEBBDB75D47639FE70003C70E
:1063D000C50085473686A2852685631DF702EFF046
:1063E0006FBA8547631BF5048549A5476317F40217
:1063F000835709009DE30544E38709F6D947E39DE8
:10640000F9F62285F2406244D2444249B249224A16
:1064100005618280EFF02FC4E9B703C594004A8775
:10642000A2860146D285EFE09FCD71F5A2854A850F
:10643000EFE01FC513341500C1B70544D9B7397152
:1064400022DC06DE26DA4AD84ED652D456D283D77C
:1064500005001944B1E783C925002A89328A938748
:1064600059FE93F7D70FAE84DDE7B727002083C628
:1064700047861307F00F938A478619446382E60222
:10648000F5476394F904EFF0DF9EAA8921C1034622
:10649000A5000DCE93178601E18763DD0700014457
:1064A0002285F2506254D2544259B259225A925A19
:1064B00021618280F5454A85EFE0BFCC83C7A90002
:1064C00093E707F82385F900D9BF814983D64400B3
:1064D000904483C5140003C504003800EFB0EFCA30
:1064E0002A845DFD83C6240003C50A0038000146E6
:1064F000CA85EFE0DFC02A8445F5B24799C323007F
:106500000A0083C724007547E39BE7F8E38909F88D
:106510002385F90071B7EFF0DF95AA8A49D1854745
:106520006391F90A83D5440088443000EFA09FE3CB
:106530002A843DF503C72A00C54763F2E70ADD4711
:106540006301F70CB727002003C59A0083C797B3F0
:10655000639CA70A014403C72A008D47631FF70401
:106560008357810003D7CA0063F4E7002396FA003B
:1065700083D5CA004A85EFE0FFF6B727002083D70E
:10658000079A6D47637BF70283D5CA005D47637640
:10659000B7021387350091056349F7001307B00F61
:1065A000BE856374F7009305B00F1166C20513062C
:1065B0000629C1814A85EF8060475685EFF03F94F8
:1065C000C5B5834725001144E39C37ED5C41E38961
:1065D00007EC83D5440088443000829791BFB727E9
:1065E00002009387072AB3D7E700858BA1DF03C694
:1065F00024003400D6854A85EFF03FD12300AA005D
:1066000045B583A70A01DDB783C6240038000146DB
:10661000CA85EFE0DFAE2A841DFD83C52400280073
:10662000EFE01FA605D923000A0035B7011122CCDF
:106630003724002006CE26CA4AC84EC652C4930943
:1066400084B303C589009307800291653305F50281
:1066500093856570372900209304098697A0FA1F57
:10666000E780409E03C68900930780028145330678
:10667000F60288C097A0FA1FE780A0C19C404D4554
:10668000A1C3930484B3130909860144130A800249
:10669000FD5983C78400636DF40237650500130557
:1066A000E543EFE0FFE237650500130545EAEFA09B
:1066B0005FBB37650500130585F8EF40A034014541
:1066C000F2406244D2444249B249224A0561828082
:1066D000B30744030325090061468145050413748B
:1066E000F40F3E95231035012301050023143501D5
:1066F0002305050023020502310597A0FA1FE78054
:1067000040B941BF01458280B727002083C617B436
:10671000814763E5D70001473A8582802E8791053E
:1067200003D6C5FFE30AA6FE8507E5B70DCD83476F
:1067300025000547890793F7F70F6376F7024111A4
:1067400022C406C62A848355050003453500014747
:10675000F9465D46EFE0BF9AF9572311F400B240C5
:106760002244410182808280B727002003C717B4EA
:10677000FD56814763E3E70082802310D5002301A3
:10678000050085071105FDB70145828037160020F9
:106790001306B67F930700022300F6003717002088
:1067A000FD57230DF77E37170020A306F77E371716
:1067B00000202306F77E8545B7170020239CB77E6F
:1067C000B727002023930786B727002023A8078632
:1067D000B727002023A00788B727002023AA078611
:1067E000B7160020B7F706009386067F938707C188
:1067F000DCC2B727002023840786B71700209387C1
:10680000C77809472380E6002380E7002388E70054
:106810002380E7022388E70237F70600130747C003
:10682000D4C7D8DBB7F606000D47238CE702938662
:1068300006C037270020D4CB0327C78637F50600CC
:10684000B7F606001305C5C1938646C2C8C32384A4
:10685000B70023950700238CB700239D0700D0CFF6
:10686000D4D3238407022395070223A60702239D7E
:106870000702D8DFB7170020377705009387C77C5A
:106880001307479423A00700D8C323A407008280DE
:10689000411106C6EFF05FE711C503452500B24080
:1068A000410182800145E5BF411122C426C24AC090
:1068B00006C6AA842E893284EFF01FE511E94165EE
:1068C000CA857D15EFF05FE4C54711C5231095001B
:1068D000230185008147B2402244924402493E850B
:1068E0004101828029E789483547639316050111E4
:1068F00006CE22CC26CA034716000346060093C7DD
:10690000F7FF2207598EF18F32C68DE7C4452A84DE
:10691000A685EFF0FFF732460147630FA6002285F8
:106920006244F240A685D24405616FF0FFF72D471F
:106930003A85828013070008F2406244D2443A85C7
:106940000561828083C8050009486395080303A890
:1069500045008347180003480800A207B3E7070172
:10696000C2070D68C18713082890639507018947FE
:106970006FF05FF705458280011122CC37140020AB
:106980001304D47E0347040006CE26CA4AC84EC666
:106990009307F00F6300F704AA892945B2842E8972
:1069A000EF904F9205C99307100B2310F5002302B7
:1069B0000500231135012313250123149500AA8511
:1069C000034504006244F240D2444249B2490561A1
:1069D0006F904F9EF2406244D2444249B2490561F1
:1069E00082804111B727002026C2AE8483A5C786C6
:1069F00022C406C62A84EFF0BFE9098909C92285A5
:106A00002244B240A685924441016FF08F86B24085
:106A100022449244054541018280411122C426C28C
:106A20004AC006C6AA84130445001309850B835780
:106A300004009DC3084409C59790FA1FE780C06E03
:106A400022853146814597A0FA1FE7808084310472
:106A5000231A04FEE31D24FDB2402244FD57239077
:106A6000F4000249924441018280B727002003C606
:106A700017B4B727002003A7878781476315F6005F
:106A8000814636858280BA861307870B835587F443
:106A9000E389A5FE850793F7F70FCDB7B727002049
:106AA00083A7078889CB03D747006314A7008847CB
:106AB00082809C43C5BF01458280411106C6F93FD3
:106AC00009C50845B240410182800145E5BF011179
:106AD00026CA9384450022CC4EC606CE4AC852C46C
:106AE00056C25AC0268781490144814681473D45A7
:106AF0000356070055CED9E20354470083572700B9
:106B0000B286A297C207C18385093107E392A9FE25
:106B100025C82E8991659385457022859790FA1F27
:106B2000E78040522A8B29CD814A014A8C4485C591
:106B300003D6440033054B019790FA1FE780406E5F
:106B400083D7440088443E9A420A135A0A01979018
:106B5000FA1FE780605D63890A003146814526851A
:106B60009790FA1FE780E072850AB104E3E03AFDEE
:106B70002326690123148900054521A0630DD60051
:106B80000145F2406244D2444249B249224A924A03
:106B9000024B0561828003562700E313F6FE03567D
:106BA00047003294B2974204C2074180C183A9BF13
:106BB0000545E37835FDA9BFB727002083A74787A0
:106BC00099E30145828098470357A7006315A70002
:106BD0001385470082809C43E5B7411106C6E93F13
:106BE00011C503550500B240410182800145E5BF52
:106BF000411106C6D13711C503452500B2404101F8
:106C000082804145E5BF411122C42A842E8506C6F3
:106C1000C537AA8505462285EF307047954763053D
:106C2000F500BD476313F5002145B2402244410100
:106C300082804111B727002022C406C603A44787DB
:106C400081469387478729C018440356A7001840F8
:106C50006317A60285CA98C22E8581C9214693056D
:106C600044009790FA1FE780A05B22859790FA1F57
:106C7000E780804B0145B240224441018280A286D8
:106C80003A84D1B798C3C9BF0545F5B73727002067
:106C900083270788014613070788A9C703D8470039
:106CA0009443631CA802011106CE22CC26CA0DCA49
:106CB00014C2AA843E852E849790FA1FE780C046AE
:106CC0002C002685EFF0FFF601E519C0B2471CC085
:106CD000F2406244D244056182803E86B68775BF29
:106CE00014C3C1BF05458280411122C42A8409050D
:106CF00006C6EFE0CFCEFD57A301F400B240224418
:106D000041018280B727002003C717B4B7270020AE
:106D100083A7C7872A86050781463E8583D7070054
:106D20006388C700850693076500E3E8E6FE014532
:106D30008280411122C4416406C626C29307E4FF43
:106D4000630EF500AA8485E1EFF0DFFB01E913058E
:106D5000F4FFEFF03FFB19C123109500B24022442D
:106D600092444101828085476394F504EFF09FF9D6
:106D70002A846DD5FD572310F5008347240013079F
:106D8000F00F6384E7021307E00F638AE70003450F
:106D900034000147F9465146A685EFE04FB62285FB
:106DA000EFF09FF4FD572301F400230204007DB7A8
:106DB0008947E395F5FA8545EF30B04D45F12685D5
:106DC000EFF05FF42A8455F951BF1D71A6CACEC6F3
:106DD00086CEA2CCCAC8D2C4D6C2DAC05EDEAE8429
:106DE00083C52500F947AA896397F504EFF09FF161
:106DF0002A8411ED01442285F6406644D644464972
:106E0000B649264A964A064BF25B25618280834743
:106E100025000547890793F7F70FE37DF7FC034546
:106E200035000147F9460146CE85EFE04FAD22859A
:106E3000EFF09FEBC1B703AB0400B70700019387E6
:106E400007F037071200B377FB0013070710B28A69
:106E50000149638AE7022EC6EFF0DFEA2A89B245CC
:106E60001DC10346450005C293178601E187E3C3B0
:106E700007F84E85EFE0EFB08347490093E707F846
:106E80002302F90085BF371A00200347AA7F930722
:106E9000F00F130AAA7F1944E30FF7F4E147E3EC7C
:106EA000B7F493D71500FD1713973700B7E706001F
:106EB00093874762BA9703A80700E30E08F283ABF3
:106EC0004700E38A0BF2420B135B0B0163050B00D7
:106ED000C947E392F5F283D64400904483C5140079
:106EE00003C50400380802982A84E31605F02C082C
:106EF0004E85829B2A8421C983C71400E39D07EE37
:106F000083C72400230AA10039472308F1006399AD
:106F1000E70262478347170003470700A207D98F9C
:106F20000C084E852319F100EFA06FD9E30405EC9E
:106F300014080546D9454E85EFE08FC52A8465BD06
:106F400083578101F1BF83C624009147E384F6EAA9
:106F500003450A0038080146CE85EFE04F9A2A849F
:106F6000E31B05E883C524002808EFE06F9119C1F1
:106F700023800A009840B7070001938707F07D8FB0
:106F8000B707120093870710E306F7E6E30409E664
:106F900083C724002302F900B9BD011106CE2EC615
:106FA000EFF05FD601CD83474500B2451387170048
:106FB0006396E50093F707F82302F500F2400561B8
:106FC0008280B727002003A7478719E3014615A849
:106FD0001C4703D8A700636B050183584700B3869D
:106FE00008016355D5008146639416011843F1BF2B
:106FF0003E86C10703D3A7FF6317A30099C123905F
:107000000501328582808506C206C182F1BF3971D1
:1070100052D42E8A4ED69305E101AA89528522DCEC
:107020004AD856D206DE26DA328936C63AC4BE8A35
:10703000EFF03FF9054435C5AA840355E101394411
:10704000EFF0DFA539CD03284500630C0804224783
:10705000B246D6874A86A6854E8502982A8431E1B3
:107060009307E00F638FFA0203C704008947631A8E
:10707000F702D8408347170003470700A207D98FBC
:10708000C2070D67C18713072790639CE7008347FA
:10709000190003460900D285A2075D8E4E85EFF0E8
:1070A000BF8D2285F2506254D2544259B259225AAD
:1070B000925A21618280797122D4035425004ECEE8
:1070C000AA89228556CA06D626D24AD052CC5AC898
:1070D0005EC662C4AE8AEFF05F9901E92285EFA037
:1070E0001FDE594429E90144B9A003C78900854737
:1070F000AA840144631AF702AA8513858900EFF078
:107100001F9D29CD03D7640083D68400D04483D546
:10711000440003D52900E147EFF07FEFD9472A84E7
:107120006318F50223A604002685EFF01F8F49C0DF
:10713000D947E30AF4FA2285B250225492540259F4
:10714000F249624AD24A424BB24B224C456182809C
:1071500061DD83D744002390FA00F9B71389440016
:10716000014AB94B594C3D4B83550900D5DDE147E8
:1071700063067A010357C90011C3D9470357290091
:10718000835649000326890003D52900EFF03FE824
:107190002A846319850123240900050A3109E315AE
:1071A0006AFD59B77DD9835709002390FA00F5B7D6
:1071B00003D529002DB701112317C1009307E00F54
:1071C0001306E1000147894606CEEFF05FE4F24086
:1071D00005618280797122D42A840355850026D2E4
:1071E000AE849305210106D64AD0EFF09FDD6308F7
:1071F000050E834785002AC693F707028DCF0355F6
:107200002101EFF09F8BAA87B24501ED83578400DF
:1072100039452390F400B2502254925402594561EA
:107220008280035524004946829711C58357840004
:107230002390F400CDB7035924004A85EFF0FF8274
:1072400011ED41657D15EFF05F8219E583578400EC
:1072500025452390F400C1B72310250113074500ED
:107260008147BD46035607002DE63147B387E70245
:10727000130984003146CA8591073E959790FA1FFD
:10728000E78000FA3146CA8548089790FA1FE780E0
:1072900020F90356C4000355240041478146DD45CB
:1072A000EFE0EFA92ACE19E58357840045452390E6
:1072B000F40095B70C480356C4009790FA1FE78076
:1072C00020F6035524004C08EFA03FBB29D55945B3
:1072D00099B785073107E397D7F8254581BF05455D
:1072E000B1B7797122D42A840355850026D2AE84A1
:1072F0009305E1014AD006D63289EFF09FCC51C503
:107300008347850093F70702A9E703471401930712
:10731000200519E3834744008356A4005044835555
:107320008400035524000147EFF07FCEAA8721E9AE
:107330008347140199E703552400EFA03FAFD947D5
:1073400011E18147B2502254925402593E85456161
:1073500082802AC60355E101EFF02FF6AA8705C9FE
:10736000B2450355240049468297AA8759DD035741
:1073700084002390E4000347140161F7E1B7594703
:10738000E317E5FE230009006DBF8547CDB7B94778
:10739000F9BF397122DC4AD84ED652D406DE26DA3D
:1073A000AA892E8A32C63689EFF0DF95094415C5C1
:1073B000834725001307E00FAA845D44638FE7002D
:1073C0001307F00F5944639AE700324605E2D2856D
:1073D0004E85EFA0BFB22A8415CD2285F2506254AB
:1073E000D2544259B259225A2161828003550A006F
:1073F0009305E101231F0100EFF0BFBC0355E1013C
:10740000EFF00FFFAA8505464E85EF3040482A84ED
:107410005DDDE1B79307F00FE301F9FC3765050087
:10742000938624007946A6851305C572EFD07FDACE
:10743000A38124015DB73971B727002026DA83A420
:10744000478752D45AD05ECE62CC06DE22DC4AD8C0
:107450004ED656D266CA2A8BAE8B328C368A99E0CB
:107460008149B9A0804483DC44000149835AA400C7
:10747000631499018440E5B78357A400A28963F897
:10748000670105094209135909014104D5B7E3EA27
:10749000FBFE630C0A00834504004840D2866286E6
:1074A0003AC6EF90BFD5324769DD19C323105701A3
:1074B000F25062544E85D2544259B259225A925ACD
:1074C000025BF24B624CD24C2161828003D70500F3
:1074D00083D62500854763E9E60439C7411183C691
:1074E000450026C237F506009384550022C426863F
:1074F0002E841305C5C1894506C6EF903FD0C1470C
:1075000011CD8346440083552400035504000147F0
:107510002686EFF05FF2814711E1A947B24022448D
:1075200092443E85410182803E8582802E860355AD
:10753000060083D52500854763E2A50205C1834681
:10754000460041110147150606C6EFF0DFEE814700
:1075500011E1A947B2403E85410182803E8582808B
:107560002E860355060083D52500854763E2A502D4
:1075700005C18346460041110147150606C6EFF0D6
:107580009FEB814711E1A947B2403E8541018280CE
:107590003E85828039714ED683D7250083D9050078
:1075A00006DE22DC26DA4AD852D456D25AD05ECE33
:1075B00062CC66CA6AC863E037198547638E0914CE
:1075C000416BAE8A2A8A2314010002C60144014994
:1075D0007D1B894B054CC94C054D83D52A000147BD
:1075E000814601464E8523130100EFF0DFE4AA84B3
:1075F0006300051209EC13072002930661005A8606
:1076000095455285EFD0BFF32A84630805120357CE
:10761000810083C7040045C70347A100630CA70787
:1076200041476385E7022C005285EFA00FCE09CDBC
:1076300034001546D9455285EFD09FD511C5324546
:107640009790FA1FE78040AE8147F9A083D7A40046
:107650004146130524002300F40083D7A400A1832E
:10766000A300F400CC409790FA1FE78060BB490468
:10767000835781008507C207C1832314F10063F992
:10768000270983D7A400638567098509C20993D9AF
:107690000901A1B7E39977F983D7A4000946130537
:1076A00024002300F40083D7A400A183A300F400E6
:1076B000CC409790FA1FE780A0B6110455BF22C6B0
:1076C0000359610003C7A4001305240063827703F4
:1076D00033599903230571012300E40083D7A400E3
:1076E0004146A183A300F400CC401379F90FA5BF54
:1076F000230581012300E40083D7A4001359290046
:107700001379F90FA183A300F4000946CC4055B7C3
:107710008357810089FBA947F2506254D2544259E1
:10772000B259225A925A025BF24B624CD24C424DF1
:107730003E85216182808547C5B7C547F1BFB72720
:10774000002003C7E788854763F3E706011122CCD1
:1077500026CA4AC806CE2A843289AE84EFF08FDA70
:1077600001C9034725009307E00F5D456308F70053
:10777000631C0900A6852285EFA02FF5F240624424
:10778000D24442490561828003D504009305E1009B
:1077900023170100EFF0FF820355E100EFF04FC522
:1077A000AA8505462285EF30800E69D5C1BF5945AF
:1077B000828013F7050201C7B2856FF0CFC4411173
:1077C00026C24AC006C622C413F98500AA846317DC
:1077D0000900139785016187635D0702328536844E
:1077E000EFF00FC1AA8505466313090001462685FF
:1077F000EF30E00901E90145B240224492440249D8
:107800004101828083479400E5DB83478400E5F7EC
:10781000E5B793F72500E5F30D45F9BF7971AE861D
:1078200022D42A8403D506009305E10106D636C684
:10783000EFF02FF909CD83458500B2460356E101EB
:107840002285EFF01FF7B250225445618280054532
:10785000DDBF13F7050201C7B2856FF0CFBA411142
:1078600022C426C206C693F485002A8491E41397A5
:1078700085016187635007023285EFF06FB7AA85F3
:10788000054691E0014622852244B24092444101DE
:107890006F20F07F93F72500014591E30D45B2403D
:1078A00022449244410182807971AE8622D42A8496
:1078B00003D506009305E10136C606D6EFF06FF05A
:1078C000B24601CD834585000356E1012285EFF0E4
:1078D0005FF8B2502254456182800545DDBF797161
:1078E00026D2AA840355A500C16722D44AD04ECE21
:1078F00006D623170100FD173284B6890149630DAE
:10790000F500050583C60400D04042051307E100D9
:107910004181EFF05FB22A8983C60400D04037F579
:10792000060089451305C5C1EF905F8D1DC503D4C1
:10793000A4002285EFF06FAA09C57D142A944204A1
:1079400041806384090023908900B25022544A8503
:1079500092540259F2494561828083C60400D040A6
:1079600037F506008945130505C2EF903F8961F19F
:1079700083C60400D04037F506008945130505C0CD
:10798000EF90DF8719C9E30609FA8357E100E39214
:1079900087FA0354A9007D145DB703D4A40055B73A
:1079A000397122DC26DA4AD84ED652D456D25AD071
:1079B00062CC06DE5ECEBE8983C785002A8AAE848D
:1079C000C18B328C36843A89C28A468B9DE783CB41
:1079D00004008947638BFB046285EFF02F8C1DC187
:1079E00083280500638008025A88D6874E87CA8696
:1079F0002286A6855285829839A03285EFF0EF8BDA
:107A0000AA8711ED3945F2506254D2544259B25905
:107A1000225A925A025BF24B624C216182802946C3
:107A2000A6855285829745D5F9BFD8408347170070
:107A300003470700A207D98FC2070D67C1879306C6
:107A400007906384D72263CEF60693062780638E61
:107A5000D70C63C1F60213070780E3CFE7F62D4585
:107A6000E39309FADC4403C60700CC432310C900A2
:107A7000228569A213073780E390E7F62D45E3944A
:107A800009F885472310F900DC44814583C70700C6
:107A90002300F40003D5A400050542054181EFF061
:107AA0004FD2835709006317051291072310F9007D
:107AB00011468145130514009780FA1FE780607D09
:107AC00029A2930627906383D71863CED712930613
:107AD0003790638CD71813074790E39FE7EE2D4547
:107AE000E39309F2DC441D472310E90003C70700B4
:107AF0002300E40003C71700A300E40003D7270016
:107B00002301E40003D727002183A301E40003C776
:107B100047002302E40003D76700A302E40083D7F1
:107B20006700A1832303F4004DA02D45E39D09ECDC
:107B3000DC446C0083C9170003C70700A209B3E93E
:107B4000E90011472310E90083C707004E85230091
:107B5000F400DC4483C71700A300F400EFF06FC605
:107B6000AA8435C50356C100C1659306E100FD1521
:107B70008329C500EFF0BFD619ED83C60400D040BD
:107B800037F506008945130505C2EF902FE701E59B
:107B9000FD572317F10003C7090089476310F70257
:107BA00083A549000946130544009780FA1FE78022
:107BB00020678357090089072310F9008357E100E4
:107BC0002301F400A183A301F40001452DBD231777
:107BD0003101EDB7034705008907BA972310F90073
:107BE0008357A500A300F4008357A500A1832301B8
:107BF000F400034605004C41130534009780FA1F3A
:107C0000E7800062D9B7C8449780FA1FE780806B8D
:107C100093170501C1832A871D45E3E637DF639982
:107C2000F90023100900CC4403560900CE9589B50C
:107C30004207B3863A01418363C7E600B387374101
:107C40002310F900CDB723105901F1BF2D45E39C56
:107C500009DACC445285EFE0BFC323107901230039
:107C6000A4002181A300A4008DB72D45E39D09D870
:107C7000DC442310790183C707002300F400DC44AF
:107C800083C71700A300F40089B71D71CAC82A89E9
:107C900003552500A2CCCEC6D2C4D6C2DAC05EDE61
:107CA00062DC66DA6ED686CEA6CA6AD8AE8AEF9055
:107CB0008FE9130CF5FF93170C01B72B0020C1833C
:107CC0002A8A814913840B8F3EC6372B0020B72C9C
:107CD0000020C16D8357C90063F6F9008357040083
:107CE00063CC87010355290093850B8FEFA08F8804
:107CF0002A8D15CD594D25A8832789001397190082
:107D00009305E101BA9783C4170083C70700A20453
:107D1000DD8C2685EFF0EFAAAA8515E923909A005D
:107D20004840054D09C59780FA1FE780E03FF640BF
:107D300066446A85D6444649B649264A964A064B61
:107D4000F25B625CD25C425DB25D2561828032484A
:107D50008348490083A60C870356E1010355290097
:107D6000814713076B86EFF0BFC32A8D13880C87FA
:107D700009C523909A00484075B75C4085E70355D4
:107D80002900514781461386FDFFBD45EFD02FFBEB
:107D9000B727002048C01388078709E523909A0079
:107DA000454D71B78357040003576B8693046B8668
:107DB0003E976347470113C7F7FF52972390E400AC
:107DC000484003D60400832508003E958509978026
:107DD000FA1FE780E0448357040003D70400C20978
:107DE00093D90901BA972310F400EDB5397122DC5B
:107DF0002A840355250006DE26DA4AD84ED652D408
:107E00005AD05ECE62CC66CA2E8B56D26AC8EF902C
:107E10008FD32A8A8346C4008355A4000355840067
:107E200078001306D400130CBAFF651AEFF0AFE028
:107E3000420A37290020AA898144135A0A01B72B24
:107E40000020B72C00201309098F6386090463D42E
:107E50008405938A0C878348440083A60A0003564E
:107E6000C100035524005288814713876B86CE8555
:107E7000138D6B86EFF0DFB215C5814A0356C10042
:107E80008355A4004E859306E100EFF05FA5AA8913
:107E9000639D0A065DF9E5E08357840029452310B8
:107EA000FB0089A083570D0003560401E317F6FC7D
:107EB00083A50A0048489780FA1FE780A04355DD54
:107EC00083274900A1E303552400416645478146C5
:107ED0007D169D45EFD0AFE605E583578400454507
:107EE0002310FB00F2506254D2544259B259225A24
:107EF000925A025BF24B624CD24C424D216182801D
:107F00002322A90083DAA90095BF83274900A697F9
:107F10002380570193871400139707018327490093
:107F2000418393DA8A00BA9723805701138724008C
:107F30008326490093873400420791044183C20796
:107F4000C204C183C180369711CD8356E10023005E
:107F5000D70003274900BA970357E1002183238004
:107F6000E700E5B5FD562300D70003274900BA977F
:107F70002380D7000DB703552400B7250020898042
:107F80002398958E9385058FEF90DFC421DD5945A9
:107F900091BF411122C406C693F705012A84328598
:107FA00085C3EFE0FFC4AA8505462285EF20300E89
:107FB00095476305F500BD47631DF502214515A8EA
:107FC00093F7450099CBEFE0BFC20546AA8522850D
:107FD0002244B24041016F20900B93F7050489C7FA
:107FE000EFE01FC10146DDB713F51500133515008D
:107FF0000605B24022444101828079714AD04ECEBA
:1080000052CC06D622D426D22A8AAE89014983D7F9
:1080100049006364F9000145A1A083A70900131476
:108020001900930414003387970003470700A297B1
:1080300003C5070022079305E100598DEFE07FF8A3
:1080400005E983A7090005453E9403470400238002
:10805000E70083A70900BE9403C70400A380E700DC
:10806000B250225492540259F249624A45618280C8
:10807000834585000356E1005285EFF09FF105C16D
:1080800083A709003E94034704002380E70083A7E9
:108090000900BE9403C70400A380E700D1B7050917
:1080A000420913590901A5B7011122CC2A8403D52D
:1080B00005009305E10006CEEFE0BFF001CD83455A
:1080C00085000356E1002285EFF0BFECF2406244E8
:1080D000056182800545DDBF1D71CAC82A89035527
:1080E000250086CEA2CCA6CAD2C4D6C2DAC05EDE35
:1080F00062DC66DA2E8ACEC66AD86ED6EF90AFA45E
:108100002AC68346C9008355A9000355890078080B
:108110001306D900EFF02FB2B247B7240020416B0D
:10812000938AA7FFC20AAA8B014493DA0A01372C6B
:108130000020B72C00209384048F7D1B63860B18CE
:108140000356C10183C58B0003552900EFF07FE47E
:10815000AA8D631605168348490083A60C8703562B
:10816000C101035529005688814713076C86DE85B7
:10817000EFF01F83AA8D93096C86138D0C87631013
:10818000051429C003D7090083D72400110763977A
:10819000E7003247A2976D1763CAE706B7250020AC
:1081A0009387058F03D72700035529009385058FF3
:1081B0003354E40223908700EF905FBFAA8D15C16E
:1081C000D94D05A003552900494781465A86C54522
:1081D000EFD0EFB6C8C015E583D7AB00C54D23106F
:1081E000FA00F64066446E85D6444649B649264AAA
:1081F000964A064BF25B625CD25C425DB25D2561E1
:10820000828083D7090091072391F400DC4003D7D3
:10821000AB009306E101A2972380E70093071400C7
:1082200013970701DC4041835E85BA9703D7AB0003
:1082300021832380E7000356C1018355A900EFF095
:108240000FEAD440130724000356E101420741839B
:1082500036972300C700D84093073400C207C18374
:10826000BA970357E101AA8B110421832380E70009
:10827000C8404204418003D6090083250D002295A1
:1082800063950B029780FA1FE78080F983D7090076
:108290003E9442044180E31304F083578900231085
:1082A000FA00E3900DF4A94D2DBF9780FA1FE780E7
:1082B00020F783D709003E944204418041B583D71B
:1082C000AB002310FA00C1BF814DF1B75D71A6C2AA
:1082D000CAC0AA840359850003552500A2C44EDEF6
:1082E00052DC5AD85ED662D466D286C656DA6AD0D6
:1082F0006ECE2E8BEF902F85930BD5FF7115131A31
:108300000501B72900200144135A0A01372C002027
:10831000B72C00209389098F6359741583C6C40054
:1083200083D5A4001307E1001386D4004A85EFF03B
:108330008F902A8D630B05120359A5008345850094
:108340000356E10003D52400EFF0BFC46314051207
:1083500083C8440083A60C870356E10003D524009C
:108360005288814713076C86EA85EFF06FE3930D1F
:108370006C8613880C87631F050E1DC883D70D00FC
:1083800003D729008907630CF706B7250020138758
:10839000058F8357270003D524009385058F335419
:1083A000F40223108700EF90BF8C15C5594525A016
:1083B00003D5240041664D4781467D16A545EFD083
:1083C0000F98B727002023A2A900138807871DE173
:1083D00023102B014545B640264496440649F259E0
:1083E000625AD25A425BB25B225C925C025DF24DF1
:1083F0006161828083D70D0089072391F90083D7BB
:108400000D00A29763D3770783A749000357AD00F8
:10841000930A2400A2972380E70005049317040120
:1084200003A44900C183C20A3E948357AD0083254B
:10843000080093DA0A01A1832300F40003A5490090
:1084400003D60D0056959780FA1FE78060DD03D4B0
:108450000D00C167FD17569442044180E30EF9EA0E
:10846000050942091359090145BD294519FC231085
:108470002B0195B76DDC11BF8357050081E7894754
:108480003E858280411126C2444122C406C64AC0AC
:1084900083C60400D0402A8437F5060089451305B9
:1084A000C5C1EF80BFD519C9834724002547E5170B
:1084B00093F7F70F6377F702E14729A883C6040013
:1084C000D04037F506008945130505C2EF801FD35C
:1084D00061FD8947B2402244924402493E854101F0
:1084E0008280371900208356897F85471309897F49
:1084F000F5D2035704003697C166E3CDE6FC9165DB
:108500009385257031459780FA1FE780A0B3AA8430
:10851000CD4769D1314681459780FA1FE78060D702
:10852000835704008355090001460147B386E500DF
:10853000C206C182636BF702AE97C207C18319C23C
:108540002310F90023A004002146A28513854400CE
:108550009780FA1FE780C0CCB72700209387478712
:10856000984311EF84C38147B5B7504013154700B6
:1085700005072A962315D60005464DBF3E871C43A6
:10858000F5FF04C381BF011106CE22CC26CA4AC81A
:1085900009E98944F240624426854249D244056192
:1085A00082802AC62A84280036892314B100230534
:1085B000C100EFF07FECAA8471FDE30D09FC835745
:1085C000A400E1DB91659385557031459780FA1FD2
:1085D000E78040A715C58357A40023200500232466
:1085E00025012312F500B7270020938707889843B9
:1085F00001E788C345B73E871C43F5FF08C359BF51
:10860000CD4449BFB72700209387878603C707005B
:1086100015E305472380E700058909CDB71600203B
:10862000371500209386C67C414691451305C578D1
:108630006FF07FF501458280B7170020A386A77EE3
:108640008280C167FD176315F5002E856FE0CF911D
:10865000411106C6EFE04F8B11C5FD572310F50001
:1086600023010500B2404101828001114AC806CEB3
:1086700022CC26CA85472A896393F5044A85EFE010
:10868000CFBE39E9C16437F606009385F4FF1307BE
:10869000E1008946130646C00545EFE0DFD92A848C
:1086A000FD140DC44C444A85EFF0BFF90356E100B8
:1086B00022858146A685EFF08FA22A84DDB78947FF
:1086C0006396F5008545EF20C03C4DD9F2406244E9
:1086D000D244424905618280EFE02FB465B70111B1
:1086E00026CAB7240020938484B322CC03C5940007
:1086F0003724002013048487B72700203727002061
:1087000006CE4AC84EC62320040023AE0786232681
:10871000078649C91389C7879307200C3305F502DB
:108720009165938515709309C786190542054181A6
:108730009780FA1FE780009103C694009307200CEE
:1087400081453306F60208C019069780FA1FE780B4
:1087500040B41C4003C7940081459386870B7D5528
:1087600063ECE5069306800BB306D7020146FD5580
:108770000507B6972320F900BE862390B600A38193
:10878000B6002381B6002382060005069906E3663B
:10879000E6FEF9562390D70099463307D702BA97D9
:1087A00023A0F900377505001305A5DCEFC0FFD243
:1087B000377505001305A5F9EF805FAB3775050028
:1087C000130525D3EF200024F2406244D2444249ED
:1087D000B2490145056182802394A6F41386C6F44C
:1087E00023100600232406003106E31BD6FE850570
:1087F0009386860BB5B7411106C622C42A84EFC002
:108800000FB7EFD0BFF8B71700202386877EB727B2
:10881000002003A5C786EFD03FF5B7170020238DB2
:10882000877E2244B240378505001305A5664101C5
:108830006F20401D93970501C18763D30734B71795
:10884000002003C5C77E797122D45AC806D626D225
:108850004AD04ECE52CC56CA2E8BEF70AFAD2A8482
:1088600029C9034705009307000B6311F704B724D8
:108870000020854793840487A304F1009C402315BE
:108880000100A9E7EF00007F91659385357097702F
:10889000FA1FE780207B88C015E98347910099C7BC
:1088A0008345440013058400EFD0EFA52285EF70C7
:1088B0004F9CB250225421653345AB00925402596B
:1088C000F249624AD24A424B45618280372A0020EF
:1088D0006146814513050A8F9780FA1FE780609BE8
:1088E00003494400894793040A8FD289930A0A8F67
:1088F0006314F906EF0000782390A40003552400C8
:1089000093050A8FEF90EF9B0357240083D7040051
:108910008356840011ED63E4F6002314F4008355BC
:1089200084003A85EFC01FBC2285EFC07F8EB5B7AB
:1089300063E4F6002314F40083578400D94593863A
:10894000098F0D463A852390FA00EFC07FA48D452C
:1089500061DD1385098FD1A09947631AF902930548
:10896000A1002285EFF08FC8AA845DDDD947639608
:10897000F40E0509035524001379F90FD9459386A0
:10898000098F4A86EFC0DFA0CA8559DDD9B7A14754
:108990006318F9009305A1002285EFF03F93E9B732
:1089A000A947631FF906035584006C00EFE06FE1EF
:1089B0002A89630D05140355240041669306E100DE
:1089C00055477D16AD45EFC09FB7C8C0AA8649C1BF
:1089D000834844000358E1000356C10003552400B6
:1089E000814713070A8FCA85EFE09FFBAA84631EA5
:1089F000050E0355240093050A8FEF904FAD0DD55A
:108A00000355240093060A8F2D46D945EFC05F9881
:108A1000E30C05F0AD4513050A8FEFD0CF8E29B7D3
:108A2000B147631BF90E035584006C00EFE06FD96A
:108A3000AA8469CD0355240041669306E100594795
:108A40007D16B545EFC0BFAF23A2AA00AA8629E9CB
:108A500083578400C5442315F10003471400D14710
:108A6000E304F7EC83474400035524009385098F02
:108A70002380FA008357A10023829A002391FA00F1
:108A8000EF80FFA3E30205EA035524009386098FD4
:108A90000546D945EFC0DF8FE30805E8854555BD9C
:108AA000834844000358E1008357A4000356C100E3
:108AB00003552400A68513070A8FEFE07FEEAA84F2
:108AC0000DE50355240093050A8FEF900FA6E30DE3
:108AD00005E403552400D94593060A8F3546EFC0B7
:108AE0003F8BB545E30205E4ADB5D9476393F40088
:108AF000814403A54A009770FA1FE780E062E3858E
:108B000004E2835784002315F10081BF835784005A
:108B100085442315F10091B7B9476318F90093050F
:108B2000A1002285EFF06F9681B5C1476318F90067
:108B30009305A1002285EFF02FDA3DB5C947631AEE
:108B4000F900130691009305A1002285EFE06FF96B
:108B500021BDD947631DF9009305A1002285EFE0EF
:108B60006FE7AA84E31405E0A304010075BBE147A5
:108B7000E31CF9DA9305A1002285EFE0CFD3EDB332
:108B800001458280EDC2011152C42E8A854522CC56
:108B90004EC656C206CE26CA4AC8AA8AB6893284AA
:108BA000EF10306FD1471DC5B727002037270020B1
:108BB00083C7C7888346D788814419E0B684BE86B8
:108BC000372700200327478893974400BA9763ED1F
:108BD000D400D547F2406244D2444249B249224AC5
:108BE000924A3E85056182803E89C10703D727FFEF
:108BF00009C7850493F4F40FD9BF25C09565938503
:108C000025C0130500029770FA1FE780A0432326B2
:108C1000A90061D113060002814593840404977072
:108C2000FA1FE7800067231199002300090023132E
:108C300059011DC437270020834794000326C7A984
:108C40002304F900118C8327C90011841180238E1D
:108C5000870023A029018147B5BF23260900F1B76A
:108C600023044901FDB785473E858280B727002050
:108C700083C5C788B727002003A747888147639526
:108C8000F50081463685828003562700BA8619C2D0
:108C9000E30AA6FE850793F7F70F4107CDB7B7277D
:108CA000002003C6C788B727002003A7478881474D
:108CB0006315F60081463685828083552700BA8683
:108CC00089C583454700E388A5FE850793F7F70F1D
:108CD0004107F9BFB727002083C5F788B7270020D1
:108CE00003A7C7A981476395F50081463685828031
:108CF00003560700BA8619C2E30AA6FE850793F752
:108D0000F70F4107CDB7B727002003C8D788B7278B
:108D1000002083A7478801476315E8008146368510
:108D2000828003D62700BE8619CA03D6670063185F
:108D3000A600D04709C603562600E302B6FE050783
:108D40001377F70FC107C9BF411122C4404526C29E
:108D500006C6AA8415C0484409C59770FA1FE78063
:108D6000A03C484809C59770FA1FE780E03B228580
:108D70009770FA1FE780403B2685414681459770F2
:108D8000FA1FE7800051B2402244FD57A384F4004B
:108D9000924441018280011122CC2A84035525008E
:108DA00006CE2EC6EF10F018324622858145EF0020
:108DB000B07222856244F24005616FF0FFF80DC584
:108DC00003572500411122C406C62A8411CBDD4574
:108DD000EF00707422852244B24041016FF0DFF64B
:108DE000B2402244410182808280411126C2B146B4
:108DF0009304C5FFB386D402B72700201387C7AA00
:108E000006C622C436978356A7006398B602484325
:108E10000DC51384C7AA9307F00F6306F6008347B6
:108E20000500639CC7009770FA1FE780E02FB147E9
:108E3000B387F402A29723A20700B24022449244CF
:108E400041018280411122C42E8426C24946AA844F
:108E50008145228506C69770FA1FE7808043A5C02A
:108E600083C7C40113974700B727002083A7C7A96A
:108E7000BA9703D707002310E40003D7270083D74E
:108E800067002311E400372700200357A788231227
:108E9000E40003D704002313E40003D724002314C1
:108EA000E40003D744002315E40003D7640023162D
:108EB000E40003D784002318F4002317E400B24031
:108EC0002244924441018280B727002083C5C7888D
:108ED000B727002003A8C7A9B727002003A6478803
:108EE000014781476394E5003E8582808346060002
:108EF00081CE544691CA83C6C6019206C2966315B6
:108F0000D500850793F7F70F05071377F70F41068D
:108F1000D1BF130600643386C50293069500AA8567
:108F2000379505001305E5DB6F708FB7411122C43B
:108F300006C62A8403459500EF700FD1FD57A304A0
:108F4000F400B240224441018280011122CC4AC87F
:108F50004EC652C456C25AC006CE26CA2A89AE8907
:108F60000144372A0020B72A00201D4B8347DA88A6
:108F70006365F40463990902B7290020372A0020A9
:108F8000930AF00F83C7C9886367F4061144A144AC
:108F90002285050442041306F00FCA854180EFF0D4
:108FA000DFE4E31794FEF2406244D2444249B249FE
:108FB000224A924A024B0561828083A74A88931411
:108FC0004400BE9483C704009DC383D764006390AC
:108FD00027036396690103D52400EF108075268569
:108FE0004E868145EF00504F2685EFF0FFD50504F2
:108FF0001374F40FA5BF83274A8893144400BE94CA
:1090000083C704009DC383C794006380570383D73D
:109010006400639C27012685EFF05FF12685D1452A
:10902000EF00704F2685EFF03FD205041374F40F64
:1090300091BF41677917630BE502411122C406C64F
:1090400085472A846399F50022852244B2408145F0
:1090500041016FF09FEF89476396F5008545EF105A
:1090600050237DD1B24022444101828082809D45BF
:109070006FF0BFEDB727002003D5A7888280B72700
:10908000002003C78788011106CE2317A1002316ED
:10909000B10085476318F70070009305E1000545AE
:1090A000EF509019F24005618280A947631CF604D5
:1090B00083C7150003C70500A207D98F2310F50049
:1090C00083C7350003C72500A207D98F2311F500F8
:1090D00083C7550003C74500A207D98F2312F500A7
:1090E00083C7750003C76500A207D98F2313F50056
:1090F00083C7950003C78500A207D98F2314F50005
:10910000014582800545828091476314F60283C73A
:10911000150003C70500A207D98F2310F50083C7E8
:10912000350003C72500A207D98F2311F50001459B
:109130008280054582809387C5FF93960701C1828F
:109140000D476360D7023147B387E7023727002016
:109150001307C7AABA972381A7002390B700014538
:109160008280094582809306402037270020AA8705
:1091700063F4A60093074020F1172315F788B7275B
:1091800000202387B788B72700202388B7888280EC
:109190001905956542054111938535C0418106C683
:1091A0009770FA1FE78000EA11C5B240E955410106
:1091B0006F60FF84B24041018280B727002023877F
:1091C0000788B72700207971054723840788B727C8
:1091D00000202384E7AA4ECEB7270020B72900201D
:1091E00022D426D24AD037240020B7240020A388D6
:1091F000078837290020B72700209389F98806D6E9
:1092000052CC2AC623060488A3860488239507889F
:109210002322098823800900EF1040593245B727DF
:109220000020130600032380A7AA3725002013057A
:10923000C5AA81459770FA1FE780A005372A00204C
:109240000345CAAD1304C4889384D488130949889C
:1092500015CD9565938545C012059770FA1FE78077
:1092600060DE37270020232EA7A80DC10346CAAD14
:109270009307CAAD83C717002380C9008145120632
:109280002380F4009770FA1FE780A000B727002022
:1092900003C507B483C704009565938555C03E9503
:1092A0001375F50F2300A40012059770FA1FE780CD
:1092B00060D92320A90049C5034604008145120650
:1092C0009770FA1FE780E0FC03270900834604003B
:1092D000814725077D56639EF604EF100072B14763
:1092E0003305F5029565938565C042054181977008
:1092F000FA1FE78020D5B727002023A2A7AA2A8437
:1093000001CDEF10806F31463306C50281452285BD
:109310009770FA1FE780E0F72254B2509254025936
:10932000F249624A379505001305250345616F1020
:10933000606D85072300C70093F7F70F410761BFF2
:10934000230004002380040049BF411193970501C5
:1093500026C206C622C44AC0C187AE8463D1070AAA
:1093600037290020034509AAEF60CFFC2A8429CDC4
:1093700003470500930700096315F7040347150029
:10938000CD47631CF706B72600200348250003C518
:10939000F699372700208347E78813066400814544
:1093A00081461307E788AA886318D80299C1230069
:1093B000F7008347070091C7034509AA8545EF6079
:1093C0001FBA2285EF60EFEA2165258DB240224465
:1093D000924402494101828083450600AE9793F58D
:1093E000F70F93F7F80F63F4A50093F7F50F8506D1
:1093F00093F6F60F0906854545BF012DD9B793F7BA
:1094000015000145E1D7EF00107009CDB727002006
:1094100083C7E78881CBB727002003C507AA854506
:10942000EF60FFB313C5140055B785462A8763FB69
:10943000C60483C7150003C60500A207D18F2310F9
:10944000F500639CD70083C7350083C62500A207BB
:10945000D58F2311F500014582808946014563942B
:10946000D70283C7350083C62500A207D58F2311F5
:10947000F70083C7550083C64500A207D58F231286
:10948000F70082800545828091476314F60283C706
:10949000150003C70500A207D98F2310F50083C765
:1094A000350003C72500A207D98F2311F500014518
:1094B00082800545828091476314F60283C71500B8
:1094C00003C70500A207D98F2310F50083C7350015
:1094D00003C72500A207D98F2311F500014582801B
:1094E00005458280A1476314F60483C7150003C7AE
:1094F0000500A207D98F2310F50083C7350003C7E5
:109500002500A207D98F2311F50083C7550003C793
:109510004500A207D98F2312F50083C7750003C742
:109520006500A207D98F2313F50001458280054508
:1095300082808947631CF60083C7150003C70500B6
:10954000A207D98F2310F50001458280054582804E
:109550008357260079714ECE06D622D426D24AD021
:109560001307F007AE896372F70209473AC423165E
:10957000F100300093F5F50FEF10801AB25022542D
:1095800092540259F2494561828003574600D946F8
:109590002A89328463F8E6008357660063F4F60094
:1095A0006379F70023140100300093F5F90F4A8521
:1095B000E1B70355060002C4EFF0CFF1AA8459C108
:1095C000EFF09F9083C784006369F5001146A246BF
:1095D000CE854A85EF10400A55B73400268693059C
:1095E000F00F4A85EFF00FDA75F1A24703578400B8
:1095F000DC472390E700035724002391E70003573B
:1096000044002392E700035764002393E70003D745
:1096100044002394E700DC4485CB93F4F90F2286C1
:10962000A6854A858297C167FD172A86E311F5FA58
:1096300022459947F9452300F50023029500EFF0F4
:109640005F8D2DBF094661B7014651B7A947631C1D
:10965000F60483C7150003C70500A207D98F23109E
:10966000F50083C7350003C72500A207D98F231152
:10967000F50083C7550003C74500A207D98F231201
:10968000F50083C7750003C76500A207D98F2313B0
:10969000F50083C7950003C78500A207D98F23145F
:1096A000F500014582800545828083C705002300BF
:1096B000F50083C71500A300F50083C7350003C775
:1096C0002500A207D98F2311F500828023220500EF
:1096D00003C7450089476304F7000545828083D6A8
:1096E00065000D47E37BD7FE9C45011106CE22CCD9
:1096F00026CA4AC84EC683C4170003C60700A20480
:10970000D18C138644006311D60403C4370083C789
:109710002700AE8922045D8C9307C4FFC207C18372
:109720002A89636FF70003A589002311990023108C
:109730008900F155EF60AFAC2322A900014531A0AB
:109740002285EFF0AFD265F10545F2406244D24484
:109750004249B24905618280397122DC2E848347F7
:1097600004004AD806DE26DA4ED619472A89B28581
:10977000639AE706034624002800EFF0FFD0AA848E
:1097800015E903558100EFF06FCEAA8983451400D7
:1097900015C937A705002E861307076534009D45B8
:1097A0004A85EF00D0424E850946814535234E85D6
:1097B000EFF08FD9F250625426854259D254B259F3
:1097C0002161828089472310F100835781000A8636
:1097D0002311F1008357A1002312F1004A85EF0005
:1097E0003074C9BF4947639DE7020356240028002F
:1097F000EFF05FCFAA845DFD372500201305C5AAD1
:109800008357C50099E3814475B703471400834625
:1098100004000345E5003C000146CA85912659BF76
:1098200051476390E702035624002800EFF0FF87BA
:10983000AA8449F18345140030004A85EFF05FD1D6
:1098400095BF59476393E706035624002800EFF0BD
:10985000BF8BAA8425F1835581004A85EFF0AFCAFA
:109860001DC958458356A10083570700B697C20704
:10987000C1832310F700C1DB5C47D1D7B727002095
:1098800083C7E788C9D3B727002003C507AA854542
:10989000EF60EFEC05B789473EC0835781000A8629
:1098A000834514002312F10015BF834514000A8676
:1098B00023100100EF00D066B9B75D71A6C256DA79
:1098C00086C6A2C4CAC04EDE52DCAA8A03C51500F1
:1098D000AE8432C6EFF0AFBCB24501ED8144B64074
:1098E0002644268506499644F259625AD25A616145
:1098F0008280230205002311050083C904008547E7
:109900002A84639AF90003C624002808EFF0FFB107
:10991000AA8405492DA09D476394F90403470500D7
:109920008D47E31DF7FA03C6240028080549EFF028
:109930009FB8AA8409E5054681452285712E2285B6
:10994000EFF0CFDE034584003C080147CE86268633
:10995000D6853924E30509F82285EFF0EFBE41B73B
:10996000CD47639DF900034705009147E318F7F6DB
:1099700003C624002808EFF0DFBB59BFD547E39F9B
:10998000F9F4034A05008947E31AFAF403C62400F0
:1099900028080549EFF09FCBAA8455F183570102AF
:1099A000BDE3035781011306F0035C44930607FCF3
:1099B000C206C182636CD6000356A101D94663F783
:1099C000C6008356C101D94563EFD5000355240075
:1099D0002391E7000549EF00D05503560102D285D7
:1099E0002285692CA9BF8355E1012391E7002392C9
:1099F000C7002390B7002393D70085472300F400C6
:109A0000014A0149D9BF014AC9BF7971AA8522D447
:109A100026D203542500AA84280806D6EFF01FCBCF
:109A2000F24599E535E985452285EFF04FE5C1A07E
:109A3000835781011547639BE7060357A1018D47B3
:109A400063FCE7046800EFF05FC60357E100DD4701
:109A500063FCE7008345D100B707170085071008AE
:109A600022853EC8EF00D04B8357E1000357A10188
:109A700091076305F7002285EFF06FDF8347C10090
:109A800072466C00858B1106228591CFEFF0FFE2C4
:109A900001C52285EFF0AFDD884451D59760FA1FEC
:109AA000E780806849B7EFF03FCBDDB711476389A6
:109AB000E7001387A7FF42074183854663EEE6026E
:109AC0003147F117B387E702372700201307C7AAEA
:109AD000BA9703D7070069D303C527003008A285CA
:109AE0000D205DF9035781019147E31EF7F2B25053
:109AF00022549254456182802C082285812E49FD92
:109B0000FDB701114AC82A89314526CA06CE22CCA2
:109B10002EC6B284EF501FFB31C1B2459307000A35
:109B20002310F5002311B5002A84214611058DC0AC
:109B3000A6859760FA1FE780A06EA2854A85EF6030
:109B40006F870145F2406244D244424905618280F8
:109B500081459760FA1FE780C073C5B70545DDB73B
:109B6000797126D2AA841305000206D622D42ECEFD
:109B700032CC36CA3AC83EC6EF50DFF431C962462D
:109B8000F2454247D246B2472A84130520FA230001
:109B9000A400A300C4002311B4002302E400A30224
:109BA000D40013058400614691CFBE859760FA1FEB
:109BB000E7800067A2852254B25026859254456101
:109BC0006F505FFF81459760FA1FE780806CDDB7BB
:109BD000B25022549254456182805845797122D402
:109BE00006D62A84AE8649C383572700231DF10079
:109BF00093072006639FF504B727002003D6A788A4
:109C0000835767006373F600B28713F6F70F835527
:109C10002701834707018D8F93F7F70F81E58907A8
:109C200093F7F70FB297FD17B3C7C702231EF100D2
:109C3000835724008355640003458400231CF100EE
:109C400001473C080146EFF0BFF1B2502254456194
:109C500082800347C701B727002083A7C7A912073F
:109C6000BA9783D76700D9B72EC619468145280809
:109C70009760FA1FE780E061B2465DBF797122D438
:109C800006D626D22A848DC1814701479306000655
:109C90002E868355640003458400EFF07FECB250BC
:109CA0002254925445618280B284280059469760BC
:109CB000FA1FE780005E2314910089E8835724008F
:109CC00048446C002315F100EFF0CF973C000147AA
:109CD00093060006014675BF797106D6814799ED56
:109CE0008357250058452316C1002314F1003C007A
:109CF00011C7835727002315F1003C002E8683559A
:109D0000650003458500014793060006EFF05FE517
:109D1000B25045618280411122C406C683470500C6
:109D200011472A846395E7022E8683556500034513
:109D3000850081470147CD46EFF09FE249468355B4
:109D400064002244B240154541016FF00F8A13F7B9
:109D5000B70F89466317D7000146EFF03FF251462F
:109D6000F9BF0D476398E7002244B2400146410124
:109D70006FF09FF6B24022444101828003D7050074
:109D8000B146B727002071173307D7029387C7AAB8
:109D9000BA97D84319EBD8412395A7000145D8C3FA
:109DA00003D725002394E70082805945828079718A
:109DB00022D4404526D24AD006D6AA842E8925C070
:109DC000484419C59760FA1FE7800036232604002F
:109DD0008357040083D5640003C584002315F10074
:109DE000835724000147930640062316F10083574A
:109DF00084004A862317F1001C483EC883D72400FC
:109E00002314F1003C00EFF0BFD5A30E240123285A
:109E10000400B250225492540259456182802800B5
:109E2000314681459760FA1FE780A04683D724001A
:109E300083D5640003C584002314F10001473C006E
:109E4000930640064A86EFF0BFD1E1B7797152CC54
:109E50002A8A03D5050026D206D622D44AD04ECE71
:109E600056CAAE84EFE09FE019E18547BDA84045A2
:109E7000AA8965DC83576500E39947FF835784000F
:109E8000638707128346C401B72A002003A7CAA923
:109E90009206FD173697C20703576700C183231444
:109EA000F4006316F70093053006EFF01FD35C480B
:109EB000A5EFC8400349150083470500220933690F
:109EC000F90083D7240013072900631AF702F95514
:109ED000EF50FFB2C8C02391240103C58900268634
:109EE000D285EFF01FC2814721E1B2502254925433
:109EF0000259F249624AD24A3E854561828095659F
:109F0000938515C04A859760FA1FE780A01348C85B
:109F1000C840231C2401F955EF507FAE83D724009D
:109F2000C8C0F9172391F400484859C503D6240046
:109F30008356A401835784013308D60063C0070900
:109F40000347C40183A7CAA995451207BA9783D7C7
:109F5000270063CF0705CC4036959760FA1FE7804E
:109F6000202C0357A40183D72400BA97C2070357B4
:109F70008401C183231DF400E399E7EE03D7290090
:109F800003C5890030002314E1005848D285231509
:109F9000F1003AC6EFF0FFB611C548489760FA1FC6
:109FA000E7808018232A0400232C04007DBD9945F6
:109FB0004E85EFE05FDE55BDA545DDBF9145CDBFC8
:109FC00003D725007DC3B727002083D6A788ED4798
:109FD00063EEE60C011122CC2E8426CAAA844840E6
:109FE000914506CEEF50BFA183572400AA862300D7
:109FF000F50083572400A183A300F50083570400D4
:10A000002301F50083570400A183A301F500035643
:10A010002400C167F9171106420641826396F404D1
:10A020002AC4314532C6EF50FFA9AA85CD471DC5C8
:10A03000930700F92300F5003246F957A246231191
:10A04000F50089472302F500B72700202313C50038
:10A0500014C503C507AAEF50FFB58147F24062441B
:10A06000D2443E850561828081452685EF40F028F7
:10A07000AA8711E9B726002003C7E68865D37D17B4
:10A080002387E688E1BF09476304E5021D476303B0
:10A09000E50249476302E5027D47E311E5FCB72687
:10A0A000002003C7E6888147D1BFED473E85828007
:10A0B000D1476DB791475DB789474DB701114AC880
:10A0C00031471309C5FF3307E902B727002026CA25
:10A0D0009384C7AA06CE22CCBA94D84029CB138445
:10A0E000C7AAB727002083C6E788854795CA2314E7
:10A0F000A10083D7840003D5A4002C003AC6231501
:10A10000F100EFF0FFEB11C5C8409760FA1FE78040
:10A11000A001B147B307F902A29723A20700854720
:10A12000F2406244D24442493E85056182808147C3
:10A13000C5BF797126D24445372700204AD083D73E
:10A1400064000359A78852CC06D622D44ECE56CAF4
:10A150002A8A63F327013E8903D724014209135950
:10A16000090183D7040141CB998F4A8463D5270124
:10A1700013940701418089452285EFF06F81AA89F8
:10A18000CD4A25C183D724002AC623158100231474
:10A19000F10083D7240185E383D7040193092500C7
:10A1A0002300F50083D70401A183A300F5006376A3
:10A1B000240503D4040183D72401CC4422864E8590
:10A1C000BE959760FA1FE780A00503556A002C0032
:10A1D000EFF01FDFAA8A15C54E859760FA1FE7804A
:10A1E000A0F4B2502254568592540259F249624A60
:10A1F000D24A4561828089078DBF7914420441802B
:10A200005DBF03D7240183D704003A94FD17C2072A
:10A21000420403D70401C18341802390F4002399B1
:10A2200084006377E400D5FFFD57A38EF40055BF8B
:10A2300081455285EFF0BFB76DB779714AD03729A4
:10A24000002052CC034A198922D456CA5AC85EC685
:10A2500062C406D626D24ECE5284B72A0020054BC1
:10A26000930BF00F372C002083A74A8893144400E7
:10A27000BE9483C90400639D6907DC44B5CBD8470D
:10A2800025CB03D7070029CBB727002083C7E78852
:10A2900099CF2685EFF0FFE9AA8515E9B7270020B9
:10A2A00083C7D78805046351F402A3088988B25094
:10A2B00022544E8592540259F249624AD24A424B84
:10A2C000B24B224C45618280A3080988CDB7268510
:10A2D000EFF0FFAD8149E1BF83C7D701639A7701F2
:10A2E000930520062685EFF05F8FDC44A38E0700E0
:10A2F0008347DC8805041374F40F6363F40001449E
:10A30000E31444F7C1BF4111154506C6EFF01FDB4A
:10A3100009C50545B240410182801945EFF01FDAB9
:10A320006DF91145EFF09FD96DF51D45EFF01FD97F
:10A330006DF1B727002083C7D788E9DFB24041011C
:10A340006FF0BFEF83D705000D47F117C207C18338
:10A350006365F706DC41B5C3411122C42E848545EF
:10A3600026C206C6AA84352739C926858925C1672C
:10A37000F9176381F40219ED8357240081CF8356C6
:10A38000040019476393E604372700200357A78882
:10A3900063FDE702B727002083C7E788A2852685EB
:10A3A00099C72244B240924441016FF07FC12244D8
:10A3B000B240924441016FF07F9C09458280514533
:10A3C000B24022449244410182806D45D5BF39712B
:10A3D00026DA4ED6AA84AE895D4589454AD806DE7E
:10A3E00022DC328936C63AC4EFE09FDA35C522470F
:10A3F0002A84014511C7B24613054400B685029769
:10A400009357850023003401A3002401A301F40025
:10A410009547231CF100B727002083C7E788230155
:10A42000A4001105231DA10022CE2C08268595C36A
:10A43000EFF01FB9AA8411C522859760FA1FE78043
:10A44000A0CEF250625426854259D254B2592161AD
:10A450008280EFF0BF92F9BFCD44E5B7797126D283
:10A460004AD052CC56CA06D6BA8A22D44ECE194702
:10A470002E89B284368A639DE50603552600094479
:10A48000EFE0CFFE2AC62DCD5C458359650083D70A
:10A4900027002390F400B247B726002015472380F9
:10A4A000570103C686AA2391E70013071600137706
:10A4B000F70F2384E6AA2382C70001E70547238418
:10A4C000E6AA5147631AE90015472391E400DC47E7
:10A4D00003D784002394E7005287A686CA854E8559
:10A4E000EFF0FFEE2A84324515C4EFE0FF8509A89E
:10A4F00042867400BE85AA89EFE0CFE82A8441DD58
:10A500002285B250225492540259F249624AD24AE8
:10A5100045618280F945EFE0DF9FDDB783D7050015
:10A520002300F50083D70500A183A300F50083D79E
:10A5300025002301F50083D72500A183A301F500A1
:10A540001145828083D705002300F50083D70500DD
:10A55000A183A300F50083D725002301F50083D74D
:10A560002500A183A301F50083D745002302F50050
:10A5700083D74500A183A302F50083D76500230399
:10A58000F50083D76500A183A303F50021458280F0
:10A5900083D705002300F50083D70500A183A3001E
:10A5A000F50083D725002301F50083D72500A1837B
:10A5B000A301F50083D745002302F50083D74500AA
:10A5C000A183A302F50083D765002303F50083D799
:10A5D0006500A183A303F50083D785002304F5005C
:10A5E00083D78500A183A304F5002945828003D782
:10A5F00005008546AA872300E50003D705002183CF
:10A60000A300E50003D70500631DD70003D725008D
:10A610002301E50003D725002183A301E5001145AF
:10A62000828009456315A70203D7250019452381B8
:10A63000E70003D725002183A381E70003D7450066
:10A640002382E70003D745002183A382E7008280AD
:10A6500083D705002300F50083D70500A183A3005D
:10A66000F50083D725002301F50083D72500A183BA
:10A67000A301F50011458280797126D24AD04ECED1
:10A68000B2842A89AE8929468145480022D406D65B
:10A6900036849760FA1FE780C0BF231691008DECC7
:10A6A000835724002312F100B727002083D7A788FF
:10A6B0002314F1005C448DC383C6C70137270020F3
:10A6C0000327C7A9920683D7870036970357270029
:10A6D0002315F1002313E10037A705004A8513076E
:10A6E0000759540013F6F90FD545EFF05FCE2A89CC
:10A6F00011C19DE085472300F400230204000146B8
:10A7000081452285EFF08FD7B25022544A8592546A
:10A710000259F249456182802285EFE0EFE2EDB710
:10A7200037A70500B2861307E75E2E8685456FF0D2
:10A730001FCA01112317A100B7A6050041657000CB
:10A7400001489307F00F0D479386C65199457D1533
:10A7500006CEEFF0BFD0F24005618280B7A60500BB
:10A76000B28701482E86114793864654C9456FF03B
:10A77000FFCE011122CC37240020130444AE26CA98
:10A780004AC84EC606CE2A89AE89930404031C40EB
:10A7900081C7CE854A8582971104E31A94FEF24060
:10A7A0006244D2444249B24905618280411137274F
:10A7B000002022C406C626C2130707998347C70391
:10A7C0000345D70337240020130484B3A304F40003
:10A7D000AA9793F7F70F2304F400A5CF1305C0033E
:10A7E0003385A702A5658505B72400209760FA1F69
:10A7F000E7804085034684009307C0038145330604
:10A80000F60223A0A4AE9760FA1FE78080A883A772
:10A8100004AE83468400014789077D566341D70211
:10A820002244B2409244372500201306000381459C
:10A83000130545AE41011763FA1F670083A52390F6
:10A84000C7002381070023A5070205079387C703D5
:10A85000F1B7B2402244924441018280B7270020E0
:10A8600003C607B4B727002003A707AE81476315C7
:10A87000F600814636858280BA861307C703835562
:10A8800067FCE389A5FE850793F7F70FCDB70111A4
:10A8900022CC2EC632C406CE2A84EFF03FFC2246DC
:10A8A000B24511E9C167F9176303F4005145F2405D
:10A8B00062440561828054558347450095C213F771
:10A8C000270141456314A700154575F2C18B3D452D
:10A8D000F9DF83C7A6010145E3FBB7FC3145C1BFE2
:10A8E000C18B0145E9F71545D9B7797126D24AD010
:10A8F000B7240020416922D44ECE52CC56CA5AC841
:10A9000006D6AA890144938484B3372A0020930A87
:10A91000C0037D19054B83C784006364F4000145BF
:10A9200035A8B307540303270AAEBA9703D7270005
:10A930006316270105041374F40FF1BF03C5570014
:10A94000300093856700EF1051311946CE852800FD
:10A950009760FA1FE780009AE31E65FDB25022540B
:10A9600092540259F249624AD24A424B456182806E
:10A97000B727002083C507B4C166B727002003A707
:10A9800007AEFD1681476395F5000146328582804A
:10A99000035827003A866306D80003480700E307F8
:10A9A000A8FE850793F7F70F1307C703E9BF411107
:10A9B00006C6EFF0BFEA11C503554501B24041019B
:10A9C00082800145E5BFB727002083C607B4B727BB
:10A9D000002003A707AE0145814711076393F600E6
:10A9E00082800346070001C605051375F50F85072C
:10A9F00093F7F70F1307C703D5B7B727002003C591
:10AA000007B4828037270020930647AE814713079B
:10AA100047AE31468C4291E58A07BA9788C3014513
:10AA2000828085079106E397C7FE4D4582804111DC
:10AA300006C622C4EFF09FE21DCD2A8403552500EF
:10AA40008545EFF01FD3485409C59750FA1FE7809A
:10AA5000A06D22851306C00381459760FA1FE78029
:10AA60004083FD572311F400230204000145B24046
:10AA70002244410182800945DDBF411106C6EFF045
:10AA8000FFDD11C50345C500B2404101828001458B
:10AA9000E5BFC167F9176304F502411122C406C678
:10AAA0002E84EFF0BFDBAA87014591C703C547009D
:10AAB000698C33358000B2402244410182800545D3
:10AAC0008280011106CE2EC6EFF05FD9854711C9ED
:10AAD00003574501B24585476305B700231AB50002
:10AAE0008147F2403E850561828031CD01114AC81F
:10AAF0004EC637290020C16922CC26CA52C456C28C
:10AB000006CE0144AA84130989B3372A0020930A88
:10AB1000C003FD1983478900634BF400F24062448F
:10AB2000D2444249B249224A924A056182803305A1
:10AB3000540383270AAE3E9583572500638337016C
:10AB400082940504C1BF8280B727002003C607B4E2
:10AB5000B727002083A707AEC166014589070147D3
:10AB6000FD1691456313E600828003D80700630950
:10AB7000D80003C8A7006315B80005051375F50FC5
:10AB800005071377F70F9387C703E9BFB72700209F
:10AB900003C607B4B727002083A607AE0147814745
:10ABA00091066310E602858393C7F7FFC207C1834E
:10ABB00005456364E50285473395A7004205418159
:10ABC000828083C5060081C583D5C602CD8F050767
:10ABD0001377F70F9386C603E9B793F61700E1FEE4
:10ABE000050585831375F50FE9B7797156CAAA8AE9
:10ABF0002E8526D24AD04ECE52CC5AC85EC662C4EA
:10AC000006D622D4AE84328B368CBA8B3E8AC28969
:10AC10004689EFF0BFC449E141657D15EFF01FC4DF
:10AC20002A84554531CC1946DE8513056400A302FC
:10AC300084019750FA1FE780A05E83570103231118
:10AC40009400230264012319F40083574103230075
:10AC5000540123260402231AF40023064401231777
:10AC6000340123182401EFF07FF22318A402232AD1
:10AC700004022685232C04028145EFF09FAF014595
:10AC8000B250225492540259F249624AD24A424B7B
:10AC9000B24B224C456182804545DDB7B727002085
:10ACA00083C607B4B727002003A707AE8147639583
:10ACB000F60041657D1582803A861307C7038355E8
:10ACC00047FF6395A500035526008280850793F70B
:10ACD000F70FF1BFB727002003C807B4B72700203C
:10ACE00083A607AE416601477D169548114363145C
:10ACF000E8000145828083D7260036856380C7043B
:10AD0000CC5A8DCD83C7350083C5250089CD938569
:10AD100097FD93F5F50FE37FB3FC9387D7FA93F78D
:10AD2000D70F89EF82809385F7FD93F5F50FE3F355
:10AD3000B8FC9387D7FA93F7D70FCDDF05071377C2
:10AD4000F70F9386C60365B7B727002083C507B4FE
:10AD50004166B727002003A707AE7D168147254827
:10AD60006394F50001458280835627003A85638C01
:10AD7000C600545B89CA83C636009386E6FD93F607
:10AD8000F60FE372D8FE850793F7F70F1307C70393
:10AD9000C1BF011122CC2A84494506CEEF707FF253
:10ADA00015C12AC62285EFF07FAB09CD6244B727D3
:10ADB0000020324683550503F24003C5B7B3056151
:10ADC0006F50CFB8F24062440561828039714ED62F
:10ADD00052D4AE892A8A93053005414526DA4AD8ED
:10ADE00056D206DE22DC32C63689BA8A9750FA1F5E
:10ADF000E7804025CD4431C92A848944638209040F
:10AE000032468145231AC10041469750FA1FE78018
:10AE100040485686CE8522859750FA1FE7804040ED
:10AE20002146630E0902CA8528089750FA1FE78059
:10AE3000203FA28650082C085285EF307043AA8428
:10AE400022859750FA1FE780202EF2506254268503
:10AE50004259D254B259225A925A21618280814574
:10AE600028089750FA1FE780C042E1B7411122C479
:10AE7000405926C206C6AA8429CC085409C5975051
:10AE8000FA1FE780602A285809C59750FA1FE78003
:10AE9000A029685809C59750FA1FE780E028285C68
:10AEA00009C59750FA1FE7802028685C09C59750AC
:10AEB000FA1FE78060270325040809C59750FA1F89
:10AEC000E780802622859750FA1FE780E02523AA95
:10AED00004022244B727002083D50403B2409244E1
:10AEE00003C5B7B341016F502FCF411126C206C62B
:10AEF00022C4AE84EFF09F9621C54C592A84A9C183
:10AF000083A8C50703A88507FC59B85983C66500FF
:10AF100003D6050083C525002685EF70BFE2228594
:10AF2000EFF0DFF4EFF05FE201CD2244B72700201D
:10AF3000B240924403C5B7B3854541016F502F829B
:10AF4000B2402244924441018280011122CC06CEBB
:10AF50002A842EC6EFF09F905C5991CF83D70700CB
:10AF6000B245639A870085476397F5006244F240D3
:10AF700005616FF0BFEFF2406244056182804111CC
:10AF800006C622C426C2EFF0FFD421C54059AA84C8
:10AF900029C0834724008DCBB727002083A787B122
:10AFA00089C7DC4399C322858297034734009307FE
:10AFB000F0026310F702224403D52400B240924409
:10AFC000814541016FF07FF2B727002083A747B189
:10AFD000C1BFB2402244924441018280411126C245
:10AFE0004AC006C622C4AA842E89EFF03F8731C129
:10AFF00040595DCC83570400639C970A8347340013
:10B0000013071002639CE70883472400D9C37C54CC
:10B010000327040883D7470105E713F717000DC37B
:10B02000185403574700058B01CF93072002A30153
:10B03000F400B24022449244024905454101828015
:10B0400013F7270009CB185403574700098B01C792
:10B0500093074002E9BF918B89CB1C5483D74700EB
:10B06000918B81C793076002D9B7B727002083A7C8
:10B0700087B1E1D3DC43D5DF2285829703473400D3
:10B080009307F0028145E316F7FA2685EFF0FFE516
:10B090004DB7B727002083A747B1E1BF1307A00230
:10B0A0006398E7006304090013092003CA85F1BF10
:10B0B000631C09002685EFF06FFA19C58347450028
:10B0C00093E707012302F500A6854A85EF708FDC20
:10B0D0008DB7797126D29947231DB100AA842E8598
:10B0E0008D4522D406D632C636C4231CF100EFE0CB
:10B0F0002F8A2ACE4D441DC13246A246AA853285EA
:10B1000082962A8419E52C082685EFF0AFA32A84BD
:10B1100011C572459750FA1FE78000012685EFF0B0
:10B120005FC72285B25022549254456182804111FA
:10B13000B7D6050022C42E862E84938606A689459E
:10B1400006C626C24AC02A89EFF0BFF8834504002C
:10B15000AA844A85EFF07FD9B2402244268502496D
:10B16000924441018280B727002083A747B195CB45
:10B170009C4385CB1D71A2CC86CE984110082A84B1
:10B180003AC8D84185453ACA829701C92306A10029
:10B19000035524006C00EFF09FF9F64066442561EA
:10B1A00082808280AE8715C5785505C78346070023
:10B1B0002380D50083461700A380D500834627014E
:10B1C0002381D50083468701584BA381D500D8C180
:10B1D0008280414681453E851753FA1F6700630B05
:10B1E000B727002083A787B191C703A38700630314
:10B1F000030002830945828037270020032787D078
:10B200001DC75843AA8705450DC703A50708411167
:10B2100006C6930605021306050C930505061305DD
:10B2200005040297B2401375F50F41018280054570
:10B23000828082804DC9357122CD2A840355050054
:10B2400026CB4AC94EC756C306CF52C55AC1DEDE09
:10B25000B68AB2892E89EFF06FE0AA8439C50C183E
:10B260002285EFF03FF483472400138A6400A9CBC2
:10B27000EF70CF9B2A8B014583CB5400EF700F9961
:10B28000AA840C100818EF10605F08542C10EF10FF
:10B29000805FD288268A56C05E88D2875A8714106B
:10B2A0003010CE854A85EF20B01AFA406A44DA445D
:10B2B0004A49BA492A4A9A4A0A4BF65B0D6182808A
:10B2C000EF70CF96AA8B014503CB5400EF700F941B
:10B2D0002ACE08540C10EF10605A2C100818EF10EA
:10B2E000805AF2484DBF8280C14709CD1455C147ED
:10B2F00091CA785501CB83C73600BD4663F4F6008A
:10B30000834787013E8582808947630905106387EB
:10B310000510411106C622C426C2834715002E849B
:10B320002380F50083472500A380F500834735007F
:10B330002381F50083474500A381F500834755002D
:10B34000858B9396870083D7450093F7F7EFD58FCA
:10B350002392F5008346550093F7F7DFA20693F694
:10B360000620DD8E2392D5000347550093F6F6BFE5
:10B37000220713770740558F2392E5008347550036
:10B38000FD769386F67F8D87858B758FAE07D98F77
:10B390002392F50083466500F99B858ADD8E239212
:10B3A000D500034765009377270013F7D6FF5D8F1D
:10B3B0002392E5008347650093F647009377B7FF34
:10B3C000D58F2392F50003476500DD9B4D45218B0A
:10B3D000D98F2392F500EF70DF8EAA845145EF706C
:10B3E0005F8E0347340093F4F40FC94763629702FA
:10B3F0001375F50F636EE500834604001147E147BE
:10B400006368D7008346140005476363D70081470C
:10B41000B240224492443E85410182803E85828032
:10B4200015C1AA8709458DC141112E8541469385D5
:10B43000170006C69750FA1FE78080DEB24001452C
:10B440004101828009458280828089471DC595C55A
:10B45000411106C603471500AE8719462380E50053
:10B4600093052500138517009750FA1FE78040DBEE
:10B47000B24081473E85410182803E85828015C170
:10B48000AA8709458DC141112E8541469385170034
:10B4900006C69750FA1FE780A0D8B2400145410187
:10B4A000828009458280828089471DC995C94111E2
:10B4B00006C60347250083461500AE872207558F31
:10B4C0002390E5002146930535001385270097500A
:10B4D000FA1FE780E0D4B24081473E854101828077
:10B4E0003E85828015C1AA8709458DC141112E85EF
:10B4F00041469385170006C69750FA1FE78040D251
:10B50000B24001454101828009458280828089479D
:10B5100019C991C903471500BD46E14763E5E60037
:10B520002380E50081473E85828015C1AA870945B1
:10B530008DC141112E8541469385170006C697504F
:10B54000FA1FE780E0CDB240014541018280094504
:10B550008280828015C1AA8709458DC141112E853F
:10B5600041469385170006C69750FA1FE78040CBE7
:10B57000B2400145410182800945828082801DC11F
:10B58000AA87094595C141112E85130600049385AC
:10B59000170006C69750FA1FE78080C8B2400145E1
:10B5A0004101828009458280828015C1AA870945B0
:10B5B0008DC141112E8541469385170006C69750CF
:10B5C000FA1FE780E0C5B24001454101828009458C
:10B5D000828082801D71A2CC2A84084586CEA6CAAC
:10B5E000230601008344050035479387F4FF93F752
:10B5F000F70F636AF70C37E706008A0713074768F7
:10B60000BA979C4382870C08EFF01FD0C94763129A
:10B61000F50299472306F100035524006C00EFF072
:10B620001FB1F6406644D644256182800C08EFF0D5
:10B630007FEB29C98347C100E5F303552400EFF0F0
:10B640004FF5C5B70C08EFF05FEEE5B70C08EFF06B
:10B650001FECC5B70C08EFF0BFDCE1BF0C08EFF042
:10B66000BFE4C1BF0C08EFF09FE1E1B70C08EFF0B9
:10B67000DFDDC1B70C08EFF0FFED65BF83471500B4
:10B680002308F10003552400EFF04F9DA1470DC1A1
:10B690000347C500631BF702B727002003A787B144
:10B6A0009D4719C7184309C71008A6850297AA879E
:10B6B0002306F10041B70C08EFF07FEC9DBF0C08AA
:10B6C000EFF0BFEEBDB79D47B1B7B727002003A786
:10B6D00047B1F9B7011122CC06CE26CA4AC84EC6D8
:10B6E00003470500930720092A84631CF712834748
:10B6F000150039476395E70A8356450009676107D6
:10B7000081476398E610B729002003A589B2CE844B
:10B71000630105100C4403C90500631F090083473A
:10B72000050085052146A9CF29059750FA1FE78016
:10B7300020AF83A784B2B5C34945EF40AFB82A8490
:10B740001DC5930710FC2300F500A300250183A568
:10B7500084B20905414689059750FA1FE78040AC3D
:10B7600083A784B2A28503C51700EF40AFC403A529
:10B7700084B29750FA1FE780209B23A404B231A81B
:10B7800009059750FA1FE780A0A9EF30202E054940
:10B790004DF183A789B22380270185479DA8130710
:10B7A000E003639EE708034725009547631FF70200
:10B7B00003554500EFF06FAC9147E310F5FEB72756
:10B7C000002083A747B1F1DB03A38700E30703FC55
:10B7D0000356E40003554400930564006244F240BC
:10B7E000D2444249B24905610283A147631EF70072
:10B7F00083456400035544006244F240D244424908
:10B80000B24905616FF08FFD930600038147E301A4
:10B81000D7FEF2406244D2444249B2493E850561B6
:10B8200082809306000A8147E315D7FEEFF09FDA86
:10B83000084425D59750FA1FE780008FB9BF81478C
:10B84000C9BF011126CA06CE22CC89441DCD95CD93
:10B85000AA842E8468008D45EF607F8D8347E100C8
:10B860002685228693F7F70393E707046C002307E6
:10B87000F100EF20E034AA8409E90D466C001305BD
:10B8800034009750FA1FE780A099F2406244268561
:10B89000D244056182805D714EDE86C6A2C4A6C216
:10B8A000CAC052DC56DA5AD85ED6894945CD5DCA3F
:10B8B000138B4500420B135B0B01AE8A2A8A93055A
:10B8C00030055A85B2849740FA1FE780A0772A8412
:10B8D000CD4949C9EF607FB72A895686D285935AE8
:10B8E0008900135A0901937BF90F1305440093FA59
:10B8F000FA0F137AFA0F135989019750FA1FE7804C
:10B9000040A4A301740123015401A30044012300B6
:10B910002401EF60FFB2AA85414608089750FA1F3C
:10B92000E78020A2214734005A86A2850808EF202C
:10B93000C04FAA891DE121462C0023807401A380F9
:10B94000540123814401A3812401138544009750AD
:10B95000FA1FE780009FEF601FB022859740FA1F13
:10B96000E780807CB64026444E8596440649F259CD
:10B97000625AD25A425BB25B6161828001114AC84D
:10B980002A892E8506CE22CC26CA2EC6EFE01FEDD0
:10B9900071C5405971C4834754000947B24593F6B5
:10B9A000B70F6387E60011471305E00F6392E708BE
:10B9B000835704000945639DB706930484004146FC
:10B9C000CA8526859750FA1FE78080854146CA853B
:10B9D000130584019750FA1FE780808403473400E1
:10B9E00085469307F7FE93F7F70F63E9F60413060E
:10B9F000C4033285C14532C6EF606FF33246930609
:10BA0000C402A6852285EFF0FF828347240089CBFC
:10BA100022856244F240D244424905616F10800D94
:10BA200003473400C947E305F7FEA301F4000145CD
:10BA3000F2406244D2444249056182809307100576
:10BA40000145E317F7FE83472400FDD322856244B6
:10BA5000F240D244424905616F1040100945C9BF08
:10BA60004945F9B729CD011126CA06CE22CCAA84B0
:10BA70000945A9C10D4628002E848D059740FA1F5F
:10BA8000E780007A8347A10070002C0093F7F7034A
:10BA900093E7070426852305F100EF20601219E9DA
:10BAA0000D46A28568009750FA1FE780A0847D1597
:10BAB0003335A000F2406244D244056182800945DA
:10BAC0008280011152C42A8A32854EC656C25AC09B
:10BAD00006CE22CC26CA4AC82E8BB28AB689EFE09F
:10BAE000FFD709ED8944F240624426854249D24499
:10BAF000B249224A924A024B056182805C592A89E6
:10BB0000C544F5F34D45EF70CF9B1374F50F5145C8
:10BB1000EF702F9BE38809FC83C78901E3E487FC6E
:10BB20001375F50FE360F5FC930530051305400828
:10BB30009740FA1FE7800051232AA9022A84CD44A6
:10BB40005DD11306400881459740FA1FE780607475
:10BB5000A3010400230144012302640123105401C2
:10BB60002326340723240402A30204008144E30CA7
:10BB70000AF62285EF001072AA8435D54A85EFF0C7
:10BB8000EFAE95B7397122DC06DE26DA4AD84ED6FA
:10BB900052D456D25AD05ECE62CC66CA0944630BE8
:10BBA000061063090710AA8B3A89368BB28A2E8C4D
:10BBB000EFE0DFCA2A8A5144630E050E9305300573
:10BBC00041459740FA1FE780E047AA894D447DC16F
:10BBD0008344190083472900A204C207BE94834707
:10BBE0000900BE9483473900E207BE9483278A0286
:10BBF00063E697007D5709446399E70A63070C00E1
:10BC000083474A000544898BCDC3930C4B002146E2
:10BC100081450A85C20C9740FA1FE780806793DC54
:10BC20000C019305300566859740FA1FE780804137
:10BC30002A8C4D443DC95A86D68511059740FA1F76
:10BC4000E78020701146CA8562859740FA1FE78019
:10BC5000406F414693058A014E859740FA1FE78061
:10BC6000406E21478A866686E2854E85EF20E01B7E
:10BC70002A841DE521468A8528009740FA1FE7801F
:10BC8000406C21469305490028009740FA1FE78041
:10BC900060668547631EF502A6855E85EF70AFB8C6
:10BCA00062859740FA1FE78020484E859740FA1F2B
:10BCB000E78080472285F2506254D2544259B259EB
:10BCC000225A925A025BF24B624CD24C2161828022
:10BCD0000544F9B779719397050122D406D626D287
:10BCE0004AD04ECEC1872E8463D50704B7240020E6
:10BCF000938484B303C53400EF30DFE32AC611CD4B
:10BD0000EFF05F9DB24519E503C524009307F00FDE
:10BD1000631EF5002E85EF30DFD52165218DB250F1
:10BD2000225492540259F24945618280EF309FE8D3
:10BD3000EDB793F7150091C7EFF06FA4134514000A
:10BD4000F9BFA1E10145E1BF850493F4F40FEFE0F1
:10BD5000DFCAE3F9A4FE33959900131905011359BD
:10BD60000901B3772401EDD34A85EFE03FF3C167C2
:10BD7000FD176305F500DD45EFF02F9733452401EE
:10BD800079BF85448549E1B7B727002023A407B2CE
:10BD9000B727002023AC07B037C70500B72700201E
:10BDA0001307873A23AA07B0B727002023A6E7B2D4
:10BDB00037C705009387C7B21307470BD8C337B7F8
:10BDC00005001307C7DC98C737D70500B727002041
:10BDD0001307273423AEE7B037D705009387C7B1E1
:10BDE0001307A7EAD8C337D705001307E71898C782
:10BDF0008280B727002083C7C7B3918B89C7B72735
:10BE000000209387C7B137270020232AF7B00145C8
:10BE10008280011106CE2AC6EFF01FF73245B72700
:10BE200000209945A38DA7B2EFD0EFB0F24037B50F
:10BE300005001305A5F405616FE0DFBC1C5581C743
:10BE4000A1473E858280011122CC26CA2A84AE8475
:10BE5000130500049305300506CE9740FA1FE780CE
:10BE6000601E08D46305051013060004A6859740DC
:10BE7000FA1FE780E03A78548347270193F687005A
:10BE8000638E0610145483C62600A18A63880610A8
:10BE900083270408E9EF9305300513050010974048
:10BEA000FA1FE780201A2320A4088D4771C1A3023E
:10BEB0000400785483C714008346170081EF81EE95
:10BEC00083C72400918BDDEB83472701918BDDE74E
:10BED000854711A889C62147A302E40099C7834773
:10BEE000540093E70701A302F4006C5483C72501B3
:10BEF000858B91CF1C54054783C727008D8B639892
:10BF0000E7008347640093E717002303F4008327C7
:10BF1000040899C78347640093E787002303F4006C
:10BF20008347540005476398E70C93048400414617
:10BF3000814526859740FA1FE780A0354146814517
:10BF4000130584019740FA1FE780A0341306C40349
:10BF50003285C14532C6EF608F9D83270408324683
:10BF6000BDC72285EF00903F9307000525CDA1476F
:10BF7000F2406244D2443E850561828083C704005A
:10BF8000834607001547B387E70237E70600130724
:10BF9000876DBA97B69783C70700B1B783C61400F9
:10BFA00091C68346170099C2E14735BF83C6240076
:10BFB000D58F918B91DF83C7040083460700154717
:10BFC000B387E70237E706001307C76BD9B72285A7
:10BFD0009306C402A685EFF0EFA52285EF0090310D
:10BFE00059F5C14703550400A301F4008145EF60F2
:10BFF000FFED8147B5BF13F7870149C3C18B930498
:10C0000084004146A9CB890526859740FA1FE78021
:10C01000202141468145130584019740FA1FE7809E
:10C020004027834764001306C403328593E7470023
:10C030002303F400C14532C6EF606F8F83270408E5
:10C0400032468DC32285EF0070319307200505F13C
:10C05000A301F40079BF814526859740FA1FE78048
:10C06000402345BF9306C402A6852285EFF08F9C2E
:10C070002285EF003028CD4761DDD5BD09478545D4
:10C080006388E70093F7D70F11476397E700894567
:10C0900003550400EF609FE38347640093E7470084
:10C0A0002303F4008327040881C7930710054DB7C5
:10C0B000C54779BF8347250063830726797122D45A
:10C0C00006D626D24AD083473500130750052A8466
:10C0D000639FE706034975001306C503C1459357DF
:10C0E0003900AA97328583C4870032C6EF602F8457
:10C0F000B727002083A787D0A9C79C47B9C30325CA
:10C10000040893767900B3D6D4403246858A9305E5
:10C110000504180893E606081305050882971375A9
:10C12000F50F05E141460C081305C4029740FA1FBC
:10C13000E780000F2285EF00F01B93076005A30145
:10C14000F400B25022549254025945618280130780
:10C1500010026395E7021C550327050883D74700A3
:10C1600069EB13F7071071C7785503574701137729
:10C17000071061C393077002A301F40083473400E2
:10C1800013077002639FE70C3C5885E39305300565
:10C1900071459740FA1FE780E0EA28D819C5714633
:10C1A00081459740FA1FE780C00E2458B9C883C75D
:10C1B000A40191E72285EFF02F93238DA400285846
:10C1C000814541469740FA1FE780A00C28583D471B
:10C1D0008345A5019387F5FF93F7F70F6364F70095
:10C1E000EF50FFF4EF303FB73C58A1452398A7002C
:10C1F00013852701EF50BFF32C5803550400EF00BF
:10C20000D0409307800203550400A301F400EFE03F
:10C21000EFE4414611C58357E50013D617003E965B
:10C22000B727002003C5B7B306068545EF301FF2D8
:10C2300009BF13F7072011CB785403574701137731
:10C24000072001C79307900205BF93F707409DD7CA
:10C250007C5483D7470193F707408DD39307B002EF
:10C2600021BF13078002639BE7023C5889CB83D52B
:10C2700007010355040013862701EF00903E1C546C
:10C2800083D7470013F707202DC37854035747017E
:10C290001377072039CB93079002B5B713079002A5
:10C2A000639CE700EF602F99AA8503550400EF0017
:10C2B000503A9307A00281BF1307A0026393E704DB
:10C2C000EF60CF96AA85854701456384F5008145D7
:10C2D00005452EC6EF608F932A86B24503550400AC
:10C2E000EF00B0331C5483D7470093F707408DC746
:10C2F0007C5483D7470193F7074099CF9307B00247
:10C3000019B71307B0026399E700EF606F93AA852E
:10C3100003550400EF0070389307F0020DB58280DA
:10C32000411122C4405926C206C67C54AA8483D730
:10C33000470113F7071019C718540357470013771D
:10C3400007101DE313F7072019C7185403574700B8
:10C350001377072011EB93F707408DCF1C5483D739
:10C36000470093F707409DC793071002A301F4000D
:10C370002285EFF03FD4034734009307F0026310A7
:10C38000F702224403D52400B24092448145410182
:10C390006FE0BFB59307F002A301F400DDB7B24030
:10C3A0002244924441018280397122DC405926DACC
:10C3B0004AD84ED606DEAA89AE843289630F043C81
:10C3C00003552500835704006384A700A14429A0D6
:10C3D0008347240091EB9D44F250625426854259D4
:10C3E000D254B259216182809387E5FF93F7F70F0A
:10C3F0002D47E362F7FE37E706008A071307476F0A
:10C40000BA979C438287B2852285EFF03FA3AA8426
:10C41000E1B74146CA851305C4049740FA1FE78077
:10C4200020E022851127AA8411C1A144834734004A
:10C43000130740056397E70093079005A301F400F5
:10C4400061BF130760056395E7009307A005FDB77B
:10C45000D147EDB79309C4054E854146CA8597403B
:10C46000FA1FE780E0DB0325040855C98347340041
:10C47000130790056399E700228591279307E0054C
:10C48000A301F40059A81307A0056394E7088347A4
:10C49000740013D737002297834687009D8BB3D64D
:10C4A000F640B727002083A787D0858A93E606F851
:10C4B00093F6F60F81DF9C4791DB9305050818087A
:10C4C0004E861305050482979374F50FE39004F0EC
:10C4D00041460C081305C4049740FA1FE78080E129
:10C4E000834774004D47850793F7F70FA303F400C4
:10C4F0006377F7002285E1259307E00581B7B72729
:10C50000002003C5B7B38545EF307FA593075005DD
:10C5100035B71307C005E381E7F6814475BD1309FC
:10C5200084004E86CA8522851408EFE0BFD04146BC
:10C530009305C40408089740FA1FE780A0DBE30DC9
:10C5400005E88A861306C403CE854A85EF10900459
:10C550000DE12285EFE05FD9B72700202A8783A766
:10C5600047B303550400814601468A858297AA8411
:10C5700011C1A14493072002D1B583450600EFE025
:10C58000DF9661BF0347340093072002E315F7E409
:10C590007C5889EB9305300571459740FA1FE78079
:10C5A00060AA68D86858E30805E24146CA85974002
:10C5B000FA1FE780E0C664582285EFE0FFD2238DA2
:10C5C000A400930730026DBD034734009307300287
:10C5D000E313F7E0835706006858214693052900C6
:10C5E0002318F50049059740FA1FE78060C37C5483
:10C5F00083D7470113F7270035CB1854035747005B
:10C60000098B2DC793074002A5BD0347340093074C
:10C610004002E312F7DC3C5C81EB85455D459740C9
:10C62000FA1FE78020A228DC285CE30805EE834798
:10C6300009004146CA85230BF5009740FA1FE780A1
:10C6400020BE930750022DBD0347340093075002CC
:10C65000E313F7D8285C1946930519004105974064
:10C66000FA1FE780E0BB7C5483D74701918B9DCFB5
:10C670001C5483D74700918B95CB9307600209B573
:10C680007C5C89EB9305300551459740FA1FE780A4
:10C69000609B68DC685CE30B05D24146CA85974025
:10C6A000FA1FE780E0B77C5C7D5798CB4E85EFF0B2
:10C6B0003FC7A5B50325040813060004CA85130562
:10C6C00005049740FA1FE780A0B52285EFE0DFB2AE
:10C6D00083473400130700056395E700930740057F
:10C6E00045B313071005639CE700B727002003C577
:10C6F000B7B38545EF30BF869307500551B3130795
:10C700002005E39CE7E0B727002083A787D0E38FCD
:10C7100007CA9C47E38C07CA832504089304840056
:10C72000180893850508814626862E85829703552D
:10C7300004001008A685EF605F829307B00589B3F7
:10C74000034734009307E005E317F7C8832504087F
:10C7500041464A859740FA1FE780C0B9AD44E30DD2
:10C7600005C6032504084146CA859740FA1FE7809D
:10C7700020AB2285EFE05FB7B72700202A8783A789
:10C7800047B32C5803550400814601468297AA847A
:10C7900011C1A1449307100255B1AD47E39FF5D6EF
:10C7A00083460600835525001306650003450500F2
:10C7B000EF50FFFE9DB3894761C2DDCD2300A60087
:10C7C00083C70500A300F60083C715002301F60008
:10C7D00083C72500A301F60083C73500A302060026
:10C7E0002302F60083D74500A183858BA302F600C0
:10C7F00003D745001377072009C793E72700A30253
:10C80000F60083D7450093F7074099C78347560042
:10C8100093E74700A302F60083D74500139747012B
:10C82000635807008347560093E78700A302F6008A
:10C830002303060083C74500858B2303F60003D737
:10C840004500098B09C793E727002303F60083D728
:10C850004500918B99C78347660093E74700230300
:10C86000F60003D745008147218B19C703476600AF
:10C87000136787002303E6003E8582802E86AA8503
:10C8800005456FF05FF32E86AA8509456FF0BFF26C
:10C8900089478DC505C5411106C6AE870D47AA85D6
:10C8A0002380E7001385170041469740FA1FE78071
:10C8B0002097B24081473E85410182803E8582803B
:10C8C00089478DC505C5411106C6AE871147AA85A2
:10C8D0002380E7001385170041469740FA1FE78041
:10C8E0002094B24081473E85410182803E8582800E
:10C8F00089478DC505C5411106C6AE871947AA856A
:10C900002380E7001385170041469740FA1FE78010
:10C910002091B24081473E85410182803E858280E0
:10C9200089479DCD15CD411106C61D472380E500E1
:10C9300003570500AE872146A380E5000357050095
:10C9400021832381E5009305250013853700974057
:10C95000FA1FE780E08CB24081473E85410182802A
:10C960003E85828089478DC505C5411106C6AE87C3
:10C970002147AA852380E700138517004146974089
:10C98000FA1FE780E089B24081473E8541018280FD
:10C990003E858280894795C90DC9411106C6254744
:10C9A0002380E50003470500AE871946A380E50014
:10C9B00093051500138527009740FA1FE7804086EE
:10C9C000B24081473E85410182803E858280894711
:10C9D0008DC505C5411106C6AE872947AA852380A6
:10C9E000E7001385170041469740FA1FE780408310
:10C9F000B24081473E85410182803E8582808947E1
:10CA000095C50DC5411106C6AE873147AA8523805D
:10CA1000E70013851700130600049740FA1FE7800C
:10CA20002080B24081473E85410182803E858280E0
:10CA300089478DC505C5411106C6AE873547AA850C
:10CA40002380E7001385170041469730FA1FE780DF
:10CA5000207DB24081473E85410182803E858280B3
:10CA6000894791C909C995472380F5008347050087
:10CA7000A380F50081473E858280894791C909C915
:10CA8000AD472380F50083470500A380F50081476B
:10CA90003E85828015C55D718A8586C6A2C42A84BA
:10CAA000EFE04FF003550400B7D605000A869386E1
:10CAB000C6879D45EFE0EFE1B64026446161828084
:10CAC0000545828015C55D718A8586C6A2C42A8403
:10CAD000EFE04FED03550400B7D605000A869386B4
:10CAE00066889D45EFE0EFDEB640264461618280B6
:10CAF000054582805D71A2C49305C5022A84414622
:10CB00000A8586C69730FA1FE780807103550400B6
:10CB1000B7D605000A8693860689C545EFE06FDB28
:10CB2000B6402644616182805D71A2C49305C5034D
:10CB30002A8441460A8586C69730FA1FE780406EF0
:10CB400003550400B7D605000A869386068CC545B2
:10CB5000EFE02FD8B640264461618280B7270020DD
:10CB600083A787D0B1CB9C435D71A2C486C62A84BB
:10CB70001305E00F95CF032504089305050C130555
:10CB80000508829783250408130600040A85938507
:10CB900005089730FA1FE780A06803550400B7D650
:10CBA00005009386E69F0A8693051004EFE06FD296
:10CBB000B6402644616182801305E00F82803171A6
:10CBC00022DD2A840355050026DB06DF4AD94ED72D
:10CBD00052D556D35AD15ECF62CDEFD03FC83C5824
:10CBE000AA8489EB9305300571459730FA1FE780D9
:10CBF000604528D82858CD470DC9714681459730E2
:10CC0000FA1FE7800069032904072285EFE0CFEDD2
:10CC1000230DA9008347240037290020638A0712C7
:10CC2000832789D085E39307E00FFA506A54DA54DA
:10CC30004A59BA592A5A9A5A0A5BFA4B6A4C3E85A3
:10CC40002961828083AB0701E38F0BFC032B04086F
:10CC5000EF50CFFD2A8C0145EF504FFB83C75400A6
:10CC60003858130B0B029309C403130AC405938AA3
:10CC700064003AC0B337F0002A879308010456884D
:10CC8000B33680015286CE855A85829B1C5403C7D9
:10CC900027002307E10203C71700A306E10283C7A9
:10CCA00007002306F102832789D0B5DF03AB4701D4
:10CCB000E30B0BF683C75400B337F0003ECEEF50C2
:10CCC000EFF6AA8B0145EF506FF403270408F247F3
:10CCD0002AC03AC2B338700156887810930684008F
:10CCE0004E86D2858800029B7C5403C7270123050A
:10CCF000E10203C71700A304E10283C7070023046E
:10CD0000F102832789D003A94701EF502FF22A8B24
:10CD10000145EF50AFEF83C854009C082A883EC2FB
:10CD2000B3381001B337600138109306840152867E
:10CD3000CE8556C08800029903550400B7D6050079
:10CD4000938606A39008C545EFE0AFB8AA87F1BD6A
:10CD500083C65400832789D0032B0408B336D00040
:10CD600083AB070136CEEF506FEC2A8C0145EF50B4
:10CD7000EFE93C58F246130B0B02130AC405930962
:10CD8000C403938A64002A88930801044E86D285DE
:10CD90003EC05687B33780015A85829B1C54130BC3
:10CDA000010303C727002307E10203C71700A306F7
:10CDB000E10283C707002306F102832789D083ABF2
:10CDC000470183C75400B337F0003ECEEF500FE663
:10CDD0002A8C0145EF508FE3F2472AC0B338800117
:10CDE00056887810930684004E86D2855AC28800F1
:10CDF000829B8325040841465A859730FA1FE780B5
:10CE0000604FAD47E31205EE0DB5B7D605002E868F
:10CE10009386068FC5456FE0CFAB5D71B287A2C424
:10CE20002300B1002A84BE8513051100194686C669
:10CE30009730FA1FE780C03EB7D605000A862285E4
:10CE400093864699A145EFE0CFA8B640264461619C
:10CE50008280B7D605002E8693864696C5456FE03C
:10CE60004FA75D71B287A2C42310B1002A84BE858A
:10CE700013052100214686C69730FA1FE780403A05
:10CE8000B7D605000A86228593860692AD45EFE067
:10CE90004FA4B640264461618280B7D605002E8635
:10CEA0009386E69CC5456FE0CFA2797122D406D661
:10CEB00026D283473500130730052A846384E708A8
:10CEC000130750056396E7089307A005A301F50033
:10CED00083477500C14513D737002A9783468700DB
:10CEE0009D8B1305C503B3D6F640858A93E606F8F5
:10CEF00093F6F60F36C6EF508FA3B246B727002041
:10CF000083A787D09DCB9C478DCB032504081808A9
:10CF10001306C403930505041305050882971375CA
:10CF2000F50F01ED1305C40241460C089730FA1FB6
:10CF3000E780002F2285EFF0FFBBB25022549254BD
:10CF40004561828093079005A301F50081467DB776
:10CF5000130710026396E7027C550327050883D761
:10CF600047016316070E13F717006302070E1855E3
:10CF700003574700058B61CF93072002A301F400FC
:10CF80008347340013072002639DE70E3C5889EB6A
:10CF90009305300571459730FA1FE780A00A28D81D
:10CFA0002458C9C02285EFE02FB4238DA40028584F
:10CFB000814541469730FA1FE780A02D28583D470C
:10CFC0008345A5019387F5FF93F7F70F636DF7028C
:10CFD000B727002083C737D1D5C34146814508080C
:10CFE0009730FA1FE780E02AB7250020194693857D
:10CFF000C5A008089730FA1FE780802230580C0837
:10D000002E85EF90401FEF201FD53C58A145239857
:10D01000A70013852701EF508F912C58035504006A
:10D02000EFF0BFDE9307300203550400A301F400C4
:10D03000EFD0DF82414619C10356E500B727002033
:10D0400003C5B7B306068545EF304F90FDB513F71E
:10D05000270009CB185403574700098B01C79307D2
:10D06000400229BF918BE38D07F01C5483D7470002
:10D07000918BE38707F09307600209B7EF502F8B7E
:10D0800059B713073002639AE7023C5889CB83D51E
:10D0900007010355040013862701EFF09FDC7C5441
:10D0A00083D7470113F7270021CF185403574700B0
:10D0B000098B39C79307400285BF13074002639C61
:10D0C000E700EF504FB7AA8503550400EFF07FD873
:10D0D0009307500291BF130750026390E704EF508B
:10D0E000EFB40DE9814505452EC6EF502FB22A86D3
:10D0F000B24503550400EFF05FD27C5483D747015B
:10D10000918B9DC71C5483D74700918B95C3930780
:10D11000600219BF85450145C1BF130760026399CD
:10D12000E700EF50EFB1AA8503550400EFF0FFD6FA
:10D130007C540327040883D7470119EF13F707101E
:10D1400001CF1854035747001377071011C79307EF
:10D150007002A301F400D5B313F7072011CB1854C4
:10D16000035747001377072001C793079002D5B7ED
:10D1700093F7074091CB1C5483D7470093F70740A0
:10D1800081C79307B002F1B79307F002D9B739719D
:10D1900022DC26DA4ED652D406DE4AD8AE89328A4E
:10D1A000AA84EFD0AFEB4059414681450A859730BC
:10D1B000FA1FE780000E25C803590400631599067D
:10D1C0000347340093071002631FF7028327040804
:10D1D00099CF2C58A9C94A85EF10900A0545F250FD
:10D1E0006254D2544259B259225A216182808A86AD
:10D1F0001306C4059305C40313058400EF0090399A
:10D200001DE18A85C9BF2C5899CD83D70501639C40
:10D2100047012146C9054E859730FA1FE780800DEA
:10D2200019C12C584DBF2685EFD04FE32A84054500
:10D230005DD44C54A1C983D70501639547052146A8
:10D24000C9054E859730FA1FE780C00A8547631BE2
:10D25000F502B727002083C7378091C74C5483C796
:10D26000B501639BA70CBD452685EF10E07BB72772
:10D27000002083A7079C0145BDD31D4589458297A2
:10D280000145B1BFB727002003C747D1B729002008
:10D2900093890999058B3E8931C3B727002003473D
:10D2A000540083C7C7D0631BF702B7250020194677
:10D2B0009385D5D0130564009730FA1FE78080036B
:10D2C0008547631DF50083A7090381C791451D4567
:10D2D0008297BD452685EF10207509B737270020B6
:10D2E000034737D183A7090331CB034749D1098BC2
:10D2F00009CB81C795451D4582972685EF1080781B
:10D30000F1BD81C78D451D4582974146814508087D
:10D310009730FA1FE780E0F7B7250020194693857C
:10D32000C5A008089730FA1FE78080EF0C082E850B
:10D330000A86EF80506C8A85268579BD8545C5FFB4
:10D340006DBF797122D440594AD04ECE52CC06D608
:10D3500026D2AA892E8A3289630D046A03552500D4
:10D3600083570400638CA700A144B2502254268541
:10D3700002599254F249624A4561828083442400F2
:10D3800099C09D44DDB79387F5FF93F7F70F3147B9
:10D39000E369F7FE37E706008A0713074772BA9773
:10D3A0009C4382871C54E9F3930530051305000460
:10D3B0009730FA1FE78000C908D45DD503470900FC
:10D3C000914763F4E7008D444DB703471900854743
:10D3D000E3EBE7FE13060004CA859730FA1FE780E7
:10D3E00020E40C547054A3020400D4415C4A858AA2
:10D3F000FD8E83574601F99BD58F231AF600D8413D
:10D40000544AF59B0583058B8582F98E8606DD8E51
:10D41000231AD600DC41584AED9A8983858B09830B
:10D420007D8F0A07558F231AE600D4415C4A5D9B25
:10D430008D82858A8D83F58F8E07D98F231AF6000A
:10D44000D841544A93F7F7EF2183058BA182F98ED7
:10D45000A206DD8E231AD600DC41584AA583858BAF
:10D4600025837D8F9317970013F7F6DF5D8F231ABF
:10D47000E600D4415C4AA982858AA983F58F9396F8
:10D48000A7009377F7BFD58F231AF600D441584AE7
:10D49000AD82858A2D83758FFD769386F67F2E0764
:10D4A000F58FD98F231AF600834726010325040838
:10D4B000A18B6387071083C72500A18B63820710A8
:10D4C000E31405EA93053005130500109730FA1FA1
:10D4D000E78040B72320A408E30705EE7C54A302AD
:10D4E00004000347190083C6170089EA45C3834730
:10D4F000540093E70701A302F40029A0A147A30267
:10D50000F40075F72285EFF0EFDB6C5483C725013B
:10D51000858B81CF1C5483C727008D8B99C7834788
:10D52000640093E717002303F4008327040899C7D6
:10D530008347640093E787002303F4008347540084
:10D5400005476393E70C41468145130584009730F6
:10D55000FA1FE78000D441468145130584019730C6
:10D56000FA1FE78000D3C1451305C403EF403FBC59
:10D57000032704089307000511E3C147035504007E
:10D58000A301F4008145EF507F94C5B303C7270181
:10D59000118B19E703472900118B19E38547A1BFB8
:10D5A00083C70700154783460900B387E70237E7BB
:10D5B00006001307876DBA97B69783C7070025BF84
:10D5C00019C59730FA1FE78020B6232004087C5441
:10D5D00003C7170011C70347190019C3E14721BF4B
:10D5E00003C72701118B09E703472900118B5DD77A
:10D5F00083C70700154783460900B387E70237E76B
:10D6000006001307C76B45BF13F7870131CFC18BE6
:10D61000130584004146A9C389059730FA1FE780A6
:10D6200020C041468145130584019730FA1FE780E9
:10D6300040C683476400C1451305C40393E7470010
:10D640002303F400EF40BFAE8327040881CF930784
:10D650002005A301F40011BB81459730FA1FE78034
:10D6600040C3C1B7CD47F5B7094789456386E70091
:10D6700011476398E700854503550400EF501F8567
:10D6800021A01947E389E7FE8347640093E7470039
:10D690002303F4008327040881C79307100555BFAF
:10D6A000C54745BF4146CA851305C4049730FA1FD4
:10D6B000E78000B78347340013076005639CE700E9
:10D6C000B727002003C5B7B38545EF205F899307CF
:10D6D000500541B745476383E7029306C40213062A
:10D6E000C403930584002285EFD0DFB42285EFF0D8
:10D6F0006FC0AA8411C1A144D147A1BFC94791BF3E
:10D700009309C4054E854146CA859730FA1FE780C4
:10D7100020B10325040861CD834734001307900529
:10D720006398E7002285EFF02FC09307E00515B757
:10D730001307A005639EE706B727002083A787D0BD
:10D74000E38107C403A88700E30D08C28347740080
:10D75000930505084E8613D7370022978346870026
:10D760009D8B0A87B3D6F640858A93E60608130593
:10D770000504029841468A851305C4049730FA1FB0
:10D78000E78040B711E1D2842285EFF0EFB98347FB
:10D790007400CD461307E005850793F7F70FA30341
:10D7A000F40063E4F60013076005A301E40075BE0E
:10D7B0001307C005E39BE7BAB727002083A787D0EC
:10D7C000E38107BC9C47E38E07BA9305050813095C
:10D7D00084000A8781464A862E8582970355040075
:10D7E0000A86CA85EF506FF79307B0059DB58A8604
:10D7F0004E86930584002285EFD0DFA34146930532
:10D80000C4040A859730FA1FE780C0AE8547D284EA
:10D81000E31DF5B42285EFF02FB1AA84E31605B419
:10D82000930710023DB50347340093077002E31AD3
:10D83000F7B47C5889EB9305300571459730FA1F92
:10D84000E780408068D86858E30D05B2CA85414634
:10D850009730FA1FE780C09C032944072285EFD048
:10D86000BFA8230DA90093078002E5B30347340046
:10D8700093078002E317F7B08357060068582146E4
:10D88000930529002318F50049059730FA1FE78012
:10D8900020997C5483D7470113F7072025CF1854CC
:10D8A000035747001377072035C79307900255B3F6
:10D8B0000347340093079002E315F7AC3C5C89EB17
:10D8C000930530055D459720FA1FE780A07728DC97
:10D8D000285CE30805AA4146CA859730FA1FE7800D
:10D8E00020949307A002B5B3034734009307A00226
:10D8F000E319F7A883470600285C19469305190029
:10D90000230BF50041059730FA1FE78060917C54A6
:10D9100083D7470193F70740B1C71C5483D747000B
:10D9200093F70740A1C39307B00225B30347340020
:10D930009307B002E317F7A47C5C89EB93053005ED
:10D9400051459720FA1FE780E06F68DC685CE30DC3
:10D9500005A04146CA859730FA1FE780608C7C5C41
:10D960007D5798CB03D529008145EFD00FD8F5BA64
:10D97000034734009307F004E3F8E79E0325040807
:10D98000E304059E13060004CA85130505049730B9
:10D99000FA1FE780E0882285EFF04F9CAA84228559
:10D9A000EFD09F858347340013070005639FE7008E
:10D9B000B727002003D6E90003C5B7B3854506069F
:10D9C000EF20CFF89307300569B113071005639571
:10D9D000E70093076005B5B913072005E397E798BB
:10D9E0009307C005BDB1034734009307E005E31D6D
:10D9F000F796032504084146CA859730FA1FE78049
:10DA000020822285EFF0AF9BAA8419BD83450600D2
:10DA1000A9BF85478144E39AF594032846008347CC
:10DA2000360003472600834616008355250003462B
:10DA300006000145EF405FCD0DBA8147C14633076F
:10DA4000F500B388F5000347070083C808003308D2
:10DA5000F6008507334717012300E800E391D7FE5E
:10DA600082800147BD471308F00F3306F500834657
:10DA70000600B388F500FD178606558F2380E80061
:10DA80000347060093F7F70F1D83E39007FF82809B
:10DA90008147930800F8414893F6F70F3387F50064
:10DAA00063FCC600B306F50083C606002300D7005A
:10DAB0008507E39307FF82806395C6002300170163
:10DAC000C5BF23000700EDB701114AC856C22E8911
:10DAD000AA8A93053005414506CE22CC26CA4EC6F9
:10DAE00052C4328A9720FA1FE780C055AA84930552
:10DAF000300541459720FA1FE780C0542A84CD495C
:10DB0000A5C431CD414681459720FA1FE780607852
:10DB10002686A2855685EF80006EAA8929E1838733
:10DB2000040063D30706A2852685EFF09FF3B7E5CF
:10DB300006004A86938585752285EFF01FF08307DE
:10DB4000090063D80704A2854A85EFF09FF1B7E585
:10DB500006005286938585752285EFF01FEE268597
:10DB60009720FA1FE780405C11C422859720FA1F96
:10DB7000E780805BF24062444E85D2444249B2491C
:10DB8000224A924A05618280CA852685EFF07FEDA0
:10DB90007DB7D2854A85EFF0DFECD1B781474146AA
:10DBA000B306F5003387F5000347070003C80600F6
:10DBB0008507334707012380E600E393C7FE828091
:10DBC000011126CA4EC6AE84AA89930530051305F5
:10DBD00000034AC806CE22CC32899720FA1FE7807C
:10DBE00060462DC51306000381452A849720FA1F3D
:10DBF000E780206A4146CE8522859720FA1FE7807C
:10DC00004074A6850D461305D4019720FA1FE780BE
:10DC1000407313060402930504012285EF80A05D82
:10DC2000AA840D469305D4024A859720FA1FE780FF
:10DC3000407122859720FA1FE780004FF24062442E
:10DC400026854249D244B24905618280CD44FDB760
:10DC50005D714EDE62D4AE892A8C930530051305C2
:10DC60000003A6C2CAC052DC56DA5AD85ED686C6AF
:10DC7000A2C4B28B368BBA84BE8A4289468A972068
:10DC8000FA1FE780203C6305051013060003814559
:10DC90002A849720FA1FE780C05F4146E2852285EB
:10DCA0009720FA1FE780E069414681450A85972061
:10DCB000FA1FE780005E1D46DE850A859720FA1F61
:10DCC000E78020681D46DA85130571009720FA1F4A
:10DCD000E780206733392001B33490004146814505
:10DCE000080823072101A30791009720FA1FE78066
:10DCF000405A1946D68548089720FA1FE780606485
:10DD00001946D2851305A1019720FA1FE7806063A9
:10DD1000930404014146CE8526859720FA1FE780AB
:10DD200040628A852685EFF07FE7930904024E86DC
:10DD3000A6852285EF80204C2A890DE94146CE85B3
:10DD400026859720FA1FE780A04D0C082685EFF066
:10DD5000FFE44E86A6852285EF80E0492A89464564
:10DD60004146CE859720FA1FE780A05D2285972047
:10DD7000FA1FE780603BB64026444A859644064930
:10DD8000F259625AD25A425BB25B225C6161828074
:10DD90004D49D5B7011126CA52C4AA842E8A13054B
:10DDA0000003930530054AC84EC606CE22CC328900
:10DDB000B6899720FA1FE780E02835C52A84A68512
:10DDC00041469720FA1FE780C0579304040121467B
:10DDD000D28526859720FA1FE780A056CA8521465E
:10DDE000130584019720FA1FE780A0551309040248
:10DDF000A6854A862285EF800040AA844146CA85CE
:10DE00004E859720FA1FE780C05322859720FA1F7E
:10DE1000E7808031F240624426854249D244B249CB
:10DE2000224A05618280CD44F5B739715AD05ECE61
:10DE30002A8BAE8B41459305300506DE26DA52D497
:10DE400056D262CC66CA6AC8368C328DBA8C22DC55
:10DE50004AD84ED69720FA1FE780C01EAA8A93059B
:10DE6000300541459720FA1FE780C01D2A8ACD441E
:10DE7000638E0A0859C52A86D6855A85EFF0DFC415
:10DE8000AA8441E19305300541459720FA1FE780B8
:10DE9000601B2A899305300541459720FA1FE780CA
:10DEA000601AAA89630A090E6306050E1304FD00B1
:10DEB00011841376FD0049C07D144204418035EE83
:10DEC000131544004E86D6855E95EFF01FB7414688
:10DED00081454A859720FA1FE780A03B014D9317A3
:10DEE0000D01C18363F48708BDC04A859720FA1FDE
:10DEF000E7808023638709004E859720FA1FE7801B
:10DF0000A02256859720FA1FE780002263070A00A7
:10DF100052859720FA1FE7802021F250625426850F
:10DF20004259D254B259225A925A025BF24B624C75
:10DF3000D24C424D216182800144131544008A85F0
:10DF40005E95EFF0FFB44E86D2850A85BDBF93156E
:10DF50004D000A86DE954A85EFF03FAE4A868A85F7
:10DF60005A85EF804029AA84050D95BFBDFC0A861D
:10DF7000CE854A85EFF07FAC4A868A855A85EF8048
:10DF80008027AA846686CA8562859720FA1FE78063
:10DF90002029A1BFCD4491BFCD44A9BF397162CC26
:10DFA0002A8C594526DA4AD84ED652D456D25AD05F
:10DFB0005ECE06DE22DCAE8B328BB68A3AC63E8A55
:10DFC000C289468983440104EF10DFAF49C19167DC
:10DFD000938717E92310F50085472301F5002A846C
:10DFE00032472105630C0C0493071003A301F400CE
:10DFF000194681459720FA1FE780A0292303640171
:10E00000A3035401230A940023127401231744012B
:10E010002318340123192401A285B7270020625454
:10E02000F250D2544259B259225A925A025BF24BE0
:10E03000624C03C587B321616F10DFB7A3010400F1
:10E040001946BA859720FA1FE780801D45BFF25018
:10E050006254D2544259B259225A925A025BF24B3C
:10E06000624C21618280011122CC2A84314506CE86
:10E070002EC632C436C23AC0EF10DFA429C1916760
:10E08000938717E92310F500B245224692460247CE
:10E090008D472301F500A30185006244B7270020C6
:10E0A0002312B5002313C5002314D5002315E50062
:10E0B000F240AA8503C587B305616F10BFAFF24078
:10E0C00062440561828001114AC82A89394526CAFD
:10E0D00006CE22CC2EC6B284EF10DF9E31C1B245EF
:10E0E0009167938727E92310F50091472301F500F5
:10E0F000A30125012312B5002A84A685190521460E
:10E100009720FA1FE780C011A285B727002062443C
:10E11000F240D244424903C587B305616F109FA9FD
:10E12000F2406244D24442490561828001114AC8EA
:10E130002A89414526CA06CE22CC2EC6B284EF10CB
:10E140007F9829C19167B245938727E92310F5008D
:10E1500095472A842301F50023122501214619053C
:10E160009720FA1FE780C00BA28523179400B727DA
:10E1700000206244F240D244424903C5B7B305616E
:10E180006F105FA3F2406244D2444249056182802D
:10E19000011122CC2A84394506CE2EC632C436C29D
:10E1A0003AC0EF103F9229C19167938717E9231076
:10E1B000F500B24522469246024799472301F500F1
:10E1C00023128500B727002062442313B5002314CF
:10E1D000C5002315D5002316E500F240AA8503C526
:10E1E00087B305616F101F9DF24062440561828014
:10E1F000797122D406D62A842EC632C436C23AC0D9
:10E20000EFC0CFE51DC1B245224692460247231C0E
:10E21000B100231DC1002C081306F00F2285231E18
:10E22000D100231FE100EFC06FD3B25022544561EB
:10E230008280011122CC2A84394506CE2EC632C4F2
:10E2400036C23AC0EF101F8829C19167938717E93A
:10E250002310F500B2452246924602479D4723010E
:10E26000F50023128500B727002062442313B50070
:10E270002314C5002315D5002316E500F240AA8516
:10E2800003C587B305616F10FF92F24062440561D8
:10E2900082805D712AC613052002CAC04EDE52DCA0
:10E2A00056DA5AD85ED662D466D26AD086C6A2C47E
:10E2B000A6C26ECE2E8CB28B368B3AC43E8DC28CEB
:10E2C000C68A035A01058359410503498105EF10A8
:10E2D0006FFF69C591663243938616E9A9472A8480
:10E2E0002310D5002301F500930DE40021059304CC
:10E2F00044012247630D030693071003A301F400B2
:10E30000194681459720FA1FE780A0F819468145F4
:10E310006E859720FA1FE780C0F71946814526854C
:10E320009720FA1FE780E0F623037401A30364013A
:10E330002300240323128401231D5401231E4401BE
:10E34000231F3401A285B72700202644B6409644F7
:10E350000649F259625AD25A425BB25B225C925C25
:10E36000025DF24D03C587B361616F10BF84BA854A
:10E37000A301040019469720FA1FE78060EAEA85A6
:10E380006E8519469720FA1FE78080E91946E685D1
:10E3900026859720FA1FE780A0E879B7B640264483
:10E3A00096440649F259625AD25A425BB25B225CE9
:10E3B000925C025DF24D61618280011122CC2A845F
:10E3C000214506CE2EC632C436C2EF10AFEF15CDB2
:10E3D000224692469167938717E92310F500B245CC
:10E3E000B1472301F500A30185002303C500A30362
:10E3F000D5006244B72700202312B500F240AA8559
:10E4000003C587B305616F10EFFAF24062440561FE
:10E41000828041110D4506C6EF10CFEA0DC5930766
:10E4200010F92300F5009307E003A300F500C547AA
:10E430002301F500B7270020B240AA8503C587B3A2
:10E4400041016F102FF7B24041018280011122CCAF
:10E450002A84294506CE2EC632C436C2EF108FE676
:10E4600015CDB24592469167938717E92310F500C1
:10E470002246C9472301F5002302B500A301850008
:10E480002304D5006244B72700202313C500F240BF
:10E49000AA8503C587B305616F10CFF1F2406244CE
:10E4A0000561828001114AC82A892D4526CA06CEF7
:10E4B00022CC2EC6B284EF10EFE029C5B2459307F7
:10E4C00010F92300F5009307E003A300F500CD4702
:10E4D0002301F500A30125012302B5002A84A685A6
:10E4E000150519469720FA1FE78080D3A285B72724
:10E4F00000206244F240D244424903C587B305611B
:10E500006F104FEBF2406244D24442490561828071
:10E51000011122CC2A84214506CE2EC6EF108FDAB7
:10E5200005C9B2459167938717E92310F500D147D4
:10E530002301F5002303B50023128500B72700202F
:10E540006244F240AA8503C587B305616F108FE668
:10E55000F240624405618280011122CC2A84214567
:10E5600006CE2EC632C4EF10EFD51DC52246B245E9
:10E57000930710592310F500230185002303C500DC
:10E580006244B72700202312B500F240AA8503C5D4
:10E5900087B305616F100FE2F2406244056182802B
:10E5A000011122CC2A84214506CE2EC632C4EF109A
:10E5B0006FD11DC922469167938727E92310F50083
:10E5C000B245A1472301F50023038500A303C5003D
:10E5D0006244B72700202312B500F240AA8503C584
:10E5E000B7B305616F100FDDF240624405618280B0
:10E5F000011122CC2A84314506CE2EC632C436C241
:10E600003AC0EF102FCC15CD22468567B245924611
:10E610000247938717C92310F500230185002303C0
:10E62000C5006244B72700202312B5002314D5008B
:10E630002315E500F240AA8503C587B305616F1075
:10E640006FD7F240624405618280011126CAAE8410
:10E650004AC82A891385C40006CE22CC32C6EF10E0
:10E660006FC61DCD8567938717E9B2452310F50066
:10E6700023019500231225012A84310508C426862A
:10E680009720FA1FE780C0B9A285B727002062440F
:10E69000F240D244424903C587B305616F108FD160
:10E6A000F2406244D244424905618280011122CC89
:10E6B0002A84194506CE2EC6EF10CFC005C985673E
:10E6C000938717F92310F500B2458547A301F5009C
:10E6D000230185006244B72700202312B500F240D1
:10E6E000AA8503C587B305616F10CFCCF2406244A1
:10E6F00005618280411122C42A840D4506C6EF10AF
:10E700006FBC05C5930710F92300F500E947A30086
:10E71000F500230185002244B7270020B240AA85D6
:10E7200003C587B341016F10EFC8B24022444101D5
:10E730008280011122CC2A84214506CE2EC6EF10FC
:10E740006FB80DC99167938727E92310F500B2458B
:10E75000930700032301F500230385006244B727D4
:10E7600000202312B500F240AA8503C5B7B30561A6
:10E770006F104FC4F240624405618280011121454F
:10E7800006CE2EC632C4EF10EFB305C98567B24579
:10E790002246938707392310F50085472301F500AA
:10E7A000B72700202312B5002313C500F240AA8525
:10E7B00003C507AA05616F10EFBFF24005618280B3
:10E7C000397122DC1304F5FF4AD852D456D25ECEFA
:10E7D000420406DE26DA4ED65AD0894B2A8A32897E
:10E7E000B68A418063967515B72B002083C70B89C5
:10E7F0005E8B89448DCF83C9160083C70600914480
:10E80000A209B3E9F900B727002083D7079AF517C3
:10E8100063DFF9009307C6FF639DF90831452EC6F3
:10E82000EF104FAA2A84B24519ED9304F00FF2506D
:10E83000625426854259D254B259225A925A025BE6
:10E84000F24B216182804209135909012302B5006C
:10E8500023132501930700F91509A1652310F5007D
:10E860002311450185054A859710FA1FE780807DB1
:10E8700008C415C983C70B899385EAFF135629007D
:10E88000FD172388FB889720FA1FE780409D1C44D2
:10E89000A28589071CC4B727002003C507AAEF106B
:10E8A0006FB1814469B722859720FA1FE780C0873E
:10E8B000ADBF9307D6FFE3CAF9F6B1473304F402BC
:10E8C000B724002083A744AAA29703C7A70019C7AB
:10E8D000884309C59720FA1FE78000851385490002
:10E8E000A16542058505418103AA44AA9710FA1F34
:10E8F000E780407583A744AA229A2320AA00A29702
:10E90000884305D505472385E70083470B894A8659
:10E91000D685FD172308FB889720FA1FE7804090D3
:10E9200083A744AA3E94231324012312340195BFE4
:10E930008547E39CF5EEB1473304F402372B002002
:10E9400083274BAADA89A29703D76700884345CB70
:10E9500083D74700B306C700910763C2D70A3A9529
:10E96000D6859720FA1FE780A08B03274BAA814406
:10E97000229783576700CA97C207C1832313F70002
:10E98000035747001107E394E7EA3145EF108F93EF
:10E99000AA8521C1930700F92310F50083274BAA0C
:10E9A0002302750123114501A29703D767009C43F9
:10E9B0002313E5001CC5B727002003C507AAEF10E5
:10E9C0006F9F83274BAA3E94231304002305040062
:10E9D000B9BD83274BAAA297884311C99710FA1F84
:10E9E000E780807483274BAAA29723A0070083A700
:10E9F00049AA3E9423130400230504005DB511C900
:10EA00009710FA1FE780407283A749AAA29723A014
:10EA1000070083A749AA85443E94231304002305D5
:10EA2000040031B56FA0B0136FA0F0146FA0903D3B
:10EA30000545828005458280411106C6EFA0F0138E
:10EA4000B2400145410182806FA070166FA09018FE
:10EA50006FA0D01B6FA0F01D6FA0F01F6FA0F02162
:10EA60006FA0F0236FA0F0256FA090276FA09029D2
:10EA70008347160003460600A2075D8E6FA0D02ACA
:10EA80006FA0102C6FA0D02E6FA090316FA07034AB
:10EA90006FA0703A6FA0903C6FA0B03E6FA0D040C6
:10EAA0006FA0F0426FA0104503430100030E410028
:10EAB000834E8100034FC100834F01018342410116
:10EAC000834381017EC816CA1ECC7AC676C472C240
:10EAD0001AC06FA030446FA030496FA0504B6FA098
:10EAE000704D0545828005458280054582806FC056
:10EAF000E05105458280054582806FC00058B7E629
:10EB000006008147938686761308F00F3387F60058
:10EB1000034607001317060141836364E50063138E
:10EB20000601828003D605006365C7002390E500D7
:10EB30008280850793F7F70FD1BF411193970501A5
:10EB400022C406C626C2C1872E8463D50702EF0001
:10EB50007FFEAA8409CD83470500054793C70708B0
:10EB60006364F700EF5030342685EF009FF0216595
:10EB7000218D21A893F7150091CFB727002083A7F7
:10EB8000C7BA91C3829713451400B24022449244FD
:10EB90004101828093F7250091CBB727002083A7FE
:10EBA00007BB91C3829713452400C5B793F785002F
:10EBB00099CBB727002083A7C7BBFC5791C3829787
:10EBC00013458400D9B793F7450099CBB7270020A8
:10EBD00083A7C7BBBC5791C382971345440075B741
:10EBE00093F7050281CFB727002083A707BD83A72E
:10EBF000070991C382971345040241BF93F70501AA
:10EC000081CFB727002083A707BD83A7C70891C37B
:10EC100082971345040195BF939725010145E3D6DB
:10EC200007F6B7270020938787B483C6770003C60B
:10EC3000670083C5570003C54700EFA0704409650E
:10EC400005BF411126C2B7240020B72700201306B4
:10EC50000012814522C42A84138584B406C623A6E3
:10EC600007C64AC09710FA1FE780A0620145EF204F
:10EC7000400B0145EF202012B7270020A38D87927B
:10EC8000B707D707138484B4B1075CC8B7C70C0CA7
:10EC9000938717131CCCB7C7D707938717135CCC80
:10ECA000F177938717132310F40281477D47232EB2
:10ECB000F40C8327840C232CE40C5D671307F71FE7
:10ECC00037290020D98F130909992324F40C23280C
:10ECD000F40C8347E9000327C40CA30C0402A30A25
:10ECE000F40AA30EF40AF977FD17231FF40E23107C
:10ECF000F410FD472301F41093073030231DF40274
:10ED0000231EF402232AE40CEF103FC99307C01C12
:10ED10002319F4068357490003570901A301A400EE
:10ED2000A983A30EF4069306B00F938784B463F40B
:10ED3000E6001307B00F93150701C1811386E500A4
:10ED400093163600C206C1822395E7022397E70295
:10ED50002396D7022398D7026D45938484B463F336
:10ED6000A5006D472391E40293058014368763F470
:10ED7000B600130780142392E7022394E7020547A5
:10ED8000A38FE702370703001307C71CB8C3370771
:10ED900016000E061307079023A207042393C70249
:10EDA000D8DBEF703055EF30B02FEF70600B22449E
:10EDB000B2409244024941016F50D067397122DC60
:10EDC0003704400026DA4ED6AE84AA899305E4FFC4
:10EDD000054506DE4AD8EF103FC5498C13170401DC
:10EDE000418321839317840013590401D98F23167B
:10EDF00001001379F90F10088A854E852317F10059
:10EE0000A306210102C002C202C402C802CA02CC87
:10EE100002CEEF70403E8347E1010347D101A38159
:10EE20008400A2074207BA970347F1012180238299
:10EE30008400BA97F25062542380F40013D78700FD
:10EE4000C183A3822401A380E4002381F4004259FA
:10EE5000D254B25921618280B72500203725002085
:10EE6000011119469385859A130585C206CE22CCD9
:10EE700026CA4AC891644EC69710FA1FE780403AE6
:10EE80009385F4FF0145EF10FFB72A84FD55014536
:10EE9000EF109FB9A287FD147D5933F79700B36631
:10EEA000E500D5CA631425016307970A37240020BB
:10EEB000130784B42308F70EA18393E707FC916935
:10EEC000C1642326A70EA308F70E130484B4FD190A
:10EED000FD14CE850145EF10FFB22A89FD5501458D
:10EEE000EF109FB4B3672501EDD7FD576314F5000C
:10EEF000E30139FF93570501230AF40E9357850167
:10EF0000A30AF40E8317040E2319A40E230B240F57
:10EF10004205135989001379F9034185A30B240F86
:10EF2000658DE58F6312F5020317440F8317240ED6
:10EF3000658FE58F631AF7000317640F8317440E7C
:10EF4000658FE58FE307F7F8F2406244D244424907
:10EF5000B24905618280A6850145EF10BFAA2A84C7
:10EF6000FD550145EF105FACA28705BF411126C2D8
:10EF7000B724002006C622C44AC0938784B403C7BE
:10EF8000E70383C7F703636AF70001442285B240B1
:10EF9000224492440249410182802A89930510202B
:10EFA000130580079710FA1FE780C0092A8471DDD6
:10EFB000130680078145938484B49710FA1FE78075
:10EFC000402D63150900C1572302F400BC48A1EF8E
:10EFD000E0C4A0C8E0C8232004008547238FF402C2
:10EFE0008547A302F400930700F9A303F400B727B1
:10EFF0000020938747C89853DC5338C47CC4FD571E
:10F000002309F400B727002003C5479A2302A4066A
:10F01000EF70004583472406A308A40093E7370058
:10F020002301F406A5B7FC4880C3E0C823200400F0
:10F0300083C7E40385075DB78347A501411122C457
:10F0400006C69907A306F5003C4511472306E500CF
:10F050002380E7003C450347D5002A84A380E700CE
:10F0600083471503858B91E7034705038947631998
:10F07000F70038448347070093E707042300F700AD
:10F08000284493052403194609059710FA1FE780C1
:10F09000201928440356A4010C5421059710FA1F87
:10F0A000E7800018930730F9A303F400B24022442C
:10F0B0004101828041114AC037290020930789B459
:10F0C00083A7C70A06C622C426C299E3054515AA26
:10F0D000AA84130989B4EF70C05D8327C90A829797
:10F0E000EF30C0572A847DD19C50EC442324F5088E
:10F0F00003C774009307A009631BF710854723001B
:10F10000F51483C7F4052303F514A303F51483C78B
:10F11000F50003C705010148A2074207BA9703C7D4
:10F12000E5001546F905BA9703C735FF13058413A3
:10F130006207BA97232CF40883C755FF03C765FFFE
:10F14000A2074207BA9703C745FFBA97232EF408D0
:10F1500083C775FFA30BF40283C795FF03C785FF21
:10F16000A207D98F231CF40283C7B5FF03C7A5FFED
:10F17000A207D98F231DF40283C7D5FF03C7C5FF9C
:10F18000A207D98F231EF40283C7F5FF03C7E5FF4B
:10F19000232E0413A207D98F231FF4028147232CA7
:10F1A000F4129710FA1FE780A007F844834737024C
:10F1B000FD8BA30AF40203473702ED1793F7F70F0D
:10F1C00015832308E4022D476368F7028357A403DD
:10F1D00005679306A7C7E917C207C18363EEF60068
:10F1E0008356C4039307301F63E8D7008357E403B3
:10F1F000130707C8637EF70203558400EF3080626F
:10F200000145B24022449244024941018280832751
:10F21000090D13971701E35C07EEBC4403C7070011
:10F2200083C70500F98F9583858B2300F514C5B539
:10F230008327090B228582978327890D0355840034
:10F24000294693F7072091E3054693050008EF5000
:10F25000005F8327090D13971701635907000355B2
:10F260008400514693050008EF50605D8327C90470
:10F27000BC4B13974700E35B07E403C54400A38935
:10F280000400494693050008EF50605B81B5B7273D
:10F29000002083C797B4411122C406C626C24AC0C3
:10F2A0002A848DEB0347C40085476316F70E834716
:10F2B000940303471404858B631DF70C19469305CB
:10F2C00024041305A4039710FA1FE780A002B334A7
:10F2D000A00091A883471504CDC783477504130781
:10F2E000000493F7070C639EE708485521C51309EE
:10F2F0002404CA851305A502EF5080668547AA84B9
:10F30000631AF502485489472300F4048347350003
:10F310001946CA8593E72700A300F4045105971006
:10F32000FA1FE780E0EFB24022442685024992446A
:10F33000410182800347C40085476304F704834783
:10F34000C405918B9DEF8347840385EF1305040467
:10F350009720FA1FE78060D048D405C5894723006D
:10F36000F4048347350019469305240493E72700E6
:10F37000A300F40451059710FA1FE78060EA854462
:10F380005DB783478403898B91DF5C5483C7170083
:10F3900091FB814449BF8347C405918B89FB834717
:10F3A000940013F717000DC38346F4000D47639DC7
:10F3B000E60028406C402244B24092440249410198
:10F3C0001723FA1F670043CD898BD5DB0347F40071
:10F3D0009547E316F7FAF1BF4111B727002022C481
:10F3E00006C6938787B423880706930710F9A303FB
:10F3F000F500B727002003A487C60DC0B72700205B
:10F4000003C5B7938545EF100F8C9307102733057D
:10F41000F50222832244B24041010283B2402244D9
:10F42000410182808347650199C7034765006314E2
:10F43000F7006FF07FFA0347550111CF834665004F
:10F440006382E6022303E500B727002003C5B793D4
:10F4500089456F00DFB0F1DF0347650079FB2303C7
:10F46000F500DDB7F9D7E5BF6C45314783C7150017
:10F4700093F7F7032307F5006386E7009307000877
:10F480003E85828083C705000D47BD8BA307F5002D
:10F49000E396E7FE41114AC01309250322C4194629
:10F4A0002A84A1054A8506C626C29710FA1FE7805E
:10F4B00060E491470DC56C4413052404194683C7C5
:10F4C000050089059987858BA300F4049710FA1F1E
:10F4D000E78000D52285EFF09FDB09E9A147B24024
:10F4E0002244924402493E85410182801305000472
:10F4F00083040401EF30EFFC62056185E3C0A4FEE4
:10F5000024449D472306F4002380F400854723818B
:10F51000F400A381F4001946CA85138544009710AE
:10F52000FA1FE780E0CF83C7240003C734009907A0
:10F5300093F7F70F136787002381F400A381E4009A
:10F540003844BA9703578406A381E70083C7240091
:10F5500038448346D4053E97835784069206A18398
:10F56000BD8BD58F2302F70003C72400814709070D
:10F570001377F70F2381E4000356A4018346C405E3
:10F5800001CA93F70604DDEFF957998F93F7F70F48
:10F5900093F6060495C203C6340034441366060489
:10F5A000A381C400369783461401A301D70003C783
:10F5B000240005072381E4000356A401014719CE66
:10F5C00063EEC70083C7240028440C548D073E9582
:10F5D0009710FA1FE780C0C40347A40183C6240024
:10F5E00093F7F60385073E97A306E4002381D40032
:10F5F00083471403858B91E7034704038947631905
:10F60000F70038448347070093E707042300F70017
:10F610003C448345D400A380B7000345F405930719
:10F6200090F9A303F400EF6010700346D400834503
:10F63000F4050D459720FA1FE780C0DFEF706007E3
:10F64000814771BDF55791B76C451307200283C7F9
:10F65000150093F7F7032307F5006399E7164111A7
:10F6600022C406C626C24AC083C7050015472A849D
:10F67000BD8BA307F500639CE7021946A10513059E
:10F6800025039710FA1FE780E0C69147630905122A
:10F690006C4419461305240483C70500890599871E
:10F6A000858BA300F4049710FA1FE78060B72285CA
:10F6B000EFF0FFBDA14763040510372700201309B1
:10F6C000C79D835789009304003293870719B3D4E9
:10F6D00097028327C79D829783264900B307950029
:10F6E0003E8763E4A70063E4D7003387D740244410
:10F6F000A1472306F40018D02380F4008547238116
:10F70000F400A381F40019469305240313854400F3
:10F710009710FA1FE780C0B083C7240099072381A0
:10F72000F40083C7340093E72700A381F4008347E4
:10F73000140481CB38448347070093E707F823007C
:10F74000F7001946930524041385A4009710FA1FA7
:10F75000E78000AD83C72400990793F7F70F13F7ED
:10F76000F7030507A306E4002381F400834714038D
:10F77000858B91E70347040389476319F7003844F1
:10F780008347070093E707042300F7003C448345C1
:10F79000D400A380B7000345F4059307A0F9A303A1
:10F7A000F400EF6050580346D4008345F4050D453E
:10F7B0009720FA1FE78000C8EF60B06F8147B24022
:10F7C0002244924402493E85410182809307000809
:10F7D0003E85828041114AC0372900200326C9CACC
:10F7E00022C426C206C6930780077CD2B727002012
:10F7F00083A707C8B70533002A84D857719B1367BE
:10F800001700D8D798431377F7CF98C39843137747
:10F81000F7CF1367072098C337270020032707D0A7
:10F820001447CD8E14C7B70603009386862534CAC5
:10F830005457F59A54D70347E5059376F70798434D
:10F84000137707F8558F98C324459D472306F50085
:10F8500085462380F400A38104002381D4008347DC
:10F86000B5050D476385E7001947639BE71E85478C
:10F87000A381F400194693052403138544009710CF
:10F88000FA1FE780E09983C7240099072381F400D9
:10F890000347B40599476316F70483C734001385FB
:10F8A000A40093E72700A381F40083471403898B06
:10F8B000638507164C5483C72501638007161946D4
:10F8C000D1059710FA1FE780A095384483470700B9
:10F8D00093E707F82300F70083C7240099072381E3
:10F8E000F40083C7340003C7240093E78700A38193
:10F8F000F4003C44BA9703578406A381E70083C70A
:10F90000240038448346D4053E97835784069206E4
:10F91000A183BD8BD58F2302F70003C72400814745
:10F9200009071377F70F2381E40003568401834608
:10F93000C40509CA93F7060463930710F957998F12
:10F9400093F7F70F93F6060495C203C634003444C8
:10F9500013660604A381C400369783461401A301ED
:10F96000D70003C7240005072381E4000356840160
:10F9700069EA014703C624008347A4059376F6038A
:10F98000850636979A07D18FA306E4002381F400F9
:10F9900083471403858B91E7034704038947631961
:10F9A000F70038448347070093E707042300F70074
:10F9B0003C440347D400A380E700930760F9A30306
:10F9C000F40038448327C9CAB8DFB727002083C7AB
:10F9D000879E81EB37050600814513054560EF00E2
:10F9E000DFC4B72700200327C9CA938747C8A3816C
:10F9F0000700238207005C43014593E717005CC3BF
:10FA00000346D4008345F4052244B240924402499F
:10FA100041011723FA1F6700E3A18347940381CBB9
:10FA200038448347070093E707F82300F700194697
:10FA30009305A4039700FA1FE780807E71BDF557F8
:10FA4000FDBDE3E8C7F283C7240028444C508D076E
:10FA50003E959700FA1FE780A07C0347840119BFF9
:10FA60001387E7FF1377D70F631307109305250359
:10FA7000A381D4001946138544009700FA1FE7803C
:10FA8000207A83C7240003C734001146990793F7EF
:10FA9000F70F136787002381F400A381E400384443
:10FAA000BA9703578406A381E70083C7240038442C
:10FAB0008346D4053E97835784069206A183BD8B67
:10FAC000D58F2302F70003C7240081470907137766
:10FAD000F70F2381E4008345B4058346C405639989
:10FAE000C50093F70604D1E3F957998F93F7F70F01
:10FAF00093F6060495C283C6340093E60604A381F8
:10FB0000D4003444369783461401A301D70003C7B9
:10FB1000240005072381E4000346B405914601470C
:10FB20006313D6020356840119CE63EEC70083C760
:10FB3000240028444C508D073E959700FA1FE7801B
:10FB4000206E034784010346B4059146B727002081
:10FB5000938787B46313D61883C6070793F6060FF7
:10FB600093E656002388D70631B5F557BDBF93F706
:10FB7000B70F0547E39FE7DEA381F4009305250354
:10FB80001946138544009700FA1FE780606983C710
:10FB9000240099072381F40083C7340093E72700EA
:10FBA000A381F4008347940381CB38448347070043
:10FBB00093E707F82300F700834714031385A40095
:10FBC000898BE5CB4C5483C72501E5C71946D10580
:10FBD0009700FA1FE780C06438448347070093E723
:10FBE00007F82300F70083C7240003C73400054645
:10FBF000990793F7F70F136787002381F400A38118
:10FC0000E4003844BA9703578406A381E70083C70A
:10FC1000240038448346D4053E97835784069206D1
:10FC2000A183BD8BD58F2302F70003C72400814732
:10FC300009071377F70F2381E4008345B405834652
:10FC4000C4056399C50093F70604D1E7F957998F66
:10FC500093F7F70F93F6060495C283C6340093E634
:10FC60000604A381D4003444369783461401A301CB
:10FC7000D70003C7240005072381E4000346B40529
:10FC8000854601476313D6020356840119CE63EEFD
:10FC9000C70083C7240028444C508D073E95970029
:10FCA000FA1FE780E057034784010346B405854601
:10FCB00071BD8347940381CB38448347070093E7A2
:10FCC00007F82300F70019469305A4039700FA1FCD
:10FCD000E780005509BFF5579DBF83C6070793F618
:10FCE000060F93E66600BDBD01115AC0372B0020F8
:10FCF00056C2930A8BB483A7CA0906CE22CC26CA61
:10FD00004AC84EC652C4639F07502A840945EF6013
:10FD1000B022372900200326C9CA93078007372A53
:10FD200000207CD283270AC8B7290020B7053300FA
:10FD3000D857130B8BB4719B13671700D8D7984310
:10FD40001377F7CF98C398431377F7CF136707203C
:10FD500098C303A709D01447CD8E14C7B706030074
:10FD60009386862534CA5457F59A54D703476400BE
:10FD70009376F7079843137707F8558F98C383470F
:10FD8000A4003844BD8B2306F4002300F7001D4770
:10FD900024446392E73A8547A38104002381F40059
:10FDA0008345B4058D46639DD522035784016313B3
:10FDB0000714A381F4001946930524031385440016
:10FDC0009700FA1FE780C04583C72400990793F77F
:10FDD000F70F2381F4000347C4051377070415C305
:10FDE00003C7340013670704A381E4003844BA97BB
:10FDF00003471401A381E70083C7240085072381FB
:10FE0000F40023080B0683C624008347A40513F7D8
:10FE1000F60305079A07D58FA306E4002381F400B3
:10FE2000930740F9A303F40083471403858B91E7FC
:10FE30000347040389476319F700384483470700E1
:10FE400093E707042300F7003C440347D400370638
:10FE500000827D16A380E7000325C9CA5C4193E7B1
:10FE600017005CC18305440683260AC893F7F5038F
:10FE700013979701DC56F18FD98FDCD69307A00337
:10FE800063D4B73603A709D0370600077C4FD18F5C
:10FE90007CCFB7C7898E938767ED9CC6B75755004F
:10FEA00093875755DCC2B7270020938747C8094777
:10FEB000A383E700A3810700238207003C44834417
:10FEC000040681453CDD3705060013054560EF005B
:10FED000CFF50346D4006244F2404249B249224A77
:10FEE000924A024BA685D244014505611713FA1FB9
:10FEF00067004354A147A381F400835784062382FB
:10FF0000F400835784060347D4053444A1831207C1
:10FF1000BD8BD98FA382F60003C6240005470906CE
:10FF20001376F60F2381C40083C70A078326C9CA44
:10FF30006318F708034744019307E6008E07231868
:10FF4000F4069387C708B387E702F9450945238874
:10FF5000AA06416588C6938707FBC207C1839387BA
:10FF60007716B3C7B70213970701B387B702418368
:10FF70008607BCD283C7340093E70701A381F4004E
:10FF80003C443E968347E40593E70704A301F6004B
:10FF900083C624003C44B6972382E70083C624002E
:10FFA0003C4421837D8BB6978346F4059606558F96
:10FFB000A382E70083C724008D072381F400A1B545
:10FFC000B852F94705833357F702BC52E85285838C
:10FFD000FD8BAA97FCD22388BA064207418359BFFA
:10FFE00019476399E50A035784014DE7A381F4009B
:10FFF000138544001946930524039700FA1FE780F0
:020000040006F4
:10000000202283C724001385A40099072381F400CC
:1000100083C7340093E72700A381F40083471403C8
:10002000898BB9C74C5483C72501B9C31946D1057B
:100030009700FA1FE780C01E38448347070093E704
:1000400007F82300F70083C72400990793F7F70FF9
:100050002381F4000347C40513770704E30307DA99
:1000600083C63400384493E60604A381D40041B328
:100070008347940381CB38448347070093E707F80D
:100080002300F70019469305A4039700FA1FE780A1
:10009000201955BFA147A381F4008357840623820A
:1000A000F400835784060347D4053044A183120724
:1000B000BD8BD98FA302F60003C6240005470906AD
:1000C0001376F60F2381C40083C70A078325C9CAA4
:1000D0006313F704034744019307F6008E072318C0
:1000E000F4069387C708B387E702F94609452388D2
:1000F000AA06416588C5938707FBC207C18393871A
:100100007716B3C7D70213970701B387D702418386
:100110008607BCD185B5B851F94705833357F70237
:10012000BC51E8518583FD8BAA97FCD12388DA0660
:100130004207418381B50547639CE708B147A306A1
:10014000F40083471403898BADC34C5483C7250146
:10015000A9CF1946D105138584009700FA1FE780BF
:10016000200C38448347070093E707F82300F70083
:10017000284419469305240309059700FA1FE780D0
:10018000200A83270B0D13971701635D0700834730
:10019000A400B98B81EB38448347070093E707023B
:1001A0002300F700930720F9B5B98347940399C753
:1001B00083C7040093E707F82380F4002844194616
:1001C0009305A40321059700FA1FE78060054DB74A
:1001D000035684014C50138584009307660093F7FF
:1001E000F703A306F400C5B71307200283A709D0BD
:1001F000635CB700F84F370600F97D16718F37063C
:100200000005518FF8CF71B1370700F91306F7FFDA
:10021000F84F6948718F37060003E344B8FE37068C
:100220000001C5B7F2406244D2444249B249224A71
:10023000924A024B05618280B727002041119387C3
:1002400087B422C4A04F06C6054783468400639046
:10025000E60283C7070711476315F7002285EFF011
:10026000AF9722852244B24041016FF0FFA7B24010
:10027000224441018280B727002083A787B999E3F0
:100280003E85828003C74700E30CA7FE9C43C5BFA1
:10029000011106CE22CC26CA4AC84EC6EFF0BFFDD9
:1002A00011E90149F24062444A85D2444249B249C7
:1002B0000561828083471503B72900202A8493842F
:1002C00089B489EFB72500201946938585C21305A7
:1002D00024039700FA1FE780A0F4A5A80547639CB4
:1002E000E70083C724004949D5DFB7250020194618
:1002F0009385E5C2E9BF5C55A1EB834785032308DD
:10030000050291EB0347140385472308F40289474C
:10031000E319F7FC45BF130585039710FA1FE78023
:10032000C0CE48D415C1EF40606A4C5483C7A500C5
:1003300081CF89472308F4021946B1051305240328
:100340009700FA1FE780C0ED034704038947E31BCA
:10035000F7FA83C714009DCB8347840385CB83477B
:10036000F403130700041305840393F7070C639247
:10037000E70E9710FA1FE78040CE48D45C5499C727
:1003800083C7270181C78947230CF40203498400EE
:10039000E31909F085472304F400A302F400B7270A
:1003A000002083C7779A238409B48349A4009394D7
:1003B00007012319F40613F7F9009947C18063F682
:1003C000E70403578401B726002003C5E6C8931746
:1003D000370037460F00AA971305A00F3357A7021F
:1003E0009387970E13060624814691042607BA9731
:1003F000372700200355479EB3A5A7023305F50212
:10040000EFD0F058AA94231994068357A406231614
:100410000406A9C7034524019307F00F6307F500FD
:10042000EF008F82FD572309F4000356A4069306BC
:100430002401120637150600A2851305E5C8EFF062
:100440003EE6B727002003C5B7938545EFF03EB1E0
:1004500091BD9710FA1FE78040BB05B78547E3922F
:10046000F9FE034524019307F00F6307F500EFF051
:10047000BEFDFD572309F40005669306240113060B
:1004800006804DBF411122C42A84094506C626C2F2
:10049000EF60802AEF60E021228523040400A3039B
:1004A0000400A3020400B7240020EFE0FFF29384CD
:1004B000849303C534008545EFF01EF203C5340074
:1004C0008945EFF07EF1034524019307F00F6307A0
:1004D000F500EFF07EF7FD572309F400B240224407
:1004E0009244410182806C45411106C622C426C255
:1004F0004AC083C715007D4793F7F7032307F5002C
:10050000E91793F7F70F637BF70093040008B240F5
:1005100022442685024992444101828083C7050016
:10052000BD8BA307F500F51793F7D70FF9FF2A84C2
:100530001946A105130525039700FA1FE78080DB04
:10054000914471D56C4485472300F40483C70500AA
:10055000194689059987858BA300F40413052404A3
:100560009700FA1FE780C0CB2285EFE05FD2854776
:100570002A89E31CF5F80347F4009547631EF70248
:10058000EF00F054B727002083C7C79C6376F502BD
:100590008347C400E36BF9F6B727002083A7479889
:1005A0008144829708D02285EFE0DFB0E31125F780
:1005B0002285EFF03FEDA1BF8347C40081C71947F3
:1005C000E395E7F41305000483040401EF206FEFC3
:1005D00062056185E3CBA4F22285EFE0FFA58345A8
:1005E000D400034504068144EF50F0730346D40061
:1005F000834504060D459710FA1FE780A0E3EF60DE
:10060000400B31B779714AD037290020930789B45C
:1006100022D4A04F26D252CC56CA37EA0600B724BD
:100620000020B72A00204ECE5AC806D6130989B436
:10063000130A0A78938444C8B7290020938A0A9938
:10064000130B0401834774002D479387E70693F744
:10065000F70F6363F7188A07D2979C438287114785
:1006600083470907E31EF7FE2285EFF0AF96D9BF57
:100670000146930550020145EF5070751306500274
:10068000814505459710FA1FE780C0DA83C734001B
:10069000858BBDCB684481465A868145A381040081
:1006A0009710FA1FE780C0CF01E52285EFF0BFE386
:1006B0000347740093073009E306F7F8EF50707FA3
:1006C0002285EFE03FD6B250225492540259F249AB
:1006D000624AD24A424B4561828083C72400858B9F
:1006E00085C38347C4002381040005476375F70071
:1006F0001947E395E7FC9307B0F9A303F40099B712
:1007000083A7C9CAFC539DFF2382040045BF83C74A
:100710002400858B638C072E23810400EF507079B1
:10072000B724002083A7048A85CFDC4395CB894773
:100730002302F10083471404130561001946A30244
:10074000F10083470401930524042306F100970078
:10075000FA1FE780E0AC83A7048A4800DC43829755
:100760008347340689CF83451404034544001306A8
:100770002404EFA0D02583473406898BB1F322856A
:10078000EFE09FC589B70345F40501469305500284
:10079000EF50F0638345F4051306500205459710AA
:1007A000FA1FE78020C983C73400858B638507263D
:1007B000684481465A868145A38104009710FA1F38
:1007C000E78000BE01E52285EFE01FE803477400E3
:1007D0009307A009E308F7E6EF50B06D4DB7034566
:1007E000F405014693055002EF50705E8345F40511
:1007F0001306500205459710FA1FE780A0C383C770
:100800003400858B63890720684481465A86814578
:10081000A38104009710FA1FE78080B801E52285C4
:10082000EFE09FC4034774009307900965B783C73F
:100830002400858B638C071C23810400EF507067B4
:100840008347090709476307F700834709070D47EF
:100850006315F70283A6C9CA03570407BC521307DE
:10086000C712858363FBE700930750F9A303F400E5
:10087000BC528583E39807DC19B7034754018347CB
:1008800064011DCF834664006300D71C6387F600B4
:100890002303E4002285EFF02FC583C7740093F78C
:1008A000F70FE39107DA8347090709476307F70062
:1008B000834709070D47E314F7EC930750F935BD5B
:1008C000E9DF0347640071FB2303F400E1B783C74A
:1008D0002400858B638C071223810400834709075A
:1008E0001547BD8B639BE700EF00701E83C7CA03EB
:1008F000E374F5EE9307D0F909B583470907194763
:10090000BD8BE39BE7EC9307C0F9C5BB83C724000D
:10091000858BE38907D223810400834709071547A4
:10092000BD8BE389E7FC834709071947BD8BE38C3F
:10093000E7FCEF50105841BB83C73400858B8DC74F
:10094000EF503057B727002003A707C83C57ED9B4F
:100950003CD7238504003717004083578701C6071B
:10096000C583231CF70021BD83A7C9CAFC53E39BA1
:1009700007CCEF501054B727002003A707C83C57F7
:10098000ED9B3CD723850400371700408357870130
:10099000C607C583231CF70023820400CDB383C799
:1009A0002400858BA5C7228523810400EFE0DFA208
:1009B000B724002083A7048A85CFDC4395CB8947E1
:1009C0002302F10083471404130561001946A302B2
:1009D000F10083470401930524042306F1009700E6
:1009E000FA1FE780E08383A7048A4800DC438297EC
:1009F00083473406858BE38807CC8345140403457D
:100A0000440013062404EFA0807C75B983A7C9CAEB
:100A1000FC53E39907C2238204007DBBB727002063
:100A2000938747C803C72700058B01CF23810700A1
:100A3000EF5030482285EFE0EFE72285EFF09FA4EA
:100A400059B12382070049BBE38907E4B5BD4111D1
:100A500026C2B7240020938784B422C4E04706C688
:100A60004AC063000422034784008547631BF720C4
:100A7000B7270020938747C803C777009546638749
:100A8000E60083C777000D47631EF7002244B727AF
:100A90000020B2409244024903C5B7938545410105
:100AA0006FF0EECB8356C4011307006483C784B490
:100AB0003347D702138984B4850793F7F70F232CA4
:100AC00089042384F4B463C6E700EFF0FEF72384BF
:100AD00004B40347A4009D476318F70483475406F2
:100AE0008DCF8356C40663E7F6028345440093071F
:100AF0003004A309F4001305300493F6F60F014601
:100B0000EFA0A06C22852244B240924402494101E8
:100B10006FF05F9785062316D406930530020545CE
:100B2000EFF01EEC230FA40485472308F9060347C2
:100B300044018D476315F70AEFF0EEA10D8901ED31
:100B4000930770022303F40093075002A30AF400F2
:100B50009307600231A88547631CF506930760027E
:100B60002303F40093075002A30AF40093077002D2
:100B7000230BF4000347A400B727002083C4B793D6
:100B800085476314F70E0356C40185452685EFF0AB
:100B9000EEDB83471403898BEDC383478403F1CFD6
:100BA0004C54E1CD83C7A500E9CB89472308F40263
:100BB0001946B1051305240397F0F91FE780406635
:100BC00022852244B2409244024941016FF0CF9104
:100BD000930750022303F4009307700285BF8946F0
:100BE0008347B4006319D70213F7170011CF130717
:100BF00050022303E400898B81CF93076002A30A8C
:100C0000F400230B0400BDB7930760022303F40034
:100C100093077002EDB79DC313F7170001CB93073D
:100C200050022303F400A30A0400E1BF898B81C7AB
:100C300093076002FDB793077002E5B7834754013D
:100C4000130740026365F7009307500201A8850768
:100C500093F7F70F13077002E368F7FEA30AF40097
:100C6000834754012303F40069BFB9450545EFF0FC
:100C70003ED70356C4012A9609BF85472308F402CC
:100C800081B7B2402244924402494101828001115D
:100C900022CCFD5706CE2309F5008357A5062A84EA
:100CA00085C78346C506834545009307C003A3094E
:100CB000F50001461305C003EFA0205122856244D0
:100CC000F24005616FF00FFC8347A5000547BD8B1F
:100CD0006386E7008347C505918BEDD3B7270020D6
:100CE00083A707C293F7072085C302C402C202C0CC
:100CF00081480148814701478146054681451305E2
:100D0000C003EFA0A04A5DBF02C0814801488147EF
:100D100001478146054681451305C003EFA0E04623
:100D200071BFB727002023A4A7C68280B727002061
:100D300083C7B793411106C689EB37F50500130544
:100D4000A5B3EFF01EA4EFD0DFEFB727002037F7F1
:100D50000500938787B41307C7F6F8CF3707060057
:100D600013070729B8D3371706001307E7A4F8D3EA
:100D7000B2403707060013078723B8D741018280A6
:100D800011C98327050A93E707082320F50AFD57B1
:100D90002303F5028280B727002023A8A7C68280FC
:100DA000B727002083A707B99C5799E33E85828027
:100DB00003D78701E30CA7FE93878705FDB70111D1
:100DC00022CC06CE2A84034565029307F00F2E86B7
:100DD0006309F5002EC6EFF02EE73246FD572303D8
:100DE000F4028347A402035784049306640293E742
:100DF00007062305F40283570404A285F240BA973C
:100E00002313F404624437150600130505D8056161
:100E10006FF00EC9011122CC06CE2A84034575025B
:100E20009307F00F2E866309F5002EC6EFF0CEE192
:100E30003246FD57A303F40293067402A28562446E
:100E4000F24037250600130545BF05616FF04EC51A
:100E5000011122CC06CE2A84034585029307F00FA8
:100E60002E866309F5002EC6EFF00EDE3246FD57E2
:100E70002304F40293068402A2856244F2403725DB
:100E800006001305E5C105616FF08EC1B72700208C
:100E9000938787B483D5270203D6E70203D70703D6
:100EA00083D66702B7074801ED072322F5182324EC
:100EB000F5182310B518231EC516231FE516231198
:100EC000D5186D48AE876373B800ED479395070159
:100ED0002318F5186D48C181B2876373C800ED47C8
:100EE0002316F51813068014B6876374D60093078B
:100EF00080142319F51893068014BA8763F4E6006A
:100F0000930780142317F5182307B504828003473D
:100F10006514894683572519631ED70283568514A5
:100F2000938787E899C6B3C7E702938757FD2147A0
:100F300031A02147B3C7E702938757FDB3C7E70244
:100F400003570519C207C18363F3E7003E872307F0
:100F5000E504828085466316D7009387C7FB114757
:100F6000F1BF938707FBE1B78357C5170357851870
:100F7000411106C663F3E7003E87931807018357C4
:100F8000A5180357E51793D808016373F700BA87CC
:100F900013980701835645188357051813580801FD
:100FA00063F3D700BE86035725188357651813933C
:100FB0000601135303016373F700BA878346751460
:100FC000C2070947C183639AE6000566130606A9AE
:100FD00042876370C802328729A803270510931639
:100FE000470163CC06000566130686844287E364E6
:100FF00006FF1318070113580801834665140947B3
:10100000639EE6060357A5039306204E3307D702D7
:1010100093F6F80F9A061386F63C9386C64F634400
:1010200006019306C812158F63D3E7003E87420777
:1010300005664183130606A9BA876373C700B287A2
:10104000C207C1830356C51813F7F80F9376F30F41
:101050006316E6040356E5186312060503560519E0
:10106000631ED60203562519631AF602230E0506DF
:10107000EFF0FFE90945B2404101828003270510E6
:1010800093164701E3C006FC056613068684BE85F9
:101090006373F600B2859397050165B70546230E85
:1010A000C5062316E518231705192318D518231983
:1010B000F518EFF0DFE501457DBF0357251883578D
:1010C0006518411106C66373F700BA8703466514B5
:1010D0001397070189464183631BD606856693866D
:1010E00006A96373D700B687139707014183835717
:1010F00025196387E70085472319E518230EF506B0
:101100000357E5178357A5186373F700BA8703469B
:10111000751413970701894641836317D6048566C2
:10112000938606A96373D700B68713970701418397
:101130008357E5186387E70085472317E518230ED3
:10114000F506EFF0DFDCB2400145410182808567A2
:1011500013868784E37DE6F883260510938707804E
:10116000F58FD1F7328761B7856713868784E3717E
:10117000E6FC8326051093870780F58FD5FB328721
:1011800045BF0357A50495470356E503B307F70288
:101190008356A50393D537406355B600118F931737
:1011A0003700B3C7D702C207C1832314F504828076
:1011B000832745110D469306F00F03C707000D8BDB
:1011C000A306E5006314C70083C62700A30BD50060
:1011D00003C70700418B2309E50083C71700230BD2
:1011E000F50082808347C500CD9B2306F5008280F1
:1011F000832745110347C50083C70700935637402F
:101200008987B58F858B99C7134787002306E5002B
:101210000145828005458280832745110347C5002B
:1012200083C70700935627408D87B58F858B99E735
:10123000134747002306E50001458280054582806B
:101240008327450E85072322F50E91E78327850E18
:1012500085072324F50E8327850E93F7070891C78A
:1012600085472322F50E2324050E8347A50293F715
:10127000070491CF8357050403578504BA972313B6
:10128000F5048327450A93F7F7BF2322F50A8280E6
:101290008327C50E85072326F50E91E78327050FC3
:1012A00085072328F50E8327050F93F7070891C7B5
:1012B00085472326F50E2328050E8347A50213F73D
:1012C000070409C793E707022305F5028280B727C1
:1012D000002083A787BD0145054791E3828083C62F
:1012E000B7006393E60005059C43C5BF411122C4C6
:1012F00026C22A8491450145B724002006C693845E
:1013000084B4EFF0EEED03D7840A231BA4048547D1
:1013100063FDE704035524198357E4183727002099
:1013200037460F00AA970355479E938787571306A2
:101330000624B3A5A70281463305F502EFC0306548
:10134000835704040357E4058355840583A80409DF
:101350001D8F3307B7028327040905461383F5FF62
:10136000130E80023E9763676600B24022449244A7
:10137000410182803308C603C687FD563A9881E74B
:10138000231BC404DDB76314F4001C40F5DB83AEFB
:10139000C7086398BE0083A60709B306D840B3F612
:1013A000B60263E4A6009C43D9BF09066DBF411194
:1013B00026C2B7240020938484B403D7840A06C6C7
:1013C00022C4854763F3E7042A848357E51803554D
:1013D00025193727002037460F00AA970355479E47
:1013E0009387875713060624B3A5A70281463305C2
:1013F000F502EFC0D0590346540583A80409854679
:101400007D161303800263E7C600B2402244924473
:10141000410182803387660283270409FD553E9788
:10142000C68781E7231BD404CDB76314F4001C40A6
:10143000F5DB03AEC7080328C408631A0E0103A82E
:101440000709B305E84063640701B305074163E496
:10145000A5009C43F9B785067DB7B7270020938781
:1014600087B483D6870A05476371D70E411122C41A
:1014700003A4070906C626C2A28789EB09EC230E3E
:101480000500B240224492444101828003C7D70143
:101490006DFB9C43DDB76314A40000406DD083470F
:1014A000B400D5E30327C4088327C508630DF708F4
:1014B0000347C50193070008AA84631DF7048357F7
:1014C000A403194693050008231AF506231BF50605
:1014D0008357C403231DF5048357E403231EF50437
:1014E00003558500EF30A0358547A38EF40083C7F0
:1014F000C40193F7F707238EF400130584062244F2
:10150000B240924431469305F00F410117F3F91FA1
:10151000670023D88357A503194693050008231AAB
:10152000F406231BF4068357C503231DF4048357D5
:10153000E50303558400231EF404EF30403089474F
:10154000A30EF4005DBF004015BF230E050082808E
:10155000B7270020938787B483D6870A411126C214
:1015600006C622C40547AA846372D71A03278510CA
:10157000098B630D071883A70709BE85ADED03D658
:10158000041901447D581306260205862D067D5553
:10159000A5EB630D04108347B4000357A403D5EBF8
:1015A0008947231CE404A30AF40403570406835761
:1015B00004042285BA97C1071D8B998F231FF40459
:1015C0008357C403231DF4048357E403231EF40448
:1015D000EFF0DFD18327440A93E717002322F40AB0
:1015E0008547230AF4008D47A30EF400B24022443D
:1015F00092444101828003C7D5016DFB8C41BDBF80
:1016000098436394970051D7BA8783A6070903A725
:10161000040963E2E6023387E64083A6C40863F464
:10162000E6003377D7026376A7003A856373C70075
:10163000BE859C43B1BF158F83A6C70863F4E6003F
:101640003377D702E37707FF3A88E374C7FE3E8417
:10165000CDB783D7A403B3F7E702C9FB9D469947EB
:1016600063F5E600935717008D070567231AF40604
:10167000130707C88A076353F700BA87231BF406CA
:101680008357C403035584005D46231DF404835728
:10169000E40393050008231EF404C947A30EF400D5
:1016A0002244B240924441016F306019A5C103D772
:1016B000A40383D7A503B3F7E702A9EB8387C4018B
:1016C00063D607049D46994763F5E60093571700D4
:1016D0008D070567239AF406130707C88A07635323
:1016E000F700BA87239BF40683D7C40303D584008D
:1016F0005D46239DF40483D7E40393050008239EED
:10170000F404CD47A38EF400EF306013238E040061
:10171000F1BDB7270020B726002023AA07C693866D
:10172000C69DB727002003D6860023A007BE835797
:101730006508AA8503270509B387C70237460F0046
:101740001305F62313060624AA97B3D7C702372634
:1017500000200346769A3E96636EC7003306C74064
:1017600003A7C5083715002093869502130525C8E1
:101770006FE00EEBDC423E97D5B7B727002003A7FA
:1017800007C701114AC806CE22CC26CA4EC62A89EE
:1017900059C7BE89B727002003D707BF8547631005
:1017A000F708B72400209387C49D83D7870003548C
:1017B0006908032505099384C49D3304F402B747DF
:1017C0000F001387F723938707243A943354F402C6
:1017D000636B8506B727002083A7479833048540AD
:1017E00082976365A406098C635304000144B727FC
:1017F000002003C5779A83A909C70581637B850407
:10180000098C37450F0013050524B335A40203D610
:10181000840081463305A402EFC0701782999307B4
:1018200000FB2307F9008347990262448545F24093
:10183000D2444249B249B395F500C205C181014580
:1018400005616FE0CEF1DC403E9569B7DC403E9427
:1018500059BF0145E1B7411106C6EF00306019C913
:1018600083278511014581E7B240410182809C4375
:101870000505D5BF7D55CDBFB7270020938787B419
:1018800003A7C709411122C426C206C62A84AE8412
:101890006314A70023AE07088327041281CB0355E6
:1018A0008400014693050008EF20707983574404B3
:1018B00081CB035584004D4693051008EF20307806
:1018C00003558400154693051008EF205077B24069
:1018D000230A9404230504002308040022449244AC
:1018E0000145410182808347A50063830730835708
:1018F0000508411122C406C626C285072310F50833
:101900008347F500230C05002A8413F7270005E719
:1019100003570504954763E4E700014501A89305D3
:10192000E003EFF07FF5A305A4020945B24022448D
:1019300092444101828013F7070239CF93F7F7FDF4
:10194000A307F5008327050A0347B500A305050291
:1019500093E747002320F50A8547631FF702835763
:10196000A5031306204E03274509B387C702B3D743
:10197000E702372700208346679A0347750393865B
:1019800006053307C702B697C207C1832312F508BD
:101990008607BA972311F50883471401858BF5C78D
:1019A0008357E40503570404639FE7208357C40368
:1019B0008355C405034584022310F4068347540568
:1019C000231FB4029205A30BF40283576405F91593
:1019D000B7240020231CF4028357A4059384C49DDC
:1019E000231EF402EFE0EEE00347B40023100408E6
:1019F0008357840383568405631C071803D7840028
:101A0000CC40B387E7021307003293870719B3D797
:101A1000E70203270409D1073E973A866364F7007B
:101A20006364B7003306B7408347D4012328C40852
:101A3000231DD40281C72285EFF07F9703D784004E
:101A40008357A4039306003223110402B387E702ED
:101A500033D6D702B3F7D7029306204E2326C40805
:101A6000B387D702B3C7E7022310F40283570404F5
:101A70002312F4028347F40093E70702A307F4005C
:101A800083471401F99BA308F40083471401898B51
:101A9000B9C70357E41283570404B306F7401396FB
:101AA000060163470612631CF7028147014893044D
:101AB0008413232CF412232E041315469305841249
:101AC000268597E0F91FE780A0752685EF00905ED8
:101AD00083471401A306A412F59BA308F4008347CF
:101AE000140113F7070125C78356C41403570404D0
:101AF0003386E6409315060163CC050C6399E60432
:101B0000BD9BA308F4008347A41491C7898BF9CB2C
:101B100085472303F4148347B41491C7898BF1C715
:101B20008547A303F4142285EFF02FD98347C40718
:101B300099C78327040A93E707102320F40A832711
:101B4000040AA305040293E707202320F40A83472D
:101B5000A40293F70704E38207DC03576404835766
:101B60000404E31CF7DA034704019307A004631598
:101B7000F70085472308F40083278410C18BE38E88
:101B800007D88327440A93E707402322F40A71B356
:101B900085CB03D78400CC40B307F702130700328C
:101BA00093870719B3D7E702032704093E973A86BC
:101BB0006364F7006364B7003306B7402328C408A2
:101BC000231DD402A5BD998F13970701E35F07EA90
:101BD000930580022285EFF03FCAA305A4021305F6
:101BE0008002A9B3230304143DB7A303041425BF43
:101BF0000545828005C541119305200222C406C611
:101C00002A84EFF07FC7FD57A305A4022308040030
:101C1000A303F402B24022444101828082800DC9B4
:101C2000411122C406C68347F5002A849305E003C8
:101C3000898B91C3A145EFF03FC4FD57A305A402D2
:101C4000230804002304F402B240224441018280AC
:101C500082808327050A411122C406C626C24AC0D3
:101C60002A846380073613F7270019CBF59B2320BE
:101C7000F50A03558500194693050008EF20303C0E
:101C80008327040A13F747004DC7ED9B2320F40A6E
:101C90008347A40293F7070491CF83278410C18B55
:101CA00099C78327440A93E707402322F40A228531
:101CB000EFF02FCD0347B400854703464401835618
:101CC00024066319F74A8357A4031307204EB387EA
:101CD000E70203274409B3D7E70237270020034769
:101CE000679A13070705BA97C207C1830347B4026F
:101CF0002312F40886072311F4089307000819C378
:101D000093070004230EF40019E68347A40293E727
:101D100017002305F40281EA035584000D4693055C
:101D20000008EF20D03123110406230A0400A30E7B
:101D300004008327040A13F787000DC303558400AA
:101D4000DD9B2320F40A154693050008EF20302F71
:101D50008347A40293E747002305F4028327040A7C
:101D600013F7070139C7BD9B2320F40A8347D40426
:101D700003558400214689C7A30604041306000303
:101D800093051008EF20B02B8347C40489CF832725
:101D90008410C18B89CB8355A40422859205C2058A
:101DA000C181EFF0CF818347A40293E71700230599
:101DB000F4028327040A13F7070415CB0347F4043E
:101DC00093F7F7FB2320F40AA14763FBE70083475F
:101DD000B40099E78327440A93E707012322F40A12
:101DE00003558400314693051008EF2050258327C2
:101DF000040A13F7070245CB8346B40093F7F7FDB7
:101E00002320F40A0327C4108327841099EA137748
:101E1000070801CB0327440A37064000518F2322CD
:101E2000E40A93F7070263820738ADE28357E417A9
:101E30000357E4186304F702834674140947639058
:101E4000E6360567130707A9637AF7008327440A74
:101E5000056713070780D98F2322F40A83572418B4
:101E6000035724196304F702834664140947639BEC
:101E7000E6320567130707A9637AF7008327440A48
:101E8000056713070780D98F2322F40A03558400BE
:101E9000114693050008EF20901A8347A40293E7A8
:101EA00017002305F4028327040A13F7071005C758
:101EB0000355840093F7F7EF2320F40A230E04065A
:101EC0001D4693050008EF2090178347A40293E76F
:101ED00017002305F4028327040A13F7070809CF24
:101EE0000355840093F7F7F72320F40A13067005CF
:101EF00093051008EF20B0148327040A13F7072076
:101F00001DC793F7F7DF2320F40A2285230F04006F
:101F1000EFE0FFFF03558400314693050008EF20F2
:101F200010128347A40293E717002305F4028327C6
:101F3000040A139727016357070079777D17F98FF4
:101F40002320F40A8327040A13970701635A07041E
:101F5000B727002003C5B7B483450403EFE0FE9F15
:101F60008357A4031307204E232AA408B387E7024C
:101F700037270020B3D7A7020345679A61777D17FB
:101F800013050505AA972312F4088347A40293E7D3
:101F900017002305F4028327040AF98F2320F40A8B
:101FA0008327040A858B91CF8347A4028345440588
:101FB000228593E717002305F402EFF0FF8BA305BA
:101FC000A4028347A400B9C38327041299CF83478F
:101FD000A40181EF03558400014693050008EF201A
:101FE000100601E58547230DF4008357440499CF7B
:101FF0008347140381EF035584004D469305100871
:10200000EF20F00301E58547A308F4028347A4020B
:10201000E1CB918B91CF03460401C165938505A067
:102020002285EFE03FDF8347A402ED9B2305F40206
:102030008347A402858B8DC3034574029307F00F79
:102040006307F500EFE04EC0FD57A303F40283479A
:10205000A402F99B2305F4028347A402898B91CF44
:102060008355E403034584029205F915EFD07EF809
:102070008347A402F59B2305F4028347A402A18BA6
:1020800085C38355E4030D4622859205F915C205E3
:10209000C181EFE03FD88347A402DD9B2305F40212
:1020A0008347A40213F7070101CF0345640293F7A6
:1020B000F7F82305F402EFE02EB9FD572303F402ED
:1020C0008347A40213F7070201CF8355A4040345F5
:1020D000640293F7F7FD2305F4029205EFD07EF139
:1020E0008347C40193F7070C89CB0347B4008547A6
:1020F00022856313F70CEFF0AFC583570404ADC717
:1021000013074006B3F7E702A5E3B727002083A72C
:10211000C7C6B7240020938484B4898BB1C3372900
:10212000002013090999032709031DCB83D7040154
:1021300083D524012545C207DD8D02978327090336
:1021400083D5E40029458297832709038315240357
:102150002D458297832709038305440331458297E0
:102160002397040023A80400B24022449244024969
:102170004101828093070004230EF40019E683478F
:10218000A40293E717002305F402E39006BA03556F
:1021900084000D4693050008EF20606A79B61307A6
:1021A00080145DB113078014C1B98327440A7D7779
:1021B0001307F77FF98FC9B9EFF02FAA3DBF0111BF
:1021C0004EC6B7290020938789B422CC03A487097F
:1021D0004AC8372900209307C99D83D7870026CA9C
:1021E000835464080325040906CEB384F402B74778
:1021F0000F001387F7239387072452C456C25AC08F
:10220000938989B41309C99DBA94B3D4F402636F56
:102210009502372A002083274A98B3049540829775
:1022200063EAA402898C63CB040283570404A30FDE
:10223000040085072310F4048347041463900712F5
:10224000228597F0F91FE78040AB31AA8327490028
:102250003E95C1B783274900BE94E9B783274A98C2
:102260008297032784086366E50A198D8357E40380
:10227000035789008E07B387E7021307003293875D
:102280000719B3D7E70263EBA708B74A0F00138B10
:10229000FA23938A0A248357040485072310F4043D
:1022A0008347041491E7228597F0F91FE780E0A4A3
:1022B0002285EFF04FE36318052483260409832762
:1022C000C40803274900B6973E8563E4D70063E45A
:1022D000E7003385E7408347F401835464082328EB
:1022E000A4088507A30FF40083578900B384F40280
:1022F000DA94B3D45403636B9504B30495408327F5
:102300004A98829763E8A4043385A440E34505F81E
:1023100029BF83274900998F3E9589BFA145228512
:10232000EFF08FD5A305A402B727002003A3079CD5
:10233000630B031C6244F240D2444249B249224A30
:10234000924A024B8945154505610283B3049740C3
:10235000AA9475B783274900BE947DB7228597F06C
:10236000F91FE780E0A32285EFF0EFD7631D051882
:102370000355890083576408B7460F001386F62378
:10238000B387A7029386062403270409230B0402BC
:10239000832A4900B297B3D7D7026360F718B3070F
:1023A000F7408326C4082324F408014BB387E600D2
:1023B000BE8463E4D70063E45701B3845741835775
:1023C000040223289408B1CB835604040357440223
:1023D00037460F002312D4023387E640B387E70263
:1023E000035724021306062481468145BA97C20783
:1023F000C1833385A7022311F402EFB0505911CDE8
:102400002695B3349500AE94AA8763149B00636449
:102410005501B30755412328F40883274A9882972A
:10242000AA8483274A988297E30D95FE83274A98CA
:1024300083248408829763E7A40E3385A44063074E
:10244000050E035A890083576408B7440F001387A9
:10245000F423B387470393840424BA97B3D797022E
:10246000372700200347779ABA9763E1A70CB33563
:102470009502035924025286814633059502EFB036
:102480001051B30AA9003305490337460F0013065C
:10249000062481468145EFB0904F05C1B3379502C0
:1024A00052868146B385B4023385A402BE95EFB04F
:1024B000104E3305A9402311A4023545EF40C02733
:1024C00023AC89080347B4008547631DF7009307D1
:1024D00000FD2307F400B727002003A587C7814527
:1024E000EFE0AE94B7270020938747C81547A38332
:1024F000E700B727002083A7C7CA37071000860A5E
:1025000098C723A85707F2406244D2444249B249CF
:10251000224A924A024B05618280B3065701B38773
:10252000F64041B583274900BE9401BF23AC09089A
:102530008347940285456244F240D2444249B249FD
:10254000224A924A024BB395F500C205C18101456A
:1025500005616FD0DEA0411122C406C62A848327FC
:102560008411CDEB83270412E1EB0325041109C587
:1025700097E0F91FE78040BB034574029307F00F13
:102580006304F500EFD05EEC034564029307F00F9F
:102590006304F500EFD05EEB034584029307F00F70
:1025A0006304F500EFD05EEA034594029307F00F51
:1025B0006307F500EFD05EE9FD57A304F40203556D
:1025C00084008D24B7270020938787B403D7870A18
:1025D00015EF37270020232A07C6372700200327B7
:1025E000079E23A2E70AB727002083A7879999CFE0
:1025F0003724002013048493085009C997E0F91F79
:10260000E78080B22320040223220402B240224445
:1026100041018280C84309C597E0F91FE780C0B037
:102620008327841103D7A700136707F02395E700DA
:102630009C43232CF41025B7C84309C597E0F91F24
:10264000E78080AE8327041203D7A700136707F043
:102650002395E7009C432320F41229B7B7270020D5
:1026600083A787BD99E33E85828003D78700E30C6B
:10267000A7FE9C43C5BFB727002083A787BE372787
:102680000020C1668345F799FD16014703D6A700D0
:102690006309A6006307D6000507C107E3D8E5FE76
:1026A00081473E858280411122C4372400201304D3
:1026B00084B48327040A06C626C2A1EBB7240020EF
:1026C0000355E4029384049983C7F40013051502AB
:1026D00015858507160592073E95420541819305AC
:1026E000B02097E0F91FE780E09505C183C6F400AC
:1026F0002320A40A81471387160012072A9713067E
:1027000040F5930520F563D7F600B2402244924489
:102710004101828099EB2315B50058C18507C20796
:10272000A3040500C1834105F9BF2315C500232279
:102730000500EDB74111930530261305801906C633
:1027400022C426C297E0F91FE780C08F13068019C4
:1027500081452A8497E0F91FE780A0B3014505CCA5
:10276000B7240020938784B483A60709938484B494
:1027700095CA36878547035687006304F6061843D3
:102780007DFB2314F400B9E3228597E0F91FE7806D
:10279000A09903558400B2402244924441018280B2
:1027A0003687D1BF85472314F40023A8840823AAC1
:1027B00084082394F40AEFF01FEF83A7440923A0B1
:1027C00007002305040023070400E1B783A7440999
:1027D00080C383D7840A23AA840885072394F40A34
:1027E000E9BF138717009317070113160701C18369
:1027F000E35806FA814771B7B7270020138787B4DB
:102800000325070A411122C406C6138487B409C5EB
:1028100097E0F91FE78040912320040AB240224448
:1028200041018280411122C437240020930784B4DF
:1028300083A6070906C60147B687130484B4B1CB43
:1028400003D68700631BA60405EB98422328E408FF
:102850003E8597E0F91FE780208D8327440923A058
:1028600007008357840A9DE3EFF01FF9232804082B
:10287000B240224441018280832644096395F600D8
:10288000232AE408F1B7944314C3D9B7FD172314DE
:10289000F40A8357840AE9FFC1BF3E879C4345B7CA
:1028A0003725002071468145130585BD17E3F91FC3
:1028B0006700239E83471500034725008346450094
:1028C000A2074207BA9703470500FD8A0548BA9751
:1028D000034735009305000201456207BA97014797
:1028E0003316E8007D8E01C605051375F50F050743
:1028F000E318B7FE8147214633D7F640058B01C761
:1029000005051375F50F8507E398C7FE8280011151
:1029100052C656C4032A8513832AC51322CC26CA5D
:102920004AC806CE2A84A30B0512A30605128144C9
:102930001309500226865285D685EFB0900205898C
:1029400011C58347D4128507A306F4128504E393C7
:1029500024FFF2406244D2444249324AA24A05610D
:102960008280834665010D47AA876384E60005459A
:1029700082800327451103464700A305C50203478C
:1029800037006316D7020347B50075F30347050107
:10299000930600026307D7009306300201456317D0
:1029A000D700130760022388E70001458280BD46F7
:1029B0006310D7020347050193060004014513770E
:1029C000B70FE315D7FE130750042388E700828072
:1029D000B946631AD7008346050113070003E3983D
:1029E000E6F80547C9B7D1466317D7008346050106
:1029F00013070005EDB7D9466318D70283460501D2
:102A000013075005E395E6F60327050A1367072029
:102A10002320E50A05472308E50003C717011367CC
:102A200007F8A388E70051B7E946631BD700834640
:102A3000050113075006E39CE6F21307A006A5B7AD
:102A4000FD46631BD700834605011307A007E390EB
:102A5000E6F2130710F881BF93063002E319D7F0AE
:102A60008346050113075008E393E6F00547230862
:102A7000E5000347A502136717002305E50271BFB0
:102A8000832705110947A30AE50095C32381E700C1
:102A900003474505A381E7008347A50293E7870025
:102AA0002305F502F1472308F500014582801D4505
:102AB00082808547A30AF5008327051191CB15472E
:102AC0002381E7009307B0022308F50001458280C7
:102AD000054582808547A30AF5008327051191CB20
:102AE00019472381E7009307D0022308F500014529
:102AF0008280054582808947A30AF5008327051156
:102B000081CF1D472381E700832705110347D502A5
:102B10000145A381E7008280054582808547A30A9D
:102B2000F5008327051191CB2D472381E7009307FB
:102B300070032308F5000145828005458280032744
:102B400005119947A30AF500B1472301F700B727FC
:102B50000020938787B483D64701A301D70083C69B
:102B600067012302D70083D66701A182A302D700A1
:102B700083C687012303D70083C79701A303F70008
:102B80008347E50213F7070409CF9307A00323083F
:102B9000F5008347E50293F7F7072307F5020145A0
:102BA0008280858BFDD78327050AA30505022307AD
:102BB000050293E707042320F50AE1BF8947A30A2A
:102BC000F5008327051181CF35472381E70083274F
:102BD00005110347B5020145A381E7008280054541
:102BE00082808D47A30AF5008327051191CF4547C1
:102BF0002381E7000347C502A381E7000347B5022D
:102C000001452382E7008280054582808547A30A2B
:102C1000F5008327051185C349472381E700930702
:102C2000A0042308F5008347A50293E74700230586
:102C3000F50201458280054582808547A30AF5009B
:102C40008327051191C74D472381E7000145828005
:102C50000545828083270511D9C32547A30AE500CE
:102C600051472381E7000347C5178355E51785665C
:102C7000A381E7000347D51793868684035625185A
:102C80002382E70003470518A383E70003471518CD
:102C90002384E7002E8763F3B6003687420741831B
:102CA000A382E700856621832383E70093868684D9
:102CB000328763F3C600368742074183A384E70067
:102CC00021832385E7008347A50293E74700230577
:102CD000F502930700052308F500014582800545AC
:102CE0008280032705118D47A30AF500D9472301E8
:102CF000F70083464514A301D70083475514918AF2
:102D00002302F70003572519B1C69306F034814713
:102D100063FDE600930787E80357851415CB858785
:102D2000938757FD8D87C207C1830357051963F346
:102D3000E7003E878347A5022307E50493E74700A2
:102D40002305F502930750052308F500014582800D
:102D50008D87F9B7858B99C7930707FB2147B3C7C1
:102D6000E702D1B79307C7FB1147D5BF032705116A
:102D70008D47A30AF500DD472301F700834745147B
:102D8000A301F700834655142302D7000347B51467
:102D9000F98F93F6470003572519B1C69306F0340F
:102DA000814763FDE600930787E80357851415CB39
:102DB0008587938757FD8D87C207C1830357051900
:102DC00063F3E7003E87930780052308F5008347F8
:102DD000A5022307E50493E747002305F502014513
:102DE00082808D87F9B7858B99C7930707FB2147A9
:102DF000B3C7E702D1B79307C7FB1147D5BF8326F7
:102E000005118D47A30AF500E5472381F6008347A6
:102E10007514034665140547B317F7003317C70049
:102E2000D98FA381F600834715142382F6008347C8
:102E3000A50293E747002305F50293070006230840
:102E4000F50001458280411126C28324051106C682
:102E500022C4B547A30AF500A9C091472A8423815B
:102E6000F4009305051721461385340097D0F91F08
:102E7000E780003B1385B40011469305841797D073
:102E8000F91FE780E039930720022308F400014589
:102E9000B24022449244410182800545D5BF832738
:102EA0000511A1C7411122C406C62547A30AE500A2
:102EB0002381E7002A84032505119305840F214609
:102EC0000D0597D0F91FE780A0358327040AA305D5
:102ED0000402014593E707022320F40A85472308EB
:102EE000F400B24022444101828005458280A5471A
:102EF000A30AF50083270511A9C3411122C406C600
:102F000039472381E7002A84032505119305840F9F
:102F100021460D0597D0F91FE78080308347A40232
:102F2000014593E747002305F402930700032308B4
:102F3000F400B24022444101828005458280E1478D
:102F4000A30AF50083270511D9CF411122C406C673
:102F50003D472381E700034745072A8493058506FB
:102F6000A381E7000347550731462382E700034763
:102F70006507A382E7000357650721832383E700E2
:102F80000347A505A383E7000357A50521832384F1
:102F9000E7000347C505A384E7000347D50523855C
:102FA000E70003574506A385E70003476506238628
:102FB000E700035765061385E7002183A386E70032
:102FC00097D0F91FE780C0258347A402014593E706
:102FD00047002305F402930700042308F400B240DD
:102FE00022444101828005458280E147A30AF50021
:102FF00083270511C9CB411122C406C6414723814D
:10300000E700034745072A8493058506A381E70067
:103010000347550731462382E70003476507A3822C
:10302000E7000357650721832383E7000347A505CE
:10303000A383E7000357A50521832384E700034703
:10304000C505A384E7000347D5052385E70003579B
:103050004506A385E700034765062386E700035777
:1030600065061385E7002183A386E70097D0F91F43
:10307000E780001B930740042308F400B240224479
:10308000014541018280054582808325451141111A
:1030900026C206C622C483C7450003C7350005689B
:1030A000A207D98F1387A7FF420741839306A8C7BA
:1030B000F94463E2E60C03C7650083C655001308B4
:1030C00008C82207558FF9446367E80A6365F70A61
:1030D00003C6850083C675002206558E9306301FF1
:1030E00063EBC60883C6A50083C89500A206B3E6B5
:1030F00016016362D808130816003308F802939883
:103100003600635A180783C8B5001398080113588E
:10311000080163840800636007078358A50381449E
:10312000639D1701631BF7008358C5036397C800AD
:103130008354E503958C93B41400231DC504231A0E
:10314000F506231BE506231ED5042312050783C7B6
:10315000D50003C7C5002A84A207D98F2313F5061B
:103160003146B9051305850697D0F91FE780400B56
:103170009147A30EF400B2402244268592444101B7
:103180008280832745111303000E03C6470003C73F
:1031900037002206598E130756FE420741836367A4
:1031A000E30683C6670003C757001168A206D98EDD
:1031B000138786EB42074183130888146368E80489
:1031C00003C7870083C87700220733671701930876
:1031D00057FEC20893D80801636A130383C8970097
:1031E00083C7A700A207B3E71701938887EBC2083C
:1031F00093D80801636C18012312C5182313D5183E
:103200002314E5182315F5186FD01FD605458280C5
:103210008346B5000547AA8705456395E60C83C636
:10322000670131470545639FE60A03A747118346B7
:103230003700A38AD7048346570003464700A206F7
:10324000D18E239BD7048345770083466700A20570
:10325000D58D239CB704034697008346870022063A
:10326000558E239DC7048346B7000345A700A206D9
:10327000C98E239ED7040345C7000347D700220702
:10328000498F03D5A703239FE7040147631BB500BC
:1032900083D5C7036397C50003D7E703158F13379B
:1032A00017002391E70603C7070193060004630490
:1032B000D702930640046315D70005472388E7002B
:1032C00003C717019546A38ED700136717F8A38885
:1032D000E7000145828003C7A70213671700238513
:1032E000E702E1BF8280034765018947631DF7005C
:1032F0008327451183C73700230AF504F5472308C0
:10330000F500014582801D4582808347B5002A87EC
:10331000D9EB83466501B54705456397F6088346B3
:103320000701930700026391F608832747110145BF
:1033300083C6570003C64700A2064206B29603C6DC
:103340006700B29603C637006206B2962320D70CF8
:1033500083C6970003C68700A2064206B29603C63C
:10336000A700B29603C677006206B296232ED70A4C
:1033700083C6C70003C6D700A2064206B29603C69C
:10338000B70083C7E700B296E207B6972320F70E8F
:103390008347170193E78700A308F70093073002DC
:1033A0002308F7008280054582808347B5009DE3AE
:1033B000034765018547631DF70083460501130731
:1033C00030026397E6009307C0022308F5008147A7
:1033D0003E8582808547EDBF834665010547AA8704
:1033E0000545639CE60203C707019306B002631A12
:1033F000D7001307E0022388E700A38507020145F1
:1034000082809306D00205456319D7001307E002B6
:10341000A38507022388E700DDB7828003476501A3
:103420008947631EF704E947A305F5028327451181
:10343000394783C737006392E702034705019307C3
:103440000003631EF7028327050A93E70702232080
:10345000F50A85472308F50049A83D476393E7022D
:103460008327851003470501F59B2324F510930757
:1034700000046316F700930760042308F500014574
:10348000828049476391E704034705019307A0043D
:10349000E317F7FE85472308F5008347A50293E766
:1034A00017002305F5028347150193E707F8A308E2
:1034B000F50083270510C18BF9F383278510BD9B89
:1034C0002324F5106DBF51476398E70203470501B8
:1034D00093070005E315F7FA85472308F5008327CE
:1034E000050A93E707102320F50A8347150193E7A0
:1034F00007F8A308F50061B75947639DE700034744
:10350000050193075005E31CF7F68327050A93E7A7
:10351000072035BF6947639FE7000347050193070D
:103520005006E31EF7F48327050A05671307078093
:10353000D98F31BF7147E384E7F47547639CE70097
:103540000347050193075007E31BF7F28327050A9A
:103550002167F9BF13073002E393E7F20347050140
:1035600093075008E31DF7F085472308F5008347CC
:10357000A50293E717002305F50285BF0347B500B1
:1035800085476311F70203476501631BF700034793
:1035900005016317F700930760032308F5008147CF
:1035A0003E8582808547EDBF834665010547AA8732
:1035B00005456393E60603C7070193067003631589
:1035C000D70203C7A702238607049376070499C688
:1035D0001377F7FB136707012385E70213078003BF
:1035E0002388E70001458280930650030545631553
:1035F000D702130780032388E70003C7A7022386A7
:10360000070401459376070481CA1377F7FB136714
:1036100007012385E702828082800347650199477D
:10362000631EF7080327451183473700A307F504F6
:103630008347570083464700A207D58F2318F50418
:1036400083477700834667001307A003A207D58F3F
:10365000834605012319F5048347E5026395E604D3
:10366000858B99CB8327050AA3050502230705024D
:1036700093E707042320F50A8347A50293E7170081
:103680002305F50285472308F5008347150193E7D5
:1036900007F8A308F5008347E50293F7F7FB230734
:1036A000F50201458280E207E187E3D007FE832728
:1036B000450A93E707042322F50AC1BF0545828026
:1036C0000347650189476304F70005458280832726
:1036D00045111307000483C73700A305F50283478C
:1036E000050193F6B70F6397E6009307500423088C
:1036F000F50025A0130750056393E7028327050A09
:1037000093E707202320F50A85472308F500834720
:10371000150193E707F8A308F50001458280130718
:1037200050066395E7009307A006D1B7130750082A
:10373000639CE70085472308F5008347A50293E7CC
:1037400017002305F502E1B70347B5003DFF130756
:1037500000026386E700130730026395E7009307D2
:10376000600271B71307A007E391E7F6930710F81B
:10377000BDBF834665010547AA8705456394E604F6
:1037800003A787100545418B15CF03C707016318B1
:10379000A7001307B0042388E700014582801306C1
:1037A000A004631AC70003C7A7022388D7001367C2
:1037B00017002385E70203A7870A1367070423A4DA
:1037C000E70AE1BF8280834665010547AA87054570
:1037D0006393E60283C607011307A0040545639CB3
:1037E000E60003C7A7022388A70001451367170057
:1037F0002385E70282808280034765018D47631F2E
:10380000F718834715018D8B91EB834605012147FE
:10381000938706FC93F7F70F6361F702D9472306F6
:10382000F5029307A002A305F5028327850A93E713
:1038300027002324F50A014582808347B50003262B
:10384000451163900714930750056398F600D94714
:103850002306F50293073002F9B7B72700209387B4
:1038600087B48345460003C7A70383C7B7038348CC
:1038700065146D8F2305E51403463600F18F054668
:10388000A305F514331616016314C70023050514A8
:10389000034875148545B39505016394B700A305E6
:1038A00005140347A5148347B5145DCFD9CB937591
:1038B0002700B1C113F627001DCE93072020231542
:1038C000F5140347A5148547B39717016314F70050
:1038D000230505140347B5148547B39707016314FF
:1038E000F700A305051485476398F608930760055C
:1038F0002308F50089B71376470001CA13F3470080
:1039000063050300930740405DBF058B19C713F79C
:10391000170001C7930710105DB7094781E51147EC
:1039200011E205472305E51413F7270009C7894766
:10393000A305F51479B7918B99C39147D5BF8547F6
:10394000C5BFB3570741858B81C72305B51495BF04
:103950009377270089C789472305F5149DB7118BF5
:1039600091477DFB8547CDBFA9DF33D71741058B35
:1039700045DFA305C514B1B78327850A93E7071070
:103980004DBD85476397F60083474600A305F514B0
:10399000B1BF8327850A93E7072061BD0545828073
:1039A000834665010D47AA8705456394E61483C6DF
:1039B0000701130750050545639DE61203C7B700CD
:1039C0006319071283C6471403C7571403A6471188
:1039D00033F5E6008345460019ED6396B6000345CE
:1039E0003600630AE5002395071413077005238842
:1039F000E70001458280ED8E2385D714034636000B
:103A000003C86714718F0546A385E71433160601B2
:103A10006394C6002385071403C577148545B395C1
:103A2000A5006314B700A385071483C6A71403C7B2
:103A3000B714C5CA41C793F526009DC91376270060
:103A400005CA130720202395E71483C6A71405474A
:103A5000331707016394E6002385071483C6B71460
:103A600005473317A700E392E6F8A3850714B5BF0F
:103A700013F6460001CA93784700638508001307D0
:103A80004040D1B7858A99C69376170081C613073F
:103A9000101055BF894681E5914611E28546238580
:103AA000D7149376270089C60947A385E71471BF09
:103AB000118B19C31147D5BF0547C5BF33D7A640E2
:103AC000058B01C72385B71449B713F7260009C72B
:103AD00009472385E71495BF918A1147FDFA0547E9
:103AE000CDBF25D7B3560741858AC5DEA385C71448
:103AF000A9BF82808346B5000547AA870545639F15
:103B0000E60683C66701154705456399E60603C7C0
:103B10000701930650056306D70093068005631FCF
:103B2000D70403C7A70283A547111367170023858E
:103B3000E70203C645001147636EC70083C6350020
:103B4000636AD7001307F6FF1385F6FF718F758D33
:103B5000498F11C705472388E7000145828003C7C5
:103B6000650003C555002385C7142207498F239696
:103B7000E714A385D7141307A005F1BF82808347FC
:103B8000B50095E3834665010D478547639BE600D5
:103B9000034705016317F700930710062308F50094
:103BA00081473E8582808547EDBF83270511DDC3B0
:103BB0002547A30AE50055472381E7000347C517BA
:103BC0008355E5178566A381E7000347D5179386DC
:103BD0008684035625182382E70003470518A3832C
:103BE000E700034715182384E7002E8763F3B60028
:103BF000368742074183A382E700856621832383BA
:103C0000E70093868684328763F3C60036874207CF
:103C10004183A384E70021832385E7008347C50709
:103C2000A305050299C78327050A93E707102320F8
:103C3000F50A8327450A13974701635807007D77E4
:103C40001307F77FF98F2322F50A85472308F5002C
:103C500001458280054582808347B500EDE741112B
:103C600022C406C603476501E1472A840545631857
:103C7000F70C03470401930700046312F70C832534
:103C8000441105659306A5C703C7450083C73500E2
:103C900022075D8F9307A7FFC207C18363ECF60875
:103CA00083C7650083C65500130505C8A207D58FD5
:103CB0006362F50863E0E70803C6850083C6750004
:103CC0002206558E9306301F63E6C60683C6A500FE
:103CD00003C89500A206B3E60601636DD50413057B
:103CE00016003305E502139836006345A80403C89F
:103CF000B5001315080141816304080063ECA702B5
:103D0000231DC4042312A406231AE406231BF4066D
:103D1000231ED40483C7D50003C7C5003146A207BC
:103D2000D98F2313F406B9051305840697C0F91F2C
:103D3000E780004F930770042308F4000145B24068
:103D400022444101828005458280411126C206C677
:103D500022C403476501E14785446318F7048327BC
:103D600085102A848544898BA9C38347B500639154
:103D70009706EFF08FB183470401A305A402639770
:103D80009700930710042308F40039A813070004D0
:103D90006393E702930710042308F4008347A40207
:103DA00093E717002305F4028144B240224426859C
:103DB0009244410182808327040A93E7270023204D
:103DC000F40A8347140193E707F8A308F400E9BF56
:103DD000834715018D8B99CF9307A002A305F402A9
:103DE000BD472306F4028327840A93E72700232490
:103DF000F40A5DBF8347050163979700EFF0EFA8D2
:103E0000A305A402BDBF130700026390E702EFF011
:103E1000CFA7A305A402814449F98327440A3707A1
:103E20000080D98F2322F40A49B713070004E39EC8
:103E3000E7F6930730025DB7411126C206C622C4D9
:103E40008347B5008544A5E703476501A547854439
:103E5000631FF7048327850FA18BB1CB8325451101
:103E60002A8421468D051305051097C0F91FE780A8
:103E7000203B83270410B73678089386060DDD8E25
:103E80008327441013E707018327840FF58F23242A
:103E9000F4108327C40FF98F2326F41083470401FD
:103EA000639D9700930710032308F4008144B240F8
:103EB000224426859244410182808327840A93E725
:103EC00007012324F40ADDB7411126C206C622C425
:103ED00003476501A5478544631AF70603470501B3
:103EE0009307000385446313F706832545112A844D
:103EF00021468D051305051097C0F91FE780403254
:103F000083270410B73678089386060DDD8E832745
:103F1000441023089400A305040213E70701832734
:103F2000840F8144F58F2324F4108327C40FF98F65
:103F30002326F4108327040A93E707022320F40AB8
:103F40008347140193E707F8A308F400B240224422
:103F500026859244410182808347B50005476395D9
:103F6000E708411122C406C68346650125472A8415
:103F700005456390E606034704016310F7068325B1
:103F800044112146130504108D0597C0F91FE780E1
:103F9000202983270410B73678089386060DDD8E16
:103FA0008327441013E707018327840FF58F232409
:103FB000F4108327C40FF98F2326F41093071003FE
:103FC0002308F40083471401014593E707F8A30889
:103FD000F400B2402244410182808327840A93E79F
:103FE00007012324F40AF9BF054582800347B50081
:103FF0008547631CF704411122C406C626C2034745
:104000006501A1472A840545631CF70283244411F6
:104010001305841215469385340097C0F91FE78075
:10402000202083C7940003C784000145A207D98FCD
:104030002317F4128347140193E727F8A308F40029
:10404000B240224492444101828005458280034768
:10405000B50085476310F716834665015D47639C8D
:10406000E614011126CA8324451122CC21462A8454
:10407000938534001305751506CE97C0F91FE780A8
:10408000201A83C7C40003C7B400A207D98FA30FA7
:10409000F414A1832300F416EFB0FECB2AC4EFB0D2
:1040A0009ECB2AC62C0013050417214697C0F91F82
:1040B000E780001783C7F40003C7E40013058417E3
:1040C000A2074207BA9703C704012C001146BA970A
:1040D00003C7D4006207BA972324F40C83C73401C2
:1040E00003C72401A2074207BA9703C74401BA973E
:1040F00003C714016207BA972322F40C034714176D
:10410000834724174207A207BA9703473417BA9781
:10411000034704176207BA972320F40C0347541788
:10412000834764174207A207BA9703477417BA97E1
:10413000034744176207BA97232EF40AA24737476A
:1041400003001307D73FB387E70237A726001307FB
:1041500037ECBA973EC497C0F91FE780600C83C75D
:10416000640103C77401A2074207BA9703C7540149
:10417000BA9703C784016207BA97232EF40C03474A
:10418000A417834794174207A207BA9703478417D7
:10419000BA970347B4176207BA972320F40E930720
:1041A00010022308F400F24062448147D2443E8565
:1041B0000561828085473E85828003476501A5476A
:1041C000631EF704411122C406C683460501130786
:1041D00000052A8485476397E602EFE09FFA05E928
:1041E0008327040AA305040293E707102320F40A97
:1041F0008347140193E707F8A308F40085472308D1
:10420000F4008147B24022443E85410182808347C9
:10421000A40293E717002305F402D9BF85473E8522
:10422000828003476501A5476309F7000545828041
:104230000545B24022444101828083278510411107
:1042400022C406C693F707022A84FDD3EFE07FF36A
:104250008547E30FF5FC034704016318F700930754
:1042600010052308F4000145E9B78327840A93E782
:1042700007082324F40AC5BF8347C500A30A050025
:10428000F19B93E717002306F5000325051113356D
:104290001500828001458280411106C6EFE00FBC07
:1042A0000DC10357C5058356A505035665078355FC
:1042B000450703558500EF60F06E0145B2404101AE
:1042C00082800945E5BF011106CE22CCEFE00FB98F
:1042D00031CD0347B50085472A84631CF702B72711
:1042E000002003A707BA094515CF034604038346F8
:1042F00017048358E4030358C4038357A403835566
:1043000084000345B4021307270432C00546EF605A
:10431000D0678347F400A3050402014593E7170023
:10432000A307F400F2406244056182800945DDBFC5
:10433000411106C6EFE08FB219C983450514035534
:104340008500EF6010690145B24041018280094556
:10435000E5BF9375F50F01112E8506CE22CC2EC632
:10436000EFB07FF10DC12A848346C506B2450345EF
:1043700035010546EF6070650145A3090400F24070
:104380006244056182800945DDBF411106C6EF60C8
:104390009063B240014541018280411106C622C4AA
:1043A000EFE0CFAB0DC983467514034665142A842C
:1043B000835585000345B5028506050693F6F60F7D
:1043C0001376F60FEF60F05F0145A3050402B240DB
:1043D0002244410182800945DDBF397106DE22DCBD
:1043E00026DA4AD8EFE08FA769C90347B5008547A9
:1043F0002A846315F708B727002083A407BA094564
:10440000D9C483C704041946898BC1CBCC5483C754
:10441000A500C1C7B105280897C0F91FE78040E093
:1044200083C71404138924041946898BB5CFCA8520
:10443000081097C0F91FE780A0DECC5419469105FB
:10444000281097C0F91FE780A0DD83470403835835
:10445000A40383C614040346B400835584000345B3
:10446000B4023EC48357E4031308010238103EC26D
:104470008357C4033EC03C08EF6050538347F400A9
:10448000A3050402014593E71700A307F400F250C7
:104490006254D2544259216182808145280897C0D4
:1044A000F91FE78000DFADBF8145081097C0F91FF5
:1044B000E78020DE1946CA8561B70945C9BF4111A9
:1044C00006C6EFE0AF990DC10357E5188356C5182E
:1044D000035625198355051903558500EF60D04C07
:1044E0000145B240410182800945E5BF411106C640
:1044F00022C4EFE0AF960DC92A840357C505835641
:10450000A505035665078355450703558500EF60EC
:10451000304983471401014593E74700A308F4009D
:10452000B2402244410182800945DDBF411106C6E7
:10453000EFE0CF920DC1834705160346F5159305AD
:10454000751503558500A2075D8EEF603045014566
:10455000B240410182800945E5BF411106C622C42F
:10456000EFE0CF8F0DC12A84130605108355850017
:104570000345B502EF6050420145A3050402B24075
:104580002244410182800945DDBF411106C622C493
:10459000EFE0CF8C0DC52A840357C5058356A505CA
:1045A00003568505835585000345B502EF60903EAF
:1045B0000145A3050402B24022444101828009451D
:1045C000DDBF01111375F50F06CEEFB0DFCA29C9A3
:1045D000B727002083A707C293F707209DC302C413
:1045E00002C202C081480148814701478146054611
:1045F00081451305C003EF60703B0145F240056142
:104600008280834695031307A50302C081480148B1
:104610008147054681451305C003EF601037F1BFA0
:104620000945E9BFB7270020938787B403A7870808
:10463000094529CB83A7870D011106CE93F70720E3
:104640008DC302C402C202C08148014881470147AC
:10465000814601468145EF607035F24001450561B4
:104660008280835807020358A701835707058346B2
:104670005707014602C01307670781450945EF60E8
:10468000D030E1BF828001458280014582800145B2
:1046900082800145828001458280014582800145FA
:1046A000828001458280411106C622C4034705006D
:1046B000930700086314F70203471500DD4685479A
:1046C00063E4E606B7F706000A0793878781BA977F
:1046D0009C430355250082978147B9A09306100893
:1046E00085476313D70403471500CD466308D70EEB
:1046F00063E3E602A146630DD708B146630DD70A0E
:1047000095466313D70203552500EFD03FF52A8461
:1047100015E9894711A893060003630FD70E63EAD2
:10472000E600E946630FD70CB24022443E854101C2
:10473000828093077005630FF70E930717F0B33766
:10474000F000DDB78327851195C70356450405069C
:10475000420641829C4313071600420741839DE7AE
:104760002312C40401CA835584000545EF60D0209C
:10477000231204040345B402034644058355840010
:10478000EF60501E2285EFD01FDDB9B73A86D9B74A
:1047900003552500EFD09FEC2A8425DD0346C50490
:1047A000835585000345B5023336C000EF60D01B4A
:1047B000A305040215B703552500EFD03FEA2A846C
:1047C00029D903572505835605050346F504835566
:1047D00085000345B502EF607019D9BF0355250068
:1047E000EFD0DFE72A8415D50356450401CA835567
:1047F00085000545EF60501823120404A308040245
:10480000E1BD03552500EFD07FE5E30405F0034546
:10481000B502EF60B016C9B503552500EFD01FE40F
:104820002A84E30805EE835585000345B502EF6051
:104830003015BDBF03552500EF60D01471BD0111C7
:1048400022CC37E400E026CA04404AC806CEB707A7
:1048500020002EC632C42A89FD8C2320F4180F10A4
:1048600000001145EFB00EA61DC5B245224623112A
:1048700025012300B500A300C50023209410B7270D
:1048800000206244F240D2444249AA8503C5B7934E
:1048900005616FB02EB223209410F2406244D244DE
:1048A000424911450561828041114AC037E900E063
:1048B00026C28324090006C622C4B7072000FD8C47
:1048C0002320F9180F100000EFD05FD911E9232041
:1048D00099100945B2402244924402494101828024
:1048E00083270512230D05002A84A5C70347F50079
:1048F000058B19EF03558400014693050008EFF07E
:104900001FF439C9B7E700E023A097100145D9B7D4
:10491000D44303C6C70083C58700035585008906B5
:10492000EF60700605E58327041203D7A700A38470
:104930000700136707F02395E7009C432320F41238
:104940008357240481C7FD172311F404832704121D
:10495000D5F3231104047DB78547230DF4005DB71B
:10496000797122D406D683C735002E842316010020
:10497000A307F10083C74500100802C02307F10018
:1049800083C755008A8502C2A306F10002C402C88B
:1049900002CA02CC02CEEF10C04D0347F10183479B
:1049A000040001456310F7020347E1018347140047
:1049B00001456319F7000345D101834724001D8D8C
:1049C00013351500B250225445618280B72700206C
:1049D00083A787C091E382806384A700DC5FDDBF8B
:1049E000411122C406C68347A5002A8491C79305B6
:1049F000C5006905EFA08FBC8347240191CB9305C7
:104A000044011305A4022244B24041016FA00FBB30
:104A1000B240224441018280AA862E86AA8537555B
:104A200006001305A5A26FB0BE87B7270020138725
:104A300087B40327070C411126C206C622C49384FB
:104A400087B411E7B240224492444101828063045A
:104A5000A700585FFDB78347A5002A8491C7930537
:104A6000C5006905EFA08FB58347240199C7930559
:104A700044011305A402EFA06FB422852244CC5850
:104A8000B240924441016FF03FF901114AC8372901
:104A90000020930789B422CC03A4070C26CA4EC673
:104AA00052C456C206CEAA84014A130989B4930996
:104AB0004500854A65E8930520251305000497B055
:104AC000F91FE78020582A841D4561C483C734003C
:104AD00019469385440013054400A301F40097B0E0
:104AE000F91FE780E073938AA4014146814556850A
:104AF00097C0F91FE780608879E99309A401D685FA
:104B000041464E8597C0F91FE780A083854723055E
:104B1000F400834734009305C4004E8593E72700D3
:104B2000A305F400EFA08FA99384A4024146814518
:104B3000268597C0F91FE780408449ED9307A402BA
:104B4000A6853E854146BE8497B0F91FE780607F09
:104B500085472309F40083473400930544012685E3
:104B600093E72700A309F400EFA04FA5A3000400DA
:104B7000832549032285EFF03FEA63100A062320CC
:104B8000890C232E04028347C90B01458507230E98
:104B9000F90AF2406244D2444249B249224A924A56
:104BA000056182800347340083C734006305F70042
:104BB000228A405C01B74146CE851305440097B078
:104BC000F91FE7802073E31555FF4945D9B7230541
:104BD000040099BF2309040051BF232E8A0255B750
:104BE000011126CAB7240020938784B422CC03A4E1
:104BF000070C4AC806CE4EC6938484B47D5901EC96
:104C0000F240624423A0040C238E040A4249D24499
:104C1000B2490561828003450400EFB0FE8283291A
:104C2000C40323002401228597B0F91FE780C04FF9
:104C30004E84F1B7B7270020938787B4238E070AE5
:104C400023A0070C6FA04FA101114EC606CE22CCA7
:104C500026CA4AC8EFD01FAEAA893DC9EFD01FA00F
:104C60002A84630B050E930710112315F500930793
:104C700000FB2307F5003729002085472308F500AE
:104C80009307099983D7070113074010130909995E
:104C9000A5073E85C207C1836374F7001305401062
:104CA000131705014183930700046374F70013058C
:104CB0000004420593053025418197B0F91FE78034
:104CC00060382328A41009ED03558400EFD09FB568
:104CD000F24062444E85D2444249B2490561828025
:104CE000B727002083A787CAB7240020938484B401
:104CF000232AF41083A7440D03A7040D2285232E35
:104D0000F40E2326F41083D7A403232CE40E2324CB
:104D1000E4102312F414FD572310F4042313F402B7
:104D20002314F4028347E4022313041493E707FCDB
:104D30002307F4028567938787BB2315F404EFC02C
:104D40006FCA034549012301A414EF106071A30148
:104D5000A41423940400ADBF85499DBF01114AC826
:104D600037290020930789B406CE22CC26CA4EC626
:104D700052C42A8403C5370083450403372A002020
:104D8000A307A402EFB07EBD130ACA9D03588A0090
:104D90008357A40393060032B72900203307F80293
:104DA000232AA408130989B43356D7023377D702CC
:104DB0009306204E2326C40837460F001306062408
:104DC0003307D702B387D70233470703B3D7A70206
:104DD0002310E40213870999834467019389099991
:104DE000BE94835784039384C417C2048507B38792
:104DF000D702C180814623129408858FB3B507037B
:104E000033850703EF90A0388327840883264A0060
:104E1000AA9733B5A7002E9501E53E8763E4D70036
:104E20003387D740834774032328E4081307204EB1
:104E3000B387E70286042285BE9423119408EFC04D
:104E4000EF842285EFC0EFB38355E40322859205FA
:104E5000F915C205C181EFB0BFFF2285EFD03FAB8E
:104E6000B727002083A7C7C6232E8908898B91CF37
:104E700083A7090399CB832584093545829783A7A6
:104E800009038325C4093945829722856244231783
:104E9000090023280900F240D2444249B249224A7B
:104EA00005616FC01F87035705088946835745086A
:104EB00063F3E6000947B397E7002313F5086FB0E3
:104EC000BEB8011122CC26CA4AC806CE4EC68347B8
:104ED00065032A84372900208507230BF5028347C1
:104EE0003501B7240020639507488347C5008346F2
:104EF000150113070004BD9B93E737002306F50057
:104F000093978601A30D0500A309E500E18763D906
:104F1000070093F6F607A308D500EFF0EFB539A820
:104F20000327850A93772700BDC783270510759B44
:104F30002324E50A918BA9CFEFD0BFCA0347B40160
:104F400085476310F706832784110347C400DC43B9
:104F50002380E7008327841103475401DC43A380A7
:104F6000E700032784118327C9CA5843B8DF83A702
:104F700004C8B70680009843558F98C3D857719BD3
:104F8000D8D7F2406244D2444249B2490561828096
:104F9000EFD0DFC265B7937717008DC7799B2324C5
:104FA000E50A832704110347C4002380E700832711
:104FB000041103475401A380E7008327C9CA0327CC
:104FC00004116DB7834705018549639137133DC7C8
:104FD0009377070199C73D9B2324E50AEFD03FEC67
:104FE000B1BF9377070281CB1377F7FD2324E50A3E
:104FF000EFD0BFFFA1B79377070481CB1377F7FBFF
:105000002324E50AEFD07FC315BF9377070889CB28
:105010001377F7F72324E50A2285EFE01FB939BF9C
:105020009377072089CB1377F7DF2324E50A2285BE
:10503000EFD0DFD321B72324050AA5B78327450A7C
:105040006381071E13F7070401CB93F7F7FB2322B5
:10505000F50AEFD0DFAEDDB513F7071001CB93F7FC
:10506000F7EF2322F50AEFD09FE8C9BD13F7072019
:1050700011CBCD8ACDE293F7F7DF2322F50AEFD0EB
:105080001FEC6DBD13F7074001CB93F7F7BF232249
:10509000F50AEFD0BFB75DB513974701635B070013
:1050A0007D771307F77FF98F2322F50AEFD09FBA98
:1050B00071B513973701635C0700CD8AA9EE7D7740
:1050C0007D17F98F2322F50AEFD0BFC185BD139755
:1050D0001701635A070071777D17F98F2322F50AAC
:1050E000EFD0FFD1A1BD2322050A65BD8DC71307EF
:1050F00080036388E7206367F70C130770026386F9
:10510000E71E6364F70475476381E71E6367F70072
:105110006D476386E71C228509B513071002638576
:10512000E71E13075002E398E7FE83270510918BD3
:10513000638007208D472306F502EFD09FAA83479F
:105140001401DD9BA308F4009DA21307E002638411
:10515000E71E636FF7021307A002E39EE7FAEFD0A2
:105160005F958347D40491CB41469305C40A130548
:10517000C40C97B0F91FE780A00A8347C404232614
:10518000040E2328040E93E717002306F4047DB3CE
:1051900013071003E384E7E413076003E39DE7F6D6
:1051A00097B0F91FE7800059E30A05D88547A306A1
:1051B000F4042285EFD09F968347C404F99B23060D
:1051C000F404ADBB1307B004638FE718636CF702F8
:1051D000130710046385E70CE37FF7F29387B7FBAF
:1051E00093F7F70F8549E3E8F9F2EFF0EF888327AB
:1051F000040A230834012311040693E747002320FF
:10520000F40A2DBB13076005E383E7E26362F7024C
:1052100013071005E382E7E013075005E39DE7EE6F
:10522000228597B0F91FE780E050E30905D0E5B586
:1052300013078005E386E7FE1307A005E39DE7EC6F
:105240000347A51401CF034665148547B397C700EC
:105250006386E70093E60601A308D5000347B4146C
:1052600011CF834674148547B397D7006388E7004E
:105270008347140193E70701A308F4008347E4017F
:1052800099CB83471401C18B99E78327040A93E7DD
:1052900007202320F40A2285EFE01FFE09A8834798
:1052A000B5028DC705476398E700EFD01FD4854747
:1052B0002308F40061B183270510918BB5C7BD4762
:1052C0002306F4022285EFD0DF91D5B7EFE0DFFAB5
:1052D0008327040A93E727002320F40AC9BFEFD0ED
:1052E0002FFAD947230AF40491B92285EFE0DFF8B9
:1052F0008327040A93E717002320F40A23080400F5
:1053000035B9EFE07FF7DDBF83278510858B81C737
:10531000EFD07FB325B1E947A305F5028327051038
:10532000918B99C38D4769BF2285EFD03F8941B7E3
:10533000EFD0DF8829B58347C5042322050E232437
:10534000050E93E727002306F504EFD0AFF8834757
:105350001401A3050402DD9BA308F4008327040ABB
:1053600093E7070195BFEFD05F8D23083401F9B6AD
:10537000B7270020938787B403D707010507239831
:10538000E7006DBE79714AD037290020930789B4B0
:1053900022D403A487094ECE52CC56CA5AC8B72984
:1053A0000020372A0020B72A002037EB060026D23B
:1053B0005EC606D662C466C26AC0814B130989B450
:1053C000938449C8130ACA9D938A0A99130B0B7BCD
:1053D0008347E4001307000D6393E71E372C00207A
:1053E0008327CCCA98430D8B0DC737270020230194
:1053F0000798B84B1377F78FB8CB9843136787009C
:1054000098C39C438D83858B89C7010001000100EF
:10541000010097B0F91FE780605E8347C404858B65
:1054200089C7A2850545EF00506B372D00208326E4
:105430000DC88347241437060082D85693958701F8
:105440007D1693F7F703718FE607D98FDCD6B72C5B
:105450000020E1851307A00383A70CD06350B71089
:10546000F84F37060007518FF8CF832784090327A9
:10547000CCCA9CC68327C409DCC25C4393E71700EF
:105480005CC38355C41895470356E418910503453A
:105490007414A383F400C205930710FD2307F400DE
:1054A000C181930700FC2382F9C8EF104012034624
:1054B000741485468357240803576408631AD60C6E
:1054C000938757030326CCCA0607BA975446017739
:1054D0007D17758F58C60F1000000327CCCA3706FA
:1054E0000200860710C7130600F82382C4007CD38D
:1054F00054C70326CCCAA38204008547A3800400B6
:105500001CC28346C40483270DC803A70CD0858A18
:10551000D9C29443B705330093F6F6CF94C39443AE
:1055200093F6F6CF93E6062094C31447CD8E14C7A6
:10553000B70603009386861734CA5457F59A54D792
:10554000034764139376F7079843137707F8558F4B
:1055500098C397C0F91FE78060E19DBD1307200243
:10556000635AB700F84F370600F97D16718F37067A
:105570000005D5BD370700F91306F7FFF84F694559
:10558000718F37060003E340B5EE37060001E1BD39
:105590009387970405BF9443B705330093F6F6CF7E
:1055A00094C3944393F6F6CF93E6062094C314472E
:1055B000CD8E14C7B706030093868615B5BF1307B3
:1055C000100D639FE75683C749C8858B6380074CDE
:1055D00083C749C8E207E18763D4070C8347F40017
:1055E00003CC6A0193F7070285C38357A40313070B
:1055F000204EB387E70203274409B3D7E702130716
:105600000C05BA972312F40803554408035D8A0079
:1056100037460F0013059504B325A50381461306ED
:10562000062483ACC4013305AD02EF805036032756
:10563000C40883264A003305A74033079501BA857D
:105640006364A7006364D700B305D7400327040948
:105650006362B71603566408835724080D8F131529
:105660001600AA97B387A70337450F001308F52341
:1056700013050524C297B3D7A7026366F700B38763
:10568000F64063F4E7002328B408420C9357160051
:10569000135C0C0163E287132313F408231004083E
:1056A0008345C404032544119306240313064403CD
:1056B000858997C0F91FE780A0CE8347440303473D
:1056C00069042383A400998F230AF40283C764002A
:1056D000858B6396072A8347A40293E72700230557
:1056E000F40283C749C8E207E18763D3070283470F
:1056F000641313D7370093F6770022978547B39743
:10570000D7008346071393C7F7FFF58F2308F712D7
:105710008347F400898BE9C32285EFB07FAD4DED5F
:105720008347F400A309040093E74700A307F400AC
:10573000832784118DCF0347B40115CB03C797008E
:10574000058B15E703D7A700C843136707F0239518
:10575000E70097B0F91FE780209D83574404850731
:105760002312F404832784119C43232CF4108347D1
:10577000540181CB8347C404898B81C72285EFB054
:105780003FAC8347040113072002639AE702832793
:10579000040AA305040293E787002320F40A834741
:1057A000140193E78700A308F4009307400223083D
:1057B000F4001DA0369779BD23138409C5B51307DE
:1057C0000006639BE70A85472308F4008347A40289
:1057D00093E717002305F40283C76400898BE5C7AC
:1057E0008347C404858BE5C3834794018507A30CD5
:1057F000F4008347F40013F7270029E393E7270019
:10580000A307F400930700F8230EF4008357A403C2
:105810001307204EB387E70203274409B3D7E702F3
:1058200003C76A0113070705BA97C207C18323128A
:10583000F40886072311F408232E09082285238201
:1058400009C8EFF00FE8834554010345641491053E
:10585000EF00704D83475401638A071E8347C404D9
:10586000898B6385071EA2850145EF00501F6303E6
:105870000512EF0010646DA413077006639BE70226
:10588000B727002003A707C83C57ED9B3CD72385CB
:1058900004003717004083578701C607C583231CC0
:1058A000F7008347C40093F7F7FD2306F40085470C
:1058B000FDBD7147E392E7F28327040A93E71700DF
:1058C0002320F40A11BF2285EFB01F951DF1A30C10
:1058D00004002285EFB0DF8D83471401A18B85CFB3
:1058E000834764018DCB83477401094793F7B70F52
:1058F0006383E7029307D003230AF404930770023B
:105900002308F4008347C404858BE38407EE2285D3
:10591000EFB01F98F9BD8347D4000D476393E704A8
:1059200083477401130780026373F702834774018E
:105930001D476384E702A306F4028327840A2285B5
:1059400093E717002324F40AEFD0EF9A39A08A07CF
:10595000DA979C432285829771F983476401DDF3CE
:1059600049BD99CB83476401E38507E8228597B059
:10597000F91FE780A0EEAA8BE39D0BE6F9BF8347F2
:1059800084018507230CF4008357E900850723175A
:10599000F90085B5B727002003A707C8B70633006D
:1059A0001C4393F7F7CF1CC31C4393F7F7CF93E740
:1059B00007201CC3B727002003A707D01C47D58F9B
:1059C0001CC7B727002003A7C7CAB70703009387E0
:1059D00087273CCBB727002083A707C8B7068000DE
:1059E0009843558F98C3D857719BD8D7930720FDFC
:1059F0002307F4008347CA00E39D07B483270412FA
:105A0000E38907B40347F400058BE30407B4D443E8
:105A100003C6C70083C58700035584008906EF507D
:105A20008076E31805B28327041203D7A700136713
:105A300007F02395E7009C432320F41283572404A6
:105A4000E38907B0FD172311F40421B6B72700201E
:105A500003A707C8B70633001C4393F7F7CF1CC34F
:105A60001C4393F7F7CF93E707201CC3B727002009
:105A700003A707D01C47D58F1CC7B727002003A753
:105A8000C7CAB707030093878725A1B7B7270020A8
:105A900083A7C7CAFC53E39D0792938749C8238213
:105AA0000700EF00104183C749C82285E207E1875C
:105AB00063DA071CEFF02FBF835729010357040453
:105AC0008507C207C1832319F90039CB9306400625
:105AD0003377D70231E7372700200327C7C6098B62
:105AE00005CFB724002093840499985815C783558F
:105AF00009012545C205DD8D02979C588355E900B3
:105B0000294582979C58831524032D4582979C58DC
:105B10008305440331458297231709002328090090
:105B200022852254B25092540259F249624AD24A12
:105B3000424BB24B224C924C024D45616FB0FFC3B9
:105B40001307200DE397E7D283C71400858B638E7C
:105B500007128327040AA380040013972701634ACE
:105B6000070E228597B0F91FE78000DD8547631295
:105B7000F50E8355C4180356E418034574149105B3
:105B8000C205C181EF00B0248347C404372C002034
:105B9000B72C0020858B372D0020BDCFA285054571
:105BA0002D2F03A70CC8B70633001C4393F7F7CF7C
:105BB0001CC31C4393F7F7CF93E707201CC30327AD
:105BC0000DD01C47D58F1CC70327CCCAB7070300CD
:105BD000938787173CCB0327CCCA930710FD230775
:105BE000F40054478177FD17F58F5CC70F10000054
:105BF0000327CCCAB70702001CC7930700F823820B
:105C0000F40083A70CC89C439D83858BA1C3930795
:105C100060197CD354C735BA03A70CC8B706330044
:105C20001C4393F7F7CF1CC31C4393F7F7CF93E7BD
:105C300007201CC303270DD01C47D58F1CC7B707EF
:105C400003000327CCCA9387871569B79307E01B26
:105C5000C9B7EF0010268347940185C793F7070F54
:105C600081CB9305D0032285EFB01FC1A305A40209
:105C7000B727002083A7079C89C7954513055008BF
:105C800082972285EFB0FFFC61BDB727002083A774
:105C9000C7CAFC53639E07F223820400EF00702101
:105CA000CDB7411106C6EFB06F88B7270020375730
:105CB0000600938787B4130787C423A6E70A3757DC
:105CC00006001307C7D523A8E70AB240B757060056
:105CD0003727002093874738232CF7C6410182805D
:105CE000011122CC37240020930784B426CA83A450
:105CF000870B4AC84EC652C456C206CE2A8981496D
:105D0000130484B4130A2500854AA9E49305702579
:105D1000314597A0F91FE780E032AA840145B9CC4C
:105D200083471900194693052900A380F4001385C1
:105D3000240097A0F91FE780A04E8327840BA1EBD6
:105D4000232C940A23A404008347440B8507230AC9
:105D5000F40A25A003C71400834719006305F70060
:105D6000A68984445DB71946D2851385240097A07F
:105D7000F91FE7802058E31555FF0545F2406244BE
:105D8000D2444249B249224A924A05618280E38B59
:105D900009FA23A499007DB7011126CAB72400206F
:105DA000938784B422CC03A4870B4AC84EC652C43E
:105DB00056C206CEAA890149938484B4130A2500E9
:105DC000854A19E80145F2406244D2444249B24949
:105DD000224A924A056182800347140083C7190052
:105DE0006305F70022890044E9BF1946D2851305EF
:105DF000240097A0F91FE780E04FE31555FF1C44EE
:105E00006315090023ACF40A19A02324F9002285A4
:105E100097A0F91FE780403183C7440B0545FD1764
:105E2000238AF40A4DB7411122C437240020930776
:105E300084B403A5870B06C626C2130484B411E9F3
:105E4000232C040A230A040AB2402244924441014A
:105E50008280044597A0F91FE780002D2685C5B7ED
:105E6000B7270020938787B423AC070A238A070A41
:105E70008280372700208327C7C79306001094C36A
:105E800001000100010001008327C7C723A007000C
:105E90008346150003482500A2064208C29603481F
:105EA0000500C296034835006208C29694D783461F
:105EB000550003486500A2064208C2960348450003
:105EC000C296034875006208C296D4D783469500EF
:105ED0000348A500A2064208C29603488500C29660
:105EE0000348B5006208C29694DB8346D500034898
:105EF000E500A2064208C2960348C5000345F50026
:105F0000C2966205AA96D4DB83C6150003C5250098
:105F1000A2064205AA9603C50500AA9603C5350048
:105F20006205AA9694CF83C6550003C56500A206F4
:105F30004205AA9603C54500AA9603C575006205E9
:105F4000AA96D4CF83C6950003C5A500A206420534
:105F5000AA9603C58500AA9603C5B5006205AA9650
:105F600094D383C6D50003C5E500A2064205AA96D0
:105F700003C5C50083C5F500AA96E205AE96D4D345
:105F8000D443F59AD4C3D44393E61600D4C39443C0
:105F900093E6160094C3BA8783A6C7C7D842058B79
:105FA00059E7984E01452300E60003A7C7C7184FDD
:105FB0002183A300E60003A7C7C7184F418323012D
:105FC000E60003A7C7C7184F6183A301E60083A7B4
:105FD000C7C7D84F2302E600D84F2183A302E600AB
:105FE000D84F41832303E600D84F6183A303E60023
:105FF00098532304E60098532183A304E6009853A2
:1060000041832305E60098536183A305E600D85336
:106010002306E600D8532183A306E600D853418324
:106020002307E600DC53E183A307F600828001002A
:10603000A5B7372700208327C7C79306001094C34E
:1060400001000100010001008327C7C7894694C3EE
:106050008346150003482500A2064208C29603485D
:106060000500C296034835006208C29694D783465D
:10607000550003486500A2064208C2960348450041
:10608000C296034875006208C296D4D7834695002D
:106090000348A500A2064208C29603488500C2969E
:1060A0000348B5006208C29694DB8346D5000348D6
:1060B000E500A2064208C2960348C5000345F50064
:1060C000C2966205AA96D4DB83C6150003C52500D7
:1060D000A2064205AA9603C50500AA9603C5350087
:1060E0006205AA9694CF83C6550003C56500A20633
:1060F0004205AA9603C54500AA9603C57500620528
:10610000AA96D4CF83C6950003C5A500A206420572
:10611000AA9603C58500AA9603C5B5006205AA968E
:1061200094D383C6D50003C5E500A2064205AA960E
:1061300003C5C50083C5F500AA96E205AE96D4D383
:10614000D443F59AD4C3D44393E61600D4C39443FE
:1061500093E6160094C3BA8703A7C7C75443858A3A
:10616000C9EA23200700184F01452300E60003A7D2
:10617000C7C7184F2183A300E60003A7C7C7184F5E
:1061800041832301E60003A7C7C7184F6183A3011A
:10619000E60083A7C7C7D84F2302E600D84F218364
:1061A000A302E600D84F41832303E600D84F618362
:1061B000A303E60098532304E60098532183A30425
:1061C000E600985341832305E60098536183A305B5
:1061D000E600D8532306E600D8532183A306E60041
:1061E000D85341832307E600DC53E183A307F6007D
:1061F0008280010095B7011122CC2A84354506CE54
:106200002EC632C4152BB727002003A7C7CA228584
:106210003C4B93E707083CCB2246B245EFF07FC5E5
:10622000F2406244014505618280011122CC2A843A
:10623000354506CE2EC632C40123B727002003A75A
:10624000C7CA22853C4B93E707083CCB2246B245A0
:10625000EFF03FDEF2406244014505618280B727DE
:10626000002003A7C7CA3C4B93E707083CCB0100BB
:10627000010001000100B727002083A7C7C703A7BB
:10628000450E16051365050888C398CB03A7850E30
:106290000145D8CB03A7C50B98CF03A7050CD8CFD2
:1062A00003A7450C98D303A7850CD8D303A7C50C27
:1062B00098D703A7050DD8D703A7450D98DB03A7EB
:1062C000850DD8DB03A7C50D98C703A7050ED8C752
:1062D00098431367070498C38280B727002003A759
:1062E000C7CA3C4B93E707083CCB01000100010003
:1062F0000100B727002083A7C7C703A7C50E16054F
:106300001365050888C398CB03A7050F0145D8CBB3
:1063100003A7C50B98CF03A7050CD8CF03A7450C3F
:1063200098D303A7850CD8D303A7C50C98D703A788
:10633000050DD8D703A7450D98DB03A7850DD8DB3E
:1063400003A7C50D98C703A7050ED8C798431367C1
:10635000070498C3B7270020938747C8130700F89E
:106360002383E7008280B727002083A707C8885BC4
:106370003D81620561858280B727002083A707C819
:10638000B70680003706008298437D16558F98C364
:106390001307F00F98DF13070005D8DBD857B706AF
:1063A0000080558FD8D7372700200347479AD45706
:1063B000931587011377F703F18E6607558FD8D7AA
:1063C000E185372700209306A003032707D063DE6B
:1063D000B602744F37060007D18E74CF370702001C
:1063E0003907D8DF984B137707FC1367E70098CB82
:1063F00037E700E0D147A309F704B71700209387D8
:10640000472193E717007CD782809306200263DA46
:10641000B600744F370600F97D16F18E3706000579
:1064200065BFB70600F91386F6FF744F6945F18E14
:1064300037060003E342B5FA3706000171BFB727FC
:10644000002083A707C89C5BC60713D5670163D6E6
:106450000700136505C042054181420541858280E0
:106460009307A00363EFA7041307A0028D47636897
:10647000A7041307200289476363A7046947854778
:10648000636FA70251478147636BA7024947FD57D6
:106490006367A7023947F5576363A7022947ED579A
:1064A000636FA7001947E157636BA7001147D957DE
:1064B0006367A7000947B1576373A700C5573E85B7
:1064C00082809147EDBFB557634DF50449578D471D
:1064D0006347E5045D5795476343E50465579D476A
:1064E000634FE5027157AD47634BE5027957BD47EE
:1064F0006347E502CD4763440502D5470DC1054713
:10650000ED47630EE5000947930730026309E50094
:106510000D479307B0036314E5009307B0023E856F
:1065200082808547EDBFB727002083A7478999CB95
:10653000944BD04B9842518F98C294439C479842B9
:10654000D98F9CC2B727002003A707C8B727002010
:10655000938747C883C6A7003728002085489386BD
:10656000E6090326C8CA631D150308431365050819
:1065700008C3484601777D17698F58C60F10000081
:106580000327C8CA37060200AD0510C7130600F876
:106590002382C7008A05B69586056CD348C78280DA
:1065A00008431375F5F708C3484601777D17698FCF
:1065B00058C60F1000000327C8CA37060200A905F5
:1065C00010C7130600F82382C7008E05E9B7B72766
:1065D000002083A7478989CFD44303A88700984226
:1065E0003367070198C2D447DC4B9842D98F9CC2CD
:1065F000B727002037270020854683A707C89505C1
:10660000130747C86318D50294438E0593E606081E
:1066100094C3944F93F606C093E6A61394CF9306C3
:106620008007A389D7009385C5030CCB19C2060642
:1066300010CB82809443920593F6F6F794C3944F5F
:1066400093F606C093E6261394CF9306F007A3892A
:10665000D700D1BFB7270020138747C883468700DC
:1066600021476397E60437270020034707CB4111F2
:1066700022C4138447C8B727002006C6938707CDD6
:10668000058B03C6370083C6270005C3C84311CD59
:10669000834515000905EF00106A01C58547A3046D
:1066A000F400B24022444101828081450145E5B7B2
:1066B0008280372700208327C7CAB44B93F6F68F12
:1066C000B4CB944393E6860094C39C438D83858B1F
:1066D00089C70100010001000100B727002083A63F
:1066E00007C89C4293F7F7CF93E707109CC2B727E0
:1066F000002003A607D0B706CEFFFD161C46F58F77
:106700001CC68327C7CA37070300B8CBB7270020AA
:1067100083A7478999CBD44390479842518F98C219
:10672000944BDC4B9842D98F9CC2B72700209387AB
:1067300047C8A38307008280B727002083A7C7CA62
:106740009C438D8BC5CF411122C43724002026C223
:10675000930744C806C683C777000D47AA8413046D
:1067600044C8631AF700B727002083A707CC014667
:106770008145454582971947639EE402834794000B
:1067800099C78347840063949700A3040400834758
:10679000740021476316F700930780102314F40058
:1067A0002244B2409244B727002023810798410138
:1067B0006FF03FF09D47639BF40083479400E1DB5B
:1067C000034784008D47E314F7FCC1B78346740088
:1067D000630BD700034774006387E70083477400A7
:1067E0002147E31FF7FA83479400DDFB83477400DA
:1067F0002304F4008547A304F4005DB782800111EF
:1068000022CC2A8411452EC632C436C206CEEFF001
:10681000BFF2B727002083A707C8B7083300D857AF
:10682000719B13671700D8D7372700200325C7CAE5
:106830001307800778D198431377F7CF98C398430D
:106840001377F7CF1367072098C337270020032754
:1068500007D0B245924603288700224633681801C4
:10686000232407013708030013088825232805057A
:10687000C1CD4C5713640404F5994CD71377F40732
:106880008043137404F8598C3747767180C313071B
:10689000971298C7375755001307575537240020CC
:1068A000D8C3930744C89853B685130444C838DD49
:1068B00023810700A3810700238207005841799BA9
:1068C00058C111470145A383E70097B0F91FE7803E
:1068D00060B6B727002003A7478911C7544318475C
:1068E0009C42D98F9CC283473400858B91CBB727BC
:1068F0000020938787B403D7870005072394E70018
:10690000F2406244056182804C57F5994CD7137769
:10691000F4078043137404F8598C37C7898E80C3F9
:10692000130767EDBDB7B727002023AAA78819C9A9
:10693000584154491C43D58F1CC3184914451C4366
:10694000D58F1CC38280011126CA4AC84EC6C164B5
:106950003709006AB70900AC22CC52C406CE054400
:10696000FD141309690E9389E90C130A000205E46A
:106970009305000F4145EFA0AE86B7B7006A420508
:10698000938767CE5D8DF2406244D2444249B2495A
:10699000224A05618280A6850145EFA0AE86931745
:1069A000850013F7071033E5270119C333E53701D5
:1069B00081470147E145B356F50085073356F50099
:1069C000858A058A6307D60005071377F70F63E406
:1069D000E504E39247FF81471306F003ED46335782
:1069E000F5001377F70305CB6307C7028507E39824
:1069F000D7FE135785009377F50F1377F70FE394BE
:106A0000E7F8135705011377F70FE39EE7F61357DF
:106A10008501E39AE7F605041374F40F89BF0111A9
:106A200022CC37240020130444C88347740006CEC8
:106A300026CA4AC84EC652C411476305F70AB7278B
:106A4000002003A7C7C7B7C7004093870730631B61
:106A5000F7083545EFF05FCE372A0020052AEF1002
:106A60009017EFF07F9183270AC8B7290020B70657
:106A70003300984337290020B70403001367070841
:106A800098C398431377F7CF98C398431377F7CFFA
:106A90001367072098C303A709D01C47D58F1CC7CD
:106AA0008327C9CA13878455B8CBEF10F035EF2080
:106AB000F009EF10901BEF10902403270AC81C4325
:106AC00093F7F7CF93E707101CC383A609D03707C6
:106AD000CEFF7D179C46F98F9CC68327C9CAA4CBDD
:106AE000A3030400F2406244D2444249B249224A1C
:106AF00005618280B7C700409386073037270020A2
:106B0000232ED7C69386072037270020411123263E
:106B1000D7CA37270020B7D6004022C42320D7D0B9
:106B2000938707103727002037240020130444C818
:106B30002320F7C88547A303F400B727002083A7C5
:106B400007993727002006C65CD0938707111CD011
:106B5000B71700209387A721232CF788EFF03FEC8D
:106B6000B7E700E0A305040003C757411367070810
:106B7000A38AE740B24037071000224423A0E71061
:106B80003707200023A0E71041018280B7270020AB
:106B900083A7C7CA1307C00893066007D8CBD4CF12
:106BA000D8D31306E006D0D7D8DBD0DFF8C3F4C7BC
:106BB000130780072393E700F84BB7060080558F33
:106BC000F8CB5147F8CB37270020032787CAF8DFD7
:106BD0007D5798C737071F003D07D8C78280B72762
:106BE00000203725002003A707D0130605CBB727C1
:106BF000002083A607C88347160013F8F707D9C5F6
:106C00005C429042137606F83366060190C213F692
:106C1000150001CA93F5050341466386C5069387AF
:106C200087C150574168130808A01366260050D743
:106C300033D60703B70810FEFD18B3F707037D8AA4
:106C4000931546017043337616014D8E70C31306BB
:106C5000A00FB705FCFFAA07B3D7C70270436D8E1C
:106C6000BA07B983D18F7CC3834705CB898B99CB76
:106C70009C4293F7F70713E707049C4293F707F842
:106C8000D98F9CC282809387078361BF5C57F59B35
:106C90005CD79C4293F707F8B3E707019CC2E9B7BA
:106CA0004111B727002006C6238F07CCEFF07FA045
:106CB000B240014541018280411122C437240020A5
:106CC000130444C88347340006C6858B95C3EFF090
:106CD0003FFDB727002003A307CCA3010400230234
:106CE00004000146814505452244B240410102832A
:106CF000B727002083A7C7CAFC5389EFEFF05FFADC
:106D0000B72700202302040003A307CC01468145D6
:106D10004545D9BF834774000D476317F700B72770
:106D2000002005472381E798B24022444101828038
:106D3000411126C2B724002022C44AC006C61384CB
:106D400044C88347240037290020858BEDC7B72727
:106D5000002003A707D0938444C8238104005C5714
:106D600037240020034504CB8583858B130404CB93
:106D7000B1CB504093760503C145930786C1639418
:106D8000B60093070683C165938505A0B3D6B70205
:106D9000370810FE7D18B3F7B702FD8A1396460137
:106DA0007443B3F60601D18E74C39306A00F370661
:106DB000FCFFAA07B3D7D7027443F18EBA07B98391
:106DC000D58F7CC38345C401118501460D89EFF041
:106DD0001F8037750600130565E7EF907E86032751
:106DE000C9CA8177FD175447F58F5CC70F100000A3
:106DF0000327C9CAB70702001CC7930700F82382FC
:106E0000F400B727002083A707C89C439D83858B88
:106E100085C393076019032304017CD354C701463B
:106E2000814505452244B240924402494101028312
:106E30009307E01BCDB78327C9CAFC5389EFEFF056
:106E40003FE6B72700202302040003A307CC014636
:106E500081454545C1BF834774000D476317F7005F
:106E6000B727002005472381E798B2402244924487
:106E7000024941018280011122CC3724002026CA18
:106E800006CE930444C883C73400858BC9CBEFF08A
:106E90003FE1130444C84850A301040081458146E2
:106EA0001306F1002302040097A0F91FE780404F6A
:106EB00093158501B7240020E185938404CD99EDD5
:106EC0005C509306F00F03C707006309D70083C720
:106ED00014006385D7006303F7008945B7270020B6
:106EE000038707CB6347070058508346F100230010
:106EF000D700938707CB9C4B505093F5F50F09456E
:106F0000829783C7C400898B91C703C50401854557
:106F1000EF90EE84F2406244D24405618280B7274C
:106F2000002083A7C7CAFC5391EFEFF07FD7B727A4
:106F3000002083A707CC23820400014681454945F0
:106F40008297C9BF83C774000D47E315F7FCB727C5
:106F5000002005472381E79875BF397126DA5AD09A
:106F60005ECE06DE22DC4AD84ED652D456D29307E5
:106F70000008AA8BAE84328B631AF60237240020F5
:106F80003D49130404CB97A0F91FE780A068E37C78
:106F9000A9FE8347A4019607C117E3E6A7FEB7271A
:106FA000002083A7C7CA13078007F8D3372A002019
:106FB00003270AC8B72A002013840ACB5C578145EF
:106FC000B7290020F19B93E717005CD70345140015
:106FD00037290020EFF0BFC083270AC837063300E7
:106FE00098431377F7CF98C398431377F7CF136776
:106FF000072098C337270020832607D09846518F53
:1070000098C603A7C9CAB70603009386862534CB62
:10701000144494C7544437240020130444C8D4C3F0
:107020005C4393E717005CC3130709CD8347E70070
:10703000130909CD93E727002307F7009307FBFF08
:1070400093F7F70F0547636AF70A08502686DE852F
:1070500023006501A300950009059790F91FE780BB
:10706000201C185083A7C9CA93950401C181B8DFB9
:1070700023010400A30104000D4723020400A3031D
:10708000E400130700086317EB08F8537DFFB727E8
:10709000002083A747982EC6829703278900B24510
:1070A0006363E506198D1C50B70480000D811387BA
:1070B000F42F6205598D88C303C50ACB11850D894C
:1070C000EFF06FC683270AC89843458F98C3D857F7
:1070D000719BD8D783A7C9CAA3020400A3000400E8
:1070E000094798C3F2506254D2544259B259225AB5
:1070F000925A025BF24B2161828093070008E312EF
:10710000FBF68944B9BFB727002083A7079E998F54
:107110003E9551BF03C50ACB11850D89EFF0AFC075
:1071200083270AC8B70680003785060098431305F1
:10713000050F558F98C3D857719BD8D7EF904ED075
:1071400083A7C9CA23060900A3020400A300040000
:10715000094798C38347C90093F7F70FE5DF59B78D
:107160000111300099451305001006CEEF909EAD39
:107170000DED19469305F00F28009790F91FE78051
:10718000C01F85476303F50219469305F00F2800D9
:107190009790F91FE780E00F300099451305001024
:1071A000EF901ED50545EF90DECFF240056182805D
:1071B0001C49638C0714411126C206C622C44AC06A
:1071C00083470500AA8493F7070481C75C410945FA
:1071D000F9CB37290020130600028145130509CB9E
:1071E0009790F91FE780E00A13060002A6851305B1
:1071F00009CB9790F91FE780A002930709CB83C7BB
:107200009701130409CB89E793078002A30CF400CC
:107210008347A40181E7A147230DF4008347B4010C
:1072200081E7C547A30DF4008347C40181E7ED570B
:10723000230EF4008347D40181E7ED57A30EF40039
:1072400083C7040093F7070481CF5C4037B724005D
:107250001307F7E9636FF70493075002A300F400E4
:10726000B7240020938704CDC843938404CD09C577
:107270009790F91FE78040EB834709CB23A20400D6
:10728000858B99CB0345D40193059004090597900C
:10729000F91FE78020DBC8C0834714000145A3879E
:1072A000F4001C44DCC8B24022449244024941012B
:1072B0008280370725009306F74863EDF6003767AD
:1072C000DBFF13070793BA971307007DB3D7E702D5
:1072D000FD1769B7130707496395E7009307600235
:1072E000B5BF37D725001307F777636DF70037670A
:1072F000DBFF13070793BA971307007DB3D7E702A5
:10730000F917A9BF9307700291BF05458280797173
:107310004AD037290020930709CB9C4706D622D4B0
:1073200026D24ECE52CC56CA5AC85EC662C466C277
:107330006AC06380072037240020930744C883C7AE
:10734000770015472A8C130444C809456301F71ACE
:107350000D45372B0020AE84B28BB68CEFF0CFBD3D
:1073600093070BCD83C7C700130D09CB93090BCD32
:10737000898B8DC73D4A97A0F91FE780A029E37C40
:10738000AAFE8347AD019607C117E3E6A7FEB7271C
:10739000002083A7C7CA13078007F8D3B72A0020A5
:1073A00003A70AC85C57F19B93E717005CD783C714
:1073B000C900898B99E7834709CB93F70704639644
:1073C000071403451D008145EFF07F8183A70AC89C
:1073D00037063300372A002098431377F7CF98C336
:1073E00098431377F7CF1367072098C337270020F8
:1073F000832607D09846518F98C60327CACAB70676
:1074000003009386862534CB83268D0094C783267C
:10741000CD00D4C3834709CB93F617005C43F99B97
:10742000D58F5CC383C7E90023087BCDA380990176
:1074300093E727002387F9000850630C0C0C230006
:107440007501A30095002686E28509059790F91F2E
:10745000E78000DD1C500327CACA3CDF230104007B
:10746000A3010400230204008D47A303F40083C793
:10747000C900898B8DCB7C53FDFFB727002083A7E4
:107480004798829703A789006369E508198D1C5006
:10749000890493F4F40FA38097000D81A6972380AD
:1074A0000700A380A700034509CBA68511850D8998
:1074B000EFF06F87834709CB858BBDC73775060013
:1074C000130505D3EF90CE9783A70AC8B7068000AF
:1074D00001459843558F98C3D857719BD8D78327B8
:1074E000CACAA3020400A3000400094798C3B2500B
:1074F000225492540259F249624AD24A424BB24B48
:10750000224C924C024D45618280894503254D00F5
:1075100065BD23207501814435BFB727002083A7AF
:10752000079E998F3E95A5B737750600130585CB45
:1075300051BF05456DBF3971B7E700E04ED683A94D
:1075400007003707200006DE22DC26DA4AD852D4AC
:1075500056D25AD05ECE62CCB3F9E90023A0E71828
:107560000F10000037290020130709CB184705E347
:1075700023A037110545F2506254D2544259B259F2
:10758000225A925A025BF24B624C21618280372769
:107590000020032747BE09C723A037110945E1BFD3
:1075A000834709CB328C930A09CB858BB68B2E8609
:1075B000AA84A9CF37240020930704CDDC43130409
:1075C00004CD89EF03C5DA012EC6930590040905A1
:1075D0009790F91FE78000A7324648C05C4099E7C2
:1075E000B7E700E023A037110D4571B7034724002A
:1075F0002380E7005C40B9C831CAA380C700484077
:10760000A68509059790F91FE78080C1372B0020D8
:1076100093074BC883C77700154793044BC8630A89
:10762000F70083C7840019476385E7000D4763921D
:10763000E70283C7940089E7930780102394F4003E
:10764000B7E700E023A03711014535B7A380070055
:1076500075BF372A00208327CACA98430D8B0DC7F0
:107660003727002023010798B84B1377F78FB8CB43
:1076700098431367870098C39C438D83858B89C784
:1076800001000100010001008327CACA3707020078
:107690003724002023A2070698C7238204009307FB
:1076A00004CD83C7C700130404CD918B91E78345B4
:1076B00009CB93F70504FDE303C51A008145EFF0FC
:1076C0000FD2034509CB83C5CA01014611850D8937
:1076D000EFE0FFEF37270020832707C883A68A0043
:1076E00094C783A6CA00D4C3834709CB8326CACADA
:1076F0003A8913F61700DC42F99BD18FDCC25C405B
:10770000A301840123017401BCDE8347E40093E7F5
:1077100047002307F400930700042302FBC82382D9
:107720000400A147A383F400B727002083A7879B09
:1077300081CB0345040113060064C145EF801EA1FF
:107740008327CACADC43858BADC337850600130582
:1077500045A1EF80FEEE032709C8B70633001C439E
:1077600093F7F7CF1CC31C4393F7F7CF93E707209A
:107770001CC3B727002003A707D01C47D58F1CC701
:107780000327CACAB7070300938787153CCBA38298
:107790000400A380040085471CC35DB593F5050371
:1077A00093E5150003A54A0019BF377506001305B8
:1077B000457B45B7797122D43724002006D626D2DE
:1077C0004AD04ECE130744C883471700858B638E7B
:1077D000071E130444C8B7240020A307010083290F
:1077E0004402A3000400EFF0AFCB938704CD83C71E
:1077F000C700938404CD37290020918B638307163B
:1078000083C71900CE9703C70700930700086318C2
:10781000F700834709CB93E787002308F9CA5C4C3C
:107820000D476373F70EF1175CCC5C4C984463E32F
:10783000E70E3387E74083C7190083C6C400CE979D
:1078400083C71700E206E1868E0763D4060E63F94C
:10785000E70C1D8F9306000263E8E600584C636452
:10786000F70CB307F7409CC403C504018945EF80BA
:107870000EEF834709CBA18BE5C3B727002083A672
:10788000C7CA9307800C1307F00FFCD21C503706B1
:107890003300014598C323010400B7270020A3014A
:1078A000040003A707C823020400A30204001C432A
:1078B00093F7F7CF1CC31C4393F7F7CF93E7072049
:1078C0001CC3B727002003A707D0834509CB1C475B
:1078D00091858D89D18F1CC7B707030093878725B2
:1078E000BCCA054697A0F91FE780C0B4834709CBFF
:1078F00083C6240003C63400DD9B2308F9CA8145F2
:107900000145EFF05FC35DA8372700200327079EDE
:10791000BA9711BFB726002083A6069EB69711BF5F
:107920003387E74005BFB726002083A6069E36971B
:107930000DBF584C636CF700B307F7409CC483C776
:10794000C40093E707082386F40039BFB726002058
:1079500083A6069E3697CDB783C71900F917A38073
:10796000F9004850814681451306F10097A0F91FA0
:10797000E78000A35C50931585019306F00F03C7C1
:107980000700E185630AD70083C734006386D70008
:107990006304F70093E52500830709CB63C707005D
:1079A00089E58347F1002380F900130909CB832778
:1079B0000901505093F5F50F0D458297B2502254AE
:1079C00092540259F24945618280B727002083A76B
:1079D000C7CAFC538DE7EFF0AFACB727002083A7F1
:1079E000079C89C78545130510088297B727002093
:1079F000938707CD83C6270003C6370009B783479F
:107A000077002147E31CF7FAB727002005472381B9
:107A1000E7986DB7797122D437240020834744C892
:107A200006D626D24AD04ECE52CC858B638B072207
:107A3000930744C883A9470281461306F100814594
:107A40004E85230204C8A307010097A0F91FE78011
:107A50002095131A8501B7240020135A8A41130474
:107A600044C8938404CD63100A0283C7340093068C
:107A7000F00F638AD7005850034707006305D7000B
:107A80006303F700094A37290020830709CB63CB3A
:107A90000712631B0A128347F1002380F90083C792
:107AA000C400918BBDCF5C4C0D476370F716F11786
:107AB0005CCC5C4C984463E0E7163387E74083C7AF
:107AC000190083C6C400CE9783C71700E206E1867B
:107AD0008E0763D1061663F6E7141D8F9306000226
:107AE00063E8E600584C6361F714B307F7409CC4A1
:107AF00003C504018945EF808EC683C7190033870B
:107B0000F90083460700130700086398E6141C5029
:107B10001307F00F98C3834709CB93E78700230827
:107B2000F9CAB727002003A707D05C578583858B48
:107B3000B1C3930709CBDC43C165938505A0B3D6D8
:107B4000B702370510FE7D15B3F7B702FD8A13960D
:107B500046017443E98ED18E74C39306A00F370695
:107B6000FCFFAA07B3D7D7027443F18EBA07B983D3
:107B7000D58F7CC3DC40034509CB83C51700118535
:107B80000D89EFE05F9A37850600130525CBEF805E
:107B90003EABB727002083A707C8B70680009843ED
:107BA000558F98C3D857719BD8D7834709CBA18BE2
:107BB000A9E7130909CB83270901505081450D45D9
:107BC000829725A8E30D0AECEFE0BFAE130909CBBD
:107BD0005050832709010D459375FA0F8297C840CD
:107BE00083C6240003C6340009C583451500090572
:107BF00019A081450145EFF01F94B25022549254D0
:107C00000259F249624A45618280372700200327E2
:107C1000079EBA9769BDB726002083A6069EB69731
:107C200069BD3387E7405DBDB726002083A6069E69
:107C3000369765BD584C636CF700B307F7409CC49A
:107C400083C7C40093E707082386F40055B5B72619
:107C5000002083A6069E3697CDB7F917A380F900BA
:107C6000C9B5B727002083A7C7CAFC5395E7EFF033
:107C70002F83B727002083A7079C89C78945130551
:107C800010088297B7270020938707CDC84303C603
:107C9000370083C6270089BF130444C88347740094
:107CA0002147E31CF7F4B727002005472381E79815
:107CB000A9B74111B727002006C622C4938747C839
:107CC00003C71700058B1DC7A3800700EFE05FFD0A
:107CD000B727002003C707CB3E84218B39E3938766
:107CE00007CB03A307010146814511452244B24059
:107CF00041010283372700200327C7CA785329EFA1
:107D000023820700B727002003C707CB3E84218BBF
:107D100009EB938707CB03A3070101468145514532
:107D2000F1B7B7270020938707CDC84303C63700B4
:107D300083C6270019CD834515000905EFF0AFFF75
:107D4000834704CBDD9B2308F4CAB240224441019F
:107D5000828081450145DDB7B72700200547238193
:107D6000E798E5B74111B7E700E026C2844337073B
:107D7000200006C622C4F98C23A0E7180F100000CB
:107D800037240020930704CDC8432387070013043A
:107D900004CD09C59780F91FE7800039B727002077
:107DA000138747C80347970023220400938747C8D7
:107DB00001CB83C6870021476394E600A3840700B4
:107DC00003C7770099466387E60003C777009D469F
:107DD0006399E60003C777002384E7000547A3847F
:107DE000E700EFE01F8D03450401B7270020C145E0
:107DF00023810798EF804EDEB2402244B7E700E0CF
:107E000023A097100145924441018280411126C26E
:107E1000B724002006C622C44AC0EFF0BFF413897D
:107E200004CD8347F90037240020130404CBA300BA
:107E3000F4000345090183274901A145938404CD3A
:107E40001CC4EF806ED9034509019145EF80CED85F
:107E50008347C900898B95C31C480146814513059A
:107E600020028297224423860400B24092440249B1
:107E70008945014541016F804EFB83C7C400918B4A
:107E8000F5D31C480146814513054002D9BF7971DD
:107E900026D2B724002006D622D44AD04ECE52CCC9
:107EA00056CA5AC85EC662C4138704CD8347C7004A
:107EB000898B638F071037240020930744C883C73A
:107EC00077008D46130444C86392F6020345070108
:107ED00091452254B25092540259F249624AD24A10
:107EE000424BB24B224C45616F806E873545017A1B
:107EF000938404CDEFE05F84A149372B002037291C
:107F000000207D1AB70B02001306000881450145C9
:107F1000856AEFF08F84130C00F8938A2AF983475F
:107F20002400858B8DE78327C9CAFC53EDFBFD191F
:107F3000E39C09FC2254B25092540259F249624A1D
:107F4000D24A424BB24B224C45616FF03FEC0345A5
:107F50000BCB01469305F00F11850D892301040019
:107F6000EFE0EFE683450BCB1306F00F0545918557
:107F70008D899790F91FE780E04B83473400858B0C
:107F800099CFA3010400EFE0BFD183C7C4008545AA
:107F900003C5040193E707082386F4001DBFEFE043
:107FA0003FD08327C9CAD847B3764701D4C70F103B
:107FB00000008327C9CA23A477012302840123A2D6
:107FC0005707D8C78327C9CAFC53B1DF0100DDBFFB
:107FD000B250225492540259F249624AD24A424B58
:107FE000B24B224C45618280411122C406C693F7F0
:107FF00015002E84A9C7B7270020938707CD03C794
:10800000C700098B1DC703C7C70003C507011306B7
:10801000000593178701E18763DA0700B72700207F
:1080200003C697CC9307000A3306F6029145EF800A
:10803000EE9113451400B24022444101828093F72F
:108040002500A1C7B7270020938707CD03C7C70026
:10805000118B0DCB03C7C70003C507011306000A28
:1080600093178701E18763DC0700B727002003C669
:1080700097CC9307000A3306F60213068602A14541
:10808000EF80CE8C134524007DB793F7450091C750
:10809000EFF0FFDF1345440079BF93F7850091CFE0
:1080A000B7270020938707CD83C7C700918B99C35B
:1080B000EFF0DFD513458400BDBF93F705010145FF
:1080C000BDDBEF807E98B7270020938747C883C722
:1080D00077002147631BF700B727002003C507CEB1
:1080E00013060064C145EF806E8613450401A1B7F5
:1080F000011126CAB7240020938444C883C72400F2
:108100004AC806CE3729002022CC4EC652C4858BE1
:10811000130909CD638B0718B729002003C509CBC4
:1081200001469305000211850D8923810400EFE0CB
:108130000FCA83C509CB1306F00F054591858D89BC
:108140009790F91FE780002F83C73400858B638EDB
:108150000714C850A381040081460146814523814C
:1081600004009790F91FE780A0232A8A631F051255
:10817000C0509547034724006319F712B725002024
:1081800019469385859A130594009780F91FE78017
:1081900060168547631BF5109C501947814598C3AD
:1081A00003C509CB11850D89EFE0EFB783C509CB76
:1081B00001460D4591858D899790F91FE7808027AD
:1081C00083C72400858BF5C3B727002083A7479872
:1081D0002381040082972324A900EFF0BFB88347CE
:1081E0003401138709CBA3000700A30CF7008347D2
:1081F0004401A30609000146230DF70083475401FB
:10820000938909CB93050002A30DF700834604016F
:108210008347F400A206DD8E83471401C207DD8E7A
:1082200083472401E207D58F1CC783467401834727
:108230006401A206DD8E83478401C207DD8E834779
:108240009401A3080900E207D58F5CCB0147B3D6A0
:10825000E700858A89C6050A137AFA0F05460507DD
:10826000E317B7FE19C2A30849018347A4013725C4
:10827000002093053400238CF90019468947130523
:10828000C5CE2306F9009780F91FE78060F96244A4
:1082900003450901F240D2444249B249224A130639
:1082A0008002914505616F707EEAEFE08FC0F24079
:1082B0006244FD572306F900D2444249B249224A9A
:1082C00005618280B7270020938607CD03C7C600CB
:1082D000938707CD1377F70F45EF83C6C600372680
:1082E0000020130706CB93F6F60FD1EA834606CBA0
:1082F00093F60604C9C6B7B7240048C39387F7E9C5
:1083000063E3A70293075002A300F700B7270020FA
:10831000938747C883C777000D4789456303F700F4
:1083200085456FE0DF8BB70725009386F74863ED3F
:10833000A600B767DBFF93870793AA979306007D94
:10834000B3D7D702FD17C9B7938707496315F5005F
:108350009307600255BFB7D725009387F77763ED82
:10836000A700B767DBFF93870793AA979306007D63
:10837000B3D7D702F91749BF9307700271B7937645
:10838000F50FA300D700A387D7008145368551BFDD
:108390008280411106C622C4EFE0CFF537240020C9
:1083A000130504CD1306400281459780F91FE7802D
:1083B00040EE37850600FD57130585FE2328F4CCD3
:1083C000EF802EBC130404CD2308A400B240224445
:1083D000014541018280B727002083A707D01307FA
:1083E0000048B70600F998D7D85FFD16758FB70615
:1083F0000002558FD8DFD85FB70600400E070D8307
:10840000558FD8DFF84BC576FD16419B1367970053
:10841000F8CBD85F758F9566558FD8DF985B9D66D2
:108420001367077098DB985B558F98DB985BB706EE
:108430000700558F98DB985BB7060090FD16758F87
:10844000B7060010558F98DBF847B706F9FFFD1601
:10845000619BF8C7F84F758FF8CFF84FB70690FFBC
:10846000FD16758FF8CF8280828037270020832702
:1084700007D041767D16B44BF18EB4CB94473706C6
:108480002000D18E94C7D44793E60601D4C7D447C1
:10849000BD9AD4C70100010001000100832607D066
:1084A0000566DC4693E70701DCC6DC42D18FDCC2FF
:1084B000B727002003A6C7CA930740067CD27C5288
:1084C00091C783A7C609A183858BF5DB0100010055
:1084D00001000100832707D0416603A7C709B44BF9
:1084E000D18EB4CB9376F701B84B019B558FB8CBA7
:1084F0009847B706E0FFFD16758F98C78280B727AB
:10850000002083A707D041777D17B44F4166F98ECD
:10851000B4CF9447D18E94C7D44793F6F6EFD4C71F
:10852000D443758FD8C3D44793E60610D4C7D84335
:10853000518FD8C38280AA8735C983460500194761
:1085400005456396E60603C6170083C6270083C564
:10855000370037270020230EC78837270020A30EB7
:10856000D788372700202302B7D083C54700372795
:108570000020230AB7CE83C5570037270020A30267
:10858000B7D003C76700B7270020238EE7CE372771
:10859000002011CA89CAB757341293878767232CE2
:1085A000F7CE01458280232C07CEE5BF05458280AA
:1085B00031C999472300F500B727002083C7C78931
:1085C000A300F500B727002083C7D7892301F50052
:1085D000B727002083C747D0A301F500B7270020A5
:1085E00083C747CF2302F500B727002083C757D0A2
:1085F000A302F500B727002083C7C7CF2303F500E8
:1086000001458280054582805D71A2C43724002027
:10861000832704D0A6C24EDE86C6CAC052DC56DA14
:108620005AD85ED662D466D26AD06ECED843FD7672
:10863000FD161377F7EFD8C39857B7250020938519
:10864000D589758F98D7D857B7060200B724002070
:108650003D9BD8D798479384C489B7290020558F6C
:1086600098C7D843B726002013670701D8C303A6CD
:1086700086CF37573412130787672EC6E304E64CBC
:10868000D84301791309F90F799BD8C3985FB16674
:10869000938606F033772701558F98DFD843136709
:1086A0001700D8C39790F91FE7804001832704D0B3
:1086B000B24603A707091377F7032380E40003A753
:1086C000470929831377F7072380E600D843B96663
:1086D00093860670799BD8C3985F33772701558FAF
:1086E00098DFD84313671700D8C39790F91FE78026
:1086F000E0FC832704D0B726002003A707091377DF
:10870000F703A382E6D003A74709B72600202983F1
:108710001377F707238EE6CED843B56693860630E7
:10872000799BD8C3985F33772701558F98DFD8435B
:1087300013671700D8C39790F91FE78020F8032725
:1087400004D08327070993F7F7032382F9D08327FF
:10875000470937270020A98393F7F707230AF7CEA5
:1087600083C749D083C604007D7E3EC42247832749
:1087700004D0130EFE0F998E03A7070A13F6F60016
:1087800013054002419B518F23A0E70A13076002A3
:108790003387E6021306700283A5070A45737D132B
:1087A00093F5F5F013043002B708F1FFFD18130834
:1087B00020023347C702930E10027D4FF94FF54256
:1087C000F1436D4D514CC944C54B3D49B949B14A7E
:1087D0002D4B354A3D8B12074D8F9305500223A038
:1087E000E70A3387B60283A5070AB3F5C501334705
:1087F000C7023D8B22074D8F23A0E70A3387A602CD
:1088000083A5070A370500F17D15B3F565003347E9
:10881000C7023D8B32074D8F23A0E70A33878602BC
:1088200083A5070A6144B3F515013347C7023D8BA1
:1088300042074D8F23A0E70A3387060383A5070A63
:10884000370810FF7D18B3F505013347C7023D8B8C
:1088500052074D8F23A0E70A3387D60383A5070A63
:10886000B70E0010FD1EE98D3347C7023D8B62072E
:108870004D8F23A0E70A139756003347C70293157D
:10888000C70103A7070A3377D7014D8F23A0E70A53
:108890003387E6035D4F3347C7029375F70003A79D
:1088A000470A419B4D8F23A2E70A3387F60383A52E
:1088B000470AD94F93F5F5F03347C7023D8B1207AE
:1088C0004D8F23A2E70A3387560283A5470AD54274
:1088D000B3F5C5013347C7023D8B22074D8F23A255
:1088E000E70A3387760283A5470ACD43B3F56500CF
:1088F0003347C7023D8B32074D8F23A2E70A3387E8
:10890000A60383A5470A294DB3F515013347C702CE
:108910003D8B42074D8F23A2E70A69473387E60262
:1089200083A5470AB3F505013347C7023D8B5207BC
:108930004D8FE54523A2E70A3387B60283A5470A90
:10894000E98D3347C7023D8B62074D8F23A2E70AAB
:10895000338786020D443347C7029315C70103A727
:10896000470A3377D7014D8FB385E60323A2E70A81
:1089700003A7870A254F419BB3C5C502BD894D8F0B
:1089800023A4E70A3387F60383A5870A9D4F93F54F
:10899000F5F03347C7023D8B12074D8F23A4E70A3A
:1089A0003387560283A5870A9942B3F5C501334739
:1089B000C7023D8B22074D8F23A4E70A3387860326
:1089C00083A5870AB3F565003347C7023D8B32079D
:1089D0004D8F23A4E70A3387760283A5870A954340
:1089E000B3F515013347C7023D8B42074D8F23A4D2
:1089F000E70A3387960283A5870AB3F50501334753
:108A0000C7023D8B52074D8F23A4E70A33877603B5
:108A100083A5870AE98D3347C7023D8B62074D8FD7
:108A200093954600B3C5C50223A4E70A03A7870AA6
:108A30003377D701F2054D8FB385260323A4E70AC8
:108A400003A7C70A419BB3C5C502BD894D8F23A6A5
:108A5000E70A3387360383A5C70A93F5F5F0334752
:108A6000C7023D8B12074D8FB3C5860223A6E70AC6
:108A700003A7C70A3377C701BD89A2054D8F23A677
:108A8000E70A3387560383A5C70AB3F56500334762
:108A9000C7023D8B32074D8F23A6E70A3387660353
:108AA00083A5C70AB3F515013347C7023D8B4207BB
:108AB0004D8F23A6E70A3387A60383A5C70AB3F51C
:108AC00005013347C7023D8B52074D8F23A6E70AA6
:108AD0003387E60383A5C70AE98D3347C7023D8B79
:108AE00062074D8F93953600B3C5C50223A6E70AEA
:108AF00003A7C70A3377D701F2054D8FB385F60375
:108B000023A6E70A03A7070B419BB3C5C502BD898E
:108B10004D8F23A8E70A3387560283A5070B93F5E9
:108B2000F5F03347C7023D8B12074D8F23A8E70AA4
:108B30003387760283A5070BB3F5C5013347C70218
:108B40003D8B22074D8F23A8E70A13972600334752
:108B5000C70283A5070BB3F565003D8B32074D8F28
:108B6000B3C5460323A8E70A03A7070B337717010A
:108B7000BD89C2054D8F23A8E70A13971600334716
:108B8000C70283A5070BB3F505013D8B52074D8F37
:108B9000B3C5C60223A8E70A03A7070B698FBD89DF
:108BA000E2054D8F23A8E70A03A7070B9305800270
:108BB0003377D70123A8E70A37270020A24C0347C1
:108BC00057D03387EC40B34DB70283AC470B93FCCF
:108BD0000CFF334C870393FDFD00B3ECBC0123AACB
:108BE000970B83AC470BF14D93FCFCF0137CFC001E
:108BF000120C33EC8C0123AA870B330C870283AC55
:108C0000470BB3FCCC01334CBC02137CFC00220CA0
:108C100033EC8C01B34CA70323AA870B03AC470B9F
:108C2000337C6C0093FCFC00B20C336C9C0123AAD7
:108C3000870B214C334C870383AC470BB3FC1C01DF
:108C4000137CFC00420C33EC8C0123AA870B330C01
:108C5000570283AC470BB3FC0C01334CBC02137CB2
:108C6000FC00520C33EC8C0123AA870B330CF70366
:108C700083AC470BB3FCAC00334CBC02137CFC0050
:108C8000620C33EC8C01B34C770223AA870B03AC44
:108C9000470B337CDC01F20C336C9C01B30CE70313
:108CA00023AA870B03AC870B137C0CFFB3CCBC024D
:108CB000330B670393FCFC00336C9C0123AC870BE4
:108CC000114C83AC870B93FCFCF0334C8703B30A45
:108CD0005703137CFC00120C33EC8C0123AC870B84
:108CE00003AC870BF54C337CCC01334BBB02330A0E
:108CF0004703137BFB00220B336B6C0123AC670B28
:108D000003AB870B4D4C337B6B00B3CABA02B3097C
:108D1000370393FAFA00B20AB36A5B0123AC570B2C
:108D200083AA870B594BB3FA1A01334ABA023309A3
:108D30002703137AFA00420A33EA4A0123AC470BAD
:108D400003AA870BDD4A337A0A01B3C9B902334952
:108D5000B90293F9F900D209B3693A0123AC370B90
:108D600083A9870B614AB3F9A900B30B7703137981
:108D7000F900620933E929019319470023AC270B55
:108D800003A9870B3379D901B3C9B902B304970298
:108D9000F2093369390123AC270B03A9C70BE54955
:108DA000137909FFB3CBBB02B3C4B40293FBFB003E
:108DB000B36B790123AE770B03A9C70BD54B13799E
:108DC000F9F0BD889204B364990023AE970AB30406
:108DD000870303A9C70B794C3379C901B3C4B40223
:108DE000BD88A204B364990023AE970A8944B344B2
:108DF000970203A9C70B33796900BD88B204B36435
:108E0000990023AE970AB304770303A9C70BFD4B60
:108E100033791901B3C4B402BD88C204B3649900A4
:108E200023AE970AB304670303A9C70B130B100201
:108E300033790901B3C4B402BD88D204B364990084
:108E400023AE970AB304570303A9C70B930A200262
:108E50003379A900B3C4B402BD88E204B3649900B5
:108E600023AE970AB304470303A9C70B130A3002C2
:108E70003379D901B3C4B402F204B364990023AEC8
:108E8000970AB304370303A9070C93094002137927
:108E900009FFB3C4B402BD88B3649900694923A033
:108EA000970CB304270303A9070C1379F9F0B3C493
:108EB000B402BD889204B364990023A0970CED44DA
:108EC000B304970203A9070C3379C901B3C4B402F0
:108ED000BD88A204B364990023A0970CB304B70320
:108EE00003A9070C33796900B3C4B402BD88B20486
:108EF000B364990023A0970CB304970303A9070C4C
:108F000033791901B3C4B402BD88C204B3649900B3
:108F100023A0970CB304870303A9070C3379090135
:108F2000B3C4B402BD88D204B364990023A0970CE3
:108F3000B304770303A9070C3379A900B3C4B402BF
:108F4000BD88E204B364990023A0970C93145700E2
:108F5000B3C4B4021399C40183A4070C3306C70237
:108F6000B3F4D401B3E4240123A0970C03A9470C64
:108F7000137909FFB3046703B3C4B402BD88B364B3
:108F8000990023A2970CB304570303A9470C137944
:108F9000F9F0B3C4B402BD889204B364990023A26B
:108FA000970CB304470303A9470C3379C901B3C431
:108FB000B402BD88A204B364990023A2970CB30441
:108FC000370303A9470C33796900B3C4B402BD88E1
:108FD000B204B36499001309500223A2970CB3049E
:108FE000270303A9470C33791901B3C4B402BD8820
:108FF000C204B364990023A2970C93046002B304E3
:10900000970203A9470C33790901B3C4B40233466C
:10901000B602BD88D204B364990023A2970C83A43E
:10902000470CE98C3D8A6206458E23A2C70C03A635
:10903000470C9314C7013376D601458E23A2C70C83
:10904000130690023306C70283A4870CC1983346E7
:10905000B6023D8A458E23A4C70C1306A002330630
:10906000C702B345B60203A6870C1376F6F0BD8996
:109070009205D18D23A4B70C37260020834546CF17
:10908000372600200346C6CF03A9870C3386C54088
:10909000B304A6033379C901B3C4E40293E48400A2
:1090A000BD88A204B364990023A4970CB304E6031B
:1090B00003A9870C33796900B3C4E40293E4840004
:1090C000BD88B204B364990023A4970C93143600AE
:1090D000B3C4E40203A9870C3379190193E4840033
:1090E000BD88C204B364990023A4970CB304F603AB
:1090F00003A9870C33790901B3C4E40293E4840023
:10910000BD88D204B364990023A4970CB30456021B
:1091100003A9870C3379A900B3C4E40293E4840063
:10912000BD88E204B364990023A4970CB3047602CB
:1091300003A9870C3379D901B3C4E40293E4840012
:10914000F204B364990023A4970C93142600B3C4CB
:10915000E40203A9C70C137909FF93E48400BD88D6
:10916000B364990023A6970CB304860203A9C70C25
:109170001379F9F0B3C4E40293E48400BD88920447
:10918000B364990023A6970C93141600B3C4E402A9
:1091900003A9C70C3379C9013347E60293E484007D
:1091A000BD88A204B364990023A6970C03A6C70C3C
:1091B00033766600136787003D8B3207518F23A6F5
:1091C000E70C03A7C70C3377170123A6E70C324738
:1091D000034707000D8F3346D70293F5F507E205E5
:1091E0003D8A9314460103A6C70C330487023376E5
:1091F0000601458E23A6C70C1316170083A4C70CBF
:10920000E98C3346D6023D8A6206458E23A6C70CFA
:1092100003A6C70C3344D402B37ED601131627002D
:10922000B3037702720433E48E0023A6870C33461F
:10923000D602B3025702937EF60003A6070D419AA9
:109240003366D60123A8C70C03A6070DB3C3D30208
:109250001376F6F0B3C2D20293F3F3009203B36332
:10926000760023A8770C03A6070D337EC601B30F43
:10927000F70393F2F200A202B3625E0023A8570C38
:1092800003A6070D3373660013163700B3CFDF0252
:10929000330FE70393FFFF00B20FB36FF30123A86F
:1092A000F70D03A3070DB37813013346D602330D30
:1092B000A7033D8A420633E6C80023A8C70C03A6CD
:1092C000070D33780601334FDF02B346DD02137F0B
:1092D000FF00520F336FE80123A8E70D03A7070D26
:1092E000798DBD8AE206C98E23A8D70CD84385663E
:1092F0003D9BD8C3D843799BD8C39857558F98D7EF
:10930000D85713670701D8D722479376F703985F9A
:10931000137707FC558F98DF985FB7060081FD161D
:10932000758FD98D8CDFB640264496440649F25994
:10933000625AD25A425BB25B225C925C025DF24D91
:109340006161828023AC06CE6FF08FC1B727002009
:1093500003A707D05C4393E707105CC382804111E9
:1093600006C6EF00407A93056040EF10B060B2404F
:109370000145410182806F00C07E19C591C509C6B3
:109380008357060001459DE301110565C947130692
:10939000F100130555C3854506CEA307F100EF1074
:1093A000305DF2400345F100056182808280011149
:1093B0001305910006CEEF00407D2304A100056552
:1093C000300025059D45EF10B05AF240034581005D
:1093D0000561828001119305F10006CE22CC2A841A
:1093E000EF00E07C2306A1000565A3068100700064
:1093F000218013055540914523078100EF105057F8
:10940000F24062440345C1000561828001111305E9
:10941000D10006CEEF00C07B2306A10009657000D5
:1094200009059145EF10D054F2400345C100056194
:109430008280011106CEEF00007CA307A100096520
:109440001306F10015058545EF109052F2400345D3
:10945000F10005618280011106CEEF00D004A30760
:10946000A10009651306F10029058545EF1050504C
:10947000F2400345F10005618280011106CEEF0044
:10948000F05BA307A10009651306F10041058545BE
:10949000EF10104EF2400345F1000561828001118A
:1094A00006CEEF00B032A307A10009651306F10054
:1094B00045058545EF10D04BF2400345F1000561AD
:1094C0008280411106C622C4EF00B0388965CD05FF
:1094D0002A84EF10304A2285B24022444101828022
:1094E000011106CEEF00105BA307A100096513066A
:1094F000F10051058545EF10B047F2400345F100FA
:109500000561828001111305510006CEEF00305F26
:109510002302A100096550006105A545EF105045E3
:10952000F240014505618280411106C6EF0090605E
:109530008965E505EF101044B24001454101828084
:10954000011106CE22CC2A84EF00F0732306A1007D
:109550000965A30681007000218069058D452307F8
:109560008100EF10F040F2406244014505618280C5
:10957000011106CE22CC2A84EF10A0032306A100FD
:109580000965A3068100700021806D058D452307C4
:109590008100EF10F03DF240624401450561828098
:1095A000011106CE22CC2A84EF00C07F2306A10041
:1095B0000965A306810070002180130505028D4511
:1095C00023078100EF10D03AF24062440145056163
:1095D0008280011106CE22CC2A84EF00901123064E
:1095E000A1000965A3068100700021801305150202
:1095F0008D4523078100EF10B037F24062440145EA
:1096000005618280011106CE22CC2A84EF007012FF
:109610002306A1000965A3068100700021801305BF
:1096200025028D4523078100EF109034F2406244FB
:10963000014505618280011106CEEF00907CA307F1
:10964000A10009651306F100130575028545EF10A9
:109650003032F2400345F10005618280011106CEEF
:10966000EF10C004A307A10009651306F10013055C
:1096700095028545EF10D02FF2400345F1000561BA
:109680008280011106CEEF100007A307A100096533
:109690001306F1001305D5028545EF10702DF24039
:1096A0000345F10005618280011106CEEF10000A2A
:1096B000A307A10009651306F1001305E50285451E
:1096C000EF10102BF2400345F1000561828001117B
:1096D00006CEEF10400CA307A10009651306F100A8
:1096E000130515038545EF10B028F2400345F1003E
:1096F00005618280411106C622C4EF10C00D896544
:10970000938525032A84EF10F0262285B240224457
:109710004101828039711303D1021ACE03438105BE
:1097200006DE1ACC034341051ACA034301051AC8D1
:109730000343C1041AC6034381041AC4030341044A
:109740001AC2034301041AC0EF1060102306A102DD
:1097500009657010130565038945EF107021F250FB
:109760000345C10221618280011106CEEF10003B4A
:10977000A307A10009651306F100130575038545CC
:10978000EF10101FF2400345F100056182800111C6
:1097900006CEEF104051A307A10009651306F100A2
:1097A000130585038545EF10B01CF2400345F10019
:1097B00005618280011106CEEF10A06AA307A10007
:1097C00009651306F100130595038545EF10501A3E
:1097D000F2400345F100056182803727002093079E
:1097E00087B483D7A700130787B489E79307F01FCF
:1097F0002315F7008357A7002146014593F607106C
:109800008607C207B3D6C640C183558D93D557404E
:1098100093D69740AD8E858A7D161375F50FD58F3B
:1098200071FE2315F700828037270020930787B445
:1098300083D7C700130787B491E7E17793C7F7FF92
:109840002316F7008357C7003946014591689945AB
:10985000B3F617018607C207B3D6C640C183558D3C
:1098600093D6E74013D8F700858AB3C606017D1664
:109870001375F50FD58FE31DB6FC2316F700828014
:10988000011126CA4AC84EC656C2B727002006CEC6
:1098900022CC52C45AC0AE893289B68A83A447CA40
:1098A00035C9AD472A8463EEA7021304F5FF13748C
:1098B000F40F631D0906268A338B990063124B0748
:1098C0001379F9009386FAFF228523802401A3806F
:1098D000340193F6F60F4E868545EFC05FF20145E1
:1098E00005A0B147630BF5029307600263E5A7008B
:1098F0001304E5FF6DBF930770024945E30BF4FACB
:10990000F2406244D2444249B249224A924A024B4E
:10991000056182801304500269BF1304600251BFC5
:10992000EFF0BFEB2301AA00050A49BF8547631C7E
:10993000F9004E869305000F138524009770F91FD8
:10994000E7802095B5BF89476316F9004E869305D9
:10995000A00ADDB78D47631DF900268A338B990075
:10996000E3004BF7EFF05FEC2301AA00050ACDBF3F
:1099700091476316F9004E869305F00F75BF954722
:109980006315F9004E86814545BF99476315F90077
:109990004E86BD4555B79D474945E313F9F64E86BA
:1099A0009305500551BF9307F00363E0A70AB7275B
:1099B00000202382A79AB727002003A607C8B7066E
:1099C0000082FD165C561377F50393159701F58F0A
:1099D000CD8F5CD69306A003B727002083A707D0BE
:1099E00063F7A602F44F37060007D18EF4CF944BED
:1099F00001451396E600635B060493168700984BB7
:109A000071761306F60F718F558F98CB82801318DD
:109A10008501930620021358884163FAA600F44F8B
:109A2000370600F97D16F18E370600057DBFB706B3
:109A300000F91386F6FFF44FE945F18E370600036F
:109A4000E3C505FB370600014DB74945828041114A
:109A500022C42A84354506C6EFC01FCE59CCAD4777
:109A600063EB87067D141374F40FB727002083A7D8
:109A700007D0B70600C1FD16984B1374F4036204B7
:109A8000758F598C80CB372700200347479A717612
:109A90001306F60F1377F70393168700984B0145CB
:109AA000718F558F98CBF84FB706F9FFFD161367E6
:109AB0004700F8CF984B758FB7060200558F98CBAB
:109AC0009386864F94C7B7270020938747C83147AE
:109AD000A383E70039A8B1476304F4029307600247
:109AE00063E48700791441B7930770024945E30E98
:109AF000F4F6B24022444101828013045002B5B70B
:109B0000130460029DB7011106CE9317450163D47B
:109B10000702EF70EFA8894719C98346050011476E
:109B2000B1476396E60095472300F500C947F24028
:109B30003E85056182802EC6EF805FB2C94765D938
:109B40000347A500418B65D7B2458347B500230A7B
:109B5000B50491E7E9472308F5008147C9BFED4700
:109B6000DDBF011106CE22CC2EC6EF803FAF01CD66
:109B7000B2452A84EF705FD0A305A4020145F240EC
:109B80006244056182804945DDBFB7270020938785
:109B900087B40147994683C5070E3306E5000507DC
:109BA0002300B6008507E318D7FE01458280011126
:109BB00006CE2EC6EF809FAA11C983074503B24582
:109BC00001452380F500F240056182800945E5BF2B
:109BD000B72700209387079903D707012300E500E3
:109BE00003D707012183A300E50083C7F700230102
:109BF000F5000145828019E149458280B7270020A0
:109C0000138787B47847411122C406C62A849387F4
:109C100087B409C703478700314531EFF85B09C7AF
:109C200003477700314521EB03A7870809C703479E
:109C30007700314529E33725002005471946A285DD
:109C40001305E5C22381E7009760F91FE780405DB7
:109C5000834754001307000C93F7070C6391E70246
:109C6000372500201946A285130545C39760F91FC3
:109C7000E780005B0145B24022444101828081EBD4
:109C8000372500201946A2851305A5C3C5B71307BC
:109C900000044945E391E7FE372500201946A285D7
:109CA000130505C4E1B7411126C2B72400209387EC
:109CB00084B422C4E04706C6938484B411C43C48EB
:109CC00013974700634C070CFC4C99E74945B24099
:109CD000224492444101828009ED1305000FEF6098
:109CE0008FD96DD583478500F5D3EF60AFF9014576
:109CF000F9BF0547E31CE5FC15EC014582972A8472
:109D000045C1856793870780231EF5009307007080
:109D10002315F500B72500208D47230AF500A30879
:109D200005021946938585C2130525039760F91F1F
:109D3000E780004F034784008547E309F7F883472E
:109D4000A400B98B95C30347A40085476318F702A5
:109D50008947231EF400224403A30406B240924420
:109D60001305000F41010283EF706FD6B727002063
:109D700083C7579A8D8BE318F5FC89BF8357C401BD
:109D800011676375F700231EE400F1B79306000224
:109D90003E87E3FAD7FE13070002F5B7314505BF4A
:109DA0001D4535B7011126CA4AC84EC652C456C20F
:109DB0005AC02E89368BBA89BE8A06CE22CCB2848E
:109DC000428AEF80BF891307A9FF42078567418355
:109DD0009386A7C763EDE610938707C82A84494591
:109DE00063E7970A63E5240B1307301F6361670B72
:109DF00063EF370993071B00B38797021397390066
:109E000063D7E70849C48347140113F747003DC7E8
:109E1000ED9BA308F4008347B400231A2407231BF7
:109E20009406D5EF03578406C167FD17630BF70649
:109E3000631999068357A403231BE404231CF40429
:109E4000B727002083D707BF8D46114763E5F6008B
:109E5000850713F7F70FA30AE4042285EF700FC9F3
:109E600083570404A907231FF4048327440A93E7B4
:109E700017002322F40AC547A30EF400231C54073D
:109E8000231D4407231D6405231E34050145F240AC
:109E90006244D2444249B249224A924A024B056185
:109EA00082808357440691CFB3D4F4024A87B387A4
:109EB0009702C207C1836373F9003E87231CE40441
:109EC00041B7B305990085814A85EF60BEB3231C75
:109ED000A404930584052685EF407FC295B78327A8
:109EE000840A93E707022324F40AC14771B749455E
:109EF00079BF01112EC606CEEF804FF6B24509E5B7
:109F00004945F2400561828083471501A305B502EA
:109F100013F7470075D7ED9BA308F500BD4723064F
:109F2000F5028327850A93E727002324F50A0145D4
:109F3000C9BF011106CE2EC632C4EF802FF203270F
:109F400085101377070249C3B2459306000EAA870E
:109F5000138755FE42074183494563E4E6062246DE
:109F6000116713078714930686EBC206C182636AE2
:109F7000D70403D7071901456305B7043727002025
:109F8000930687B483D6A602A38EB706239FC7067F
:109F900093F5F50F130787B463F3D500AE86035727
:109FA000C7022390D7186373E60032872391E7181E
:109FB00003A7470A856693860680558F23A2E70A82
:109FC0000145F240056182804545E5BFB727002085
:109FD000138787B47847938787B401CB834687007C
:109FE00089C683469700494785EEF85B09CB8346CF
:109FF000770091C68346C7004947858A95E203A743
:10A00000870801CB8346770089C68346D700494736
:10A0100081EA03C7470B83C7570B6365F7001D47EA
:10A020003A8582800111A304A10019461305A100FD
:10A0300006CE9760F91FE780A01E2800EFB05FCA28
:10A0400085471D476313F5000147F2403A850561D6
:10A050008280797126D24AD04ECE06D622D42E895D
:10A06000B28936C63AC43EC242C0EF802FDFC9442F
:10A0700055C99305A9FFC20505662A84C181130548
:10A08000A6C7C9446360B50A130606C8636C3609DF
:10A0900063EA2909B2469305301F63E5D5082247D4
:10A0A0006362E6081386160033062603931537000D
:10A0B000635AB60603461401B144058A25E6032611
:10A0C000440A1376162039EE92470248231EE40410
:10A0D0000347B400231CF406231A2407231B340768
:10A0E000231D0407231DD4048347D401814459EF61
:10A0F00095EB83270410898B95CF31469305F00F9C
:10A10000130584069760F91FE780A0188327440A87
:10A110002314040693E707202322F40AC947A30E59
:10A12000F4008144B2502254268502599254F249D7
:10A130004561828063093905B385290185814A8596
:10A14000EF605E8C231CA404930584054E85EF40CC
:10A150001F9BB727002083D707BF8D46114763E5B4
:10A16000F600850713F7F70FA30AE4042285EF70C2
:10A17000EF9783570404A907231FF4048327440A95
:10A1800093E7170051BF231C2405E1B7C1FF8327C4
:10A190008410898B95C731469305F00F130584060B
:10A1A0009760F91FE780E00E8327440A2314040612
:10A1B00093E707202322F40ACD47A30EF4009DB7AE
:10A1C000E9448DB737270020930787B4FC4713076E
:10A1D00087B481CB83C6870089C683C69700C947E9
:10A1E000A1EE7C5B89CB83C6770091C683C6C7008E
:10A1F000C947858AB1E28327870881CB03C77700E7
:10A2000009C703C7D700C94705EB0111A304A10083
:10A2100019461305A10006CE9760F91FE78040009C
:10A220002800EFB07FB70547B1476313E5008147CA
:10A23000F2403E85056182803E858280B7270020FE
:10A24000138787B47847938787B401CB8346870009
:10A2500089C60347970049450DEFF85B09CB834654
:10A26000770091C60347C7004945058B1DE383A7C7
:10A27000870881CB03C7770009C783C7D700494543
:10A2800089EB411106C6EFB01FBAB240014541014A
:10A29000828082803DC1411122C426C206C6B727F2
:10A2A000002083A487BD834745002A84FD8B2302B9
:10A2B000F5008DE037250020A285130565C41546FD
:10A2C0009760F91FE780C0F5B240224492440145EF
:10A2D0004101828083C7B40099EF83A7440A1546E1
:10A2E000A28593E7270023A2F40A138584129760BE
:10A2F000F91FE780E0F284406DBF4945828041113B
:10A3000022C426C24AC006C62A890144A144930534
:10A31000F00F0545EF60CEECB30789002380A7005E
:10A320000504E31694FEB2402244924402490145DA
:10A3300041018280011122CC4AC806CE26CA2EC60F
:10A3400032893684EF808FB1630D05128347B500E3
:10A35000AA84B2450945DDEB214613857415976043
:10A36000F91FE780E0EBA38F2415135989002380A0
:10A3700024178347E4000346D4008345F400834652
:10A38000C400A207420603C5C404B297AE97E20612
:10A3900003A7440AB69749C123A6F40A8347A40039
:10A3A0008346940013670702A207C206B697834646
:10A3B000B400B69783468400E206B69723A8F40A51
:10A3C0008347640083465400A207C206B6978346BB
:10A3D0007400B69783464400E206B69723AAF40AAF
:10A3E0008347240083461400A207C206B69783461B
:10A3F0003400B69783460400E206B69723ACF40A0D
:10A400008547A386F40423A2E40A0145F24062448E
:10A41000D24442490561828023A6F40C8347A400FC
:10A420008346940013678700A207C206B697834647
:10A43000B400B69783468400E206B69723A8F40CCE
:10A440008347640083465400A207C206B69783463A
:10A450007400B69783464400E206B69723AAF40C2C
:10A460008347240083461400A207C206B69783469A
:10A470003400B69783460400E206B69723ACF40C8A
:10A4800059B7094561B7011106CE2EC6EF800F9D61
:10A49000630F05108346B5000547AA87B2450545F9
:10A4A0006391E60A83C60701130740020145639AD8
:10A4B000E60803C7E50083C6D5002207C206369723
:10A4C00083C6F500369783C6C500E206369783C675
:10A4D000D704BDCA23A6E70A03C7A50083C6950013
:10A4E0002207C206369783C6B500369783C6850015
:10A4F000E206369723A8E70A03C7650083C655001E
:10A500002207C206369783C67500369783C6450074
:10A51000E206369723AAE70A03C7250083C615007B
:10A520002207C206369783C63500369783C60500D4
:10A53000E206369723ACE70A1307A0022388E70058
:10A540000145F2400561828023A6E70C03C7A50000
:10A5500083C695002207C206369783C6B500369794
:10A5600083C68500E206369723A8E70C03C765007B
:10A5700083C655002207C206369783C675003697F4
:10A5800083C64500E206369723AAE70C03C72500D9
:10A5900083C615002207C206369783C63500369754
:10A5A00083C60500E206369723ACE70C71B7054574
:10A5B00049BF411106C6EF806F8A31C18346B5009D
:10A5C0000547AA8709456399E60283C60701130771
:10A5D00040026393E6020D472386E7021947A385ED
:10A5E000E702130750022388E70003C7A7020145CB
:10A5F000136717002385E702B240410182800945B5
:10A60000E5BFB72700202A87138587B403481500C4
:10A61000938787B463080802684511C5034885001D
:10A62000314563140808E85B11C5034875003145DE
:10A63000631D080603A5870811C503487500314549
:10A640006315080683C8C70B03C8D70B1D4563FEF7
:10A65000080583A7070D494593F70704B9C75D713E
:10A66000A6C22800B284194686C6A2C4A303E1008C
:10A6700036849760F91FE780A0BAA6851305E1022A
:10A6800041469760F91FE780A0B9A2851305E10153
:10A6900041469760F91FE780A0B84800EFA0EFBEE1
:10A6A000B64026449644616182808280B7270020AC
:10A6B000138787B48346170095C67847938787B476
:10A6C00009C703478700494515E7F85B09C70347F2
:10A6D0007700494505E383A7870889C783C77700C3
:10A6E000494589EB411106C6EFA08FCFB240014525
:10A6F000410182808280B7270020138787B4834678
:10A700001700938787B485C6784709C783468700B3
:10A71000494785EAF85B09C783467700494795E2D0
:10A7200003A7870809C783467700494799EAA380AA
:10A73000A70003A7870D01C91367076023ACE70CC7
:10A7400001473A8582801377F79FCDBF13070064D6
:10A750003305E502B72700204111938687B422C450
:10A7600003A4060C26C24AC006C6938487B4C8DA7E
:10A770001309F00F01E8B240224492440249014516
:10A78000410182800345040063052501CC58EF5048
:10A790005E86405CC5B7B7270020138787B4A30C3B
:10A7A000A70213771500938787B411EB03C7C7037C
:10A7B0006D8F6304B70049458280238DE7021377CC
:10A7C0002500014501EB03C7D703718FE315C7FED1
:10A7D000A38DC7028280011106CE2EC632C436C2B6
:10A7E0003AC0EF70BFE735C1B2450247924693F7D2
:10A7F000150099EB22468D4763F6C7004545F240A8
:10A80000056182802302C514898991E58D47E3E7BC
:10A81000D7FEA302D51401CFB727002083D7A7B84E
:10A820007D8F0D8B8547631FF7002314E514854743
:10A83000230FF5008327450A0567D98F2322F50AE0
:10A84000014575BF23140514DDB749454DBF5D7142
:10A850004EDEB7290020138389B40323C304CAC082
:10A8600062D486C6A2C4A6C252DC56DA5AD85ED6D4
:10A8700066D26AD06ECE030C4105834E8105034932
:10A880000106938989B463090300032E030531434C
:10A8900013145E00634D04000D4E49436369FE00CE
:10A8A00093FC050163850C02054E6387CE07B64015
:10A8B000264496440649F259625AD25A425BB25B28
:10A8C000225C925C025DF24D1A856161828013FF09
:10A8D00035004943E30DCFFD13FF8500E3190FFC5D
:10A8E0006393CE0303CEC9033143137E4E00E300CE
:10A8F0000EFC6303D90309436310690203CEC90345
:10A90000137E2E0039A0E318C9FF03CEC903137EBE
:10A910004E003143E30D0EF8468BC28B3EC6BA8A19
:10A92000368DB28DAE842A8AEF50FF942A8411E9C5
:10A9300083A7C905054582972A841D432DD9230283
:10A940004501930700026311FD028D47631CF90462
:10A95000035684019307900F13035004E3E9C7F4EF
:10A960000356A401E3E5C7F493F5F40F230EB404F2
:10A9700063860C12BD889547639EF402930710F816
:10A980002305F4004543E364BDF3FD474543E3F08D
:10A99000B7F39167E3EDA7F1EA9D93DD1D00231E58
:10A9A000B40115A08547E311F9FC03568401930710
:10A9B000D02E5DB7B5476399F40C85472305F400A5
:10A9C0008947231EF400A3055401639C0A108547A0
:10A9D000230AF40093F5050281E5B247A308F402C7
:10A9E000194681455A859760F91FE7800099631BD6
:10A9F00005108547230CF402A30C74031946DA856D
:10AA00001305A4039760F91FE78080818347010540
:10AA1000A304F4009307F0076319FC0EB727002086
:10AA200083C7479A36572300F70003051401EFB098
:10AA30009FA92302A406EFB0BFA2B657A308A400A3
:10AA40002380A7008347C10523000406A300F40662
:10AA50008347C405C18B91EB7D191379F90F8947A1
:10AA60004943E3E627E5A30F24058347410637075B
:10AA700000080143A30EF40483478106A301F406F2
:10AA80003C48D98F3CC825B589476394F400994761
:10AA9000C5BDE38704EE23050400EDB59D472305FE
:10AAA000F40013F6150093F7450011CA114691C33F
:10AAB0000546A30DC4048547230DF404E1B513F640
:10AAC000250001CA094691C31546A30DC404894750
:10AAD000E5B70D4691C31946A30DC404230D040424
:10AAE00055B5230A040081470D46B3D6FA40858A3E
:10AAF00091C6834644018506230AD4008507E39660
:10AB0000C7FEC9BD230C040211B7994763C587016D
:10AB1000A308840119BFA308F40001BF01114EC6A8
:10AB2000B7290020938789B4FC4706CE22CC26CAD9
:10AB30004AC852C4938989B491C7BC4B1396570035
:10AB4000634E06003A8AB6842E89EF50CFF22A84EB
:10AB500019ED83A7C9041305200491C33145F240C0
:10AB60006244D2444249B249224A05618280034785
:10AB7000A500854701453D8BE303F7FE0347C40568
:10AB8000418B45C78D476304F9004945C9BFFD475F
:10AB9000E3ED97FE231C04008D476312F90EE1C814
:10ABA0008357840103D729071D45B3869700E348DF
:10ABB000D7FA0347840015C78356C4011307000260
:10ABC0006391E6020347F4058D466318D70C13071B
:10ABD000900F13055004E364F7F88357A401E36072
:10ABE000F7F88D471D45E31CF9F637E900E08329A6
:10ABF0000900B70720002320F918B3F9F9000F1056
:10AC000000009305800C0545EF509EDD83578406B8
:10AC10001205232244038507BD8BC98F2314F40634
:10AC2000231C94002320391189A81377D90FE3033B
:10AC3000F7F611476315E904384893167700E3C621
:10AC400006F403478400E312F7F48357840195DF89
:10AC50008DFC9305800C0545EF509ED883578406E4
:10AC600012058507BD8BC98F2314F40639A03C4813
:10AC7000370700FF7D17F98F3CC80145CDB5930715
:10AC8000D9FF93F7F70F0547E37CF7F0E38F04EE66
:10AC900083478400E396E7F0D1B58546E313D7F404
:10ACA0001307D02E3DB701114EC6B7290020938758
:10ACB00089B4FC4706CE22CC26CA4AC852C493891E
:10ACC00089B491C7BC4B13965700634E06003A8A6D
:10ACD000B6842E89EF502FDA2A8419ED83A7C90490
:10ACE0001305200491C33145F2406244D2444249E5
:10ACF000B249224A056182800347A5008547014584
:10AD00003D8BE303F7FE0347C405418B79CB8D47A9
:10AD10006304F9004945C9BFFD47E3ED97FE231DD4
:10AD200004008D476319F910638F040E8357A40143
:10AD300003D729071D45B3869700E347D7FA034792
:10AD4000840015C78356C401130700026391E6020D
:10AD50000347F4058D46631ED70E835684011307FF
:10AD6000900F13055004E361D7F8E36FF7F68D47B2
:10AD70001D45E31BF9F61C548DC783472406898BB8
:10AD80008DC3485419CD8347A50081CFEF90FFC9EB
:10AD90004C54194613052403B1059750F91FE78059
:10ADA000204837E900E083290900B7072000232065
:10ADB000F918B3F9F9000F1000009305800C054550
:10ADC000EF501EC2835784061205232444038507CF
:10ADD000BD8BC98F2314F406231D94002320391141
:10ADE00089A81377D90FE30CF7F211476315E9042B
:10ADF000384893166700E3CF06F003478400E31B4F
:10AE0000F7F08357A40199D791F49305800C054579
:10AE1000EF501EBD8357840612058507BD8BC98F71
:10AE20002314F40639A03C48370700FE7D17F98F3C
:10AE30003CC8014555BD9307D9FF93F7F70F054768
:10AE4000E376F7EEE38804EC83478400E390E7EED3
:10AE500059BD8546E31DD7F0835684011307D02ED4
:10AE600009B75D71A6C2B7240020938784B403A8F4
:10AE7000C70486C6A2C4CAC04EDE52DC56DA5AD80F
:10AE80005ED662D466D26AD06ECE938484B46308F0
:10AE900008028327080513945700635204023145C2
:10AEA000B640264496440649F259625AD25A425B49
:10AEB000B25B225C925C025DF24D616182803AC6B7
:10AEC00032C493771500B68989C763920510494546
:10AED000C1BF91E9A04819E00145D9B72285EF50DB
:10AEE0006FDA0040CDBFE30908FE4285EF508FD9ED
:10AEF000E5B73849B70700037D8F55F30347B5051C
:10AF0000630487016315970103D7AA0149DB03C7CF
:10AF10001A036301270903C7AA006319270113173E
:10AF200014004E9703570700E3E3EDFAB8507D1481
:10AF30001374F40F5DC793161A00B69903D709006E
:10AF4000B2479305800C2395EA063E9A03470A0010
:10AF5000054523960A06A382EA06EF507EA803D78A
:10AF60008A061205264405073D8B498F2394EA067D
:10AF700003A3040603C50B00B64096440649F259E4
:10AF8000625AD25A425BB25B225C925C025DF24D25
:10AF900061610283138B4A05194681455A85975092
:10AFA000F91FE780803D631A250119469305EDC21C
:10AFB0005A859750F91FE780A026194681455A8582
:10AFC0009750F91FE780603BE31725F509B7FD159A
:10AFD00013F4F50F094C954C0549372D0020930DBE
:10AFE00000089307F00FE304F4EEA247228AB38B24
:10AFF000870003C50B00EF500FA8AA8AE31B05EEDC
:10B00000FC4413052004E39C07E859BDB727002042
:10B01000138787B40347170015CB938787B4F84786
:10B0200019CB0347870001CB494582804945F2404F
:10B03000624405618280F85B01C7034777006DF7C2
:10B0400083A7870881C783C77700F9FF011122CC46
:10B05000A304A10032841305A100194606CE97501F
:10B06000F91FE780E01B28009760F91FE780E0F9EF
:10B0700055DDA300850001455DBF01114AC84EC6DC
:10B0800052C406CE22CC26CAAE89328A3689EF70E7
:10B09000EFDC79C5B72700209387E789631E0A0094
:10B0A00005472380E7000145F2406244D24442490B
:10B0B000B249224A0561828083C6070005472A8477
:10B0C0006395E600238007008949B7E700E08443E1
:10B0D0003707200023A0E718F98C0F100000416506
:10B0E000130545F5EF702FD921CD8347A500231512
:10B0F000F50083278411A9E3232CA410232EA41088
:10B10000930710F879192320050023164501A3049D
:10B11000F500230435012322250183479402854548
:10B120000145B395F500C205C181EF405EE3B7E785
:10B1300000E023A0971085BF8327C41188C37DBF7B
:10B14000B727002083A7079C91C795659385555520
:10B1500005458297B7E700E023A097101D45A9B7E2
:10B16000094599B76F304FBF6F308FC36F304FC8ED
:10B170006F30AFCD6F308FD36F304FE06F308FD7E0
:10B180006F302FDB82806F30AFE3034301001AC0C2
:10B190006F20DFE06F203FED6F20FFF26F201FF97F
:10B1A0006F201FFF6F30CF846F30AF8803530100D3
:10B1B000035E4100834E81001AC072C276C46F30B4
:10B1C0004F8D6F308F9F6F30CFA46F302FA86F30AF
:10B1D0006FAD6F30EFB379719397050126D206D624
:10B1E00022D44AD04ECEC187AE8463DA0718B7297D
:10B1F000002003C559D6EF40FE932A8415C50347A6
:10B2000005009307000D631EF700034725009147D3
:10B2100063E5E7028D466375D71031CF8947630830
:10B22000F7082285EF40FE842165258DB250225417
:10B2300092540259F249456182809307D7FE93F7F1
:10B24000F70F8546E3EFF6FCB726002083A7C6D3A9
:10B250000346150093F7F7F0631006124D46631A84
:10B26000C71093E7070123AEF6D283A7C6D33705ED
:10B2700000015D8D59A88347150037290020639C84
:10B28000071C930535003725002019461305C5D73F
:10B290009750F91FE780C0F88547232EF9D28545DE
:10B2A00003C559D6EF40BECB0325C9D3B9A8834601
:10B2B0001500834735009DEE6393E7023727002092
:10B2C0008327C7D38145014593F7F7F093E707023A
:10B2D000232EF7D2EF805EF0A300A40099B70547B4
:10B2E000814501456395E700EF801EDEF5B7EF80ED
:10B2F000BECCDDB7E387E7F2B727002003A5C7D3AD
:10B3000041991365650023AEA7D2B727002083A714
:10B31000078AE38807F09C43E38507F0829711B71B
:10B32000372900208327C9D303461500C19B1DEE92
:10B330006315D70293E7270037270020232EF9D281
:10B340008347C7D193968701E186E3DF06F493F73D
:10B35000F707230EF7D08945A1B737270020230C24
:10B3600007D093E73700232EF9D23DBF93E767005C
:10B37000DDBF93E70702C5BD93E70703EDB593F77C
:10B380001500C9C7B727002083C787D1ADCFB7271E
:10B39000002083C7A7D1B7250020938505D22302BB
:10B3A000F100B727002083C707D4130561001946B1
:10B3B000A302F1009750F91FE78080E6B72700202D
:10B3C00083C797D14C002306F100B727002083C71D
:10B3D00087D7A306F100B727002003C557D6EF8013
:10B3E000AEF715C1B727002003A5C7D34199136550
:10B3F000650023AEA7D2B727002083A7078A81C79D
:10B400009C4391C3829713C514000DB593F7250093
:10B410000145E38D07E0B727002083C7C7D1858B9F
:10B4200085CBB727002003C557D6EF80FEA30DC1FB
:10B43000B727002003A5C7D31375F5F023AEA7D215
:10B44000B727002083A7078A81C79C4391C38297AF
:10B4500013C52400E1BB994739B7B727002083A75C
:10B46000C7D385E709C5B727002023A0A78AB7253A
:10B4700000203725002083C545D6034555D6814792
:10B480000147814601466F905EA345458280B727FC
:10B49000002023A0A78A8280411126C2B724002061
:10B4A00022C403C454D606C69307F00F6308F40001
:10B4B0006145B240224492444101828037B5060082
:10B4C0001305651DEF50EEABA382A4D6E30285FE03
:10B4D000B727002023A0078AB727002023AE07D272
:10B4E0000547B72700202382E7D6B72700200D475E
:10B4F000238DE7D0B7270020238007D41D47B72727
:10B500000020A38CE7D0B7270020238C07D6EF704C
:10B510009E82014579BF1307050483570500110575
:10B5200093C7F7FF231EF5FE8347E5FF93C7F7FF99
:10B53000230FF5FEE313E5FE828099473305F502FC
:10B5400001110A86C14506CE13050520EF508EEF86
:10B5500011E50345C100F240056182800145E5BF68
:10B56000011122CC26CA4AC84EC606CE81440144E7
:10B5700037290020B72900208347D98A636AF4005D
:10B58000F240624426854249D244B2490561828034
:10B5900083A7898A1315440019469305F00F3E9539
:10B5A0009750F91FE78060DD01E5850493F4F40FFF
:10B5B00005041374F40FC9B7411122C437240020C5
:10B5C0001304848C084006C609C5EF408ECA2320A8
:10B5D0000400B727002003C7D78AB2402244B72708
:10B5E00000202383E78A41018280B727002083C798
:10B5F000678A1971A6DA86DEA2DCCAD8AA846392A9
:10B60000A702372400201304E48A0345040085457B
:10B61000EF407E99034504008945EF40DE98EFF046
:10B62000BFF9C204C1801949338924035000C145C0
:10B63000130409202285EF50EEE009C90144228558
:10B64000F6506654D65446590961828019469305CE
:10B65000F00F48009750F91FE78020D265F14800AD
:10B6600041469305F00F9750F91FE78080C24808C4
:10B6700071469305F00F9750F91FE78080C10818B5
:10B68000130600049305F00F9750F91FE78060C080
:10B690005000C1452285EF50BE8550082A84F145EF
:10B6A00013051920EF50DE845008498CF14513052D
:10B6B0002920EF50FE831374F40F5008498CC145C4
:10B6C00013053920EF50DE821374F40F5008498CB3
:10B6D000C14513054920EF50BE811374F40F500883
:10B6E000498C914513055920EF509E801374F40F37
:10B6F000498C1D651018930500042695EF504EFFE8
:10B70000B71700201374F40F498C03C5C77F137457
:10B71000F40FEF500EF925B7411122C426C206C618
:10B7200001450144B724002083C7D48A6373F40021
:10B7300011C5B24022449244410182802285050411
:10B74000EFF0BFEA1374F40FC5B7011122CC4EC657
:10B7500052C406CE26CA4AC80144EF302FB0B729DA
:10B760000020372A002083C7D98A636AF400F24098
:10B770006244D2444249B249224A05618280130997
:10B780008A8A032509009314440019469305F00F93
:10B7900026959750F91FE78040BE01E983250900EF
:10B7A000A69503C5F500EF30AFAB05041374F40F95
:10B7B0005DBF397122DC4ED652D456D206DE26DA6F
:10B7C0004AD80144EF300FADB7290020372A0020B6
:10B7D000994A83C7D98A636BF400F2506254D254F9
:10B7E0004259B259225A925A2161828013098A8A97
:10B7F000032509009314440019469305F00F26957C
:10B800009750F91FE78060B71DE5330554030A869A
:10B81000C14513053520EF50EEC21008C14509455A
:10B82000EF504EC28325090014080A86A69503C569
:10B83000F500EF30EFA505041374F40F59BF0111A3
:10B8400006CEEFF0FFD10547A9476373A7008947EC
:10B850001306F10085451545A307F100EF906EC969
:10B86000F24005618280011122CC4EC652C456C2FC
:10B8700006CE26CA4AC80144B7290020372A00202C
:10B88000994A83C7D98A636CF402EFF07FCDB7275A
:10B89000002083C7578A99C3EFF03FEBB7270020FA
:10B8A00083C7478A99C3EFF0DFF06244F240D24485
:10B8B0004249B249224A924A05616FF05FF8330566
:10B8C000540313098A8A0326090093144400C145CE
:10B8D000269613050520EF50EEB61DC90325090075
:10B8E00019469305F00F26959750F91FE780609A47
:10B8F0000325090019469305F00F26951905975061
:10B90000F91FE780009983270900BE94239604005D
:10B9100005041374F40FB5B7B727002083C5E78A71
:10B92000035525006FB0EE8B9947B385F502397149
:10B9300022DC26DA4AD806DEA147AA84328913849B
:10B9400025206384F600138415207146814548083C
:10B950003AC69750F91FE780C0935008F1452285F9
:10B96000EF504EAE0DE18347E102A5463247E517A1
:10B9700093F7F70F63E9F600BA865008937519003C
:10B980002685EF70AEA9F2506254D254425921611B
:10B990008280797122D426D24AD0AE842A89328418
:10B9A0008145130600020A8506D69750F91FE780E5
:10B9B000408EB727002083C7178023102101230E54
:10B9C000F100835781015DC8372700200347978B1B
:10B9D000F99BB72500202302E10037270020034709
:10B9E000B78B414693858591A302E100372700205C
:10B9F0000347A78B1305610093761700D58FF59B3E
:10BA000093762700D58FED9B93764700D58F9316BD
:10BA1000470093F6061093F7F7EFD58F931647007C
:10BA200093F6062093F7F7DFD58F120713770740B9
:10BA300093F7F7BFD98F231CF1009740F91FE780D8
:10BA4000207EB727002083C7878B13F7170001CB11
:10BA500099C40357810113672700231CE1000347A2
:10BA60006101A2850A85D98F230BF100EF70CE8C7E
:10BA7000B2502254925402594561828037270020E7
:10BA80000347178BF99BB72500202302E1003727D6
:10BA900000200347378B414693858590A302E10040
:10BAA000372700200347278B130561009376170083
:10BAB000D58FF59B93762700D58FED9B9376470026
:10BAC000D58F9316470093F6061093F7F7EFD58FAF
:10BAD0009316470093F6062093F7F7DFD58F1207EA
:10BAE0001377074093F7F7BFD98F231CF1009740D6
:10BAF000F91FE780E072B727002083C7078BB1B733
:10BB0000011122CC26CA4AC84EC606CE2A89014453
:10BB1000B7240020B729002083C7D48A636BF400C0
:10BB20003E842285F2406244D2444249B2490561D2
:10BB3000828083A7898A131544001946CA853E95D9
:10BB40009740F91FE780007B69FD05041374F40F2B
:10BB5000E1B71D71A2CC372400208327848CD2C486
:10BB6000D6C286CEA6CACAC8CEC6DAC02A8AAE8ACD
:10BB70001304848CA5E319E10545F9A8F5DDEFF080
:10BB80003FF8372700208346D78AB7270020238332
:10BB9000A78A1389678A9309D78A636DD50281447E
:10BBA000372B00200DA083278B8A1395440019465C
:10BBB0009305F00F3E959740F91FE780007C09E957
:10BBC000850493F4F40F83C70900E3EEF4FCBE840C
:10BBD00023009900B72400201389648AB727002026
:10BBE0000345090083C7D78A9384648AE376F5F80E
:10BBF0001C40ADEF99473305F5025286C145130548
:10BC00000520EF50EEAE130600049305F00F0A85F1
:10BC10009740F91FE780E067034509009D670A86A2
:10BC2000930500043E95EF50AEAC834709003727DB
:10BC300000200325878A92074146D2853E9597408A
:10BC4000F91FE780E05D23205401B717002003C5EA
:10BC5000C77FEF500EA50145F6406644D6444649DD
:10BC6000B649264A964A064B25618280904781470D
:10BC700009CE99473305F502F14513051520EF501C
:10BC80002EA71C4023A4070085471840104B19CE4F
:10BC900003C504009947F1453305F5021305252036
:10BCA000EF500EA51C4023A8070085471840504BB5
:10BCB00019CE03C504009947C1453305F5021305A4
:10BCC0003520EF50EEA21C4023AA070085471840FC
:10BCD00050471DCA03C504001949C1453305250352
:10BCE00013054520EF50CEA003C504001C4091452C
:10BCF00033052503D047410613055520EF504E9FCD
:10BD00001C4023A6070091B7A9F3B727002083C7DB
:10BD1000578A99C3EFF07FA3B727002083C7478ACC
:10BD200099C3EFF01FA9EFF09FB1B9B5B727002075
:10BD300083C7D78A011122CC06CE26CA094463766E
:10BD4000F50285C599473305F502AE840A86C145DB
:10BD500013050520EF401EEF2A8401E919468A8564
:10BD600026859740F91FE780A04B2285F240624468
:10BD7000D24405618280011122CC06CE2A842EC6CF
:10BD800032C4EFE0BEAD1DC90347C500A14722463E
:10BD9000B2456310F702B727002083A7C78C99CF5D
:10BDA00003A34700630C030022856244F24005614F
:10BDB0000283B727002083A7078DD5B7F2406244DE
:10BDC00005618280011122CC19443304850226CA00
:10BDD0000A86AE84C14506CE130404202285EF40B6
:10BDE0007EE601C98144F24062442685D244056161
:10BDF000828019469305F00F0A859740F91FE78066
:10BE0000C0576DF10357C1009377D70F89C493775B
:10BE1000F70F93E72700C207C1838544E305F7FCCA
:10BE20000A86C14522852316F100EF506E8CB717A4
:10BE3000002003C5C77FEF50CE8675B71D71A2CC19
:10BE40002A8419453305A402A6CACAC8B2842E8919
:10BE50000A86C14586CE13050520EF40BEDE01C926
:10BE60000145F6406644D64446492561828019461C
:10BE70009305F00F0A859740F91FE78000506DF198
:10BE80009D673E941008930500042285EF409EDBD9
:10BE900019C10545F9B70808EFF0EFE76318090481
:10BEA00013060004814508089740F91FE780E04C1D
:10BEB0006DF113060004814508089740F91FE780DB
:10BEC000403DB7270020054708082380E78CEFF0A6
:10BED0008FE41008930500042285EF506E81B71798
:10BEE000002003C5C77FEF40DEFB65B71C08900844
:10BEF000BE8683D506003687638125039106E31A43
:10BF0000D6FE0145B9DC83D607003E8789C6910776
:10BF1000E31BF6FEB1B72390270183472700E38A8E
:10BF200097F623019700D1FC2310070059BF011198
:10BF30004EC6B72700207D57B729002022CC26CA3D
:10BF40004AC806CE52C42387E78A9387099903C556
:10BF5000E70037290020372400209304898A9305BD
:10BF600020041205A306048A23A004009740F91FA9
:10BF7000E780400D88C01304D48A15C593890999B8
:10BF800083C7E9001309898A81442300F4008347A9
:10BF9000040063E6F41203A78900B72700206302B8
:10BFA0000716A38907D003470400B72700200544DC
:10BFB0002383E78AB727002023A4078CB727002014
:10BFC0002381878037250020B7270020A38C078A8C
:10BFD0004146B7270020814513058591A38D078A27
:10BFE0009740F91FE780E02AB727002093047007E5
:10BFF000238C078AB7270020238D978AB727002034
:10C0000023AE078AB7170020A38F877EB7270020AB
:10C010002388078A37250020B7270020A388078AAE
:10C020004146B7270020814513058590A389078ADB
:10C030009740F91FE780E025B72700202389978ADA
:10C04000B727002023AA078AB7270020A387078ADB
:10C050001547B7170020A38EE77EB727002041477A
:10C06000A380E780B72700202380078C0947B717F4
:10C070000020238FE77EB727002023A8078CB7274F
:10C08000002023A6078CB7270020A382078AB727A2
:10C0900000202386078AB7170020238E877EB727C4
:10C0A0000020A3818780B727002023808780F2406B
:10C0B0006244D2444249B249224A05618280032542
:10C0C0000900139A440019469305F00F52959740C2
:10C0D000F91FE780001C0325090019469305F00F9E
:10C0E000529519059740F91FE780A01A8327090088
:10C0F000850493F4F40FD297239607002387070053
:10C1000079B5130700F8A389E7D071BD757122C511
:10C11000CEDED2DCD6DADAD806C726C34AC101445D
:10C12000B72A0020372B002099491D6A9384DA8AA8
:10C1300083C704006368F402B717002003C5C77FF4
:10C14000EF403ED603C70400BA402A44B727002078
:10C150002383E78A9A440A49F659665AD65A465BB7
:10C160004961828013098B8A0325090093144400D6
:10C17000194626959305F00F9740F91FE780601147
:10C180000325090019469305F00F269519059740D8
:10C19000F91FE780001083270900131904011359C0
:10C1A0000901A697B30439032396070023870700E4
:10C1B00041469305F00F48009740F91FE780600D56
:10C1C00071469305F00F48089740F91FE780600C0F
:10C1D000130600049305F00F08189740F91FE78035
:10C1E000400B5000C14513850420EF407ED050081D
:10C1F000F14513851420EF40BECF5008F14513855B
:10C200002420EF40FECE5008C14513853420EF4076
:10C210003ECE5008C14513854420EF407ECD5008E6
:10C22000914513855420EF40BECC101893050004AF
:10C23000330549010504EF40BECB1374F40FFDB57F
:10C24000930705C04111C20722C406C6C183130764
:10C2500020022E846369F71237F706008A07130756
:10C26000C788BA979C438287B727002083C7278057
:10C270002300F4001DA8B727002083C7878B898778
:10C280003DA8B727002083C7978BDDB7B7270020CD
:10C2900083C7B78BF1BFB7250020414693858591B1
:10C2A00022859740F91FE780A0F78147B2402244DA
:10C2B0003E8541018280B727002083C7878B858B0D
:10C2C00045BFB727002083C7A78B5DB7B7270020DE
:10C2D00083A7C78B1CC0D1BFB717002083C7F77FC8
:10C2E00041BFB727002083C7078B51BFB727002066
:10C2F00083C7178BB5BFB727002083C7378B8DBF88
:10C30000B725002041469385859059BFB727002067
:10C3100083C7078B6DB7B727002083C7278B89BFDB
:10C32000B727002083A7478B75B7B727002083C79F
:10C33000F78A3DBFB717002083C7D77F15BFB72740
:10C34000002083C717802DB7B727002083C7578ADF
:10C3500005B7B727002083C7478A19BFEFF04FA062
:10C360002300A40099B7B727002083C7078009B727
:10C37000B727002083C7878B8D8791B7B727002009
:10C3800083C7078BD5BF130700048947E360A7F273
:10C39000EF603E932310A40009BF011106CE22CC0A
:10C3A00026CA4AC84EC652C456C2EF605EDD49ED89
:10C3B000372900201309C98A03470900B724002040
:10C3C00085472A849384D48A6300F704372A00209F
:10C3D000854A83C704006376F40493098A8A03A715
:10C3E0000900131944004A978347E700639A5701ED
:10C3F0002285EFF08F9F83A70900CA972387070044
:10C4000005041374F40FF1B7EFF00FB1B727002054
:10C4100083A7878A03C7040023000900B907631EA6
:10C42000E400EF409ED56244F240D2444249B24912
:10C43000224A924A05616FF00FC30504238007006A
:10C440001374F40FC107E1BFF2406244D244424981
:10C45000B249224A924A05618280797126D24AD035
:10C460004ECEB724002006D622D452CC8947AE89BE
:10C4700032899384D48A630AF5066360F5028D4796
:10C480006304F50C03C404002285B2502254925474
:10C490000259F249624A456182802E85EFF04FE6EB
:10C4A00083C704002A84E371F5FEE30F09FC1946F3
:10C4B000CE854A859740F91FE78080D6F1B783275C
:10C4C0008A8A1315440019463E95CE851905974072
:10C4D000F91FE78020E231ED05041374F40F83C7E0
:10C4E0000400E36EF4FC3E8445B70144372A002083
:10C4F000FDB705041374F40F83C70400E375F4FE5D
:10C50000330544030A86C1451305352042054181A0
:10C51000EF404EF379FD41469305F00F0A859740B1
:10C52000F91FE78080E571F5CE850A85EF605E81B1
:10C5300069F183C70400E379F4F4E30709F4CA85D9
:10C540002285EFF0AFFE89B70144194A75B77971BA
:10C550004AD006D622D426D22A8902CC231E010034
:10C56000EFE0CEAF31C1B71400209384F47F03C74E
:10C5700004008947630AF702930565002A8403458E
:10C5800055003008EFF07FEDB727002083C7D78A2A
:10C590006372F5022AC6EFE05FFAB2452A860547C4
:10C5A000A1464A85EFF04FB8B25022549254025936
:10C5B0004561828083C7040091E795454A85EF6015
:10C5C0007EB9DDB70547E391E7FE83455400014698
:10C5D0004A85EFF00FBCC9BF0111C1674AC806CE3A
:10C5E00022CC26CA4EC6FD172E89630CF506EFE055
:10C5F000EEA62A84D14431CD93056500034555004C
:10C600000146D544EFF07FE5B727002083C7D78ADE
:10C610006376F500CA85EFF0EFFA8144630B0902F7
:10C620002285EFF06FAF35A0CA852285EFF08FF934
:10C6300011C1814405041374F40F83C7D98AE365DB
:10C64000F4FE6308090037C5060013058591EFE085
:10C65000CEC9F240624426854249D244B2490561BE
:10C6600082800144D544B7290020C1BF0111C167B0
:10C670004AC84EC606CE22CC26CA52C4FD172E8901
:10C68000B2896301F506EFE06E9DD14439C193058F
:10C690006500034555000146D544EFF01FDCB72780
:10C6A000002083C7D78A6376F5024E86CA85EFF0ED
:10C6B000EFF8814439A84E86CA852285EFF00FF83D
:10C6C00011C1814405041374F40F8347DA8AE364CB
:10C6D000F4FEF240624426854249D244B249224ADD
:10C6E000056182800144D544372A0020F9BF4111F9
:10C6F00022C4372400201304E48A83450400B727AA
:10C70000002023A8A78C614506C6EF603EB1034513
:10C7100004002244B24041016FB01EF2411106C62E
:10C7200022C426C29DE9AA85AA8437450F001305B5
:10C7300005243375A602EF60CEDA2A8409C993076F
:10C74000E00F6306F50085452685EF60BEA02285D3
:10C75000B2402244924441018280EF60BE9F014476
:10C76000FDB7B72700209387278003C7070013670B
:10C7700007F82380E700B727002083C5878B6F6009
:10C780003E921971A6DAB2845000CAD8D2D486DE9D
:10C79000A2DCCED62A89368A02C223140100EFF029
:10C7A000DFCBB727002083C7D78A6372F5102A84AE
:10C7B000EFE0BFD89147AA896312FA0EB72700208D
:10C7C00003C727809146791713371700A2854204C3
:10C7D00041801949330924034E862685EFF0CF9412
:10C7E0005146814568009740F91FE78080AA700094
:10C7F000C1454209135909011305492042054181E8
:10C80000EF404EC405E941469305F00F680097409C
:10C81000F91FE78080B619ED13055920420570080D
:10C8200091454181EF400EC2700093F519002685B5
:10C83000EF60BE8B1D652295420510109305000424
:10C840004181EF402EC015E10810EFE0DFCC001071
:10C85000130901068355040091C50346240026856B
:10C86000EFA07E951104E31789FE93F929006389EF
:10C870000900B727002083C5E78A2685EFA06E96BA
:10C880009147631AFA04B727002003C72780894716
:10C890006313F7042685EFF0DFEC35A8B717002007
:10C8A00003C7F77FD28679171337170005B7A1475B
:10C8B000E318FAFCB717002003C7F77F8947631C0A
:10C8C000F7000146CA852685EFF0AF8C0146814509
:10C8D0002685EFF04FCAF6506654D6544659B659DD
:10C8E000265A014509618280011106CE2AC6EFF061
:10C8F0000FE43245F240B72700202387A78A05615D
:10C900006FE07FF61D7186CEA2CCA6CACAC8CEC67D
:10C91000D2C4D6C2DAC0EF20EF97B727002083C772
:10C92000378099CB0144372A0020B72A0020194BC1
:10C930008347DA8A636CF400F6406644D64446497D
:10C94000B649264A964A064B2561828093898A8A8F
:10C9500003A509001319440019469305F00F4A95E1
:10C960009740F91FE78060A121E9B30464035010E8
:10C97000F1451385142042054181EF40AEAC0DED29
:10C980000347F1039307F00F6318F7021385342070
:10C9900042055000C1454181EF40CEAA5008C14533
:10C9A0000945EF402EAA83A5090054085000CA95F6
:10C9B00003C5F500EF20CF8D05041374F40F8DBF70
:10C9C000930705C05D71C207A6C2CAC086C6A2C4CD
:10C9D0004EDE52DC56DA5AD8C183130720022A8968
:10C9E000B284636FF75837F706008A0713078791F9
:10C9F000BA979C43828785476384F500614419A8F0
:10CA0000834706000947E36BF7FE37270020230121
:10CA1000F78001442285B640264496440649F259DF
:10CA2000625AD25A425B616182808547E398F5FC85
:10CA300083460600E3E4D5FC372700201307878BE5
:10CA400083470700E5C293E747002300F700D1B70B
:10CA50008547E395F5FA834706001147E360F7FA47
:10CA600037270020A30CF78A6DB78547E398F5F8C0
:10CA700083470600E3E4F5F837270020A30DF78A83
:10CA800049BFC147E39CF5F6372500204146A685FE
:10CA9000130585919730F91FE78080789DBF854702
:10CAA000E39EF5F483460600E3EAD5F43727002039
:10CAB0001307878B83470700F9C693E7170071B701
:10CAC0008547E39DF5F203470600B7270020238D35
:10CAD000E78A81B79147E393F5F21842B7470F0011
:10CAE0009387F723E3ECE7F0B727002023AEE78A2C
:10CAF0000DB78547E394F5F0834706000947E36FD8
:10CB0000F7EE37170020A30FF77E21B78547E3978D
:10CB1000F5EE83460600E3E3D5EE37270020130742
:10CB2000078B39BFED9B15B78547E399F5EC834734
:10CB300006001147E364F7EC37270020A308F78AC3
:10CB4000C9BD8547E39CF5EA83470600E3E8F5EABB
:10CB500037270020A309F78A6DBDC147E390F5EAA6
:10CB6000372500204146A6851305859025B78547C2
:10CB7000E396F5E883460600E3E2D5E83727002090
:10CB80001307078B05BFF99BC9B58547E398F5E601
:10CB900003470600B72700202389E78A9DBD9147F8
:10CBA000E39EF5E41842B7470F009387F723E3E7C6
:10CBB000E7E4B727002023AAE78AA1BDE39005E4B4
:10CBC000EF60EEDB01E9EFE03FB5EF400EDBEFE0B9
:10CBD0009FC981B5B727002005472386E78A15BD81
:10CBE0009D47E39DF5E09385140019466800973052
:10CBF000F91FE780E06203C5040050086C00EFF005
:10CC0000DF85B727002083C7D78AAA840944E37346
:10CC1000F5E04808EFD07ECD09E52685EFE0FF9CE2
:10CC20006DB7B727002083A7878A92045944BE9422
:10CC300085472387F400F9BB9D47639BF50A194696
:10CC40009385140068009730F91FE780605D03C585
:10CC5000040001466C00EFF05F80B727002083C717
:10CC6000D78A6379F5049944B30495025008F145D5
:10CC700093841420C204C1802685EF30BEFC2A8430
:10CC800005E91307A04185476304E9009307F00F06
:10CC90005008F1452685A307F102EF406EA5B717AE
:10CCA000002003C5C77FEF40CE9FEFF0BFC59DB307
:10CCB0000944E5BFB727002083C737D10944E38B78
:10CCC00007D4372700209306A041834747D1631D2F
:10CCD000D90093E7170037250020230AF7D01D4617
:10CCE000A6851305C5D07DB3F99B230AF7D015B3EC
:10CCF0008547E395F5D0372700209306A041834769
:10CD000047D16315D50093E72700C5B7F59BF1BF61
:10CD1000B7270020A3810780EFF0DFBEDDB9B7277A
:10CD200000200547A381E780014437290020994965
:10CD3000130AF00FFD5A371B00208347D98AE37D81
:10CD4000F4FCB30434035008F14593841420268581
:10CD5000EF305EEF05E18347F102638D4701500834
:10CD6000F1452685A3075103EF408E980345CB7FFD
:10CD7000EF402E9305041374F40FC1B78547E39F6A
:10CD8000F5C683470600E3EBF5C637270020A30767
:10CD9000F78A41B18547E393F5C6834706002547E7
:10CDA000E36EF7C437170020A30EF77E9DB18547C9
:10CDB000E396F5C403470600A546930797FF93F74C
:10CDC000F70FE3EDF6C2B7270020A380E78091B10B
:10CDD0008547E395F5C2B72700209387578A034715
:10CDE000060083C6070001442380E700E39406C2DF
:10CDF000E312B7C2EFE03FA731B98547E390F5C032
:10CE0000B72700209386478A03C7040003C606009D
:10CE10001384478A2380E60009E66314B700EFE035
:10CE20009FA403450400EF103FC7E5B68547E3978D
:10CE3000F5BC834706000D47E362F7BC37170020B7
:10CE4000230FF77EF9B68547E39AF5BA0347060044
:10CE5000B7170020238EE77E6DBE0545EF406E8438
:10CE60004DBE8547E39CF5B803470600B727002071
:10CE70002380E78079BE93074002E391F5B803C5AC
:10CE80001400014693852400EFF02FDDB727002022
:10CE900083C7D78AE374F5B619443304850203C700
:10CEA0000400A1471374F40F6312F7040904137408
:10CEB000F40F420441805008F1452285EF309ED89E
:10CEC000E31E05B29385840048086D469730F91F2C
:10CED000E78000355008F1452285EF406E81B71795
:10CEE000002003C5C77FEF30DEFB09BE0504C1B7D4
:10CEF000B727002003D7079A930740046D44E3FB4C
:10CF0000E7B08547E39CF5AE83470600E3E8F5AE5E
:10CF10008DC3B727002083A787D05544E38C07AE85
:10CF2000B72700209387878B03C707001367870005
:10CF300001A8B72700209387878B03C707005D9B55
:10CF40002380E700F9B4B727002003D7079A930797
:10CF500040046D44E3F0E7AC8547E391F5AA8347CD
:10CF60000600E3EDF5A8F1D7B727002083A787D007
:10CF70005544E38107AAB72700209387078B6DB735
:10CF8000930700040944E3E727A9E39585A883D51F
:10CF900004004A85EF608EA82A84ADBC797106D65C
:10CFA00022D426D24AD0834725005147E91793F768
:10CFB000F70F636AF70237F706008A071307479AE5
:10CFC000BA979C432A8482878354A5000346C500F0
:10CFD0008346D500268532C636C4EFD03E88AA8760
:10CFE000A246324619E1854491A203C7C700A14772
:10CFF00013053400631CF702B727002083A7C78CF2
:10D00000A68589C79C4399C38297F1BFB7270020A3
:10D0100003A5478BEF50FECC79D59307E00FE304CF
:10D02000F5FC85452685EF60EE9275BFB727002099
:10D0300083A7078DA68599C39C43F9F7B7270020DE
:10D0400003A5C78BC1BF8355A5002E852EC4EFD085
:10D05000FE80AA8749D903C7C700A147130534003A
:10D060001306C4009306C401A245631BF700B7274B
:10D07000002083A7C78CA5DB9C47B5D78297A5B7AF
:10D08000B727002083A7078DFDB783471500E1E789
:10D0900083476500858BE1C3B727002083A7878C72
:10D0A0000149DDEB8145414608089730F91FE780CB
:10D0B000401E4C48D9C183C765011946C105A30F5D
:10D0C000F10008089730F91FE78080158347640056
:10D0D0000357C1018987858BD98F231EF100EFE0AB
:10D0E0002FC8B727002083C7D78A6391A702B72725
:10D0F000002083C7078099C3EFF04F81B727002036
:10D1000083A7079C81C7854521458297EFE04FC5DE
:10D11000A2850808EFE0FFA3AA84554915EDB727BB
:10D12000002003C5E78A8945EF207EE3B2502254F0
:10D1300026850259925445618280035544008544F6
:10D14000EFD0CEF165D583475500194693056500AC
:10D15000A30FF100BDB70149034614000355440075
:10D160008545EFE05FC1E30009E84A868D45035538
:10D170004400EFE05FC085BD034715009947631C7D
:10D18000F70203554500EFD06EEDAA840DC5B71721
:10D19000002083C7E77F09476389E7020D47638063
:10D1A000E70205476399E7008345550003554400AE
:10D1B0000146EFE00FFE0346140089454DBF0146CE
:10D1C000814513050041EFF0AFFF8355440003C5CF
:10D1D00004001546EF50FEFAF9BF930545000345DC
:10D1E00035000146EFF06FA7B727002083C7D78A25
:10D1F000E37BF5DE99473305F5021306C40091453C
:10D200001305552042054181EF309ECEB71700200F
:10D2100003C5C77FEF30FEC8F9B3B727002083C727
:10D22000F78A0355450091C7B717002083C5D77FFC
:10D23000DDBBB727002083C7278099E39545E5B379
:10D24000EFD0CEE1AA84E30005DA8347A400858B02
:10D2500095CB03455500854763F6A7028357C40065
:10D2600093F7072085E3100893856400EFF0EF9EA5
:10D27000B727002083C7D78A6396A7008D4503553B
:10D28000440055B383C5540003554400130684007D
:10D29000EFE02FF001468145D9BD03554500EFF081
:10D2A0000FAB91B303554500EFF02F8FB727002048
:10D2B0009387278003C707001377F7072380E700CA
:10D2C0001DB379719397050122D406D626D24AD090
:10D2D0004ECE52CCC1872E8463D7070AB7270020D1
:10D2E00003C5E78AEF201E85AA8431C58347050060
:10D2F0001307100B638CE7041307000D6387E70225
:10D300001307000B6396E70203474500F9476317CD
:10D31000F700035525008145EFF00FAC83C54400AD
:10D3200013858400EF802EFE21A0EFF03FC701C5DA
:10D330002685EF200EF4A164A18CB25022542685DC
:10D3400002599254F249624A4561828083474500FE
:10D35000E5F30356850083556500035525003729FD
:10D3600000201309098C23000900EFF02FB0834738
:10D370000900DDDFB717002003C5C77F23000900C0
:10D38000EF303EB275B793F725009DC38145014547
:10D39000EFE02FFCB7270020934424009387E78A0F
:10D3A000854511E1894503C50700EF205EBB71B7D4
:10D3B00093F715006381070EB729002083A7898C96
:10D3C000B72400209389898C03DA470083A7448C13
:10D3D0009384448C85E33727002037F60600C16527
:10D3E0001307478D8946130646C0FD150545EFA076
:10D3F0008E8488C08C40134414008DED83A70900EF
:10D400000146854503D5470093140401C180EFE030
:10D410009F9683A7090001468D4503D54700EFE09D
:10D420009F95B717002003C5C77FEF309EA7EFE099
:10D43000AF9821B7372900200356498D9308F00F84
:10D44000094881471307E10074005285EFA04ED5CB
:10D450001309498D11ED0346D1008347C10022060F
:10D460005D8E19C69C40528583D5A700EFF00FA0B2
:10D47000884003560900C1658146FD15EFA02EC600
:10D4800088C093140401C18035D9B7270020854591
:10D4900003C5E78A19BF93F745008144E38F07E886
:10D4A00093C4450059BD83462500D14763E4D7287E
:10D4B00037F70600939726001307879FBA979C4378
:10D4C000011122CC06CE26CA4AC84EC62A848287BB
:10D4D0008347150037290020C5EBB7250020B72466
:10D4E00000204146938585D6138544D49730F91F93
:10D4F000E78040E0B72900203DE9138644D4C145C8
:10D500000945EF30FE9E138649D5C1450D45EF30E4
:10D510003E9EB717002003C5C77FEF309E98372582
:10D520000020930534001305C5D719469730F91F1D
:10D53000E78000CF8547232EF9D2B727002003C507
:10D5400057D68545EF20BEA10325C9D3B7270020B4
:10D5500083A7878DB5C703A3070063030306A285CE
:10D560006244F240D2444249B24905610283B72580
:10D5700000204146938585D2138549D59730F91F00
:10D58000E78040D73DD961BF9947232EF9D26DBFBF
:10D59000034715008347350031E709476399E702E0
:10D5A000372700208327C7D38145014593F7F7F03C
:10D5B00093E70702232EF7D2EF601EC2A300A40058
:10D5C000F2406244D2444249B24905618280054733
:10D5D000814501456395E700EF601EAFC5B7EF6079
:10D5E000BE9DE9BF0947E38DE7FCB727002003A5EF
:10D5F000C7D341991365650023AEA7D281BF834786
:10D600001500B7240020BDEB8D47639AF604372739
:10D6100000208347C7D193968701E18663DD06002A
:10D6200093F7F707230EF7D0B727002003C557D687
:10D630008945EF20DE9283A7C4D3914613F7F70004
:10D640006318D700C19B93E7570023AEF4D2B5A06F
:10D650008946E307D7F6C19B93E72700FDB703A7E9
:10D66000C4D3B7270020238C07D09546937707FFB4
:10D670003D8B631FD70493E74700C1BF83A7C4D383
:10D68000C19B93E76700D1B7B724002083A7C4D319
:10D6900003471500C19B0DE793E7470023AEF4D283
:10D6A0000356A50093054500034535009146EFF06C
:10D6B0004F8DB7270020238C07D003A5C4D379B59D
:10D6C00093061003E31FD7FA37270020230C07D057
:10D6D00093E737009DBFEFF07F8C3727002083272B
:10D6E000C7D3954613F6F700C19B13E537006314C3
:10D6F000D60013E52700232EA7D289BD37270020A7
:10D700008327C7D30346150093F7F7F00DE24D4684
:10D71000639CC60093E70701232EF7D28327C7D364
:10D72000370500015D8D1DB593E70702F5B793E757
:10D730000703DDB7828003470500930610096307DE
:10D74000D7009307000D6306F70482808346150017
:10D7500039476392E604835645000567130757402F
:10D76000639BE60218459307F0078305370063843F
:10D77000F502B727002083A7878D91CF03A3470029
:10D78000630B03008347270003451700A2075D8D45
:10D7900002836FF05FD1828001119397050126CA41
:10D7A00006CE22CCC187AE8463DB070CB7270020EE
:10D7B00003C557D6EF200EB82A8419C9B727002011
:10D7C00083C7B7D189EFEFF01FF72285EF206EAA4C
:10D7D0002165258DF2406244D244056182808347F1
:10D7E00005001307000D6390E7068347250081E7D6
:10D7F000EFF07FF409A81547639FE7000347C500D2
:10D80000A147E392E7FCB727002003C527D8A285EC
:10D81000EF204EBA75BF2147E38CE7FC994663952C
:10D82000D70083477500F1BF1D47E39EE7F8035516
:10D830004500EFD0AE8251D90347C500A1472285EC
:10D84000E313F7F8C9B71307200AE38EE7F61307C7
:10D850001009E39FE7F803471500B947E31AF7F803
:10D8600003574500856793875740E313F7F818453A
:10D870008347270003451700A2075D8D5DBF93977F
:10D88000150163D20702372600201306C68D914585
:10D890001145EF30EEE5B717002003C5C77FEF3025
:10D8A0004EE011653DB793F71500D5C3B7270020AB
:10D8B00083C787D1B5C3EFD02EA9B727002083C770
:10D8C000C79C636EF5048D472302F100B727002043
:10D8D00083C797D14C002306F100B727002083C7E8
:10D8E00087D7A306F100B727002003C557D6EF60FE
:10D8F000AEA61DC1B727002003A5C7D34199136564
:10D90000650023AEA7D2B727002083A7878D89C7DC
:10D910009C4399C38145829713C5140065BDB72701
:10D92000002083C7A7D1B725002019462302F100A4
:10D93000B727002083C707D4938505D2130561005C
:10D94000A302F1009730F91FE780808D41B793F76C
:10D9500025000145E38007E8B727002083C7C7D12A
:10D96000858B8DCBB727002003C557D6EF60CECF70
:10D9700015C1B727002003A5C7D31375F5F023AE53
:10D98000A7D2B727002083A7878D89C79C4399C357
:10D990008145829713C5240035BD797122D426D2E2
:10D9A00006D6AA842EC6328436C43AC23EC0EFC020
:10D9B000FEEA39C50358E500B24582471247A24640
:10D9C000636DB800636B0401035605016317D6004D
:10D9D0000356250161456300E602231CB1003E8623
:10D9E0002C082685231D8100231ED100231FE10062
:10D9F000EFC0DED60145B250225492544561828078
:10DA00005145D5BF0111B727002006CEA38EA7B27E
:10DA100091C52E8532C6EFE09FCD3246B727002054
:10DA200083A7C7D3B1E309C6B727002023ACC78CAF
:10DA300037260020B725002037250020F240034676
:10DA4000E6D183C545D6034555D6B72700203727ED
:10DA50000020B72600209387C78D130747D59386EC
:10DA600046D405616F706EC5F24045450561828000
:10DA7000B727002083C7C79C91EB61458280614531
:10DA8000B24022449244024941018280411126C29F
:10DA9000B724002022C403C454D606C64AC0930744
:10DAA000F00FE31EF4FC37D5060013058579EF204F
:10DAB0005ECDA382A4D6E30485FCB727002023AC67
:10DAC000078CB7270020114723AE07D2B7270020C5
:10DAD0002382E7D6B7240020EF50EEA541468145CA
:10DAE000138544D49720F91FE780A07A37240020BB
:10DAF00041468145130544D59720F91FE780607999
:10DB0000B7270020238D07D0B72700201D4723808B
:10DB100007D4B7270020A38CE7D037290020B727E8
:10DB20000020138644D4C1450945238C07D6232EF3
:10DB3000098CEF302E91130644D5C1450D45EF30C9
:10DB40006E90372500204146938544D4130585D631
:10DB50009720F91FE780C06C3725002041469305C8
:10DB600044D5130585D29720F91FE780606B130613
:10DB7000C98D91451145EF30EE8C014511B7FD5728
:10DB800037270020A302F7D637270020130787B3D3
:10DB9000A302F7002303F70037270020854623025E
:10DBA00007D637270020230CD7D0372700209946E7
:10DBB000232E078C37270020231CD7D20567130795
:10DBC00007C8B72600202391E6D437270020230F6B
:10DBD00007D037270020A30D07D0372700202301C7
:10DBE000F7D8372500208D4737270020A30EF7D020
:10DBF0001946372700208145130505D22303F7D2A4
:10DC00001723F91F6700E368930705D04111C20786
:10DC100022C406C6C18351472E84636AF70E37F7C4
:10DC200006008A071307C7A4BA979C438287B727C1
:10DC3000002083C747D62300F4003DA0B72500206D
:10DC40004146938545D422859720F91FE780405DA2
:10DC500021A8B72500204146938545D5EDB7B727C4
:10DC6000002083A7C78D9CC18147B24022443E85D6
:10DC700041018280B725002019469385C5D7E1B7B9
:10DC8000B727002083C787D17DB72E85EF60CEE10F
:10DC9000E1BF2E85EF60CEE3C1BFB727002083C769
:10DCA000A7D151BFB727002083C707D469B7B725CD
:10DCB00000201946938505D279B7B727002083C77E
:10DCC00097D195BFB727002083C787D7ADB7B727B0
:10DCD000002083A7C7D385B7B727002083C7E7D124
:10DCE00099BFB727002083D787D32310F400ADBF97
:10DCF000B727002083D727D4CDBFB727002083C7FD
:10DD0000D7D115BFB727002083C767D22DB7130718
:10DD100000048947E36BA7F4EF40BEFA2310A40088
:10DD2000A1B79307F5CFC207C1834D472E88636D16
:10DD3000F722B7F606008A07938606AAB6979C4391
:10DD4000411106C6B2858287C146E1476310D804F7
:10DD5000372500204146130545D49720F91FE78059
:10DD6000204C25A0C146E1476312D8023725002088
:10DD70004146130545D5D5B79146E1476318D8000C
:10DD80001842B727002023AEE78C8147B2403E857A
:10DD9000410182808546E147E31AD8FEB72700207B
:10DDA00083C6050003C687D1238CD7D0814705C61B
:10DDB000F1FE372700200327C7D389463D8B630533
:10DDC000D7009546E314D7FCB727002003C557D6E4
:10DDD000EF501EF05DBFDDDAB726002083A6C6D364
:10DDE00063860601BD8AF516E362D8FAB7270020DC
:10DDF00003C557D68545EF208E9641BF9307C01CBB
:10DE000063E00717630E0614B240428541016F605C
:10DE1000AE9A9307C01C63E5071563030614B2406E
:10DE2000428541016F604EAA8546E147E310D8F66E
:10DE300003470600A946E3EBE6F4B7270020238D4D
:10DE4000E7D0A1B78546E147E312D8F403470600BF
:10DE50008D46E3EDE6F2B72700202380E7D435B7FF
:10DE60009946E147E314D8F23725002019461305F7
:10DE700005D2E5B58546E147E31AD8F00347060029
:10DE80009D46E3E5E6F0B7270020A38CE7D0F5BD7B
:10DE90008546E147E31CD8EE034706008D46E3E7DD
:10DEA000E6EEB7270020238CE7D6C5B58546E147C7
:10DEB000E31ED8EC03470600B7270020238FE7D0E6
:10DEC000E9B58946E147E313D8EC03560600056738
:10DED0001307A7C79306A6FFC206C182E368D7EA65
:10DEE000B7270020239CC7D24DB58946E147E31FE1
:10DEF000D8E80356060005671307A7C79306A6FFD1
:10DF0000C206C182E364D7E8B72700202391C7D4B3
:10DF1000ADBD83450600B7270020A38EB7D0B72735
:10DF2000002003C667D20145EF009FB7B9BD034685
:10DF30000600B72700202383C7D2B727002083C558
:10DF4000D7D1D5B79307000463EEA70009478947E7
:10DF5000E31EE8E2B2408355060041016F500EAC6B
:10DF6000E1472DB589471DB59307000463E9A70074
:10DF7000094789476396E50083550600C5B7894779
:10DF80003E8582806F009FAC6F003FB6014881479D
:10DF90006F005FAD011106CE2AC6EFC03E8C09C9E5
:10DFA000B245F240034505004D4605616F506E9D38
:10DFB000F2404945056182806F00DFAE6F003FB3DC
:10DFC0006F009FAA6F00FFB26F00FFB2411106C63B
:10DFD000EF20DFD5379505001305A534EF206EFA45
:10DFE000EFB0AE9D373505001305C52CEF206EF957
:10DFF000EF508EA937650500130545B5EF206EF883
:10E00000EF703EB237C50500130545CDEF206EF722
:10E01000EFD03EE037D506001305252CEF206EF635
:10E02000EFE09F8C3795050013054583EF206EF5D3
:10E03000EFA06EFCB24041016FD00FC6411106C681
:10E04000EF703FC6379505001305A534EF206EF33A
:10E05000EFB0AE96373505001305C52CEF206EF2F4
:10E06000EF508EA237650500130545B5EF206EF120
:10E07000EF703EAB37C50500130545CDEF206EF0C0
:10E08000EFD03ED937D506001305252CEF206EEFD3
:10E09000EFE09F853795050013054583EF206EEE71
:10E0A000EFA06EF5B24041016FF09F9C4111370720
:10E0B000002006C6B70700201307C75098C33717BC
:10E0C000002013076712D8C3371700201307C70EA5
:10E0D00037160020B705002037E5040098C713065F
:10E0E000066F938505041305052B9720F91FE7801C
:10E0F00060F237260020B715002037F5060013061A
:10E1000086809385056F130585C29720F91FE780E8
:10E1100060F0B24041011723F91F6700C3F0976117
:10E12000F91F938121EE1781F91F1301A16D1705C6
:10E13000FEFF130525159725F91F9385A5ED1726D5
:10E14000F91F130626F063FCC5008322050023A0F7
:10E15000550011059105E3EAC5FEEFF03FF57300A8
:10E16000203011CE93070002918F635BF00033558E
:10E17000C500B397F50033D6C5005D8DB2858280AA
:10E18000130506FE014633D5A500B285CDBFB6877F
:10E19000B2882A832E88639D061463F9C50A4167F5
:10E1A000636EE61AB70700016363F634935686017F
:10E1B000E147171700001307E79336970347070057
:10E1C000BA97130700021D8F19CB3398E500B35798
:10E1D000F500B318E60033E807013313E50013D662
:10E1E00008013355C80293960801C1829357030171
:10E1F0003377C802B385A60242073368F700637A13
:10E20000B80046989307F5FF636418016367B83058
:10E210003E853308B8403357C80242031353030105
:10E220003378C802B386E602420833686800637B2D
:10E23000D80046989307F7FF636518017917636361
:10E24000D8003E874205598D8145828001E6054709
:10E25000B358C702416763EAE80EB707000163ECF1
:10E26000F82893D68801E14717170000130787881D
:10E27000369783460700BE9693070002958FE5EB1D
:10E28000939E08013387154113DF080193DE0E01C9
:10E290008545935703013355E7033377E703B30607
:10E2A000D5034207D98F63FAD700C6971307F5FF46
:10E2B00063E4170163E6D7263A85958F33D7E703E2
:10E2C000420313530301B3F7E703B30ED703C207A7
:10E2D000B3E7670063FBD701C6979306F7FF63E5D3
:10E2E0001701791763E3D70136874205598D82807C
:10E2F00063E2D504C16763E2F604B707000163E493
:10E30000F61E13D786016148970700009387877E22
:10E31000BA9703C70700130E00024297330EEE4070
:10E32000631A0E0C63EDB61C3335C500134515009A
:10E33000814582808145014582809307F00F63F318
:10E34000D71C13D786002148C1B71307F00FC68624
:10E35000E37C17F193D68800A14739B71307F00F74
:10E36000B286E378C7E493568600A14799B5B3987F
:10E37000F80033D6D50013DF0801335EE603339788
:10E38000F500B356D500558F939E080193DE0E011C
:10E390003313F50093550701B376E603B387CE0335
:10E3A000C206CD8E63FBF600C6961306FEFF63E43D
:10E3B000161763F2F616791EC6969D8E33D6E603BF
:10E3C00093170701C183B3F6E6033385CE02139793
:10E3D00006015D8F637BA70046979307F6FF63688E
:10E3E00017136376A7127916469793150E01098FB6
:10E3F000D18D45B5B357E600B396C601DD8E33D354
:10E40000E50013DF0601B357E303939E060193DE95
:10E410000E013398C5013357E5003368070193585F
:10E4200008013316C6013373E303B385FE024203CA
:10E43000B368130163FBB800B6981387F7FF63EA6C
:10E44000D80C63F8B80CF917B698B388B84033D72E
:10E45000E803420813580801B3F8E8033383EE02D7
:10E46000C208B3E5080163FB6500B6951308F7FF22
:10E4700063EDD50863FB65087917B695C207416F50
:10E48000D98F1307FFFFB3F6E70093D80701718F09
:10E490004182B38EE602B3856540B386C60213D8C7
:10E4A0000E013387E802BA96C2963386C80263F338
:10E4B000E6007A9693D80601469663E2C502638524
:10E4C000C5003E858145828041677D17F98EC20671
:10E4D000B3FEEE003315C501F696E374D5FE138541
:10E4E000F7FF8145828013D70601414831BD93561D
:10E4F0000601C1477DB993D60801C147B5B381452F
:10E50000054582803687014801B5428785BF3E8632
:10E51000E9BDBA871DBF328E4DB579154698D5B97C
:10E520007915C69759BBB3C7A5008D8B3307C500B6
:10E5300081E78D4763EEC700AA876370E50A83C64B
:10E54000050085078505A38FD7FEE3EAE7FE8280F5
:10E5500093763500AA8791CA83C60500850785058D
:10E56000A38FD7FE93F63700FDB79376C7FF1386C8
:10E5700006FE63F0C70683A3050083A2450083AFB0
:10E58000850003AFC50083AE050103AE450103A3BB
:10E59000850183A8C5019385450223A0770003A8C0
:10E5A000C5FF23A2570023A4F70123A6E70123A850
:10E5B000D70123AAC70123AC670023AE17019387B5
:10E5C000470223AE07FF75B790419107910523AE2F
:10E5D000C7FEE3EBD7FEE3E4E7F68280F401FA003E
:10E5E000960064004B0032001E001400FB349B5F59
:10E5F000800000800010000000000000164D0500A3
:10E60000904D0500084E0500084E0500A44D05007C
:10E61000084E0500C04D0500DE4D0500084E050002
:10E62000F44D0500A61A050004670500E01A050070
:10E63000947505005C1B050060750500161C05003F
:10E640002C750500B21C0500A8800500001D050002
:10E65000A88005005A1D0500FA7F0500161C05005C
:10E66000CC740500EE1D05001C78050000000000BC
:10E6700000000000381E0500A8780500AA1E05004D
:10E680008867050006B6050006B605002CB605002D
:10E6900044B605004CB6050054B605005CB605004E
:10E6A00064B605006CB6050074B605007CB60500BE
:10E6B000B6B60500BEB6050084B60500010102012C
:10E6C0000201010201020404060104010101010129
:10E6D0000404020104000000010102010201010220
:10E6E0000101040406010401010101010401020108
:10E6F0000100000006C4050012C4050054C4050052
:10E700007AC5050084C50500C8C505000AC6050010
:10E7100048C6050080C605001AC50500B4C6050038
:10E7200040C70500A4D3050082D30500A4D6050088
:10E7300000D705000CDA050026D805006CD80500C6
:10E74000B0D80500E8D805002CD9050082D3050013
:10E7500070D90500E6D905000000000000000000A7
:10E760000000000000000087070B0D1113171D1F8C
:10E7700025292B2F353B3D4347494F535961FF0016
:10E78000DA0606000E0706002E0806005E060600E2
:10E79000CE080600380906000C0906009E0906008E
:10E7A0001C0A060070060600DE0706008607060043
:10E7B00010320600EC3F0600E63206004E4006002E
:10E7C0000A330600AA330600D83306001C340600BC
:10E7D000583F0600C83E06007C350600A8350600F6
:10E7E0001A360600C0360600383E06004A3D0600CE
:10E7F000583C06006229060072370600C63706003C
:10E8000022420600BA410600F8370600A039060089
:10E81000F43A06007E3B0600A8480600C642060001
:10E82000944206008A4506005A4506002C4506001B
:10E83000EC440600BE4406008E46060092460600E2
:10E84000DA430600964606009A4306009A460600FA
:10E850009E460600A2460600864606008A4306003B
:10E86000524306008A46060030430600244606004E
:10E87000C24506009842060043483539785F424C4D
:10E88000455F4C49425F56312E33410068C2060055
:10E8900076C2060082C206008CC2060096C206003E
:10E8A000B6C20600C2C20600CCC20600D8C206002C
:10E8B000E2C20600ECC20600F6C2060000C3060073
:10E8C0000CC3060016C3060020C3060086C306005C
:10E8D0002AC3060034C306003EC3060048C3060030
:10E8E0005CC3060086C3060086C3060086C3060016
:10E8F00086C3060086C3060086C3060086C30600DC
:10E9000086C3060066C3060052C3060086C306001F
:10E9100070C306007CC30600F6C906002ACA0600BA
:10E9200050CA06006ACA060082CA06009ECA0600CD
:10E93000C0CA0600D4CA0600F2CA06000CCB060004
:10E9400028CB060042CB06005ACB06006ECB060051
:10E950008ACB06009ECB0600BCCB06007CCD060011
:10E9600094CD0600AECD0600D0CD060080CF0600C7
:10E970002CCE0600E0CB060046CE06005ACE06009E
:10E9800038CC060038CC060010CD06001ECD06009F
:10E9900062CE0600FACD060076CE0600F0CE060066
:10E9A00046CF0600A4D20600E6CF0600E6CF06005A
:10E9B000DAD106008AD00600C8CF06009AD2060037
:10E9C000E6CF060078D106001AD20600E6CF060090
:10E9D000E6CF0600E6CF0600E6CF0600E6CF06004B
:10E9E000E6CF0600E6CF0600E6CF0600E6CF06003B
:10E9F000E6CF060046D00600D0D40600C0D50600FB
:10EA000090D50600FED50600FED5060088D6060085
:10EA1000D6D60600C0D50600C0D50600C0D5060073
:10EA2000C0D50600C0D50600C0D50600C0D506007A
:10EA3000C0D50600C0D50600C0D50600C0D506006A
:10EA4000C0D50600FCD60600FCD606002EDC06006B
:10EA50003CDC060052DC06005EDC060074DC0600CE
:10EA600080DC06008ADC060092DC06009ADC0600E8
:10EA7000A4DC0600AEDC0600BADC0600C4DC06003E
:10EA8000CEDC0600D8DC06000EDD06000EDD06003A
:10EA9000E2DC0600F0DC0600FADC060004DD06001D
:10EAA00048DD060064DD060078DD060044DF060070
:10EAB00094DD0600FCDD060012DE060028DE0600FE
:10EAC00044DE060060DE060074DE060090DE06000E
:10EAD00044DF0600ACDE060044DF060044DF06002B
:10EAE000C2DE0600EADE060012DF06002EDF0600A8
:10EAF00000010202030303030404040404040404E5
:10EB000005050505050505050505050505050505B5
:10EB10000606060606060606060606060606060695
:10EB20000606060606060606060606060606060685
:10EB30000707070707070707070707070707070765
:10EB40000707070707070707070707070707070755
:10EB50000707070707070707070707070707070745
:10EB60000707070707070707070707070707070735
:10EB70000808080808080808080808080808080815
:10EB80000808080808080808080808080808080805
:10EB900008080808080808080808080808080808F5
:10EBA00008080808080808080808080808080808E5
:10EBB00008080808080808080808080808080808D5
:10EBC00008080808080808080808080808080808C5
:10EBD00008080808080808080808080808080808B5
:10EBE00008080808080808080808080808080808A5
:0AEBF000020000000CEC0600012AF0
:02EBFC00A62A47
:02EC00000328E7
:02EC04000229E3
:02EC0800002AE0
:02EC0C000018EE
:02EC10000118E9
:02EC14000228D4
:02EC1800042ACC
:02EC1C000028CE
:02EC20000128C9
:02EC2400052ABF
:10EC2800020000001CEC060001000000F0EB0600EA
:10EC38000200000000EC060001000000DF170020C1
:10EC48000200000008EC06000100000000000000BF
:10EC58000200000000EC060001000000DC170020A4
:10EC680002000000F8EB0600010000005018002028
:10EC78000200000000EC060001000000E017002080
:10EC88000200000018EC060001000000E417002054
:10EC98000200000000EC060001000000DE17002062
:10ECA80002000000FCEB060001000000DD17002058
:10ECB800A4480500FA490500000000000200000011
:10ECC8001CEC060001000000F01700200200000004
:10ECD80000EC060001000000FB1700200200000005
:10ECE80024EC060000000000000000000200000004
:10ECF80004EC060003000000000000000000000013
:10ED08004469050000000000C3812F0102010202CE
:10ED1800020000005000A0000000E803FFFF000010
:10ED28000200000010EC06000100FF2001050201AE
:08ED38000110010100000000C0
:00000001FF
