:020000040000FA
:040000006FD00400B9
:101000006F00D03E00000000000000009020002093
:10101000A4220020A9BDF9F55C23002000000000F7
:10102000000000005C230020902000200000000051
:101030000000000090200020000000009020002010
:101040000000000090200020902000209020002030
:1010500090200020902000205C2B00209020002079
:101060000000000090200020902000209020002010
:1010700090200020C22300209020002090200020FB
:101080009020002090200020902000209020002020
:101090009020002001A04111B7170040985F3AC688
:1010A000945F3247E39CE6FE3245410182800111A4
:1010B00013078008F337078093F787083EC20100C3
:1010C0000100B7170040930570052380B70413068D
:1010D00080FA2380C7040100010083C6B70493F699
:1010E000F60DA385D704238007049246F3A6068055
:1010F0000100010093760502D5CEF336078093F602
:10110000860836C4010001002380B7042380C70489
:1011100001000100B70614007D89558D88C70100C4
:1011200001000100010023800704A246F3A6068007
:101130000100010073370780137787083AC6010062
:1011400001002380B7042380C704010001000100CF
:1011500001003727004093061005A303D7802380A2
:101160000704B247F3A70780010001009307800836
:10117000F3B7078093F787083ECE01000100B71749
:101180000040130770052380E704130780FA2380CB
:10119000E7040100010003C7B70413670708A3852C
:1011A000E70423800704F247F3A70780010001004A
:1011B0000561828093760504BDC6F336078093F6F9
:1011C000860836C8010001002380B7042380C704C5
:1011D00001000100B7061400938606047D89558D31
:1011E00088C7010001000100010023800704C246F6
:1011F000F3A6068001000100733707801377870884
:101200003ACA010001002380B7042380C70401000B
:1012100001003727004093062005A303D7802380D1
:101220000704D24781B773370780137787083ACC12
:10123000010001002380B7042380C70401000100DE
:1012400098471367070C98C723800704E24719BF24
:101250000111814601468145114506CE812C930737
:101260008008F3B7078093F787083EC601000100A6
:10127000B7170040130770052380E704130780FAAF
:101280002380E7040100010003C767041367170008
:101290002383E70423800704B247F3A707800100F4
:1012A0000100F2400561828041118146014681457D
:1012B0001145ED2A13078008F337078093F7870855
:1012C0003EC401000100B7170040130670052380DB
:1012D000C704930680FA2380D70401000100FD555E
:1012E0002396B70223800704A245F3A505800100D9
:1012F000010073370780137787083AC601000100A1
:101300002380C7042380D7040100010003C76704BA
:10131000136717002383E70423800704B247F3A76A
:1013200007800100010001A0BD473305F50201005F
:101330007D1575FD8280411122C426C206C6AA848D
:10134000014463179400B2402244924441018280D8
:1013500005041305803E4204C13F4180DDB7000013
:101360009305000273A04580824573901534924026
:101370002242B2424243D2436244F2440255925561
:101380002256B2564257D2576258F25806499649E9
:10139000264AB64A464BD64B664CF64C065D965DE1
:1013A000265EB65E465FD65F09617300203041114C
:1013B000B7170040985F3AC6945F3247E39CE6FE59
:1013C000324541018280B71700401307000323888C
:1013D000E7028547171700002326F7EE7300203039
:1013E000411122C406C6370400201C408297F5BF75
:1013F0002303048015472303E48001002302A48013
:10140000828083076480E3CE07FE2303048082800A
:1014100083076480E3CE07FE034544808280830710
:101420006480E3CE07FE2302A4808280411126C49B
:101430004AC24EC006C61377F50BAD47AA892E895E
:1014400095446306F70019456537653F8D444E8521
:101450004537FD59FD1463983401B240A244124946
:10146000824941018280135509011375F50F453FEB
:101470002209CDB7011126CC06CEB704080051379A
:101480001545BD37713769372AC6A53F3245937771
:10149000150089EB136515001375F50FF240E24452
:1014A00005618280FD14E9FC0145CDBF397126DC60
:1014B0004ADA4ED852D656D45AD25ED006DE62CE22
:1014C00066CCB7E700E07D5783AA070022C603AACF
:1014D000470023A0E71823A2E718B7170040130717
:1014E00070052380E704130780FA2380E70483C78D
:1014F0004704930B75FFB684E20793FBFB0F854609
:10150000AA892E8B328937240040E187015763FA7C
:1015100076016308D5008946130700026313D500DE
:101520000157D98F93F7F70FB71C00402382FC04B3
:1015300011472303E4801305F00F5D3D094CD135BD
:10154000636D7C11B7050700DA9537870700795579
:1015500063F2E504B3879500636EF702370B08006A
:10156000A94733EB65016399F90689E48144513D4C
:1015700026850DA0DA850945553D05090345F9FF86
:10158000FD14050B693D81C49377FB0FFDF7DD3535
:1015900069FD7D55B7170040130770052380E704E8
:1015A000130780FA2380E70403C74704418B238293
:1015B000E704F250B7E700E023A0571123A2471138
:1015C000E25432445259C259325AA25A125B825BD7
:1015D000724CE24C21618280A5476395F9068569CA
:1015E0001309F00FB3069900B3742B01B694134995
:1015F000F9FFB3749900856B33796901416B938767
:10160000F9FFB3F7270199E363FC340193D949004B
:10161000C147E3E637FF99BF0569C1697D19D9B7AD
:101620001305800D63886901130500026384790145
:1016300013051008CA85DD3B353D21DD4E99B38485
:101640003441D9B7DA852D45D533CA94E30099F2F0
:1016500005097D3BA30FA9FED5BF9387F9FF93F73B
:10166000F70F6361FC0C83C71C0413073008631F6A
:10167000F70437070800636BEB04B3079B00B7065A
:10168000100063F5D704334BEB0089476393F906E9
:101690008980D549E38C04ECDA850945413B110981
:1016A0000327C9FF91472320E48003076480E34EAA
:1016B00007FE23033481FD17EDFBFD14110B81C4DC
:1016C0009377FB0FE9FF7D3371F5E1B5B717004064
:1016D00003C75704B70708001377070219E3B78752
:1016E00007007955E378FBEA33079B00E3FFE7F84F
:1016F00055B58547E382F9F2DA852D45053B938997
:10170000F4FFE38504E6293393F7390091EB832650
:1017100004800327090093074900E39AE6E43E8921
:10172000CE84F1BFB5476396F9001305900BC9311C
:1017300035BDB1471305B00AE38BF9FE99476391B4
:10174000F904B7050800B365BB002D45C5318144D8
:101750008D4BA1497539639674018327048023203A
:10176000F9008504E39834FF8327048013172B01C5
:10177000635507002312F900D5BB2322F900FDB3FE
:101780009D476399F90281451305B0044531BD4475
:101790002320090023220900FD599D3993F7740085
:1017A000CA9703C70700FD14398D2380A700E3966D
:1017B00034FF6DBBA1476392F9046D398144630D19
:1017C0000B008D479304C0036308FB0093040005DE
:1017D00063048B01930440041375C507E30895D88F
:1017E0001945393139390545213126850D390945E4
:1017F0003D314931E31C05D669BB91476399F90036
:1018000013056006F536F53E130590090DB7E38F15
:1018100009D4F154A9BBBD66014717360000130671
:101820006637938606A685458347060093F7F70F2C
:1018300091C382800507E3F9E6FE97370000238B0A
:10184000B734DDB77D166206618693178601E1879E
:1018500063D4070001458280931726003307F50003
:10186000AE9718439C4363E7E7007D16E37FF7FCE0
:101870007D55828005458280FD15E205E18513973F
:101880008501618793F7F50F63480700FD151397EE
:1018900025002A97584365D713851700620561858F
:1018A00082803308B5021C4283A80600B335B50216
:1018B000C29733B50701AE98469585486367B50072
:1018C0006394A50063E3070181480C43C6950CC3EC
:1018D00088C21CC282808147139787016187634356
:1018E000B7008280139727002A97232007008507D7
:1018F000E5B78147014793968701E18663C5B60046
:1019000013351700828093962700AA969442850784
:10191000558FD5B793D755408A07AA979C4305455D
:101920003315B5007D8D828017F3FFDFE702A33BFF
:101930002A84993705C5931725003E940327C4FFD1
:10194000814711EB7D1516053E954205418517F33C
:10195000FFDF6700833B05838507E5B70145C5BF0A
:1019600081471397870161876343C700828013977C
:101970002700B386E50094422A97850714C3D5B79C
:101980007D1662066186014793178601E18763D55C
:10199000070013351700828093172600B306F50061
:1019A000AE9794429C437D16B58F5D8FF1BF8A053B
:1019B000AA9501476363B500828083A6C5FFF11530
:1019C00093D71600D98F9CC11397F601E5B72A83E8
:1019D0000148014701456343D7008280B387050171
:1019E00083A80700B30706019C43C697AA976384A0
:1019F000F80033B517010507B3080301620723A0F8
:101A0000F80061871108C1BF2A830147814701455A
:101A100063C3D70082803388E50083280800330E33
:101A2000E600032E0E003388A8403308C8416384C3
:101A3000080133B508018507B308E300E20723A0D6
:101A40000801E1871107E9B717F3FFDFE702A329D0
:101A50000111B286B2842E86AA850A8575372A843A
:101A6000A6850A85793533348000060413351500C0
:101A7000018D056117F3FFDF6700232917F3FFDFEF
:101A8000E702E3234111AA89AE8A328BB68402C2EF
:101A900002C402C60144131C8401135C8C416349D7
:101AA0009C02939B1400FD1B0549138CF4FFF15C11
:101AB0003304890162046184634D740592478E0486
:101AC000CE9423AEF4FE410117F3FFDF6700A3229B
:101AD00013192400B30B2B01014A93172A00D69740
:101AE00083A50B0088437800340050005D3B050A55
:101AF00093178A01E187F11BE351FCFE92474E994F
:101B000005042320F900A2473EC2B24702C63EC4E4
:101B100059B7131A8901135A8A41131D24009317C8
:101B20008A01E18763CF970092470A044E941CC054
:101B3000A24705091379F90F3EC2B24702C63EC457
:101B400085BFB3079A0313152A00569508417800FC
:101B500034005000050AEA97DA978C439933C1B7ED
:101B6000197106C212C416C61AC81ECA22CC26CEC5
:101B70002AD02ED232D436D63AD83EDA42DC46DEED
:101B8000CAC0CEC2D2C4D6C6DAC8DECAE2CCE6CE5D
:101B9000EAD0EED2F2D4F6D6FAD8FEDA97050000F3
:101BA0009385C5718841E700050092402242B24208
:101BB0004243D2436244F244025592552256B256F1
:101BC0004257D2576258F25806499649264AB64AB1
:101BD000464BD64B664CF64C065D965D265EB65E71
:101BE000465FD65F09617300203000009721002016
:101BF00093814141175100201301C1C017F5FFFF28
:101C000013058540970500209385C53F17160020D2
:101C10001306C6FD63FAC5008322050023A0550004
:101C200011059105E3EAC5FE17A501001305850C12
:101C300097150020938585FB1716002013068665EF
:101C400063FAC5008322050023A055001105910504
:101C5000E3EAC5FE171500201305C563974500206C
:101C60009385453F6377B500232005001105E36D9B
:101C7000B5FEFD42739002BC8D4273904280B72244
:101C80000000938282887390023097020020938232
:101C9000623793E232007390523097420000938291
:101CA000C29B739012346FC0A43573002030397119
:101CB00001436EC619A0397141536AC866CA62CC25
:101CC0005ECE19A0397101535AD056D252D44ED695
:101CD0004AD826DA22DC06DE3301614082824111D5
:101CE0004AC026C222C406C68282B24D4101024DBC
:101CF000924C224CB24B4101024B924A224AB249C9
:101D00004101024992442244B240410182803D4354
:101D10002A876373C3029377F700BDEFADE593762F
:101D200006FF3D8ABA960CC34CC30CC74CC741078B
:101D3000E36BD7FE11E28280B306C3408A069702A6
:101D4000000096966780A6002307B700A306B70099
:101D50002306B700A305B7002305B700A304B70007
:101D60002304B700A303B7002303B700A302B700FF
:101D70002302B700A301B7002301B700A300B700F7
:101D80002300B700828093F5F50F93968500D58DDB
:101D900093960501D58D61B79396270097020000B1
:101DA00096968682E78086FA9680C1171D8F3E96AA
:101DB000E374C3F8A5B73367B500FD530D8B79E71E
:101DC000B7877F7F9387F7F710419441B372F6008E
:101DD0003363F600BE92B3E262006397720C63183D
:101DE000D6065041D441B372F6003363F600BE927A
:101DF000B3E262006398720A631BD60410459445EF
:101E0000B372F6003363F600BE92B3E262006391F0
:101E1000720A631ED6025045D445B372F60033638E
:101E2000F600BE92B3E26200639A72086311D602B2
:101E300010499449B372F6003363F600BE92B3E2E0
:101E40006200639372085105D105E30FD6F61317AC
:101E5000060193970601631CF7001357060193D7F9
:101E600006013305F7409375F50F91E982804183B0
:101E7000C1833305F7409375F50F91E182801377A5
:101E8000F70F93F7F70F3305F740828003460500FD
:101E900083C60500050585056313D60065FA33057D
:101EA000D640828011059105E312D6FE014582805D
:101EB0002105A105E31CD6FC014582803105B10551
:101EC000E316D6FC014582804105C105E310D6FC2E
:101ED00001458280B717004003C777051A051377BD
:101EE000E70FA38BE70413974500598D1365350061
:101EF0001375F50FA38CA70403C7A705C18991C566
:101F000013672700238DE70482801377D70FDDBF87
:101F1000B717004003C777051377E70FA38BE704D4
:101F2000130700F8A38DE7043D47238CE70413074C
:101F30005003A38CE70403C7A7051377D70F238D9E
:101F4000E7048280371700408347A70593E717000F
:101F5000230DF7048347A705858BEDFF0355C705C0
:101F6000520551818280B717004003C7E7020D89EF
:101F700041111377C70F498F93068008F3B6068087
:101F800093F6860836C6010001009306700523808B
:101F9000D704930680FA2380D70401000100238729
:101FA000E70223800704B247F3A70780010001007E
:101FB0004101828041112A83014E930E407E130F0E
:101FC0000019930F400663E56E129308001913037E
:101FD0004006B3781503854E0D4FA14F337365024C
:101FE0000D891335150063EFBE121308F6FF79460D
:101FF00072984208135808013307C70213D6170016
:10200000BE0732976146B3F6C60213068070B386E8
:10201000C6023697A166F58F42075D8FB71600405E
:1020200083C7F60293F70708A303F1000346710084
:1020300083C7F60293F70708E394C7FE834771004E
:10204000B716004093F7F70F6388071293078008CD
:10205000F3B7078093F787083EC401000100B71764
:102060000040930670052380D704930680FA2380EE
:10207000D7040100010023AA070383C6170393E6D0
:102080000608A388D70223800704A247F3A7078086
:10209000010001001166B71700407D16D45BC85FD0
:1020A00093854703A98EF18EF5FA93068008F3B65F
:1020B000068093F6860836C6010001009306700577
:1020C0002380D704930680FA2380D70401000100FF
:1020D00098C103C7170313670704A388E702238087
:1020E0000704B247F3A70780010001004101828085
:1020F0007D133368E3039308E016630E080033682A
:10210000F3039308D016630808009378330093B85C
:1021100018009388D81633081E01131E0801135E99
:102120000E0155B56393E503054863860800014831
:10213000630303002A8871087298FD15131E0801B5
:10214000C205135E0E01C18179BD13F8150063F459
:10215000BF007908D5B713381800E5BF83C7F6026A
:1021600093F70708A303F1000346710083C7F60243
:1021700093F70708E394C7FE8347710093F7F70FBF
:10218000F1DFE9B531714AD966CB06DF22DD26DB06
:102190004ED752D556D35AD15ECF62CD6AC96EC7DB
:1021A000AA8C02D8EF00501E2A8993078008F3B743
:1021B000078093F787083EDA01000100B717004057
:1021C000130770052380E704130780FA2380E704D0
:1021D0000100010003C7F7021377770FA387E70217
:1021E00003C7F70213678700A387E702238007046A
:1021F000D257F3A70780010001000545AD3313074F
:1022000080C13347E902116A93070AE89306500236
:10221000BD69930BA004814A014B13048008930409
:1022200070057D1AB347F9023307D7023EC0FD8718
:102230003ECC938709A69309803E3347F7023AC202
:102240007D873AC4334739038549B399990193D9B6
:102250003940B306D702B30B7703B3C6F602B3CB4C
:10226000FB0236C6FD8636C893D6FB4136CEB7464E
:102270000F00938606243349D9028566938606FAB1
:10228000B3969601B389E902130760553309D90261
:1022900093060010B389E9023349D902B3C9F902A0
:1022A0009316390036CA37190040FD8636D0930D93
:1022B000090493D7F9413ED2F336048093F6860899
:1022C00036DC01000100930770052380FD009306B2
:1022D00080FA2380DD00010001008346390593F672
:1022E000860FA309D9048346390593E61600A3098E
:1022F000D90423800D00E256F3A6068001000100F8
:10230000130C80FA116DF336048093F6860836DEDE
:1023100001000100930770052380FD0023808D01DB
:102320000100010083463905216693E60602A309F0
:10233000D90483560905B3E6A6012318D9048356A8
:102340000905D18E2318D90423800D00F256F3A677
:102350000680010001008346390593F60602638B6F
:10236000061803463905218A6DDE0818EF00D005EE
:102370007336048013768608B2C201000100238000
:102380009D0023808D0101000100B717004003C6A6
:1023900037051376F60DA389C70403C63705136600
:1023A0000602A389C704835609052166B3E6A60180
:1023B0002318D90483560905D18E2318D904238004
:1023C0000D009646F3A606800100010083463905FC
:1023D00093F606026387061483463905A18AEDFE4B
:1023E00097000020E78020CBAA8636D497000020F3
:1023F000E78060CAA256E30AD5FE83560905425516
:10240000B3E6A6012318D904EF00C07D8346390541
:10241000A18AEDDE035609058346290582473376F6
:10242000CA00B306DA0293D5F641B296B388F640F5
:10243000E24733B8C6002E983308F840A247B3B637
:1024400016013308D84063C70701631DF80092479F
:1024500063FA1701C247634DF80E63950701B2474F
:1024600063E8F80E894663E7660FF2469315180095
:1024700013D3F8015E8613951800B365B30042D6F6
:1024800046D4EF5011773258050B137BFB0F63478F
:10249000000163120838A258638F0836130815002C
:1024A000B336A800B69513D6F5013298B336C800F6
:1024B000AE9613581800FE06B3E606017336048084
:1024C00013768608B2C60100010023809D00238098
:1024D0008D01010001000356C902B296C206C182F5
:1024E0002316D90223800D00B646F3A6068001000C
:1024F000010011BDF336048093F68608B6C00100D2
:10250000010023809D0023808D010100010083468E
:10251000390593E60602A309D90423800D008646F7
:102520003DB5F336048093F68608B6C40100010079
:1025300023809D0023808D01010001008346390521
:1025400093E60602A309D90423800D00A6469DBD8B
:10255000E30D0BF0F336048093F68608B6C801004D
:102560000100930680FA23809D002380DD00010096
:1025700001008346390593F5FC0F93F6860FA309F6
:10258000D90483463905CD8EA309D90423800D00D3
:10259000C646F3A6068001000100130580FA034633
:1025A0003905930639051D8A63149629733604800C
:1025B00013768608B2CC01000100130680FA23804E
:1025C0009D002380CD000100010003C606001376A4
:1025D000F60D2380C60003C606001366060223809C
:1025E000C600835609051166D18E2318D904835677
:1025F00009052166D18E2318D90423800D00E646F3
:10260000F3A6068001000100130680FA834639050F
:1026100093F606026388062483463905130C3905B0
:10262000A18AFDDA08184D23F336048093F6860854
:10263000B6D001000100930680FA23809D0023801C
:10264000DD000100010083460C00116693F6F60DD3
:102650002300DC0083460C0093E606022300DC0026
:1026600083560905D18E2318D9048356090521669E
:10267000D18E2318D90423800D008656F3A6068038
:1026800001000100130680FA8346390593F606021D
:102690006385062083463905A18AEDFE9700002058
:1026A000E780609F2A8C97000020E780C09EE30CA3
:1026B00085FF8356090511664255D18E2318D9042A
:1026C00015238346390513063905A18AFDDAF33649
:1026D000048093F68608B6D401000100930680FAC0
:1026E00023809D002380DD00010001008346060059
:1026F00093F6F60D2300D60023800D00A656F3A610
:102700000680010001008356090503462905D247CA
:10271000B376DA003306CA021305800C9355F641EE
:102720003696330DF6408257333CD6002E9C333616
:10273000A601330CFC40330CCC4033088503925681
:102740004E86B335A5033305A503C295EF50714AF4
:1027500063468001631E0C16630C0D1613061500EC
:102760003335A6002E959356F5013696B335D6002F
:10277000AA959396F50105828585D18E6346B000B2
:10278000639D051A638B061A0356C9021582330529
:10279000D6003336C500B2956348B0006391052476
:1027A0001306F00F637DA622894663F3561593073F
:1027B0008008F3B7078093F78708BED601000100B1
:1027C00037170040930770052300F704930780FA3A
:1027D0002300F704010001008356C70289678117AF
:1027E000D58FC207C1832316F70223000704B6570B
:1027F000F3A7078001000100FA506A54DA544A59DD
:10280000BA592A5A9A5A0A5BFA4B6A4CDA4C4A4D20
:10281000BA4D296182801308F5FF3335A800FD15F4
:102820002E951356F5013298B336C800AA9651B1C9
:10283000F336048093F68608B6CA010001002380AF
:102840009D002380AD000100010083463905CD8E37
:10285000A309D90423800D00D646F3A60680010003
:10286000010035BBF336048093F68608B6CE01002E
:10287000010023809D002380CD00010001008346DC
:10288000390593E60602A309D90423800D00F64614
:10289000F3A606800100010095BBF336048093F691
:1028A0008608B6D20100010023809D002380CD0060
:1028B000010001008346390593E60602A309D90405
:1028C00023800D009656F3A60680010001006DBB23
:1028D0009306F5FF33B5A600FD152E959355F5012A
:1028E000AE96B3B5B600AA951396F501858269B583
:1028F000F336048093F68608B6D8010001009306EB
:1029000080FA23809D002380DD00010001008356B2
:10291000C9020566011693F6F60FD18EC206C18272
:102920002316D90223800D00C656F3A606800100A7
:102930000100850A93FAFA0F41B233E6B60045C2A8
:102940000356C9023305D0403338A000B305B04068
:10295000B385054115826345B000D1E16371A608D6
:10296000894663F0560593078008F3B7078093F70D
:102970008708BEDA01000100B71700401307700591
:102980002380E704130780FA2380E7040100010095
:1029900003D7C7027D8B2396E70223800704D6570F
:1029A00081BDF336048093F68608B6DC0100010091
:1029B000930680FA23809D002380DD000100010042
:1029C0008356C9020566011693F6F60FD18EC2062C
:1029D000C1822316D90223800D00E656B9B79307AA
:1029E0008008F3B7078093F78708BEDE0100010077
:1029F00037170040930770052300F704930780FA08
:102A00002300F704010001000356C7029397560004
:102A1000B297C207C1832316F70223000704F657B3
:102A2000C1BB914763EEB7021777010013078776A2
:102A30008A05BA959C41BA978287B717004003A7C9
:102A4000470B1345F5FF698F23AAE70A03A7070B76
:102A5000698F23A8E70A03A7070A798D23A0A70A8D
:102A60008280B717004083A6470B1347F5FFF98E06
:102A700023AAD70A83A6070B558D23A8A70A83A6E6
:102A8000070A758F23A0E70A8280B717004003A7C3
:102A9000470B498F23AAE70A03A7070B1345F5FF46
:102AA00045BFB717004083A6470B1347F5FF758F47
:102AB00023AAE70A03A7070A598D4DB7B7170040A5
:102AC00003A7470B498FEDB7914763EEB70217771E
:102AD00001001307676D8A05BA959C41BA978287F2
:102AE000B717004003A7470D1345F5FF698F23AAC9
:102AF000E70C03A7070D698F23A8E70C03A7070CB2
:102B0000798D23A0A70C8280B717004083A6470DBC
:102B10001347F5FFF98E23AAD70C83A6070D558D11
:102B200023A8A70C83A6070C758F23A0E70C82802F
:102B3000B717004003A7470D498F23AAE70C03A747
:102B4000070D1345F5FF45BFB717004083A6470D96
:102B50001347F5FF758F23AAE70C03A7070C598DC0
:102B60004DB7B717004003A7470D498FEDB7B7170B
:102B7000004003D7A70109C5D98D239DB7008280E6
:102B800093C5F5FFF98DD5BFB717004088474205BB
:102B900041819377050491EB9377F5013755E8016F
:102BA000130505803345F50282809377050C1307E2
:102BB00000046397E7009377F50137459C1CCDB778
:102BC0002165130505D0828037E700E01C4354439C
:102BD000A183E206D58F1CC1FD572320F7182322BD
:102BE000F718828013178500B7E700E023A0E710ED
:102BF000618123A2A7108280B7F700E08847CC4705
:102C00008280814737370040A14663C4C7003285C0
:102C100082800345B740E38EA6FE3385F500034569
:102C2000050085072304A740CDB7970700209387A9
:102C300067629C43173700201307C7413E95636EB8
:102C4000E500174700201307E79B6368A7001707F5
:102C500000202321A7603E858280FD57EDBF4111F2
:102C600022C406C62A840D372947B307E502B240BD
:102C70008D83B3D7870222449507B3D7E70237374E
:102C80000040C207C1832316F700410182807165AD
:102C900041111305052006C6D937B7370040130781
:102CA00070F82381E7000D47A381E70013070004B4
:102CB000A380E70005472387E700B24041018280F7
:102CC000CC41411106C6328503C6150083C50500F7
:102CD00022064D8E42068D654186138875A2630CCF
:102CE0000611634BC804138845A26300060D634AAE
:102CF000C800938535A26301B608239006002946D3
:102D00004DA0138855A26305060D938565A2E316B1
:102D1000B6FE8D451D4663E6E5081146198E63F340
:102D2000C7003E86B7E704002390C600FC4797958E
:102D30000100938525F69DA0138895A263030611D3
:102D4000634E060D1388A5A263000613938505A59F
:102D5000E315B6FA99451D4663E5E504198E63F35C
:102D6000C7003E86B7E704002390C600FC479705DE
:102D700000209385A54E1DA09D451D4663E3E502F9
:102D80002146198E63F3C7003E86B7E70400FC476F
:102D90002390C600970500209385C54FBA9582976A
:102DA0000146B240328541018280AD451D46E3EACD
:102DB000E5FE3146198E63F3C7003E86B7E704008F
:102DC0002390C600FC47977501009385E540F9B74D
:102DD000B1451D46E3E7E5FC3546198E63F3C700B0
:102DE0003E86B7E704002390C600FC4797750100B4
:102DF0009385853F65B78D451D46E3E4E5FA1146A9
:102E0000198E63F3C7003E86B7E704002390C6001F
:102E1000FC47979501009385A5E849B78D451D4668
:102E2000E3E1E5F81146198E63F3C7003E86B7E784
:102E300004002390C600FC4797950100938505E8A0
:102E4000B1BFA5451D46E3EEE5F42946198E63F3AF
:102E5000C7003E86B7E704002390C600FC4797757D
:102E600001009385A5361DBFB5451D46E3EBE5F290
:102E70003946198E63F3C7003E86B7E704002390F6
:102E8000C600FC47977501009385453301BFB7E73E
:102E9000040003A3071397060020938626DE41460D
:102EA000A54517050020130565D402832D4559EF6C
:102EB00003C5050009476317E50803A8450041114C
:102EC00006C60347180032850346080022074168FA
:102ED000518F930828FE6308170363E9E80005187B
:102EE000630307052390060029451DA8130648FE25
:102EF000630BC7021518E31707FF15463E87637B70
:102F0000F602154705A83E8691C30546B7E70400BB
:102F1000FC472390C6004206CC454182829701457A
:102F2000B240410182801306700F3E876374F60041
:102F30001307700FB7E704002390E600FC47131651
:102F40000701D9BF23900600054582808280416732
:102F500079176304E504411122C406C685472A8413
:102F6000639FF500B7E7040022852244B24003A323
:102F70008713970500209385A53241010283894775
:102F80006399F500B7E7040083A7070B854582978F
:102F900071D9B2402244410182808280797122D469
:102FA00052CC2E842A8A97750100938525261775A1
:102FB00001001305652706D63AC626D24AD0B68444
:102FC00032894ECEEF50310EA685177501001305DC
:102FD000A526EF50510D2945EF503111834784004C
:102FE00093F70702F1E38349040089470545324717
:102FF0006396F908544083C7160083C60600A207EB
:10300000D58FC166138616FE638CC7028D16638F3B
:10301000D7068D669386269029456391D706B7E734
:103020000400A285225403A34714B250F249A68695
:103030004A86925402595285624A85474561028305
:103040002D450DEF9307700F354563E99702B7E7FC
:103050000400FC4748441306700FCA8582978149D3
:1030600097070020938787249C43014581CB9C438D
:1030700091C74E852686CA8582970145B250225453
:1030800092540259F249624A456182802D457DF78A
:10309000D5473545E3E497FEB7E70400FC474844CD
:1030A0005546CA8582976DBF2145C9BF411122C4CB
:1030B00037E404008327841326C2AA84416506C628
:1030C000970500209385C51D7D1582978327C40A27
:1030D000170500001305E5E78588829795C003234F
:1030E00004132244B2409244970600209386C6CA35
:1030F0004146C54517050020130505B94101028366
:10310000B2402244924401454101828019C597078B
:10311000002023ADA71801458280454582801147D4
:103120006368A70A977601009386060D0A0536950F
:103130001841411106C63697AE87B285028713073C
:10314000700F6145639DE700B7E70400FC47130675
:10315000700F170500201305251D82970145B24009
:103160004101828005476145E39BE7FEB7E7040024
:10317000FC4705461705002013054512F9BF5547C2
:103180006145E39EE7FCB7E70400FC475546170599
:1031900000201305E528D1B71307700F6145E390B0
:1031A000E7FCB7E70400FC471306700F1705002083
:1031B000130585285DB715476145E392E7FAB7E740
:1031C0000400FC471546170500201305A50D71B72F
:1031D00009458280411126C2B7E4040083A7C413C5
:1031E00022C44AC006C62E84970500209385450B4D
:1031F0002A898297058905C5970700209387C7A864
:1032000083D7A70BA28503A3440D2310F400224407
:10321000B24092444A850249014641010283B240CC
:103220002244924402494945410182809707002087
:10323000238007089707002023AE0706B717004032
:1032400003A7070CB706C0FFFD16758F23A0E70C78
:1032500003A7070DB7064000558F23A8E70C03A767
:10326000070C3D9B23A0E70C03A7070D136707017D
:1032700023A8E70C8280B717004003A5470C83A75B
:10328000470C598113451500C18B058999E31365D6
:1032900025009707002083C7A7016380A70297072F
:1032A00000202387A70011C9970700209387870074
:1032B00003A30700630303000283828011456FE0CC
:1032C0007FEC411193962500AA852D4506C697F0FF
:1032D000FF1FE780A01DB24001454101828001111E
:1032E00022CC06CE3714004026CA4AC84EC652C465
:1032F00083447405034AB40583498405034994054E
:10330000EFE01FC18347A40593F4F40F137AFA0F7B
:1033100093E71700230DF40493F9F90F1379F90FCC
:10332000B717004003C7A705058B6DFF03D5C70579
:10333000A38D4705238C3705A38C2705A38B970402
:10334000F2406244D2444249B249224A0561828035
:1033500041119397050122C406C626C2C1872E8457
:1033600063DC0700B7E40400FC54829719C1BC5425
:1033700082972165218D3DA093F7150013C5150097
:1033800095E393F7250085C7FD35B7E70400BC4FEB
:103390001306000A894517050020034525F2829788
:1033A00013452400B2402244924441018280939705
:1033B000250163D50702B7E4040083A7C41E8297E2
:1033C000F53DBC4C37F60200130606E0896517058B
:1033D00000200345A5EE8297096569BF9397150103
:1033E0000145E3D107FC177501001305A5EBEF506C
:1033F0004160B7E70400BC4F1306006491651705F0
:1034000000200345A5EB82971165ADB72D71232AE6
:103410009110FD74E98C232C81102328211123267F
:1034200031112A84AE893289930600100A86A68556
:103430002D45232E111097F0FF1FE780200713154D
:103440004401B7E70400FC4751810A05139629009F
:10345000CA850A958297A68585660146254597F017
:10346000FF1FE780A0040A86A68593060010294561
:1034700097F0FF1FE78080038320C111032481118F
:1034800083244111032901118329C1101561828010
:10349000B7F7070003C70701411106C622C426C2B9
:1034A0004AC0A547631AF7009537B24022449244B8
:1034B000024901454101828013942500AA84328982
:1034C000A286AA850146254597F0FF1FE78000FEEA
:1034D000A2864A86A685294597F0FF1FE78000FD52
:1034E000E9B71D71A2CC37E404005C5C485886CE75
:1034F000494697750100938565D6829701E917754E
:1035000001001305E5D6EF50C14E01A0B7F600E06B
:10351000795798CAFD57DCCA0567B7E700E023A0D2
:10352000E7101306F00290C223A0E7180100010083
:10353000370700201847130600048145970600202E
:1035400023ACE6D64157A38AE7403C44080882975B
:1035500097170020938707D73EC8856713870760B2
:10356000231AE1001D673ACC37070105130707103E
:103570003ACE9387B7D31307B00F2310E10223127B
:10358000F102054797F7FFFF938747672301E102A1
:103590003ED817070000130707D39707000093874B
:1035A00047D4B7F50700BAC23EDC1707000013077F
:1035B00067EE970700009387A7D081463000E105AA
:1035C0001945BAC43EDE97F0FF1FE78020EE1808C9
:1035D0008147994630003E96034606008507050759
:1035E000A30BC700E398D7FEC24791C70357410119
:1035F00085676373F70001A0B7E7040083A7470A54
:1036000008088297AA8501C917750100130585C7A7
:10361000EF50612901A0F640664425618280411186
:1036200026C2B7E4040083A7040806C622C417050F
:103630000000130525D2829717040020130404C844
:103640002300A4003128DD3603450400224403A3EF
:103650008405B24092441306003289654101028319
:10366000797106D622D413078008F337078093F7C1
:1036700087083EC201000100B7170040930570059E
:103680002380B704130680FA2380C70401000100D9
:1036900083C6F70293F6A60FA387D70223800704F9
:1036A0009246F3A606800100010073370780137766
:1036B00087083AC4010001002380B7042380C704AF
:1036C0000100010003C7F70213672700A387E70281
:1036D00023800704A247F3A70780010001000545E6
:1036E000EFE07F88E13E01478146814705468545F9
:1036F0001305407EEFE01F8C37E404003C44680073
:10370000514681458297B707C0A83EC8B787E803EE
:10371000938707D03ECA97F7FF1F938747C93EC6D6
:103720007C5868008297B2502254456182804111D2
:103730009775010093850523177501001305C5AE24
:1037400006C6EF504116177501001305653AEF5094
:103750008115B240294541016F50211941119775DA
:10376000010093856521177501001305E5AB06C6B9
:10377000EF5061131775010013054536EF50A11284
:10378000B240294541016F504116411122C406C67D
:10379000834705002A849DC397750100938585237F
:1037A00017750100130545A8EF50E10F4C40177540
:1037B000010013052548EF50010F1DA058411DE7DA
:1037C0009775010093850521177501001305C5A59F
:1037D000EF50610D1775010013054547EF50A10C1F
:1037E0002244B240294541016F502110A1679386C0
:1037F000D7036311D702977501009385A51D17752F
:103800000100130565A2EF50010A177501001305A9
:10381000E544E9B7ED07977501009385A51B17757A
:103820000100130565A06319F700EF50C107177574
:1038300001001305E5435DB7EF50E1064C401775F5
:1038400001001305E54485BF41119775010093857B
:10385000E513177501001305259D06C6EF50A10459
:10386000B240294541016F504108797122D426D2D6
:103870004AD02E842A898145B2844800714606D6F2
:10388000EFE0EFC897F7FF1F93878770DC4783D778
:103890000700231421012313F100EF206049894719
:1038A000A305F100930700193EC6FD572305A100AB
:1038B000230AF100EF20005A2686A2854800EF2057
:1038C000004AB250225492540259456182804111FB
:1038D00006C603C7C1129307F00A631BF7009307DC
:1038E000F00889451385C1122396F112EF20F06B81
:1038F000EF30A01E8145370504009707002023A361
:10390000079E97070020239C079C97070020238988
:10391000079C970700202392079C97070020239D70
:10392000079A97070020239B079A97070020239D5B
:10393000079AEF2060010145EF30C0109775010034
:1039400093854507177501001305058EEF40B17586
:10395000177501001305053AEF40F174B24029458F
:1039600041016F409178411122C406C626C293F7E7
:1039700015002E84638D070C814617F6FF1F130672
:10398000A65E8545170500200355C594EF80605954
:1039900005C5977501009385A502177501001305EC
:1039A000A588EF405170177501001305259EEF4063
:1039B000916F2945EF40717397750100938545001C
:1039C0001775010013054586EF40F16D177501006D
:1039D0001305059DEF40316D2945EF40117117F535
:1039E000FF1F1305E55A5C4505472390E700EFE00C
:1039F000B069977501009385A5FC17750100130543
:103A0000A582EF40516A177501001305A59AEF4092
:103A100091692945EF40716D930710F82386F112E3
:103A20009707002083D7C78AA386F1121385C11296
:103A3000A18391452387F112A3870112EF20F0564D
:103A400013451400B240224492444101828093F70E
:103A50002500D1CB170700200357678851C397066D
:103A60000020938626889442977701009387872ABF
:103A7000170600200346C68681451385412AEF407C
:103A80008057AA8431CD97750100938525FA176573
:103A9000010013056579EF401161A68517750100D6
:103AA0001305C592EF4031602945EF401164970737
:103AB000002023960782930710F82386F1129707B8
:103AC000002083D7E780A386F112A1832387F11218
:103AD00091458D471385C112A387F112EF20F04C59
:103AE0001345240085B793F74500B1CF97750100C2
:103AF0009385C5F31765010013050573EF40B15AAF
:103B0000177501001305458EEF40F1592945EF4027
:103B1000D15D930720F82386F11297F7FF1F83D713
:103B2000C77BA386F112A1832387F1128547A38760
:103B3000F112EF2020321385C1129145EF20F0469B
:103B40001345440001B793F785008DCF97750100A9
:103B50009385C5ED176501001305056DEF40B15460
:103B60001775010013058589EF40F1532945EF4092
:103B7000D15797F7FF1F23940776EF40A0541345C2
:103B80008400C9B593F70501A5C3854517F5FF1F47
:103B90000355A574EF00711E97750100938505E923
:103BA0001765010013054568EF40F14F17750100D7
:103BB00013050586EF40314F2945EF401153930718
:103BC00030F82386F11297F7FF1F83D70771A3867A
:103BD000F1121385C112A1838D452387F112EF20C5
:103BE000D03C13450401B9BD93F70502B5C39775E1
:103BF00001009385A5E3176501001305E562EF4019
:103C0000914A177501001305E582EF40D149294516
:103C1000EF40B14D930740F82386F11297F7FF1F4D
:103C200083D7876BA386F112A1832387F11285477F
:103C3000A387F11297F7FF1F2390076AEF208021D7
:103C40001385C1129145EF20503613450402DDBBA8
:103C500093F70504CDC797750100938525DD17659A
:103C600001001305655CEF40114417650100130561
:103C7000E57DEF4051432945EF40314783C7C112ED
:103C80001307700A6388E7041307800A6386E70650
:103C90001307600A6397E702930760F82386F1121F
:103CA00097F7FF1F83D78763A386F112A18323872A
:103CB000F1128547A38BF112B1451385C112EF2094
:103CC000D02EEF2020191345040497F7FF1F2397E8
:103CD00007608DBB930770F82386F11297F7FF1FDB
:103CE00083D7C75FA386F112A1832387F11285478B
:103CF000A388F1129945D1B7930780F8F1BF93F7E4
:103D000005080145E38007D497750100938505D226
:103D10001765010013054551EF40F13817650100A3
:103D200013054574EF4031382945EF40113C9307A6
:103D3000A0F82386F11297F7FF1F83D7E75AA386CF
:103D4000F112A1832387F1128547A387F11297F718
:103D5000FF1F239B0758EF20E00F1385C1129145E9
:103D6000EF20B02413450408F1B9411122C497751E
:103D70000100938565C72A84176501001305C54AAC
:103D800006C6EF4051324C4017750100130505E897
:103D9000EF4071312945EF40513503470400930747
:103DA000F00F6319F702977501009385E5C3176556
:103DB000010013056547EF40112F4C4017750100B6
:103DC0001305C5E5EF40312E2244B240294541019B
:103DD0006F40B131B24022444101828085CD411112
:103DE00022C417650100130525442E849775010030
:103DF000938585BA06C6EF40112BA2851775010081
:103E0000130505EDEF40312A2244B2402945410116
:103E10006F40B12D8280411122C426C22A84AE8413
:103E2000176501001305454097750100938585B717
:103E300006C6EF40512717750100130525EAEF402C
:103E400091262945EF40712A97750100938585B524
:103E500097F7FF1F23908748176501001305C53C9E
:103E6000054497F7FF1F2395974697F7FF1F239267
:103E7000874697F7FF1F239D9746EF40D12297F57E
:103E8000FF1F83D5E546177501001305A5E5EF4033
:103E900091212945EF407125054597F7FF1F23879D
:103EA0008744EF20303A97F7FF1F9387670EDC4770
:103EB00003D70700C167FD176312F7022244B7E773
:103EC0000400B240924403A3870517F5FF1F034582
:103ED000653F1306000A854541010283B240224432
:103EE000924441018280011122CC37E404005C5CE1
:103EF00006CE26CA3546977501009385A5C017756D
:103F000001001305253F829701E91765010013059C
:103F10002536EF40112E01A097F7FF1F93874761C9
:103F20003EC4B7F507008567938707C0814617F63B
:103F3000FF1F13066639E10519453EC697E0FF1FCE
:103F4000E780C0567C44194697F5FF1F9385C53717
:103F5000138581238297340017F6FF1F1306C63698
:103F6000977501009385C5ED177501001305C5EE22
:103F7000EF30F060AA8415C997750100938505AAF2
:103F8000176501001305452AEF40F111A685177545
:103F90000100130525B8EF4011112945EF40F11438
:103FA000F2406244D24405618280EF90D077177569
:103FB0000100130525ADEF20307CEF601066EF00A7
:103FC000910417F5FF1F130565F9EF00617117756F
:103FD0000100130525ACEF00D104AA84EF30C056D0
:103FE000EFC0E029EF203124EF40E072EF301036CF
:103FF000EFE0D00697750100938545A21765010093
:104000001305852289C8EF40110AA685177501009E
:10401000130585B249B7EF40110917750100130563
:10402000E5B3EF4051082945EF40310CEFE06069FE
:10403000EFB0A0135DC9854537050400EF10D0101F
:10404000977501009385859D176501001305C51DB2
:10405000EF407105177501001305C5B1EF40B104BC
:104060002945EF40910897F7FF1F83C71728B9EF3D
:10407000A303010083274417130671008545130528
:104080005030829797750100938545991765010017
:1040900013058519EF403101177501001305C5AFF0
:1040A000EF4071002945EF40510497750100938559
:1040B000E5961765010013052517EF40C17E1775BA
:1040C0000100130565B3EF40017EC1BD9775010086
:1040D0009385C5941765010013050515EF40A17C74
:1040E000177501001305C5AE65BF9775010093856F
:1040F000E5921765010013052513EF40C17A177586
:104100000100130525BFEF40017A2945EF40E17D0D
:104110000145EF20301351BF411122C437E40400A0
:104120008327041A06C68297832704081705000010
:104130001305A583829797F7FF1F2385A71817F507
:10414000FF1F1305E5E4EF10D07D713B2244B24020
:1041500041016F20E040411122C491462A84138618
:1041600001219D652D4506C697E0FF1FE7800034BD
:10417000B7F7070003C70701A5476313F70001A0BE
:104180009306001001469D65254597E0FF1FE780D7
:10419000E031238881202244B240914613860121D8
:1041A0009D652945410117E3FF1F67002330B7E7ED
:1041B00004001171FC47CED79389C112A2DDCAD980
:1041C00086DFA6DB2E8432892E86AA854E858297CD
:1041D00083C70900130780029387E70793F7F70F58
:1041E0006364F774176701001307070C8A07BA970F
:1041F0009C43BA9782878D479775010093854584C4
:104200001765010013054502630BF400EF40A16937
:104210001765010013058541EF40E168FDA2EF40FD
:104220008168176501001305E541EF40C167294525
:10423000EF40A16B930720F811469385C1124A8580
:104240002386F112A3870112EFF02FE22A840DC515
:10425000976501009385C57E176501001305C5FCB0
:10426000EF406164A2851765010013056541EF40C9
:1042700081632945EF406167976501009385457C1F
:1042800017650100130545FAEF40E161176501006C
:1042900013054540EF4021612945EF400165416527
:1042A000930730FA05469385C1127D152386F112D6
:1042B000EFF0AFDB2A840DC5976501009385457843
:1042C00017650100130545F6EF40E15DA28517650E
:1042D00001001305E53AEF40015D2945EF40E1603B
:1042E000B7E70400BC4F0566130606C8A14517F5DD
:1042F000FF1F034525FD8297FE506E54DE544E5934
:10430000BE591161828091476301F40297650100F3
:104310009385057317650100130505F1EF40A1585A
:10432000176501001305453AC5BDB7E70400FC4F0A
:10433000914517F5FF1F0345E5F882979765010042
:104340009385057017650100130505EEEF40A15533
:104350001765010013050539EF40E1542945EF4089
:10436000C158EF10302F9145E1A285476301F40257
:10437000976501009385C56C176501001305C5EAB3
:10438000EF406152176501001305453771B597F786
:10439000FF1F239427F5B7E704000566BC4F1306FB
:1043A00006C8C145A9B78D476301F40297650100AE
:1043B0009385056917650100130505E7EF40A14ED8
:1043C000176501001305453581BD930740F8114677
:1043D0009385C1124A852386F112A3870112EFF05B
:1043E000CFC82A84E30A05F09765010093854565E7
:1043F00017650100130545E3EF40E14AA285176503
:1044000001001305E527EF40014A2945EF40E14D42
:10441000E5B59147E31CF4F8B7E70400FC4F9305BA
:10442000000217F5FF1F0345E5E982979765010034
:104430009385056117650100130505DFEF40A1466F
:10444000176501001305C52E01BF894763E1870287
:10445000976501009385C55E176501001305C5DCEE
:10446000EF406144176501001305C52D75B383C482
:10447000E11283C7D112976501009385655CA204A0
:1044800017650100130545DADD8CEF40C141A285B7
:10449000176501001305452CEF40E140C204294592
:1044A000EF40A144C1849305D4FF93960401C182D7
:1044B0004A8693F5F50F1385F112EF10604CE35D1A
:1044C00090E2930750F82386F11283C739002286C1
:1044D0009385C11285074A85A387F112EFF0EFB8E3
:1044E0002A84E30B05E09765010093856555176500
:1044F0000100130565D3EF40013BA285176501005C
:104500001305057C09B7894763E1870297650100B8
:104510009385055317650100130505D1EF40A138B8
:104520001765010013050525C5B9EF10B012A28566
:104530001385C112EF206027C1B38D476301F402D8
:10454000976501009385C54F176501001305C5CD1B
:10455000EF406135176501001305852375B9B7660E
:1045600002000146B7750200054597E0FF1FE7808E
:10457000E0F3930760F82386F112A38701129307F3
:10458000002623A8F112E57793870721239AF112D9
:104590003146A38BA1129385C1124A85238B011248
:1045A000EFF0AFAC2A84E30905D497650100938549
:1045B000254917650100130525C7EF40C12EA285C7
:1045C000176501001305451E3DBDB1476301F402A7
:1045D000976501009385C546176501001305C5C49D
:1045E000EF40612C176501001305C51D35B1B7E714
:1045F0000400FC4F9305000417F5FF1F034585CC0D
:104600008297EF103005B14525B7914763E18702E6
:10461000976501009385C542176501001305C5C064
:10462000EF406128176501001305851BF5B683C4AB
:10463000011383C7F112A204DD8C8E04B767020058
:104640006D14BE942286A685176501001305851A90
:10465000EF406125B7E70400FC47228693851113DC
:104660002800829793160401C1823000A68509456F
:1046700097E0FF1FE78080E32A8419C517650100D2
:1046800013050519EF40E136930770F81946938535
:10469000C1124A852386F112A3888112EFF0EF9CA4
:1046A0002A84E30B05C49765010093856539176576
:1046B0000100130565B7EF40011FA28517650100D2
:1046C0001305051689B399476301F4109765010036
:1046D0009385053717650100130505B5EF40A11C4B
:1046E000176501001305451505BE914763E1870273
:1046F000976501009385C534176501001305C5B2A0
:10470000EF40611A176501001305851431B683C4A3
:10471000011383C7F112A204DD8C8E04B767020077
:104720006D14BE942286A6851765010013058513B6
:10473000EF406117B7E70400FC4722869385111309
:104740002800829793160401C1823000A6850D458A
:1047500097E0FF1FE78080D52A8419C517650100FF
:1047600013050512EF40E128930780F81946938559
:10477000C1124A852386F112A3888112EFF0EF8ED1
:104780002A84E30B05B6976501009385652B1765B1
:104790000100130565A9EF400111A285176501000D
:1047A0001305450F8DB199476301F4029765010028
:1047B0009385052917650100130505A7EF40A10E94
:1047C000176501001305850E81BCB7E70400FC4F97
:1047D0009305000417F5FF1F0345C5AE8297EF1040
:1047E00060679945B1B38D476301F4029765010095
:1047F0009385052517650100130505A3EF40A10A60
:10480000176501001305050C01BC176501001305B0
:10481000650CEF40011E0145EFE00FBB0D45EFF0C9
:104820009F93294597E0FF1FE780E0B097E0FF1FC7
:10483000E78000A2D1B499476301F40297650100B3
:1048400093850520176501001305059EEF40A1051E
:10485000176501001305C508C1B203C7111383C74B
:10486000011322075D8F9166BA96C2061166C18256
:104870001306F6EF8D476363D60297E7FF1F938712
:1048800027719C4B03C6F1129386C70039C603D625
:1048900007005DCA8907E39CD7FE89471307A0F884
:1048A00011469385C1124A852386E112A387F1122E
:1048B000EFE0BFFB2A84E30105A49765010093851F
:1048C00025181765010013052596EF30D17DA285C7
:1048D00017650100130505023DB603D60700630204
:1048E000E60A8907E39BF6FE8D474DBF91476302B9
:1048F000F402976501009385A5141765010013055F
:10490000A592EF30517A17650100130525006FF06D
:10491000BF90B7E70400FC4F9305000817F5FF1F91
:104920000345459A829735BC9765010093854511EB
:10493000176501001305458FEF30F176176501000B
:10494000130545FE6FF05F8D2390E70017E5FF1F0D
:1049500013050564EFD0F074976501009385450E4B
:10496000176501001305458CEF30F17317650100E1
:10497000130545FCEF3031732945EF30117781473E
:1049800031BF2390070017E5FF1F13056560EFD0C7
:104990005071976501009385A50A176501001305FD
:1049A000A588EF30517017650100130525FAD9B7B6
:1049B000411122C406C6834705002A849DC397651A
:1049C00001009385A503176501001305E585EF3008
:1049D000916D4C40176501001305C534EF30B16C83
:1049E00079A85841B707CF009387777D631CF704F8
:1049F0009765010093858500176501001305C58241
:104A0000EF30716A1C448356E4008355C40003C62A
:104A100007001765010013056532EF30D16829459D
:104A2000EF30B16C0356E40097F7FF1F83D7478C34
:104A30006383C7088355C40008442244B24041013F
:104A40006FF0EFF6B707CC009387777D631FF7020F
:104A500097650100938585FA175501001305C57CFC
:104A6000EF3071641C448356E4008355C40003C6D0
:104A70000700176501001305652CEF30D162224451
:104A8000B240294541016F305166B707CE00938788
:104A9000777D6302F70297650100938525F6175528
:104AA000010013056578EF3011604C401765010077
:104AB0001305051E25B7B240224441018280B7E7A5
:104AC00004004111FC4726C29384C1122E8606C6FB
:104AD00022C42E84AA852685829797650100938536
:104AE000E5F71755010013052574EF30D15B83C539
:104AF000C1121765010013056598EF30D15A294599
:104B0000EF30B15E83C704003D479387070693F7F4
:104B1000F70F6360F76217670100130727838A079F
:104B2000BA979C43BA9782879D476303F4029765BF
:104B300001009385A5F2175501001305E56EEF30CE
:104B40009156176501001305E593EF30D1555DAA25
:104B500083C7D112A5CF83D7011303D7E112C207B0
:104B6000D98F17E7FF1F232FF77683C76400976558
:104B700001009385A5EE175501001305E56A17E7B7
:104B8000FF1F230FF774EF30115297E7FF1F938732
:104B900067758C4317E6FF1F03468674176501008F
:104BA00013050590EF3031502945EF301154A3869D
:104BB00001122244B2409244930700F82386F11276
:104BC0009D451385C11241016F10303EEF30205BCF
:104BD0002397A112935705012A842388F112935732
:104BE00085010145A388F112EF30205A2389A112D3
:104BF00097650100938585E6175501001305C56289
:104C0000EF30714A03C62113A28517650100130511
:104C1000A58A49BFCD476301F402976501009385DA
:104C2000E5E31755010013052560EF30D1471765FF
:104C300001001305E58911BF37E404007C444146B7
:104C40009385D1121385412A829783C7E11303C745
:104C5000D113A20703238405D98F17E7FF1F231061
:104C6000F7681306000A89452244B240924417E5CA
:104C7000FF1F03452565410102838D476301F4024F
:104C800097650100938585DD175501001305C5590A
:104C9000EF30714117650100130545997DB503C4D7
:104CA000E11283C7D11297650100938525DB2204A9
:104CB00017550100130545575D8CEF30D13EA28595
:104CC0001765010013054582EF30F13D2945EF30AE
:104CD000D1410D469385C1122285EFE01FB9AA8408
:104CE0000DC997650100938565D717550100130518
:104CF000A553EF30513BA6851765010013050580CC
:104D0000EF30713A2244B2409244294541016F305C
:104D1000D13D97E7FF1F2392875CB7E70400116638
:104D200003A38705130606E891453DBF8D47630140
:104D3000F40297650100938565D2175501001305AC
:104D4000A54EEF305136176501001305E59CF5BB04
:104D500003C4E11283C7D11297650100938505D082
:104D60002204175501001305254C5D8CEF30B1333B
:104D7000A285175501001305A579EF30D1322945D9
:104D8000EF30B1360D469385C1122285EFE0FFADBD
:104D9000AA840DC197650100938545CC1755010084
:104DA00013058548EF303130A685175501001305EE
:104DB0006577B9B797E7FF1F23908752B7E70400DD
:104DC000116603A38705130606E89305000269BD73
:104DD000894763E1870297650100938525C81755C8
:104DE000010013056544EF30112C17650100130510
:104DF0006595A1BB83C4E11283C7D11297650100F9
:104E00009385C5C5A204175501001305E541DD8C46
:104E1000EF307129A6851755010013052572EF3073
:104E200091282945EF30712C22869385C112268561
:104E3000EFE0BFA32A84630D0530976501009385D9
:104E4000E5C1175501001305253EEF30D125A28598
:104E5000175501001305C56F65B58D476301F40251
:104E600097650100938585BF175501001305C53B64
:104E7000EF3071231765010013058591F9B103C463
:104E8000E11283C7D11297650100938525BD2204E5
:104E900017550100130545395D8CEF30D120A285EF
:104EA000175501001305056CEF30F11F2945EF3050
:104EB000D1230D469385C1122285EFE01F9BAA8462
:104EC0000DC197650100938565B91755010013055C
:104ED000A535EF30511DA685175501001305C5698D
:104EE00005B597E7FF1F239B873EB7E704001166D0
:104EF00003A38705130606E893050004B5B391479D
:104F000097650100938585B5175501001305C531D7
:104F100063E98700EF303119176501001305458CEF
:104F20002DB1EF305118A2851755010013054566C4
:104F3000EF3071172945EF30511B83C4E11283C74D
:104F4000D112A204DD8C22869385C1122685EFE062
:104F5000DF912A8449C197650100938525B01755D3
:104F600001001305652CEF301114A28517550100BF
:104F70001305456371B3914763E1870297650100AB
:104F80009385C5AD175501001305052AEF30B11102
:104F9000176501001305C58B4DBE83C4E11283C79D
:104FA000D112A204DD8C22869385C1122685EFE002
:104FB000DF8B2A840DC197650100938525AA1755BB
:104FC000010013056526EF30110EA285175501006B
:104FD0001305855E35B397E7FF1F2391973031B7EF
:104FE0008D476301F40297650100938525A7175546
:104FF000010013056523EF30110B17650100130540
:10500000658CA1B683C7E112A20703C5D1120D4674
:105010009385C1125D8DEFE05F852A84630A0512D6
:1050200097650100938585A3175501001305C51FDA
:10503000EF307107A2851755010013052559C9B135
:1050400099476301F40297650100938525A11755DF
:1050500001001305651DEF301105176501001305EB
:105060002588E5B403C4E11283C7D1129765010016
:105070009385C59E2204175501001305E51A5D8C22
:10508000EF307102A2851755010013052555EF3049
:1050900091012945EF30710519469385C11222858A
:1050A000EFE0AFFCAA840DC1976501009385059BD5
:1050B0001755010013054517EF30E17EA6851755FA
:1050C00001001305A5522DB997E7FF1F239E8720E6
:1050D000B7E70400116603A38705130606E89305E6
:1050E000000859B6854797650100938525971755A0
:1050F0000100130565136309F400EF30C17A1755F9
:1051000001001305E54F91B4EF30E1791755010027
:1051100013058550EF3021792945EF30017D224478
:10512000B240924497E7FF1F239B071A41016F206B
:1051300070799765010093856592175501001305F5
:10514000A50EEF304176175501001305A57DF5BA80
:10515000B2402244924441018280411106C622C4D9
:10516000EFE0AFF09377F50F95CB2A8497650100B8
:1051700093854590175501001305050BEF30A1727B
:105180009375F40F17650100130585B3EF30A17116
:105190002244B240294541016F302175B24022447A
:1051A000410182801D71A6CA86CEA2CCCAC893F7DF
:1051B0001500AE8495CBAD67371700409387A7AA3B
:1051C0001CC3B7E70400BC4F13060019854517E55B
:1051D000FF1F0345850A829713C51400F6406644F5
:1051E000D64446492561828093F785006389071E6E
:1051F000856617E7FF1F1307271017E6FF1F130623
:1052000026108147938686898355070063F5B6008B
:10521000850793F7F70F0907E318E6FE638C071A73
:10522000854717E7FF1F2304F70C97E7FF1F83C786
:10523000470C850717E7FF1F230DF70A17E7FF1F26
:105240000347370B05071377F70F97E7FF1FA38275
:10525000E70A91476310F70297E7FF1F83C76709C3
:1052600091C7854797E6FF1F2383F60897E7FF1F3F
:1052700023810708B7670E02938757CC3EC6854740
:105280002308F10097E7FF1F83D78706A308F100E3
:10529000A1832309F10097E7FF1F83D7E705A3093F
:1052A000F100A183230AF10097E7FF1F83D7E704EA
:1052B000A30AF100A183230BF10097E7FF1F83D717
:1052C000E703A30BF100A183230CF10097E7FF1F75
:1052D00083D7E702A30CF100A183230DF10097E728
:1052E000FF1F9387C70083C707004545A30DF10043
:1052F00097E7FF1F83C707009386170017E6FF1F76
:10530000230AD6FE230EF1006976C167FD17814698
:1053100005066C00B69583C50500AD8FA14513F851
:105320001700858363050800B18FC207C183FD158F
:10533000FDF58506E39FA6FCA30EF100A183230FD4
:10534000F10097E7FF1F83C767FA89CF9147631B77
:10535000F7004D466C001305201097E7FF1FA38A46
:1053600007F8E53B97E7FF1F83C727F8A1C393051D
:10537000000317E8FF1F035888F897E7FF1F83D73C
:10538000E7F717E7FF1F035747F797E6FF1F83D697
:10539000A6F6176601001306A6A00810EF30216FCD
:1053A00093150501C1810810EF102040EF306165B1
:1053B000130650063366C502B7E70400BC4FA1458B
:1053C00017E5FF1F034565EB1306E62E829713C50D
:1053D000840029B597E7FF1F238B07F085B593F766
:1053E000250063810710170400200344A44D97078C
:1053F000002083C7374D22045D8CB1679387C75562
:10540000631AF40497E7FF1F83C747EE8DCF170990
:1054100000200349694B9707002083C7D74A220918
:10542000176501001305C5983369F900EF30A147EE
:1054300017E6FF1F034696EB9705002093858548E6
:105440004A85213B3DA0176501001305E596EF3025
:10545000415A05A0B5679387D755631AF40297E5BB
:10546000FF1F83C5B5E8170500201305A545EF10FC
:10547000C033A2851765010013050597EF30A142DF
:1054800013C5240097E7FF1FA38207E681BBAD6722
:105490009387B7556313F4029707002083C7D74259
:1054A000A2079705002083C52542DD8D1765010001
:1054B00013054591EF30213F6DBFA9679387A7552D
:1054C0006317F400176501001305059149B741659D
:1054D00017E6FF1F034696E1970500209385853E5A
:1054E0007D1585B793F745000145E38907CE17651C
:1054F00001001305A590EF30C14FEF10C05F13C539
:105500004400E9B9411122C437E404005C5C06C6DA
:105510003546975501009385E55E17650100130533
:1055200065DD829701E9176501001305E58FEF300E
:10553000414C01A08327041C82972A840545EF80F3
:10554000F01DEF109111EF10C16FEF7070522285B6
:10555000B2402244410182801567B717004013070B
:10556000575598C3D8439D66558FD8C3D843FD7609
:10557000758FD8C3D8431367F70FD8C335671307A0
:10558000C7CC98C38280B7C7A55A01119387C73388
:105590003EC497E7FF1F83C757D53EC6B7F707003E
:1055A00003C7070106CE22CCA5476313F70001A06D
:1055B0001164930504F0930600100146254597D029
:1055C000FF1FE780A0EE3000930504F0A1462945B7
:1055D00097D0FF1FE78080ED97E5FF1F83C5F5D0CB
:1055E0001765010013054582EF30E12BF24062445C
:1055F0000561828001119165A1463000938505F017
:105600002D4506CE97D0FF1FE78040EA2247B7C757
:10561000A55A9387C7336312F702B24517550100A5
:105620001305C573B335B00097E7FF1FA38FB7CA43
:10563000EF306127F2400561828085478545175527
:1056400001001305E57317E7FF1FA300F7CAEF304A
:105650008125153FC5B741111305800406C622C434
:1056600026C297D0FF1FE78080A485457D55EFD0E7
:105670004FBB85457D55EFD02FC53714004083279C
:10568000840C8D451305000893E707082324F40CC8
:10569000EFD08FC3EFD0AFDFEFD0BFE4EFD03FF854
:1056A0009535893FEFE05FA78D450D65EFD0CFC100
:1056B000170500201305053185671CC59304840C6C
:1056C00089671304C40C04C140C144C500C95CC946
:1056D00037E404008327841E97E4FF1F9384E4B912
:1056E0008297FD2A0D2C8327040817050000130557
:1056F000A5AB82972380A4003C4C1306006485452B
:1057000082973C4C03C5040013060032A1458297E2
:10571000A13597D0FF1FE780A0CC01458280B7F765
:10572000070003C70701A547AE866316F7009397E6
:10573000450191C301A0AA850146254517D3FF1F46
:105740006700C3D64111B2862E86AA852D4506C6AE
:1057500097D0FF1FE78080D5B2400145410182808C
:105760009307000463E6C7021D71A2CC2A840808CF
:1057700086CE32C6EF30C107B2461008A285294551
:1057800097D0FF1FE78080D2F64066442561828073
:1057900039558280411122C426C206C6B71700407F
:1057A0003147AA84238CE704014405041374F40FE1
:1057B000EFC04FF9E39B84FEB24022449244410182
:1057C0008280B717004003A7C70CA166558F23A698
:1057D000E70C1377150015C303A7870C8966558F4F
:1057E00023A4E70C09893717004019CD8327870CBC
:1057F0009166D58F2324F70C828003A7C70C896696
:10580000558F23A6E70CF9BF8327C70C9166D58F68
:105810002326F70C8280371700408327C70CA16628
:10582000D58F2326F70C8280411122C406C626C2DA
:1058300093F725002E84ADCF094597E4FF1F83C45D
:1058400024AC893FB71700403147238CE704EFC0F1
:105850006FEF860497E7FF1F938707AAA697239009
:10586000A70017E5FF1F0345A5A905051375F50F4B
:1058700097E7FF1F2386A7A88D4763E4A702913708
:10588000B7E70400BC4F0946894517E5FF1F0345EC
:10589000D59E829713452400B24022449244410190
:1058A0008280B7E70400BC4F130620038545F1BF93
:1058B00093F715000145EDD3B93F014597E7FF1F69
:1058C000238007A4FD3DB7E70400BC4F0946894586
:1058D00017E5FF1F0345759A8297134514006DBFA6
:1058E000411193050010054506C6EFD04FA881452C
:1058F00013050010EFD0EF928D453965EFD0CF9CA6
:1059000089450D45EFC00FDD0145653D2937B240A2
:105910001145410141B5411122C437E404008327F8
:10592000040806C617050000130545F0829797E79F
:10593000FF1FA384A794032384052244B2401306C7
:105940002003854541010283411126C2AE848D4565
:1059500022C406C62A84EFD02F97B717004099C8F3
:1059600003A5C70C418D23A6A70CB2402244924444
:105970004101828003A5870C418D23A4A70CF5B7B4
:105980008347050003471500A207D98FC207617737
:10599000C187130727206397E70083452500370554
:1059A00004005DB7828097E7FF1F9387A795184291
:1059B0009C4383D645000345070083C5C7000356B3
:1059C00046006396A50083D5E700638DD5020111DB
:1059D00006CE2386A7002397D700B705CF00DC4B60
:1059E0009385757D05077D162EC2230001003AC4FC
:1059F0002316C1002317D10099C30A858297F2406C
:105A0000056182808280DC4DDC4B81CFB7E70400EA
:105A1000904503A38705914517E5FF1F0345C58EF4
:105A2000028382806D713C083EC6B707E5002322E1
:105A300091103EC8AA843C083285232611103ECA24
:105A400023248110232021112E89EF20F06C2A8439
:105A50009755010093858545174501001305C57CC1
:105A6000EF207164A2851755010013052554EF201E
:105A700091632945EF207167B705CB009385757D4C
:105A80006800EF100049A2856800EF20905E014792
:105A900081467000CA852685EF10206815C52A84C6
:105AA0009755010093858540174501001305C5777B
:105AB000EF20715FA285175501001305E54FEF2018
:105AC000915E2945EF2071628320C110032481106B
:105AD00083244110032901105161828097E7FF1F41
:105AE0009387478218429C43797122D406D6034893
:105AF000070083C807012A8483D645000355460062
:105B00006396080183D82701638DD8022388070193
:105B100005072399D7003708CC00DC4B1308787DA4
:105B20003ACC1307F5FF42CA23080100231EE10007
:105B3000231FD10099C7080832C62EC48297324667
:105B4000A2452285C535B2502254456182806D71CF
:105B50003C083EC0B707E5003EC23C083EC42326D1
:105B600011102324811023229110231701002318E0
:105B7000010023190100231A0100231B010097D7FC
:105B8000FF1F83D7E74499E3C167FD172316F10090
:105B900097D7FF1F83D7E74391EB97D7FF1F9387D3
:105BA00067769C439C43DC4783D7070017D4FF1FCD
:105BB00013040442584C2317F10083574400484B08
:105BC0002318F10005ED97550100938525351745FC
:105BD000010013056565EF20114D175501001305F0
:105BE0002535EF20514C2945EF2031508320C1103D
:105BF00003248110832441105161828097D7FF1FB5
:105C000083C7773D89EBB7E70400BC5782975C4CAC
:105C100023AA0700E1BFFD1797D6FF1FA38DF63A11
:105C200003560701834704014C470A85230BF10003
:105C3000EF20504297D7FF1F9387C76C9C430147C3
:105C4000814688430A866C00EF10204DAA841DC946
:105C5000975501009385852C174501001305C55CF8
:105C6000EF207144A685175501001305252DEF205F
:105C700091432945EF207147584CB7E70400BC57C2
:105C8000484B69B797D7FF1F83C7F734F5D7B7E7F6
:105C90000400BC4F1044854517D5FF1F0345C5665A
:105CA0008297A9B75C4EDC4BA9CBA1C9411122C494
:105CB00017450100130545572E849755010093851C
:105CC000252406C6EF20313EA28517550100130595
:105CD0002529EF20513D2945EF203141B7E7040048
:105CE0002244B24003A3870517D5FF1F0345C561B2
:105CF000130640069145410102838280411122C46E
:105D000017D4FF1F1304C42A1C4C06C689C7DC43E2
:105D100099C34C488297584CB7E70400BC57484B8E
:105D200082975C4CB240224423AA07004101828042
:105D300017D7FF1F13078754834707009306F00BFD
:105D4000850793F7F70F63E9F60097D6FF1F2387C0
:105D5000F652034507008280930700F8FDB783578A
:105D600045006386070E01114AC817D9FF1F1309A2
:105D7000292652C4032AC90106CE22CC03274A0190
:105D800026CA4EC656C2F15721EF1307D00DFD5754
:105D90006368C704B7E9040083A709072A841305C9
:105DA000860042054181B284AE8A8297232AAA00E6
:105DB0000325C9015C499DEF975501009385451264
:105DC0001745010013054546EF20F12D1755010039
:105DD00013054521EF20312D2945EF201131DD57E5
:105DE000F2406244D2444249B249224A924A3E8534
:105DF0000561828093874400B705CF002319F50021
:105E00009385757D3105EF10C0100325C9018345C9
:105E100064003105EF20F0250325C9012686D685CB
:105E20003105EF2030237146A2854A85EF20511CB1
:105E3000504419CA83A78905854517D5FF1F034517
:105E4000A54C8297814769BFEFF07FD0E5BFFD5732
:105E50003E858280411126C297D4FF1F9384441748
:105E6000D84C22C437E404003C54484B06C6829701
:105E7000DC4C0323C4052244B240924423AA070009
:105E800017D5FF1F03454548854541010283411150
:105E900026C297D4FF1F9384E4469C4006C622C4C2
:105EA0004AC0C9CBDC43D9C75CC12300B5002A84F2
:105EB00097550100938505FE174501001305C5366A
:105EC000EF20711E2945EF2051229C4023A407009A
:105ED00023A2070097D7FF1F9387870DDC4FDC4B6A
:105EE00081C72955EFF09FE197D7FF1F9387470E92
:105EF000DC4FDC4B91C3B93F37E904008327C90568
:105F0000894517D5FF1F0345254082978327C9057B
:105F1000914517D5FF1F0345253F82979C4003A35A
:105F200047016309030022852244B240924402499A
:105F300041010283B24022449244024941018280DD
:105F40000111328506CE22CC26CA2E84EF20D01C29
:105F5000AA8497550100938525F71745010013057D
:105F6000A52CEF20511403078400035664008355C9
:105F70004400A6861755010013058500EF20B112D5
:105F80002945EF20911697D7FF1F83C7C702639853
:105F900097000145EFF09FD681450A85CD3DF2403F
:105FA0006244D244056182806D71232481102326CE
:105FB00011102322911093F745002E846385071258
:105FC0003C083EC0B707E5003EC23C083EC423176C
:105FD00001002318010023190100231A0100231BCB
:105FE000010097D7FF1F83D7A7FC99E3C167FD176F
:105FF0002316F10097D7FF1F83D7A7FB91EB97D705
:10600000FF1F938727309C439C43DC4783D70700BF
:1060100017D7FF1F1307C7F92317F100544F8357F2
:1060200047002318F100DC4A95EF9755010093854E
:10603000E5ED174501001305251FEF20D106175583
:1060400001001305E5EEEF2011062945EF20F109C7
:10605000134544008320C110032481108324411080
:106060005161828097D7FF1F83C7F7F42555ADCBC9
:10607000FD1717D6FF1FA300F6F403D606018347CA
:106080000701CC460A85230BF100EF20A07C97D7AF
:10609000FF1F938727279C4317D7FF1F130747F13D
:1060A00097660100938646C488430A866C00EF1009
:1060B000C006AA8451DD97550100938525E5174553
:1060C000010013056516EF20017EA6851755010016
:1060D0001305C5E6EF20217D2945EF201101268516
:1060E000EFF0DFC1B5B793F725009DC3B7E7040014
:1060F000BC4741468145280882972555EFF01FC0CF
:1061000028089305F00FEFF09FD81345240099B7A6
:1061100093F7150001459DDFEFF07FA313451400B1
:1061200015BF5C4D411106C688C317D7FF1F232B2F
:10613000F71CB7E7040083A707081705000013053D
:10614000E5E68297B24097D7FF1F238FA71A014534
:106150004101828001119307700F2316F10006CED2
:1061600097D7FF1F83C7171B8DE7B7E7040083A7E7
:10617000870D17D6FF1F0346E6106C0017D5FF1FCB
:106180000355851982973335A00097D7FF1FA38346
:10619000A718F2400561828041119397050122C43E
:1061A00006C626C2C1872E8463D40702B7E4040062
:1061B000FC5417D5FF1F0345E50C829719C1BC5449
:1061C00082972165218DB240224492444101828010
:1061D00093F715008DC7B7E7040083A7471A17D6B2
:1061E000FF1F1306E6E0970500209385A58217D5CB
:1061F000FF1F03452509829713451400E9B793F75C
:10620000250099CFB7E70400BC4F13060064894509
:1062100017D5FF1F0345050782971345240065B76F
:1062200093F785009DC7B7E7040003A8871A1307F3
:10623000401F97D7FF1F83C7E70481461306400618
:10624000994517D5FF1F0355250D02981345840066
:106250009DBF93F745000145BDD7B7E4040083A770
:10626000041817D5FF1F0355250B8297BC4C130646
:106270000064914517D5FF1F0345C500829713455C
:10628000440091B797D7FF1F83D707096396A702EA
:1062900017D7FF1F2313B70817D7FF1F2310C708EF
:1062A00017D7FF1F231DD7062E861755010013058C
:1062B00025E9BE856F20215F175501001305C5E94B
:1062C0006F20217303574500011106CE22CC97D7CA
:1062D000FF1F83D76704175501001305E5E7631017
:1062E000F706C167F91717D7FF1F2327F70237E40F
:1062F000040097D7FF1F23A307027C4C894517D5BD
:10630000FF1F034525F882977C4C914517D5FF1F49
:10631000034545F7829797D7FF1F83C717FD95C79A
:106320008547A307F100832744171306F10085452D
:1063300013055030829717550100130565D7EF20DC
:10634000416BF24062440561828097D7FF1F83C78B
:10635000E7F917550100130565DAF5F38547A3073B
:10636000F100832744171306F100854513055030CB
:106370008297175501001305E5D5D1B77D159547CF
:1063800063EFA71817570100130747CF0A053A957F
:106390001C41011122CC06CE26CABA972E848287D0
:1063A000175501001305C5DBEF20A16405A203C743
:1063B00025009947631CF7002E8529378345640023
:1063C000175501001305C5DAEF20E14D97D7FF1FE0
:1063D000238D07F017550100130545DBF1B703C7FF
:1063E000250095476317F702C16717D7FF1F0357AB
:1063F000A7F2F91703D5A5006307F702B7E7040072
:1064000083A7C717829717550100130525D9EF20D9
:10641000415E854717D7FF1F2309F7EC1755010089
:10642000130545DA51B797D7FF1F2397A7EE83D7F8
:10643000E500B7E40400096617D7FF1F231FF7EC38
:1064400083D705011306069017D5FF1F034585E383
:1064500017D7FF1F2314F7EC83D72501A14517D7C2
:10646000FF1F231EF7EABC4C8297BC4C1306006446
:10647000914517D5FF1F0345E5E082970356E400D9
:106480008355A40017550100130585D2EF20A141C3
:1064900049B7175501001305A5D339B783C52500A2
:1064A0009147639AF5028547175501001305C5D337
:1064B000A307F100EF20E153B7E7040083A74717D4
:1064C0001306F1008545130550308297F24062446F
:1064D000D244056182809947639EF5002285EFF0E2
:1064E0007FDE8345640017550100130565C8EF2062
:1064F000813BE9BF9547639FF5008347140017551B
:106500000100130565CEE39107EA17550100130555
:1065100065CF59BD17550100130545CFC9BF82800E
:10652000411122C417D4FF1F130444AEAA86175684
:106530000100130626B62285C14506C6EF20215567
:106540000357440097D7FF1F938747AD2393E70076
:10655000035764002394E700B24022444101828043
:10656000130101DC232C812237E404008327040873
:10657000232E1122232A912223282123232631236B
:1065800017050000130585C1829717D9FF1F13094E
:1065900069CF994785442300A9002318F102975534
:1065A0000100938525B893074006174501001305A0
:1065B000A5C72314F112230C910097D9FF1F9389CB
:1065C00029D3EF20412E83D509001755010013056B
:1065D00025ADEF20412D2945EF20213103D50900BC
:1065E000813783274417300885451305503082973B
:1065F0008327441717D6FF1F130646A2CD45130560
:10660000703082978327441717D6FF1F1306069F03
:10661000B5451305603082978327441710188945C4
:1066200013051031829783274417301289451305CB
:106630002031829783274415930500050D458297E5
:106640008327441593050005114582972306910081
:1066500023089100230C9100232401122308010236
:106660008327841630129145130570408297832743
:106670008416700085451305004082978327841691
:10668000100885451305104082978327841610183B
:106690008545130520408297832784163008854559
:1066A000130550408297832704157D5582978327D1
:1066B00044137D5582977D55EFC05F9F8327440C1F
:1066C0008297EFC0CFFC8327841417D6FF1F1306D1
:1066D000E693D545014582971306700F814508184A
:1066E000EFB0EFE28947554681452808230891021B
:1066F0002306F100EFB0AFE18D471306700F81451F
:106700002812230CF100EFB08FE091472304F1121F
:1067100097D7FF1F938787B7984383C74700101801
:106720009305700F01453AC8230AF100EFC03F9F5F
:10673000700085450545EFC09F9E3008D545094549
:10674000EFC0FF9D30129305700F0D45EFC03F9DC8
:10675000100895451145EFC09F9CC16717D7FF1FD3
:10676000130787BBF9171CC32322070017D5FF1F88
:10677000130505B1EFC09F998327C41D17D5FF1FCF
:106780001305C5B882973C480345090085458297A3
:106790008320C1230324812383244123032901234C
:1067A0008329C1221301012482800111C16726CAF5
:1067B00006CEAA8422CC17D5FF1F0355E5B5F917DD
:1067C0006306F50437E40400832784122E8623151C
:1067D000B10001478146ED4582977C440356A100F4
:1067E0002AC6A68582972C0017D5FF1F0355C5B270
:1067F000EFC05F9E01CD175501001305A593EF2053
:10680000411F8327C412ED4528008297F24062445D
:10681000D24405618280397126DA06DE22DCB28438
:1068200009C989476303F502F2506254D2542161C9
:106830008280175501001305659F2E84EF20611B90
:10684000A6852285EFE0AFA7C5B7B7E70400FC47F0
:10685000280882970344810183479101175501005D
:106860001305859D22045D8CEF20A118B1679387E5
:10687000C7556319F40297D7FF1F83C727A781CF96
:106880008347C1010345B1012686A2072C085D8D0F
:10689000EFE0BF8C51BF174501001305E551EF2014
:1068A000411559B7AD679387B755631FF400834708
:1068B000D1018345C101174501001305A550A20769
:1068C000DD8DEF10517E8DB7B5679387D755E30DFA
:1068D000F4F4A9679387A7556317F40017450100DF
:1068E0001305854F6DBFB9679387E755631EF4089D
:1068F0008D47E3FB97F20344B10197D4FF1F83C494
:10690000D49E9755010093852591B337800017D702
:10691000FF1FA30CF79C09C4975501009385859030
:106920001755010013050592EF10F17797D7FF1F58
:1069300083C7B79B63849700EFE0FFC497D7FF1F1F
:1069400083C7B79A9DC385472302F100B7E70400C8
:1069500083A7471750008545130550308297175578
:1069600001001305258FEF20C1089967938757EE23
:106970002312F1009145854748002303F100A3034A
:106980008100EFF09FE24DB5BD671387F755631A9D
:10699000E4049967D5172312F10097D7FF1F938757
:1069A000E79483C70700480095452303F10097D774
:1069B000FF1F83D7E793A303F100A1832304F10012
:1069C000EFF0BFDE17D6FF1F0356869297D5FF1F45
:1069D00083C5C5911755010013054589EF10B16CAA
:1069E000A1B59387F766631CF4049D67D91723123A
:1069F000F10097D7FF1F83C7678F2303F1009DC75F
:106A0000B7E70400FC4741469385412A130571000E
:106A10008297CD454800EFF05FD997D5FF1F83C51A
:106A2000E58C175501001305658761BDB7E70400C4
:106A3000BC4741468145130571008297D9BFA685A1
:106A4000280809B5011106CE22CC2DC9854717C7E4
:106A5000FF1FA30AF75A97C7FF1F2387075A37E478
:106A60000400832784179305F100130550308297A3
:106A70008347F100A9CBA30701008327441713061E
:106A8000F10085451305503082978327441717C6B8
:106A9000FF1F1306A656B54513056030829785473C
:106AA000A307F100832744171306F100854513055A
:106AB00050308297F24062440561828097C7FF1F81
:106AC000A383075449BF8327441717C6FF1F130624
:106AD000E652B54513056030E9BFC16717D5FF1F02
:106AE00003558583F9176307F500B7E7040003A38F
:106AF000C7170283828001118547A307010017D7BA
:106B0000FF1F2309F780B7E7040083A7471706CEC6
:106B10001306F1008545130550308297F240056158
:106B20008280EFB22F9A2A8408452E89B28909C93A
:106B300000C1970500009385C5746105EF008101D0
:106B400081447D5AEF10C00963C3A4048144EF104F
:106B5000200A63C6A40497F7FF1F938767EC9C4342
:106B6000DC47B307F94091872302F40063810904ED
:106B70008327C900B307F4409587A302F4001C4C97
:106B800089C79C4799C3228582976FB0EF965C4472
:106B9000139714008504BA972390470165B71C48E2
:106BA000139714008504BA97239007004DB78327E5
:106BB00089000547B307F4409587A302F400835783
:106BC0000400638EE7028DC309476384E7040D4721
:106BD000E397E7FA97570100938787C01CCC975734
:106BE00001009387E7C011A8975701009387C786D4
:106BF0001CCC97570100938727875CC849B79747F4
:106C00000100938767721CCC974701009387C77276
:106C1000EDB797570100938767C11CCC97570100C8
:106C20009387C7C1D9BF85E1EFB26F8B0046184487
:106C30008347940075839D8B6315F700EF00501C0C
:106C400048C46FB00F8C8280EFB2CF8713893500B4
:106C5000C16442094111AA890144F114135909017F
:106C6000054A2EC6EF00D077B2456346A400014521
:106C700041016FB06F8883A7090013171400BA97FA
:106C800083D707006388B7006394970063742A0171
:106C90000504C1BF0545E9BFEFB2EF81AA892E897E
:106CA000328BB6843A8ABE8AEF80204C55C1268545
:106CB000EF1030368D4763E5A7007D556FB02F8309
:106CC00083DB4400EF00D0772A84EF00B07893078D
:106CD000740031443305850263C5A702EF00507686
:106CE000EF0010762A84EF00F076930774003144A9
:106CF0003305850263CDA702EF009074930745002A
:106D000019A8EF003075330585021307F0179307B4
:106D1000C017E357A7FC2D55E3C277FB63000B02B6
:106D2000D6865286A6854A85EFE0106341BFEF0004
:106D30007072330585029307C5FFF1BF83274900B1
:106D40001385C90083D52700EFF01FF071F9B5B79F
:106D50006955ADB797F7FF1F2396A7CC97F7FF1F8D
:106D6000938707CC904381470C463307F5004207D1
:106D700041836393B7008280544613984700850788
:106D8000C2962390E600D5B797F7FF1F938747C9B0
:106D90009C4303C58700828017F5FF1F035585C8F4
:106DA0008280EFA2DFF3C1671387D7FF6307E50295
:106DB0006368A700F117630EF50001456FA07FF42B
:106DC0001387E7FF630EE500FD171D8D13351500D2
:106DD000F5B7EF40003D7D15D5BFEF40801AE5BF08
:106DE000EF40E018CDBFEFA29FEF4111AA8401440C
:106DF0002EC6EF00F05FB2456346A4000145410195
:106E00006FA03FF09C48131514003E958357050072
:106E1000E387B7FE0504E9BF03485500814693F7B1
:106E2000F60F63E5070181473E85828058459397B9
:106E30005600BA9703D727006316B70003D7070099
:106E4000E304C7FE8506E1BF83464500014793770B
:106E5000F70F63E4D700814711A81C4513165700AC
:106E60000507B29703D60700E313B6FE3E8582807E
:106E7000EFA25FE593170501C18797FAFF1F938A79
:106E80002ABA6355F00883A70A00C0479C470357F6
:106E90000400198D420541816366F5000144228595
:106EA0006FA09FE512052A94DDBFDC4713944900CB
:106EB000014A3E94834744006341FA02014A8347F2
:106EC00054006347FA028509C20993D9090183A7CF
:106ED0000A009847E3EBE9FCD1B71C4413195A00A8
:106EE000A6853E994A85EFF01FF011ED050AD9B746
:106EF0005C4413195A00A6853E994A85EFF0BFEE0F
:106F000019E1050A6DBFE30009FC51BFAA8481495C
:106F10007DBFEFA2DFDC1C452A8481E79307C50013
:106F20001CC51C44231204001CC09307F00F63E926
:106F3000B70093F5F50F2285EF10B0136FA07FDC3B
:106F400093940501C167C18063F7F500A68522858A
:106F5000EF10D015E5B7C18193F5F50F2285EF103D
:106F60005011A6852285EF101012C9BF97F7FF1F99
:106F7000938707AB884382801C4599C797F7FF1F0B
:106F800023A0A7AA014582807D55828097F7FF1F25
:106F9000938707A9984383474500484792073E9542
:106FA0008280EFA2DFD3617100451C183EC6B7078F
:106FB00080013EC81C183ECA8357440002CE02D04E
:106FC00002CC231EF100834784002A8902D22301C8
:106FD000F1023C083ED402D6EFF05FFB8357050078
:106FE0002316F102EF30706B2307A1025C400355BA
:106FF0006400F18313F717008347F10252055181B2
:10700000F99BD98FA307F102EFE0702639C5AA8456
:1070100003550500EF80401683D704002AD268008C
:10702000231CF10083D72400231DF1001C4803D644
:1070300047008C43EF1010028347B400CA861746FE
:1070400001001306E6278117A305F4006C00481021
:10705000EFE090305D616FA0DFCA2155E5BF1C45B0
:10706000B1CF03C5A700894613576500630BD7024C
:107070008D46630ED70285466300D702130740068C
:107080003305E50203C7B700418B15CB83C7B700B3
:10709000BD8B3355F54082801375F5031307803E91
:1070A000C5B709671375F50313070771D1BF3727F4
:1070B00009001375F5031307077CD9B701458280D2
:1070C000EFA2FFC103A98500630509048347B90046
:1070D000AE8493F7070E91CF0345990093052003E3
:1070E0000D810505B305B50288446105EFF0B032A6
:1070F0000DA02E85EFF0BFF62A8401CD1123832544
:10710000C900B307B54063F887002E94B305A440C7
:10711000E1FD6FA01FBF8545C1BFEFA25FBC2A8400
:1071200003D50500011132C636C43AC22EC002CAC8
:1071300002CC02CEEF80400482452ACA22852ECCA2
:10714000EFF0DFE403570500231EE100EF30F054B9
:10715000A24632469247230FA10036874C08B286DA
:1071600022850146EFF05FB305616FA09FB9EFA2E2
:107170001FB761711C183EC6B70780013EC81C18B6
:107180003ECA3C0800453ED4AA8402CC02CE02D0BE
:1071900002D202D6EFF09FDF835705003559231640
:1071A000F102EF30904F2307A10209C48357440036
:1071B00091E721594A855D616FA0BFB40355640012
:1071C00052055181EFE0B00A2A8965D58347B400A2
:1071D00093F7070E89C713058401EFF050258357F5
:1071E0004400231EF100834784002301F1025C4028
:1071F00003550900D98313F7070883471102231C9D
:10720000A10093F7F707D98FA300F1028357290054
:10721000231DF1005C40F18313F717008347F1024F
:10722000F99BD98FA307F102EF7010752AD251D1C3
:10723000834794006800139757008347B400FD8B81
:10724000D98FA305F4001C4803D647008C43EF10E8
:107250006060A6871747010013078706740005467C
:107260004C102685EFF05FA32A8929D58347B40007
:10727000A685FD8BA305F400EFF09FE425BFEFA2E8
:107280001FA6832485FE2A8441112685EFF03FDD69
:10729000834734FF93F7070E9DC32AC62685EFF078
:1072A0005FD019C9834734FFB245FD8BA309F4FEB3
:1072B00081C52285EFF0301641016FA09FA46DDDDE
:1072C0008327C4FF2685829765F9834734FF93F7A8
:1072D000070E81C72285EFF09015032584FEEFF09D
:1072E0001FE9D9BFEFA2BF9C9C4141112A8903C766
:1072F000070089472E8493566700638CF6020D467B
:107300006382C6049307F0076302F7022E85EF102D
:10731000A060AA848149C16B130C490097E7FF1F45
:10732000938707709C43984763ECE90241016FA083
:10733000DF9B03D745008547E3FAE7FE2E85EF1074
:107340008061C1BF03D74500E3F2E7FE2E85EF1051
:10735000A05CAA842285EF10805DC204C98C5DBF49
:10736000DC470355A900139A49003E9A931705017B
:10737000C187635DF00083570A006395A70263E548
:1073800074038327CA00034D5A001DA0A16721671B
:10739000A98F1307F7EFE374F7FE63950900EFF089
:1073A0005FA071FD85099DBF83278A00034D4A00B8
:1073B000835DA90003576900216A138BC7003AC691
:1073C000814A33CA4D01631E5D0197E7FF1F938712
:1073D000A7659C43E1DBA28662868145268582976C
:1073E000D1B7A1679387F7EF930C4BFF63F0470387
:1073F000B2455A85EFF05F8519CD03278B00104702
:1074000019CA10436380C4023107D5BFEE85668573
:10741000EFF07F9D71FD93861A0093FAF60F130B20
:107420000B0255B7835644005C43E3EDF6F6228524
:107430003AC6EF10603DA1679387D7042A8A035D9F
:107440004400324763E897008347D90093E707F881
:10745000A306F9001C4766852286E2858297C167EC
:107460000844FD17337AFA00529508C02312A4018C
:1074700015BF97E7FF1F9387A75A9843814715C306
:107480001447814763FFD500939745004C47BE954D
:1074900019C903C7550081476375E600DC45160628
:1074A000B2973E85828003C745008147E37BE6FEB5
:1074B00016069C45F5B7EFA2FF80AA892E8A814463
:1074C00097EAFF1F938ACA5583A70A00984763E487
:1074D000E4006FA07F82DC471394440001493E948E
:1074E00013BB140083474400634BF900014913BBED
:1074F000140083475400634FF9008504F1B7084432
:10750000931759005287DA860146A2853E958299E3
:107510000509C9BF4844931759005287DA860546C2
:10752000A2853E9582990509E9B7EFA24FFB8145F7
:1075300017F5FFFF1305255F97E7FF1F2394074EFD
:10754000EFF07FF76FA0EFFB97E7FF1F9387474DA3
:107550009C4381CFEFA2AFF8814517F5FFFF1305DC
:10756000855CEFF05FF56FA0CFF98280EFA28FF519
:1075700037E404008327841241112315E100AE890A
:107580003289368A3A8681460147ED45AA84829738
:107590002AC621C50356A100D285EF106125832795
:1075A000C413CE8526858297058915C58327440D8A
:1075B0002314210101462C00268582972A8401C9C3
:1075C000B7E7040083A7C712ED45280082972285FC
:1075D00041016FA06FF24944E5B76554CDBF5C41EE
:1075E000FD175CC18280EFA28FEFB7E70400FC5F5C
:1075F000829795473305F50281450D816FA06FF0A5
:10760000EFA2EFEDB7E70400FC5F829795473305E3
:10761000F5020D816FA0EFEEEFA26FECB7E704006B
:1076200083A7870B0355050082976FA08FEDEFA20C
:107630000FEB035505003287AE8617C6FF1F0356B2
:1076400006A497E5FF1F9385653EEFF03FF26FA01C
:107650004FEBEFA2CFE8B7E7040083A7C7178297E5
:107660006FA02FEAEFA2AFE7B7E7040083A7871365
:1076700097E5FF1F9385853B829701456FA06FE8D3
:10768000EFA2EFE5B7E7040083A7C71F814517C541
:10769000FF1F0355C59A82976FA0AFE6EFA22FE4B4
:1076A000B7E7040083A7871397E5FF1F9385053984
:1076B000829701456FA0EFE4EFA26FE2B7E7040005
:1076C00083A7C71F814517C5FF1F0355459D829797
:1076D0006FA02FE3EFA2AFE02E85EF600055EF60C3
:1076E000900D6FA00FE2EFA28FDFEF60D0176FA0B9
:1076F0004FE15C49E1175CC95CC583572501A107CF
:107700002319F50083570501A1072318F50082808E
:10771000F1473305F50297E7FF1F938727349C4312
:107720003E9582808D476317F60603D7460085474E
:1077300063F2E706EFA2AFDA368536842E89EF10C2
:10774000A01D39C18357440093140501C18063ED26
:1077500097022285EF10401CFD142312940093071A
:10776000A002630EF5009307B0026301F5029307D0
:107770009002631BF5002285EFC0B07E31A0014668
:10778000CA852285EF80000F6FA0AFD72285EF005A
:107790001059DDBF828097E6FF1F9386662C9C42BE
:1077A000014599CF9843D44217E6FF1F232AE62AC2
:1077B0006396D70097E6FF1F23A6E62A1385C7FE28
:1077C0008280EFA2CFD1E92671443305850291452D
:1077D000EF70606201E565556FA0AFD297E7FF1FBC
:1077E00023ACA7267526330585029145EF70A0606E
:1077F0007DD197E7FF1F23A3A726592E97E7FF1FE9
:107800002396A724712697E7FF1F2392A724974763
:107810000100938727B017E7FF1F232DF722970753
:107820000000938747ED17E7FF1F2323F722014549
:1078300065B7EFA2CFCAAA8517E5FF1F130505217B
:10784000EF1060216FA0EFCBEFA26FC9EFF07FFECA
:10785000EF10E02197E7FF1F938787209C4381CF9C
:107860001387C7FE09CB83D5C7FF17E5FF1F130595
:10787000A51FEFF0403A6FA0CFC8EFA24FC6EFF0C0
:107880009FF119C9834785002A8493F7070499E774
:107890000355E500EFF05FFB6FA0AFC68347C5005F
:1078A0009304450117E9FF1F1309891B85E383270B
:1078B00009005CC997E7FF1F23A4971A8327490093
:1078C000E1FF97E7FF1F23AF9718F9B7FD172306CE
:1078D000F5006105EF60E07E8307840063CB070459
:1078E0008347840093E707F82304F400B7E7040014
:1078F0009C5F82974205A94741813375F502834712
:10790000840093F707FCC98F2304F4008347D40055
:107910003E951C402318A40089CF984319CB834778
:10792000C4005040814585073305F5024205418179
:107930000297832709005CC897E7FF1F23A29712CD
:107940008327490089E797E7FF1F23AD97108347F7
:10795000C400B9D38355040117E5FF1F1305C510F3
:10796000EFF0602B15BFEFA28FB797E7FF1F93874C
:10797000E7349C4701448583858B81EFAE84B285D3
:107980003A86EF1020142A8409C5EF10200B829448
:1079900008CC22856FA0EFB6EFA2CFB241112E899D
:1079A00032C6AA89712C324713060502CA8697058A
:1079B0000000938525D617E5FF1F13052509EFF075
:1079C0009FFA2A8429CD9304C50065261946AA8505
:1079D0002685EF00306885452685EF001065174540
:1079E00001001305E5904E95834505002685EF00BF
:1079F00050685C4831468145A1075CC85CC4835728
:107A00002401E1172319F40083570401E117231817
:107A1000F4001C4C3E85EFA08FAFA3042501228506
:107A200041016FA06FADEFA28FAB4111AA842EC6AA
:107A300032C4EF100003004DB24522468347840054
:107A40000CC050C093F7F70393E707042304F40036
:107A5000231804002685EF00707E83479400A94612
:107A60002317A40013D7370005073307D7029D8BD0
:107A700085072306F400A306E40083C70401D84861
:107A80008507230FF7FE17E7FF1F130767FD58430E
:107A9000232A0400930744011DEB17E7FF1F23234C
:107AA000F7FC17E7FF1F232DF7FA17E4FF1F130456
:107AB000A4FB2285EFF0A00B1C44858B5D8D09E5AE
:107AC00081452285EFF0201541016FA08FA31CC3D3
:107AD00017E7FF1F2328F7F8C9BFEFA24FA09705AC
:107AE0000000938565C40145EFF0DFBE01456FA03E
:107AF0004FA1EFA2CF9EEFF01FBF6FA08FA08347D3
:107B0000C500A1E7EFA2AF9D2A840355E500EFF081
:107B10005FD215C98347840093F7F7FB2304F40071
:107B20001C4091C7DC4381C74C4001458297EFF070
:107B30009FC617E5FF1F130525F3EFF0400F035510
:107B4000E400EFF07FD06FA0CF9B8280EFA22F994F
:107B500097E7FF1F9387C7F097050000938525D20D
:107B600017E5FF1F130545F023A0070023A2070018
:107B7000EFE0507E6FA0EF981C4D91CBDC4381CBA2
:107B8000EFA2EF958345070082976FA08F978280C1
:107B900097E7FF1F938787EF9C4303C50700828009
:107BA00097E7FF1F938787EE9C4303C517008280EA
:107BB00097E7FF1F938787ED9C4303C527008280CB
:107BC00097E7FF1F938787EC9C4303C5470082809C
:107BD00097E7FF1F938787EB9C4303C5370082809D
:107BE00097E7FF1F938787EA9C4303C5570082806E
:107BF00097E7FF1F938787E99C4303C5670082804F
:107C000097E7FF1F938787E89C4303C5770082802F
:107C100097E7FF1F938787E79C4303C58700828010
:107C200097E7FF1F938787E69C4303C597008280F1
:107C300097E7FF1F938787E59C4303C5A7008280D2
:107C400097E7FF1F938787E49C4303C5B70011E1C3
:107C50001D45828097E7FF1F938747E39C4303C539
:107C6000C700828097E7FF1F938747E29C4303C5C5
:107C7000D700828097E7FF1F938747E19C4303C5A6
:107C8000E700828097E7FF1F938747E09C4303D577
:107C90000701828097E7FF1F938747DF9C4303C557
:107CA0002701828097E7FF1F938747DE9C4303D518
:107CB0004701828097E7FF1F938747DD9C4303D5E9
:107CC0006701828097E7FF1F938747DC9C4303D5BA
:107CD0008701828097E7FF1F938747DB9C4303C59B
:107CE000A701828097E7FF1F938747DA9C4303C56C
:107CF000B701828097E7FF1F938747D99C4303C54D
:107D0000C701828097E7FF1F938747D89C4303C52D
:107D1000D701828097E7FF1F938747D79C438857F7
:107D2000828097E7FF1F938767D69C4303D5C702DE
:107D3000828097E7FF1F938767D59C4303D5E702AF
:107D400019E11305800C828097E7FF1F938707D402
:107D50009C4303C50703828097E7FF1F938707D3E0
:107D60009C43C85B828097E7FF1F9387A7D1884316
:107D7000828097E7FF1F938727D18843828019E18C
:107D80007D558280F5DE984265DFFDD917E7FF1F3C
:107D90001307C7F21847AA877155058B6319072285
:107DA00003C507001547E37DA7FC03C7370013058C
:107DB000F0057D171377F70FE364E5FC03C3570065
:107DC000E30003FC83C86700E38C08FA03C777006D
:107DD000494579171377F70FE364E5FA03C7A7005E
:107DE00011481305F7FF1375F50FE36BA8F803CEE1
:107DF00097000D481305FEFF1375F50FE362A8F811
:107E000003C8B7006309080065181378F80F130555
:107E1000600DE36705F703C5C70079487915137549
:107E2000F50FE36FA8F403C8D7000D457D1813784C
:107E3000F80FE36705F503D80701930E40175118B3
:107E4000420813580801E3ED0EF303C8E7007D185C
:107E50001378F80FE36605F303C827017D1813783C
:107E6000F80FE36F05F103C88700C54E7518137846
:107E7000F80FE3E70EF103D86701856E938EBEE03D
:107E80006D18420813580801E3EC0EEF03D84701C0
:107E90006D18420813580801E3E40EEF03D8870178
:107EA0007918420813580801E36C05ED03C8A701CF
:107EB0007D181378F80FE36505ED03C5B7011D487C
:107EC0007D151375F50FE36DA8EA03C5D701714859
:107ED00079151375F50FE365A8EA03D5E7011308D3
:107EE000E00F7D1542054181E36CA8E803C5070258
:107EF000494879151375F50FE364A8E8C85301C91B
:107F000037C834005915130858BFE36BA8E603A817
:107F1000870237C53400130555BF5918E36205E7DA
:107F200017E5FF1F2322C5B603C6050117E5FF1F8E
:107F3000232EF5B40545E375C5E403D82501D049E2
:107F400033760603E31E06E203C61501E30A06E2E2
:107F500017E6FF1F2328B6B283C5270001466387B3
:107F6000A50003C61700F1453306B60283C7070311
:107F70009305C00272971A071307C70516031A97CD
:107F800096084697B387B70241553E973297420706
:107F90004183636EE802EF929FD43685EF60D06F25
:107FA000EFD0B0212A84EF80B01D2A94EFC0902535
:107FB0002A94EF7040072A94EFF0BF802A94EF20B4
:107FC00050632A94EF50406622956F909FD3828031
:107FD000EF92FFD04111A307A100EF80801E93050F
:107FE000F10017050000130565B9EFF0CFCC01458E
:107FF00041016F901FD1EF921FCC17E4FF1F1304B4
:10800000E4CB0328840079599368180097E4FF1F94
:1080100023AA14CB13781800631E0800BA84BE8903
:10802000368B328A2E89AA8AEFE01FD67D152695D7
:1080300009E531594A856F909FCBEFE0FFD47D155C
:108040002695A167E357F5FE97E7FF1F938707FE85
:1080500098433E8C814B11C70145EFC0B03E933B26
:1080600015004A85DA865686D285EF7070372A89E0
:1080700011CD1C44F99B17E7FF1F2325F7C4832765
:108080000C00CDDBE3880BFA82976DB7268597E766
:10809000FF1F23A707C2EFE0FFCB4146CE8517E5C0
:1080A000FF1F130525CBEF00A174EFA07008032577
:1080B000040BEFA0700A0545EFA070100545EFF026
:1080C0003FF18DBF97E7FF1F938747BF9C47858B85
:1080D000D5C7EF92DFC017E5FF1F1305E5C597E78A
:1080E000FF1F23AD07BC97E7FF1F23AB07BC97E734
:1080F000FF1F23A907BCEFE09033EF40C002EFE081
:10810000F00AEFE0700F97E7FF1F9387A7B99C4332
:1081100081C70545EF60B03397E7FF1F938747A2FC
:108120009C4389C741657D15EF50A06BEFC0703A45
:10813000EFA0F00097E7FF1F938747CD9C4313976D
:10814000170163540700EFC0A04597E7FF1F23A363
:1081500007C097E7FF1F23A107C097E7FF1F23AFC3
:1081600007BE97E7FF1F23AD07BEEFF09F98492397
:10817000EFF0AFBBEFC080676F90BFB8828097E72A
:10818000FF1F9387A7B388438280EF925FB5EF60AC
:10819000B07EEF7080006F90DFB6EF92BFB22A849E
:1081A0009304140201112E85B289A685214636C694
:1081B0003A89EF0081611DE1B24638082686CE85F6
:1081C00013059404EF40604321462C084A85EF00D4
:1081D000C15F1335150005616F901FB20145E5BF02
:1081E000EF92FFAF9305450617E5FF1F1305458A7C
:1081F000EFE070226F90FFB0EF927FAE41112EC67C
:10820000EFF00FC0B24588C141016F909FAFEF9270
:108210007FABAA842E84EF605078AA898545228599
:10822000892D83C7E4011389940899E31389040312
:10823000CE8522853D2D2146930519022285192DD3
:1082400097E7FF1F938787A78C432285EF00E0689D
:108250002146938584022285F52B6F90FFA9EF922A
:108260009FA53971EFC0E04E9305400645EDEF60E4
:10827000D06F630E051097E7FF1F83C7278313B7DF
:10828000170097E6FF1F2383E682014489CFC1646C
:1082900017E9FF1F130989A29309400EFD14EFF09F
:1082A0003F986348A408EFF0AFB54169B7290900CA
:1082B000096AFD7A2A8B81447D199389F97B130A17
:1082C0000A71938A8AC7EFF0BF9563D5A40413049B
:1082D000400EB387840217E7FF1F1307279E03246E
:1082E000070B3E948357C401638627091840330760
:1082F000EB4063EAE900834744008507B3874703FF
:10830000D6976369F706014681450945EFF0CFE846
:10831000AA8B29E1EF20105A8547631FF504896570
:108320009385057117D5FF1F13058576EFE0B00E15
:10833000A1A8B30734030327090BBA9703D7C701D2
:108340006308970003C75700A38207002382E70052
:108350000504B1B79305C5002285EFF05FEB5E859C
:108360002286973501009385E5F9EFF0CFEB5E8526
:10837000EF00E06F850481BF97E7FF1F93870794A5
:108380009C478D83858BC1FF21616F905F9601466D
:108390008545094502D002D202D402D6EFF0CFDFE4
:1083A000AA847DD1EFC0203A1389C4002A84814574
:1083B0004A85C1210C4041464A85692983294400E8
:1083C000638809084E8502D802DA02DC02DEEF007B
:1083D00041732ACE141005462C0808184ECCEF40E5
:1083E00060191375F50F2DE58355840093E525007D
:1083F0004A856D2911460C104A85A92901469735F1
:1084000001009385A5F02685EFF0EFE12685EF00CA
:1084100000665C40B5DB014685450D45EFF0CFD7E2
:10842000AA843DD148401389C400EF00816D2AC65B
:108430004A85C5263246636AC5004C404A851929DB
:10844000014681452685EFF00FDE26850D252DBFDF
:108450008355840071BFEF929F8897E7FF1F938732
:10846000E7859C4719CD93E7870017D5FF1F1305B4
:10847000256217E7FF1F2327F784EFE060786F90EE
:108480005F88DD9B17E7FF1F232EF782EF209042C6
:108490007DF517D5FF1F1305A55FEFE04079C5B740
:1084A000EF927F814169AA892E8AB28A368BBA8B74
:1084B000814417ECFF1F130C6C80930C400E7D1948
:1084C000EFF00FF663C4A40001442DA0338494039D
:1084D00083270C0B3E948357C401638027055A877A
:1084E000D6865286CE8513050403EFF01FCB11C547
:1084F00023800B0022856F908FFF8347F40191CF7B
:108500005A87D6865286CE8513059408EFF0FFC8A9
:1085100009C585472380FB00F1BF850455B7835704
:108520004500638D0716EF92EFF901112A84ED26BD
:1085300019C58547630AF50405616F90EFFBEFC02D
:1085400040217DF9835744004947ED9BE396E7FEC0
:10855000C14522854524AA842285F52E035744006F
:1085600002CE91472A896317F700228539293C08F2
:108570002ACC3ECEEFC0201D5C55DDDF74084A8654
:10858000A685054582974DBF03574400D147E3F5C3
:10859000E7FA032A0400C169014997DAFF1F938AA9
:1085A000EA71130B400EFD19EFF08FE76344A90C3D
:1085B0002285032A04008D26A1452A8922851D2CA7
:1085C000AA842285D92614402A86AA897808268575
:1085D000CA85EFF0FFECAA8425D103C7F4018947CF
:1085E0006315F7008347C101A1DB5546D28513858A
:1085F0006400EF00E11F0145EF60103801C583D72B
:10860000C401B1EB97D7FF1F9387476B9C479355E6
:108610001900858913D73700058B11CB8983858B8A
:108620006397B70001452EC6EFF0FFE2B2454E85D5
:10863000EF60703C0346C1012A84937519002685BA
:10864000EF70703131C92685EF607037268511C013
:108650000145EF60D061EF20F0258547E31EF5EC82
:1086600083C754001307F00FE388E7EC8507A38264
:10867000F400D9B5B304690383A70A0BBE9483D76A
:10868000C401638937015546D28513856400EF0024
:10869000C11371D1050909BF5DDC5DBF8280EF9216
:1086A0006FE2EF60902C11CDC164014417D9FF1F18
:1086B0001309C9609309400EFD14EFF06FD6634AA9
:1086C000A40017D5FF1F1305A53CEFE060536F9082
:1086D000AFE2330534038327090B3E958357C50169
:1086E0006386970023120500EF60702D0504F1B733
:1086F00097D7FF1F9387875C9C478D83858B99EB6A
:10870000EF92EFDD17D5FF1F13058538EFE02052FC
:108710006F902FDF8280EF928FDC970500009385AA
:1087200045B417D5FF1F1305A536EFE0A0426F90A3
:108730004FDDEF92CFDA8841B7E70400BC5B050557
:1087400042054181829709C585472300F50005054B
:108750006F902FDB83C7F5FF2E858507A38FF5FE6E
:10876000828083C7F5FFFD1793F7F70FA38FF5FE00
:1087700099EBEF92CFD6B7E70400BC571385F5FF0E
:1087800082976F900FD882801C41035745008D8FD0
:10879000BA951CC12312B5003E85828093D785000F
:1087A000A2051441DD8D835745001387E6FF18C1EC
:1087B00089072312F50013D685004111238FB6FED9
:1087C000A38FC6FE4101828018419307F7FF1CC1A9
:1087D0008357450085072312F500A30FB7FE82805B
:1087E000835745008D8F2312F5001C41BE950CC1A7
:1087F0002E858280AA8703D7470008410D8FAA954E
:108800002392E7008CC38280184108453305A740B6
:10881000828083574500035765001D8F1C41084522
:108820003385A7403305A7408280EF924FCB41119B
:108830002EC62A84EFF0FFFDB2456373B50001A098
:10884000835744000840BE952312B4003E95410171
:108850006F902FCBEF92AFC841112E84B28532C6F4
:10886000EFF0BFFC3246A285EFF0907841016F90A7
:108870004FC9EF92CFC62E848545EFF01FFB230032
:1088800085006F900FC8EF928FC541112317B1007B
:108890008945EFF09FF98347E1002300F500834706
:1088A000F100A300F50041016F90AFC5EF922FC317
:1088B00093D78500A2054111DD8D2317B1008945AD
:1088C000EFF0BFF68347E1002300F5008347F10096
:1088D000A300F50041016F90CFC2EF924FC01397F4
:1088E000850193D78501C166938606F0D98F13D78A
:1088F0008500758FD98FA2053707FF00F98D4111CB
:10890000DD8D2EC69145EFF05FF26C001146EFF061
:10891000306E41016F90EFBEEF926FBC1C418545F8
:1089200003C40700EFF0DFEB22856F908FBDEF925D
:108930000FBB1C414111894503C7070083C71700BE
:108940002307E100A307F100EFF09FE90355E100E1
:1089500041016F900FBBEF928FB81C4141118945C7
:1089600003C7070083C717002307E100A307F1002F
:10897000EFF01FE78357E100410113D58700A207FD
:108980005D8D420541816F90CFB7EF924FB50C419D
:1089900041112A8411466800EFF0906591452285C7
:1089A000EFF01FE4B247C166938606F01397870184
:1089B00013D58701598D13D78700758F598DA2075D
:1089C0003707FF00F98F5D8D41016F908FB31C4514
:1089D000BE950CC18280AE87944391E6584101EF69
:1089E0000CC15CC1828003C7570013671700A382C4
:1089F000E700B687D5B70CC3EDB7AA87084119CDF4
:108A00001841D44398C36313D500D8C32A870346BB
:108A100057009376160081E6232007008280944356
:108A200081CA8C4203A847008CC363930601CCC360
:108A3000799A14C3A302C7003687D1BF1C45DC470F
:108A40001D8DB777DBB6938777DB09853305F50294
:108A5000420541818280F147B385F50248452E9554
:108A600082808347450085072302F5008280EF92CC
:108A70000FA72A8419E06F90CFA883474400E5DF51
:108A8000FD1793F7F70F2302F400F5F71C4403D703
:108A9000270005072391E700DC4399C322858297CD
:108AA0004C4889CD83475400898B99E71C44228523
:108AB0009C479C439C478297232A04000040232024
:108AC00004004DBFEF92AFA18357250041112EC680
:108AD00091E70144228541016F90AFA20357050041
:108AE0008147F146E307F7FEB385D7024045850786
:108AF0002E948345440008C4F5F5B247AA8481E763
:108B0000232A040009A81C456C0022859C439C4331
:108B1000829748C85DDD85472312F400B2472320C1
:108B20000400231804002319F4005C485CC483D7B4
:108B30002400FD172391F40071BFEF924F9A97D74D
:108B4000FF1F9387E7F688432326050023240500AB
:108B50004105EFE0C00D6F90CF9AEF924F9817D478
:108B6000FF1F1304E4F41C40411189CF9C472300EC
:108B7000B5002AC65CC1EFF05FFC1C40DC4399C322
:108B80003245829741016F90CF97034745001DEB17
:108B9000584DAA877D550DCBEF926F941CC3DC47CF
:108BA00097D6FF1F23A6E6F0F15613050701239081
:108BB000D7009705000093858501EFD0B079014576
:108BC0006F902F947D5582808280EF924F9101119A
:108BD000614681452800EF908F9397D7FF1F9387B9
:108BE00027ED9C4328009305F00FDC473EC6EFF0CD
:108BF000DFF605616F90EF9097D7FF1F938747EBE4
:108C00009C43D847A1679387C7026312F70A39715B
:108C100006DE22DC26DA80004AD84ED652D456D25E
:108C20003285B284EFF05FCFAA892685EFF03FD07E
:108C30002318A4FC2685EFF09FCF2319A4FC2685DA
:108C4000EFF0FFCE83D744000A8A231AA4FC858361
:108C500093F7F70F230EF4FC8607BD0793F7073F42
:108C60003301F1408A8A01498347C4FD6365F902F3
:108C7000CE85130584FC232C54FDEFF01FEE5281AA
:108C8000130104FCF2506254D2544259B259225A90
:108C9000925A216182802685EFF07FC993171900CF
:108CA000D69705092390A7001379F90F75BF828025
:108CB00097D7FF1F9387C7DF9C43D847A167938748
:108CC000A7026310F70A397106DE22DC26DA80007B
:108CD0004AD84ED652D456D23285B284EFF0DFC392
:108CE000AA892685EFF0BFC4FD572318A4FC26856A
:108CF0002319F4FCEFF0BFC383D744000A8A231A78
:108D0000A4FC858393F7F70F230EF4FC8607BD07B9
:108D100093F7073F3301F1408A8A01498347C4FD35
:108D20006365F902CE85130584FC232C54FDEFF016
:108D3000DFE25281130104FCF2506254D2544259D2
:108D4000B259225A925A216182802685EFF03FBEA5
:108D500093171900D69705092390A7001379F90FE7
:108D600075BF828097D7FF1F938787D49C43D847CE
:108D7000A16789076318F708397106DE22DC26DA55
:108D800080004AD84ED652D456D232853289EFF07E
:108D9000BFB8AA894A85EFF09FB9835749000A8A6C
:108DA0002318A4FC858393F7F70F230CF4FC8607A4
:108DB000BD0793F7073F3301F1408A8A8144834717
:108DC00084FD63E5F402CE85130584FC232A54FD5B
:108DD000EFF0BFD85281130104FCF2506254D25418
:108DE0004259B259225A925A216182804A85EFF043
:108DF0001FB493971400D69785042390A70093F48B
:108E0000F40F75BF828097D7FF1F938767CA9C4373
:108E1000D847A1679387E7046312F70A397106DE22
:108E200022DC26DA80004AD84ED652D456D2328579
:108E3000B284EFF07FAEAA892685EFF05FAF2318EA
:108E4000A4FC2685EFF0BFAE231AA4FC2685EFF024
:108E50001FAE83D744000A8A2319A4FC858393F7A5
:108E6000F70F230EF4FC8607BD0793F7073F330186
:108E7000F1408A8A01498347C4FD6365F902CE85C2
:108E8000130584FC232C54FDEFF03FCD52811301D8
:108E900004FCF2506254D2544259B259225A925AA6
:108EA000216182802685EFF09FA893171900D6973D
:108EB00005092390A7001379F90F75BF828097D712
:108EC000FF1F9387E7BE9C43D847A1679387C704DA
:108ED0006310F70A397106DE22DC26DA80004AD8F0
:108EE0004ED652D456D23285B284EFF0FFA2AA8970
:108EF0002685EFF0DFA3FD572318A4FC2685231A4F
:108F0000F4FCEFF0DFA283D744000A8A2319A4FC03
:108F1000858393F7F70F230EF4FC8607BD0793F7BD
:108F2000073F3301F1408A8A01498347C4FD6365E5
:108F3000F902CE85130584FC232C54FDEFF0FFC10C
:108F40005281130104FCF2506254D2544259B25976
:108F5000225A925A216182802685EFF05F9D9317F5
:108F60001900D69705092390A7001379F90F75BF4B
:108F7000828097D7FF1F9387A7B39C43D847A167E9
:108F8000DD07631BF702EF829FD57971328532844A
:108F9000EFF09F982AC62285EFF07F992311A10256
:108FA0002285EFF07F97B2452300A1022808EFF059
:108FB000DFBA45616F80FFD4828097D7FF1F938708
:108FC00027AF9C43D847A16793878704631BF702A9
:108FD000EF82FFD0797132853284EFF0FF932AC699
:108FE0002285EFF0DF942311A1022285EFF0DF92BA
:108FF000B2452300A1022808EFF03FB645616F801B
:109000005FD0828097D7FF1F938787AA9C43D8475A
:10901000A1679387A704631CF700EF825FCC01115F
:1090200028008145EFF07FB305616F809FCD82807E
:1090300097D7FF1F9387C7A79C43D847A1679387FC
:1090400057026311F702EF829FC901113285EFF0D9
:10905000BF8C2308A10081452800EFF01FB00561F7
:109060006F803FCA828097D7FF1F938767A49C4376
:10907000D847A1679387E702631FF702EF823FC6D5
:10908000011132853284EFF09F8AAA842285EFF0A5
:109090001F8A854719E52285EFF01F884205B337FF
:1090A000A00028008145231891003ECAEFF0FFAAD6
:1090B00005616F801FC5828097D7FF1F9387479FE9
:1090C0009C43D8479947631FF704EF825FC17971CA
:1090D00032853284EFF05F842AC62285EFF03F8527
:1090E0002310A1022285EFF03F832301A1022285F4
:1090F000EFF09F82A301A1022285EFF0FF812302FE
:10910000A1022285EFF05F812313A1022285EFF0F7
:10911000BF80B2452314A1022808EFF01FA44561C7
:109120006F803FBE828097D7FF1F938767989C43CD
:10913000D847A1679387C703631FF704EF823FBA3D
:10914000797132853284EFF02FFD2AC62285EFF047
:109150000FFE2310A1022285EFF06FFD2311A10263
:109160002285EFF06FFB2302A1022285EFF0CFFAF8
:10917000A302A1022285EFF02FFA2303A102228588
:10918000EFF08FF9B245A303A1022808EFF0FF9C8E
:1091900045616F801FB78280EF827FB401112A84FE
:1091A000EFF08FF7AA842285EFF06FF82285EFF0B9
:1091B0000FF8035744008D4763F5E7002285EFF071
:1091C0000FF72285EFF0AFF62800A685EFF0FF98A5
:1091D00005616F801FB397D7FF1F9387678D9C43EF
:1091E000D847A167FD076319F700EF825FAF3285AB
:1091F000EFF09FFA6F80FFB0828097D7FF1F9387B1
:10920000278B9C43D847A167E5076311F706EF82D8
:109210001FAD797132853284EFF00FF02AC62285B6
:10922000EFF0EFF02285EFF08FF02310A1022285FE
:10923000EFF0EFEF520551812311A10222852302A5
:109240000102EFF06FEDA302A1022285EFF0CFEC57
:109250002303A1022285EFF02FECB245A303A10264
:109260002808EFF09F8F45616F80BFA9828097D754
:10927000FF1F9387E7839C43D847A1679387E70342
:109280006319F700EF82BFA53285EFF0FFF06F8022
:109290005FA7828097D7FF1F938787819C43D8471A
:1092A000A167938747046314F702EF825FA3797184
:1092B00032853284EFF04FE62AC62285EFF02FE7A1
:1092C000B2452808EFF07F8945616F809FA38280B7
:1092D00097C7FF1F9387C77D9C43D847A167938794
:1092E00087026316F702EF829F9F7971328532847D
:1092F000EFF08FE22AC62285EFF00FE2B24523009D
:10930000A1022808EFF07F8545616F809F9F8280D2
:10931000EF82FF9C0111EFF02FE0AA852800EFF00B
:10932000DF8305616F80FF9D97C7FF1F9387477895
:109330009C43D847A167D1076319F700EF823F9A92
:109340003285EFF0FFFC6F80DF9B828097C7FF1FA5
:10935000938707769C43D847A167C5076319F70031
:10936000EF82FF973285EFF0BFFA6F809F9982807E
:1093700097C7FF1F9387C7739C43D847A167B90757
:109380006319F700EF82BF953285EFF07FF86F80A9
:109390005F97828097C7FF1F938787719C43D84749
:1093A000A167AD076319F700EF827F933285EFF075
:1093B0003FF66F801F95828097C7FF1F9387476F87
:1093C0009C43D84789476310F702EF825F910111F0
:1093D000328532C8EFF04FD4AA852800EFF0EFF7BE
:1093E00005616F801F92828097C7FF1F9387476C2C
:1093F0009C43D847A1678D076317F702EF823F8E22
:10940000011132853284EFF02FD113066100AA8456
:109410004C002285EF20D00C2800A685EFF0EFF35A
:1094200005616F801F8E828097C7FF1F93878768B3
:109430009C4381CBDC4391C7EF827F8A82976F8008
:109440005F8C8280EF82BF8979713C08AE843ED206
:10945000A165B7070A002A843ED448103C08DD0500
:109460003ED636C432C63AC2EFD0BFAA1247481021
:10947000BA85EFF00FC032464810B285EFF0AFC0AA
:10948000A2464810B685EFF0CFBE50100147814686
:10949000A6852285EFD07FC845616F809F86EF82C9
:1094A0001F8401117C000329C501AE843ECAA16559
:1094B000B70707002A843ECC48087C00C5053ECE8D
:1094C000EFD03FA58345D9004808EFF08FBA500888
:1094D00001478146A6852285EFD03FC405616F8094
:1094E0005F82EF82CFFF83C7950093F7F707A384CE
:1094F000F500EFF0DFFA6F80DF80EF824FFE7971C9
:109500003C08AE843ED2A165B70709002A843ED448
:1095100048103C08938545043ED632C636C4EFD089
:109520005F9FA2464810B685EFF0AFB432464810B0
:10953000B285EFF04FB5501001478146A6852285D0
:10954000EFD0BFBD45616F80CFFBEF824FF983C77E
:10955000950041112A8493F7F707A384F50032851B
:109560002EC6EFF0CFBC85672AC4637CF500EF50B0
:10957000B0402246B24509E9114781462285EFF005
:109580007FEC41016F80EFF701478346F501FDB79E
:10959000EF824FF301113C003ECAB7070A003ECCF0
:1095A0003C003ECE83C79500AA89328593F7F70722
:1095B000A384F5002E84EFF08FB785676371F504FF
:1095C000A165AA84938585044808EFD09F942685D9
:1095D000EF50903A2A891DE591454808EFF06FA9B0
:1095E000A6854808EFF02FAACA854808EFF06FA8B3
:1095F000014781465008A2854E85EFD01FB2056114
:109600006F808FEF81454808EFF0AFA6034909024C
:10961000C1BFEF822FEB79711C103ECAB7070F0054
:109620003ECC404D1C10AA84AE894808994532C6EC
:1096300036893ECEEFD0FF8D32464808B285EFF036
:109640004FA363040902A5454808EFF00F9E254685
:10965000CA85EFF0E019500801478146CE8526857E
:10966000EFD0BFAB45616F802FE98355C402480836
:10967000EFF06FA10355E402814515C1854785458B
:10968000630FF500C167FD179305F00F6309F5003F
:109690007D15EF5020749305150093F5F50F4808DC
:1096A000EFF02F9D834504034808EFF08F9C83451E
:1096B00014034808EFF0EF9B835524034808EFF0AC
:1096C0008F9C835544034808EFF0EF9B69B7EF8206
:1096D0000FE183C795008146014693F7F707A384FE
:1096E000F500EFF01FF36F80CFE1EF824FDF79716C
:1096F0003E841C103ECA2E89B7070F00A1653ECCE0
:10970000FD051C10AA84480842C03AC23ECE36C4A9
:1097100032C6EFD01F8032464808B285EFF06F9511
:10972000A2464808B685EFF00F9612474808BA855A
:10973000EFF06F9502486304080291454808EFF086
:10974000CF8E1146A285EFF0A00A5008014781464E
:10975000CA852685EFD07F9C45616F808FDA894569
:109760004808EFF08F8C834704002300F5008347FF
:109770001400A300F500D1BFEF82CFD483C79500BA
:1097800001112A8A93F7F707A384F5003285AE8486
:1097900032C6EFF0CF9932462A893285EFF0CF9763
:1097A0008567637FF900AA894A85EF50F01C2A84F7
:1097B00019E9114781464A86A6855285EFF09FC870
:1097C00005616F806FD39387E9FF93F7F70F054724
:1097D000E368F7FE8347F50195E78947E382F9FEE1
:1097E0008346F401528501474A86A685EFF09FC55E
:1097F000A167D90748083ECC230A010002CEEFF04A
:10980000BFC27DBF639CE7008947639CF900930753
:109810001020231FF500EF50901AD9B70947E391A4
:10982000E7FC8D47E39EF9FA2285EF50D03B97C7BE
:10983000FF1F938727479C4399E797C7FF1F93878D
:1098400027309C4389C703D50400EF60300C231FE9
:1098500004002285C9B7EF828FC801113C003ECABF
:10986000B7070B003ECC3C003ECE83C795002A894B
:10987000328593F7F707A384F500AE84EFF02F8BC2
:1098800093170501C187635EF004A1652A8493855F
:10989000E5024808EFD0EFE7A2854808EFE0BFFEF9
:1098A00097C7FF1F9387C7299C439DEF014493757A
:1098B000F40F4808EFE0FFFB9355844093F5F50F54
:1098C0004808EFE01FFB9355044193F5F50F480856
:1098D000EFE03FFA014781465008A6854A85EFD060
:1098E000DF8305616F80EFC1416585460546A2852E
:1098F0007D15EF3070675DD95105EFD04027130417
:1099000040063344850265B7EF826FBD0111B7078A
:1099100006003EC683C7950021642A8993F7F7079E
:10992000A384F500AE8428009305A4040AC40AC8E1
:10993000EFD02FDE300001478146A6854A85EFD063
:10994000CFFDEFE02FF813049404480822CC230A3B
:10995000010002CEEFF05FAD05616F808FBAEF823C
:109960006FB6C1642A89014497C9FF1F93890935DD
:10997000130A8002FD14EFE0AFAB6345A40001457C
:109980006F808FB7B307440303A7C90ABA9703D7F9
:1099900007006306970083D7270063842701050427
:1099A000D9BF0545F1BFEF82EFB12A8A2E8999C14F
:1099B00023A005008149814497CAFF1F938ACA0FDB
:1099C000614BEFE02FAD63C5A4004E856F80CFB231
:1099D0003384640383A70A003E948357040099E705
:1099E00063040900232089008504E1BF4146D28534
:1099F00013054400EFE0705D65F9A289F5B7EF82C9
:109A00006FAC39717C083ED4B7070A003ED67C089B
:109A10003ED883C795002A8A328593F7F707A38437
:109A2000F5002E8932C6EFE09FF085676373F50677
:109A30003246AA843285EFE03FEE8547AA8963EA81
:109A4000A704A165938585042810EFD08FCC2685C7
:109A5000EF5080722A8429E191452810EFE07FE1E0
:109A6000A6852810EFE03FE2CE852810EFE07FE0EA
:109A7000014781463010CA855285EFD00FEAA167B1
:109A80009387770448183EDC230A010202DEEFF0D8
:109A9000BF9921616F804FA681452810EFE07FDDDF
:109AA000A6852810EFE03FDE97C7FF1F9387C757B3
:109AB0009C4391C7228563870900EFB0600C834502
:109AC000040265B7EFB0200BDDBFEF82AF9F83C705
:109AD00095004111AA8993F7F707A384F500328511
:109AE000AE84328AEFE0BFE48567637BF5022A89A2
:109AF000EF5080682A84914621C18347F5010547CC
:109B00006383E70291C70D47636EF702AD462DA050
:109B10009305050303250A004146EFE0104B1DE1C4
:109B200041016F806F9D9305950803250A0041460A
:109B3000EFE0B049814679F94A86A6854E85EFF077
:109B4000DF9BF9BF83250A0013059408EF606001CD
:109B500019C1C146D5B797C7FF1F9387A7149C4368
:109B600099E797C7FF1F9387A7FD9C4389C7228565
:109B7000EF60A05479FD8547A30FF4002285EF80A4
:109B8000B05D2285EF50A0634E8581464A86A6854A
:109B9000EFF0BF96A1679387570448003EC42302A5
:109BA000010002C6EFF05F88A5BFEF82CF9083C7A8
:109BB00095004111AA8993F7F707A384F500328530
:109BC0002E89B28AEFE0BFD685676370F50CAA8450
:109BD000EF50805A2A841DE9416B014A97CBFF1F41
:109BE000938BCB0D130C400E7D1B19A833048A03F5
:109BF00083A70B0B3E948357C401638D6703050A4B
:109C0000EFE00F82E344AAFE954639A88357C501C9
:109C1000639297029305050303A50A004146EFE00E
:109C2000D03A994611E181462686CA854E85EFF0E5
:109C3000DF8CA1A883A50A0013050403EF507072FE
:109C4000C1467DF12285231E9400EF80F0502285CD
:109C5000EF50E05697C7FF1F9387073D9C438DCB7E
:109C6000230004022285EFA090614E85814626865E
:109C7000CA85EFF09F88A1679387070448003EC418
:109C80002302010002C6EFF02FFA41016F802F86F8
:109C900089472300F402D1BF397106DE22DC4AD89D
:109CA000800052D456D25AD026DA4ED65ECE2E8AB4
:109CB00032892A8BEFD0DFF30605710541998A8A34
:109CC0003301A140232224FC231404FCEFD05FF2D3
:109CD00083479A000605350593F7F7072315A4FC7B
:109CE000A304FA004A85232624FCEFE05FC49317FF
:109CF0000501C1876340F0025681130104FCF25054
:109D00006254D2544259B259225A925A025BF24BCF
:109D100021618280AA844A85EFE07FC1AA894A85B1
:109D2000EFE0FFC0A1659385C5022A89130544FCB5
:109D3000EFD02F9E2685EFD0AF93854501C94A8687
:109D4000CE85EFD06F8DAA8B15ED8945130544FCA8
:109D5000EFE03FB2A685130544FCEFE0DFB2CE850D
:109D6000130544FCEFE03FB2CA85130544FCEFE065
:109D70009FB101478146130644FCD2855A85EFD036
:109D8000CFB99DBF8145130544FCEFE09FAEA6858A
:109D9000130544FCEFE03FAFCE85130544FCEFE034
:109DA0009FAECA85130544FCEFE0FFAD8144EFD0C0
:109DB0003FE4E3D0A4FC83A70B0113971400BA97E8
:109DC00083D5070089C5130544FCEFE0DFAB8504AC
:109DD000F9BF797106D622D44AD000184ECE52CCA3
:109DE00056CA26D25AC8AE893289AA8AEFD05FE015
:109DF0000605690541990A8A3301A140232A24FCFA
:109E0000231C04FCEFD0DFDE83C7990006052D0577
:109E100093F7F707231DA4FCA384F9004A85232E9A
:109E200024FCEFE0DFB093170501C187634FF0001A
:109E30005281130104FDB250225492540259F24946
:109E4000624AD24A424B45618280AA844A85EFE049
:109E50001FAEA1659385A5022A89130544FDEFD0A5
:109E60004F8B2685EFD0CF80854519C5CA85EFC0B9
:109E7000BFFD2A8B0DE98945130544FDEFE07F9F67
:109E8000A685130544FDEFE01FA0CA85130544FD18
:109E9000EFE07F9F01478146130644FDCE8556853E
:109EA000EFD0AFA771B78145130544FDEFE07F9C6C
:109EB000A685130544FDEFE01F9DCA85130544FDEB
:109EC000EFE07F9C8144EFD0BFD2E3D5A4FC832791
:109ED0000B0113971400BA9783D5070089C51305A2
:109EE00044FDEFE05F9A8504F9BFEF725FDF8347BF
:109EF0004500404DD5E7FD574DC0834694000947C6
:109F0000636DD7080346B400854663E8C608830638
:109F1000E40063C406085C45F9562390D70097C750
:109F2000FF1F83C7A7B999E3A304E40097C7FF1FE6
:109F3000938707C19C4381E78947A306F40097C72D
:109F4000FF1F9387670E9C4381E789472306F40030
:109F50009705000093854505AA8413050401EFC009
:109F6000703FFD57231AF40281471CDC014897C754
:109F7000FF1F23A187B497C7FF1F9387E7B3232E43
:109F8000040304C08043EFD0FFD061463306C5020E
:109F900081452285EF70BFD781473E856F707FD6A0
:109FA000FD57E5BFEF72BFD32A8403554502EF503A
:109FB000A01C09E5231E04006F70BFD48357E40181
:109FC000E5DF930504FF171501001305E56DEFB0FC
:109FD0001063DDB7EF72BFD02E89A1654111938563
:109FE000E5032A8436C432C6BE843AC2EFC07FF28B
:109FF00012472285BA85EFE0DF8732462285B28597
:10A00000EFE07F88A2462285B685EFE0DF87630D0B
:10A01000090091452285EFE05F811146A685EFE0BA
:10A02000207D41016F70FFCD89452285EFE0EFFF74
:10A0300083C704002300F50083C71400A300F500C4
:10A04000CDB7EF72DFC983C79500444D054793F73D
:10A05000F707A384F5001C42411183C70700636D15
:10A06000F7042E842A8985CC03C7D4006309F7023C
:10A0700017C7FF1F1307C7AC184301CFA386F4000F
:10A08000EF80902B83C7D40089E741657D15EF30C1
:10A09000407583D72403918B99C3EFB0B0624A8592
:10A0A000A285EFF0CFBFA167C10748003EC42302DD
:10A0B000010002C6EFF04FB741016F709FC4EF720D
:10A0C0001FC203D745008D47AA8441112E843289CF
:10A0D0002E8563EDE700EFE09F85AA852300090048
:10A0E0002685EFC07FD641016F70BFC1EFE03F848E
:10A0F0002AC62285EFE0BF83B24585472A86230022
:10A10000F9002685EFC05FD1F9BF397106DE22DC88
:10A1100026DA80004ED652D456D24AD85AD05ECED5
:10A12000AE89B284AA8AEFD0BFAB0605130525021B
:10A1300041990A8A3301A140232224FC231404FC00
:10A14000EFD01FAA83C7990006054D0593F7F707BF
:10A150002315A4FCA384F9002685232624FCEFE024
:10A160000FFD93170501C1876340F002528113016F
:10A1700004FCF2506254D2544259B259225A925AB3
:10A18000025BF24B21618280AA8B03AB0400EFC01B
:10A190003FCE35E983D7440001498544F11793B791
:10A1A0001700A301F4FC834734FCA165BDC7938568
:10A1B000E504130544FCEFC0DFD5A685130544FC78
:10A1C000EFE02FEBDE85130544FCEFE0CFEB834798
:10A1D00034FC114691E30946DA85130544FCEFE0AF
:10A1E0006FE7814463080900416B7D1BEFD05F9FDF
:10A1F00063C8A40201478146130644FCCE855685F8
:10A20000EFC0BFF1A5B7A685130634FCEFF03FEB16
:10A21000933415002A89860479B79385C50451BF04
:10A220008327C90013971400BA9783D50700638664
:10A230006501130544FCEFE00FE5850445BFEF72AF
:10A240009FA779711C103EC4B7070F003EC61C10B3
:10A250003EC883C79500AA8A328593F7F707A3847F
:10A26000F500AE893284EFE08FEC93170501C187CA
:10A270006350F0062A8A2285EFE06FEB2A89528527
:10A28000032B0400EFC0DFBE39E58357440081444F
:10A290000544F11793B71700A303F100834571003C
:10A2A000DA872287CA8652862800EFF0BFD201479C
:10A2B00081463000CE855685EFC03FE6A167938783
:10A2C000D70348083ECC230A810026CEEFF0CF9575
:10A2D00045616F70DFA1A28513067100EFF03FDECC
:10A2E000AA84094445DD3544E30A55FB4A85EFF06D
:10A2F0000FE70D4445D50144EFD09F8E634BA4007A
:10A30000C16B0144FD1BEFD0BF8D634EA40015440B
:10A3100071B7DC4413171400BA9783D70700638121
:10A3200027030504D1BFD84493171400BA9703D765
:10A33000070063197701239027012685EF80C05419
:10A340000144A9BF0504C1B7EF72DF9783C7950029
:10A3500041112A8A93F7F707A384F50032852E89E5
:10A360003284EFE0CFDC93170501C187635BF00413
:10A37000AA892285EFE0AFDB2311A1004E85832A55
:10A380000400EFC0FFAE29E1835744008544014437
:10A39000F11793B71700A300F1000348110003570A
:10A3A0002100D6875285CE862686CA85EFF0EFB388
:10A3B000A167F10748003EC42302910022C6EFF0D6
:10A3C000AF8641016F705F93A28513061100EFF015
:10A3D0001FCF2A84894471D1835721001167854496
:10A3E000BA97C2071167C1831307F7EFE367F7FA5C
:10A3F00097C7FF1F9387078B9C4391C7854513051C
:10A400002100EF40300E8355210022858144EFC0AA
:10A410009F9D41D5231005002285EF808048B5BF60
:10A42000EF727F8983C7950041112A8B93F7F70755
:10A43000A384F50032852E8A3284EFE04FCF931744
:10A440000501C1876359F004AA8A2285EFE02FCE67
:10A450002A895685832B0400EFC09FA121E18357F1
:10A46000440081440544F11793B71700A301F1009C
:10A4700003483100DE875A854A87D6862286D285F0
:10A48000EFF0AFA6A167ED0748003EC423028100AC
:10A4900026C6EFE07FF941016F707F85A285130624
:10A4A0003100EFF0DFC1AA84094479D19167CA97DE
:10A4B000C2071167C1831307F7EF0544E36AF7FA90
:10A4C000CA85EFC05F92014445F58149EFD04FF254
:10A4D00063DBA900984893971900BA9703D7070040
:10A4E00015E723902701EFD0AFF01544E382A9F8D8
:10A4F0002685EF80003B97B7FF1F9387A77A9C4381
:10A500000144BDD74A85EF4040769DB785097DBFA0
:10A51000EF724FFB79713E847C083EC82E8AB707E4
:10A520001400A1653ECAE5057C08AA89080836C45E
:10A53000428932C6BA8AC6843ECCEFC09F9DCA8586
:10A540000808EFE00FB332460808B285EFE0AFB37A
:10A55000A246630E09029D450808EFE00FAD1D46B7
:10A560008145EF70CFFA63870A0691450808EFE04E
:10A57000CFAB1146A685EFE0A02710080147814622
:10A58000D2854E85EFC07FB945616F70EFF6B68515
:10A590000808EFE04FAF1C400808D8439355C701A7
:10A5A000858912075183B205D98DEFE0CFAD1C40EC
:10A5B000080883C58700EFE0CFAB1C40080883C5BF
:10A5C000A700EFE00FAB1C40080883C59700EFE041
:10A5D0004FAA51BF89450808EFE02FA583C70400A3
:10A5E0002300F50083C71400A300F50079B7EF72CC
:10A5F0006FED83C795004111AA8993F7F707A384EC
:10A60000F5003285AE843284EFE06FB29317050116
:10A61000C1876357F0042A89032A0400EFC05F85CD
:10A6200019E9835744000548F11793B71700A307AA
:10A63000F100814621A81306F100A285EFF03FA8A2
:10A640001DC11C459DC383D6470001480347F10047
:10A6500093078500D2884A86A6854E85EFF05FEB8A
:10A6600041016F706FE90948E9B71D48D9B7EF722A
:10A670006FE565715C083EC4B7077B013EC65C08A8
:10A680003EC883C795002A8A328593F7F707A384CB
:10A69000F500AE89EFE04FA88357E100C5C38945B7
:10A6A0002800EFC01F8781452800EFE08F9CEFC096
:10A6B000FF8B97C7FF1F938727979C4317B4FF1FF4
:10A6C0000344C43FAA843334800099C31364240034
:10A6D00097B7FF1F9387C7469C4399C313644400F1
:10A6E00097B7FF1F9387075C9C4399C3136484004B
:10A6F00083D5040028000149EFE0EF9883D52400BA
:10A700002800EFE04F9883D544002800EFE0AF9792
:10A71000EFD00FC993150501C1812800EFE0AF9676
:10A72000A2852800EFE02F969C44636CF900014756
:10A7300081463000CE855285EFC03F9E59616F70D3
:10A74000AFDBDC441314490028003E94EFE06F8C2B
:10A75000834744000347540089070607BA978607D2
:10A76000E36EF5FC835524002800814AEFE0AF91A9
:10A77000834544002800EFE0CF8F83455400280034
:10A78000EFE02F8F8347440063C9FA00814A834773
:10A79000540063CFFA00050941BF1C4413975A00C7
:10A7A0002800BA9783D50700850AEFE0CF8DD9BF7F
:10A7B000032BC40093975A0028003E9B83552B001F
:10A7C000850AEFE04F8C83550B002800EFE0AF8B3C
:10A7D0007DBFEF72CFD05C4993E717005CC9EF8073
:10A7E00020336F700FD2EF728FCF2E848145EFF040
:10A7F0008F9B05C183570500FD172310F50009C481
:10A80000835725002310F400EFF0BFFC01456F7063
:10A810004FCF31456DDC23100400D5BFEF728FCAD6
:10A8200083C7950041112A8A93F7F707A384F5009F
:10A8300032852E893284EFE08F8F93170501C1870F
:10A84000635EF004AA89C1452285EFD0BFFA2A8B46
:10A850004E85832A0400EFC0AFE121E58357440011
:10A86000231101000544F11793B71700A300F1006D
:10A8700081440348110003572100D6875285CE86B4
:10A880002286CA85EFE07FE6A1679387170248001A
:10A890003EC42302810026C6EFE01FB941016F705C
:10A8A000AFC513061100A285EFF07F81AA8409E5E8
:10A8B00023110100094475BF930521005A85EFF06B
:10A8C0009FF2835721002A84CDD797B7FF1F938724
:10A8D000673D9C4391C7854513052100EF408040AB
:10A8E0008355210026853144EFC0EFCF59D1231085
:10A8F00005002685EF70F07A0144A5BFEF722FBEE8
:10A9000041112E896C00AA8402C6EFF0CF8909CDCF
:10A910000357050005072310E500EFF09FEB814783
:10A920003E8541016F70EFBD3247954775DBCA85A3
:10A930002685EF20D008C147E34405FE3244854711
:10A9400041462310F40083570900A68513054400EF
:10A950002311F400EFD0D0692285C1B7EF728FB612
:10A9600083C795004111AA8A93F7F707A384F500DE
:10A970003285AE893284EFD09FFB93170501C187E2
:10A98000635EF0042A8AC1452285EFD0BFE6AA841F
:10A990005285032B0400EFC0AFCD21E5835744005F
:10A9A000231101008544F11793B71700A300F100AC
:10A9B00001440348110003572100DA875685D286E7
:10A9C0002686CE85EFE07FD2A167938707024800F5
:10A9D0003EC42302910022C6EFE01FA541016F7023
:10A9E000AFB1A28513061100EFF06FED2A8409E5DF
:10A9F00023110100894475BF268593052100EFF0DE
:10AA0000FFEFAA845DF5835521002285EFC0AFBD1D
:10AA10004DF10149EFD0CF9D635DA9001848931710
:10AA20001900BA9703D707001DE7035721002390A9
:10AA3000E700EFD0EF9B6302250397B7FF1F9387D3
:10AA400067269C4389C703552100EF4000222285D9
:10AA5000EF703065B9BF050975BF954499BF05C151
:10AA60009307F00F630FF500C547630CF5009307DC
:10AA7000F5FF05453315F50042054181828001450A
:10AA8000828041657D158280B9E1EF724FA5034553
:10AA900006033284EFF0BFFC9305803EB305B50298
:10AAA000C205C18191C90357E402854763F6E700F7
:10AAB00013050401EFC020168357E40241677D1798
:10AAC0006385E700FD172317F4026F708FA3828060
:10AAD000EF726F9E004283C79500444D03491400F6
:10AAE00093F7F707A384F500834704002209116751
:10AAF0003369F900A167B347F90041112A8BAE8A87
:10AB000063ECE70C834724001307C00EB91793F7D3
:10AB1000F70F6371F70E03473400C14763ECE70C8E
:10AB2000834744001307E00793C707086373F70AD6
:10AB30008349840083477400A209B3E9F90085675B
:10AB400063F9F908034A6400834754004E85220ADA
:10AB5000336AFA00EF40406245C123962403834BD9
:10AB60003400137AFA00239A340323887403239958
:10AB7000440393890401631A090023A6040223985D
:10AB800004024E85EFC0A00A1DA0034924004A8597
:10AB9000EFF0FFEC2397A402834744004E85A3887F
:10ABA000F402E3810BFEE30F09FCEFC06005EF70D8
:10ABB000907981460146D6855A85EFE09FA5A16729
:10ABC000938797033EC423020100480002C6EFE0CA
:10ABD000BF8541016F70AF918544A2862686D685D8
:10ABE0005A85EFE01FA3A167938797033EC4230212
:10ABF0009100E1BFBD44D5B79144C5B7EF728F8CCA
:10AC000001111C08404D3EC2B7070F003EC41C088E
:10AC10003EC62A89AE89EFC01F9D585C1C5C634C00
:10AC2000B70A6394E50063E8A70A3385A740B3B782
:10AC3000A700B305B7401306803E81469D8DEFD037
:10AC4000407B93140501C180A1659385C50348002D
:10AC5000EFC02FAC81454800EFD0BFC1835504043D
:10AC60004800EFD05FC2835524044800EFD0BFC135
:10AC7000814599C8C167FD179305F00F6386F400FD
:10AC80002685EF402015AA854800EFD09FBE0355CA
:10AC90004404814511C9C167FD179305F00F630591
:10ACA000F500EF402013AA854800EFD09FBC8345F4
:10ACB00064044800EFD0FFBB834574044800EFD024
:10ACC0005FBB500001478146CE854A85EFC0EFC487
:10ACD00005616F706F82814485BFEF724F8083C7BB
:10ACE000950093F7F707A384F500EFF03FF16F703D
:10ACF0004F81EF623FFD83C795004111404D93F7AF
:10AD0000F707A384F5002A8A3285B284AE89EFD092
:10AD10001FC22A8B2685EFD09FC12A892685EFD0B6
:10AD2000BFBF93170B0163CA0702E177CA97C20737
:10AD3000C183116763E3E70293070910C207C18368
:10AD40001307B00F637BF70093170901C187AA8A25
:10AD50006348F000C54763FA570141016F60DFF9AE
:10AD6000EFC08F83E31B25FFF5B763060B02630477
:10AD70000902814463870A02B7077F002310640534
:10AD8000231124057CC05685EFF07FCD9304803ECF
:10AD9000B304950239A0B7077F00232004047CC0C8
:10ADA000814403552404EFB0101095CCEFC0BF834D
:10ADB000269593D7F44133379500AE97BA9708DCC0
:10ADC0005CDCCE855285EFF07FE399E0232204041A
:10ADD000A1679387B70348003EC42302010002C65F
:10ADE000EFE08FE49DBF814701481CDC232E040364
:10ADF000C9BFEF62DFEEEFC0FFE9E1473305F502BF
:10AE00009145EF30507FE55711C597B7FF1F23A538
:10AE1000A7CA81473E856F60DFEE854717B7FF1FE2
:10AE2000230EF7C88280EF629FEB97B7FF1F9387CF
:10AE300067C880432DC083570404639EA7048357CB
:10AE40002404639AB7043689B284EFC0CFF95C5CFE
:10AE500063C3B7046395B7001C5C63EEA702834726
:10AE6000640463F3F400A6872303F40483477404A3
:10AE700063F39700A687A303F40483574404416750
:10AE80007D176385E70085072312F4043C4481C7DE
:10AE9000CA85268582976F60DFE697B7FF1F938785
:10AEA00067C19C43014599C303C587008280EF6257
:10AEB0001FE30111B70707003EC683C79500584D31
:10AEC0000AC493F7F7070AC8A384F5002A89AE8459
:10AED00001CB1C4283C707002304F700EF70D04565
:10AEE0002164930554022800EFC0AF82EFF0FFFA0F
:10AEF000AA852800EFD0FF97300001478146A6853C
:10AF00004A85EFC08FA113044402480822CC230ACB
:10AF1000010002CEEFE04FD105616F609FDEEF626E
:10AF20001FDC01117C003ECAB70707003ECC7C0045
:10AF30003ECE83C795002E84AA8493F7F707A38497
:10AF4000F500A165938555024808EFB09FFCEFF02E
:10AF5000DFF4AA854808EFD0DF9150080147814609
:10AF6000A2852685EFC06F9B05616F609FD997B75B
:10AF7000FF1F938727B49C43094599C303C59700D6
:10AF8000828097B7FF1F9387E7B29C43094599C317
:10AF900003C5D700828097B7FF1F9387A7B19C4353
:10AFA000014599C303C5A7008280EF62BFD101119B
:10AFB000B70708003EC683C79500404D0AC493F703
:10AFC000F7070AC8A384F5002A89AE8429C0144271
:10AFD000854703C7060063EEE706834794000946EA
:10AFE0008149638EC700B307F740A304E400B33977
:10AFF000F00083C716002305F400EF70F033035709
:10B000002403058B09C763840900EFA0B06B21649A
:10B01000930584022800EFB0DFEFEFF05FF5AA851B
:10B020002800EFD01F85EFF01FF7AA852800EFD08A
:10B030005F84014781463000A6854A85EFC0EF8DC9
:10B0400013047402480822CC230A010002CEEFE068
:10B05000AFBD05616F605FCAEF627FC801117C0000
:10B060003ECAB70708003ECC7C003ECE83C79500A1
:10B070002E84AA8493F7F707A384F500A16593852E
:10B0800085024808EFB0FFE8EFF07FEEAA85480898
:10B09000EFD02FFEEFF03FF0AA854808EFD06FFD0C
:10B0A000500801478146A2852685EFC00F870561BC
:10B0B0006F603FC597B7FF1F9387C79F9C430145AC
:10B0C00099C303C5B7008280EF627FC10111B70742
:10B0D00007003EC683C79500404D0AC493F7F707A3
:10B0E0000AC8A384F5002A89AE8405C41C4205471A
:10B0F00083C70700636AF7040347B400630BF700D4
:10B10000A305F400EF7050238347B400A9C3EFD028
:10B110000FD921649305B4002800EFB09FDFEFF052
:10B120007FF9AA852800EFD0CFF40147814630008F
:10B13000A6854A85EFB07FFE2904480822CC230A61
:10B14000010002CEEFE04FAE05616F609FBBEFD014
:10B150002FDAC1B7EF62BFB801117C003ECAB70752
:10B1600007003ECC7C003ECE83C795002E84AA8487
:10B1700093F7F707A384F500A165AD054808EFB084
:10B180005FD9EFF03FF3AA854808EFD08FEE500863
:10B1900001478146A2852685EFB03FF805616F60C3
:10B1A0005FB697B7FF1F9387E7909C43094599C304
:10B1B00003C5C7008280EF629FB201117C00AE849C
:10B1C0003ECAA165B70707002A843ECCD1057C00A2
:10B1D00048083ECEEFB0FFD3EFF0BFFCAA85480889
:10B1E000EFD02FE9500801478146A6852285EFB0B0
:10B1F000DFF205616F60FFB0EF627FAE83C795003D
:10B2000093F7F707A384F500EFF0FFFA6F607FAFC5
:10B21000EF625FAB83C795000329C501411193F726
:10B22000F707A384F5001C4283C90700854763EC38
:10B23000370597B7FF1F938727DF9C432E84AA8487
:10B2400095C7EFF01FF689476302F5026300090214
:10B250008347C900638C370123063901EF70D00D95
:10B2600083572903898B99C3EFA0D0452685A285F2
:10B27000EFF07FF4A167CD0748003EC42302010030
:10B2800002C6EFE06F9A41016F601FA797B7FF1FDB
:10B29000938747829C431D4599C303C5E70082807D
:10B2A000EF62FFA30111B70707003EC683C79500F1
:10B2B000584D0AC493F7F7070AC8A384F5002A89F2
:10B2C000AE8405C71C4283C7070093968701E186B9
:10B2D00063C8060485466385D7048346E700638612
:10B2E000F6002307F700EF70300521649305E400B2
:10B2F0002800EFB01FC2EFF07FF9AA852800EFD039
:10B300004FD7014781463000A6854A85EFB0FFE060
:10B310003504480822CC230A010002CEEFE0CF908A
:10B3200005616F601F9EEF629F9B01117C003ECA0A
:10B33000B70707003ECC7C003ECE83C795002E8425
:10B34000AA8493F7F707A384F500A165B905480817
:10B35000EFB03FBCEFF09FF3AA854808EFD06FD164
:10B36000500801478146A2852685EFB01FDB0561A5
:10B370006F603F99EF621F95AA84014417A9FF1FD0
:10B3800013098973E149EFC0FF906344A4000145AC
:10B3900019A833053403832709003E9583572500F8
:10B3A0006395970011056F603F950504E9BF032E73
:10B3B000850063040E1017B3FF1F1303A38E03232E
:10B3C0000300631503002943639A060E03234E010D
:10B3D000631503001D436393070EEF62DF8DC6897B
:10B3E000428A3E89BA8AB684328BAE8B2A84A1E91E
:10B3F00003554E0009E501431A856F605F8FA16711
:10B40000A98F116763F7E700EFF0DFF68145EFF0F2
:10B410008FBD0844B70700E05841F98F18455CC15B
:10B42000B707001FF98F1CC55C4981C76105EFB0E4
:10B430001000E38209FC2285EF70606E6DBF3285DB
:10B44000EFA0E0620D434DD91C44116703D54700BE
:10B45000A167A98F63F7E700EFF0DFF18145EFF017
:10B460008FB80323840093164B01D1828347B30026
:10B47000035663008588FD8BA305F300FD777D8E61
:10B48000558EFD76FD16B204F18E83274301C58EDD
:10B49000231273012313D300230453012305230133
:10B4A000A3044301D9D72285EFB07FBBAA85084406
:10B4B000B5DD6105EFB02076ADBF1D431A858280F2
:10B4C000EF625F800569AA84AE89328A0144FD5A21
:10B4D0007D19EFC0EFF06345A40001456F60DF8187
:10B4E000D84493171400BA9703D70700631B370398
:10B4F0002390570163050A002685EF70E0389C44CD
:10B500008DC383D76700B3F72701639C3701D288C7
:10B510000148814701478146014681452685EFF074
:10B520001FE905047DB7EF62EFF979711C103EC485
:10B53000B7070F003EC61C103EC883C79500AA8AF5
:10B54000328593F7F707A384F5002E893284EFD074
:10B550000FBE93170501C1876350F006AA892285A3
:10B56000EFD0EFBC2A8A4E85032B0400EFB05F902A
:10B5700039E58357440081440544F11793B7170018
:10B58000A303F10083457100DA872287D2864E86B5
:10B590002800EFE03FA4014781463000CA85568568
:10B5A000EFB0BFB7A1679387F70348083ECC230AE3
:10B5B000810026CEEFD05FE745616F60EFF3A28593
:10B5C00013067100EFE0BFAFAA84094445DD528540
:10B5D000EFE0EFB80D445DD50546D2852685EFF046
:10B5E0003FEE2A8445B7EF628FEF8355070003468D
:10B5F000270041112A842E8532C62EC4EFE02FB6D3
:10B6000011C53246A2452285EFF09FEB41016F60E4
:10B610004FEFEF624FEA83C795004111AA8A93F773
:10B62000F707A384F5003285AE893284EFD02FB0BE
:10B6300093170501C1876357F008C1452A8A2285FF
:10B64000EFD04F9B2A8D2285EFD06FAE2A892285BD
:10B65000EFD08FAC930705F893F7F70F1307E007C8
:10B66000AA8B6371F7062285EFD00FAB2A8C228557
:10B67000EFD08FAAAA8C5285032B0400EFB04FFFA6
:10B6800029E583574400231101008144F11793B742
:10B690001700A300F1000544034711008356210061
:10B6A000938784005685DA8822885286CE85EFE01B
:10B6B0003FE6A167E90748003EC42302810026C691
:10B6C000EFD09FD641016F608FE213061100A28573
:10B6D000EFE0FF9EAA8409E52311010009446DBF34
:10B6E000930521006A85EFF06FA12A8455F58355F3
:10B6F00021009356C9001316490185486688E287E0
:10B700005E87858A51822685EFF07FCA2A8469B7D1
:10B71000EF626FDA83C7950041112A8B93F7F70721
:10B72000A384F5003285AE893284EFD04FA0931701
:10B730000501C1876352F0082A8A2285EFD02F9F26
:10B74000AA8A2285EFD0AF9E2A892285EFD0CF9C8E
:10B75000930705F893F7F70F1307E0072A8C637D2B
:10B76000F7042285EFD04F9BAA8C2285EFD0CF9A89
:10B770002A8D5285832B0400EFB08FEF29E1835788
:10B78000440085440144F11793B71700A301F10069
:10B7900003473100930784005A85DE882688D686C1
:10B7A0005286CE85EFE0DFD68D4748003EC42302A7
:10B7B000910022C6EFD05FC741016F604FD3A285D1
:10B7C00013063100EFE0BF8F2A84894471D193566C
:10B7D000C9001316490185486A88E6876287858A09
:10B7E0005182D685EFF0BFBCAA845DB7EF628FCDE2
:10B7F0002A8981440144617A916A17ABFF1F130BB8
:10B800006B4AEFC0EFBE63C5A40022856F60CFCE48
:10B810008327090093991400CE9703D507003307B7
:10B820004501420741836362570311CD03270B0093
:10B8300009C785453E85EF30E04A832709000504A6
:10B84000CE972390070085046DBFEFF0BFB283272A
:10B8500009000504CE972390070075D58145EFE0D8
:10B860009FF8D5B7EF620FC683C7950041112A8AAA
:10B8700093F7F707A384F50032852E893284EFD041
:10B880000F8B93170501C1876354F004AA89832A9B
:10B890000400EFB0EFDD21E183574400854401440B
:10B8A000F11793B71700A301F10003483100D687C1
:10B8B00052850147CE862686CA85EFD01FE3A16751
:10B8C000F50748003EC42302910022C6EFD0DFB541
:10B8D00041016F606FC2A28513063100EFE02FFEB9
:10B8E0002A84894479D197A7FF1F9387A73B9C435C
:10B8F00081CB0449EFC0CFAFAA852685EF30803ECB
:10B9000013050401EFF09FEE2285EF6090798144EA
:10B9100069BFEF624FBA83C795004111AA8A93F7B6
:10B92000F707A384F5003285AE8932842311010024
:10B93000EFC0FFFF93170501C187635CF0042A8AFB
:10B94000C1452285EFC01FEBAA8B5285032B040053
:10B95000EFB00FD231E18357440085440144F11721
:10B9600093B71700A300F10003481100035721000B
:10B97000DA875685D2862686CE85EFD01FD7A16777
:10B980009387270248003EC42302910022C6EFD0CD
:10B99000BFA941016F60AFB5A28513061100EFE0AA
:10B9A0000FF22A84894469D197A7FF1F9387872FB5
:10B9B00098433E8901CB0449EFC08FA3AA85268511
:10B9C000EF30403213050401EFF05FE2EFC04FA209
:10B9D000954459D9930521005E85EFE03FF2AA8492
:10B9E00041F51C480357210022852390E700EF60B2
:10B9F000506B83270900ADDB03552100EF30E026B3
:10BA0000A5B7EF624FAB83C795004111AA8A93F7A0
:10BA1000F707A384F5003285AE893284EFC03FF189
:10BA200093170501C1876359F0042A8A2285EFC064
:10BA30001FF02A895285032B0400EFB06FC321E168
:10BA40008357440085440144F11793B71700A301BD
:10BA5000F10003483100DA8756854A87D286268668
:10BA6000CE85EFD09FC8A167F90748003EC42302E6
:10BA7000910022C6EFD05F9B41016F604FA7A28566
:10BA800013063100EFE0AFE32A84894479D191674E
:10BA9000CA97C2071167C1831307F7EF8544E36AAA
:10BAA000F7FA97A7FF1F9387E71F9843BE8B01CB39
:10BAB0000449EFC0EF93AA852685EF30A022130535
:10BAC0000401EFF0BFD2EFC0AF92954459D11C48AA
:10BAD0002285814423902701EF60B05C83A70B008F
:10BAE000ADDB4A85EF306018ADB7EF624F9F2A8417
:10BAF0004105B284EFF09FCF01C52285EF60705AF7
:10BB000081460146A6852285EF70C00B1C4C89C773
:10BB1000DC4799C3228582976F60AF9E97A7FF1F6E
:10BB2000938747F99C43014599C313850701828098
:10BB300097A7FF1F938707F888438280EF622F9AA9
:10BB40009317C600DD8DC2054111C1812A8432C61A
:10BB5000EFC07FD33246228511829375F60FEFC076
:10BB60005FD141016F60EF99EF62CF9579713C0829
:10BB70003ED2B7070C003ED43C083ED683C79500A2
:10BB8000AE842A8993F7F707A384F500A16593850E
:10BB900035044810EFB0EFB7C165FD15014417AA91
:10BBA000FF1F130AAA11930A400EAE892E8B2EC6D0
:10BBB000EFC00F874205931704014181C183B2454D
:10BBC00063E3A702C167FD176385F5004810EFC066
:10BBD0009FCB501001478146A6854A85EFB0EFD331
:10BBE00045616F606F913307540383270A0BBA973F
:10BBF00003D6C70163083601638835014810EFF0AA
:10BC0000FFF3DA85050465B7B285EDBFEF62AF8A51
:10BC100079717C083EC8B70711003ECA7C083ECC4B
:10BC200083C79500AA89328593F7F707A384F500A7
:10BC30002E89EFC0DFCF8567637EF502A165AA84F8
:10BC400089050808EFB0EFAC2685EF30E0521334D9
:10BC500015000A04A2850808EFC0BFC1A685080820
:10BC6000EFC07FC235C0014781461008CA854E85A6
:10BC7000EFB0AFCA45616F608F87B30754030327E6
:10BC8000CA0ABA9703D70700631A970003D627009A
:10BC9000638A65030808EFF07FEADE8505042EC697
:10BCA000EFB01FF94205931704014181C183B245EA
:10BCB000E3E5A7FCC167FD17E387F5FA0808EFC0C5
:10BCC0009FBC55B7B285D9BFC165FD15014417AA00
:10BCD000FF1F130AAAFE930A80022E8BAE8BC1B7F8
:10BCE000EF52FFFF18418347170083460700A20762
:10BCF000D58FD207D1832390F500834727000347D0
:10BD000017008D45A207D98F91832310F600EFC04D
:10BD10003FAD6F501FFFEF52FFFAC164014417A9F6
:10BD2000FF1F1309A9F993098002FD14EFB05FF01A
:10BD30006345A40001456F503FFC3305340383275E
:10BD4000C90A3E9583570500E38797FE0504F9BFAE
:10BD5000EF525FF72A8AAE89B284B68AEF30C041CB
:10BD600009E591473E856F503FF92A894E85EF904E
:10BD700010502A84638A0A048D476DD50357050045
:10BD8000C547E31147FF0347F9018546AD47E31B6C
:10BD9000D7FC8347450091CB4146A6855D05EFC0A2
:10BDA000D022814761D1AD4775BF130965012302D8
:10BDB000E500CA852685EF10202D15CDA547E38324
:10BDC0000AFA2302040079BF11CD83570500E39AD4
:10BDD00047F94146A6851905EFC0301F814759D163
:10BDE000994749B74E85EFF01FF32A8495473DD90F
:10BDF000130955007DBF4146A68523104401231138
:10BE0000340113051900EFC0B01E2285EF60B03C6D
:10BE1000814789BFEF52BFEC79717C003ECCB707F8
:10BE20000A003ECE7C003ED083C79500B2842E84AB
:10BE300093F7F707A384F5001306A1002A892C00C5
:10BE40002685EFF0FFE9A16528088D05EFB06F8C1E
:10BE500090408355A100035581008546EFF05FEFC8
:10BE6000AA84AA852808EFC0DFA00356A100835545
:10BE700081002808EFF09FCC300801478146A28559
:10BE80004A85EFB08FA9854748103ED4230291021E
:10BE900002D6EFD06FD945616F50BFE6EF523FE455
:10BEA00079717C003ECCB7070A003ECE7C003ED0C4
:10BEB00083C79500B2842E8493F7F707A384F50017
:10BEC0001306A1002A892C002685EFF07FE1A165E9
:10BED00028088D05EFB0EF8390408355A1000355EE
:10BEE00081008146EFF0DFE6AA84AA852808EFC02A
:10BEF0005F980356A100835581002808EFF01FC406
:10BF0000300801478146A2854A85EFB00FA148104D
:10BF10002302910202D402D6EFD00FD145616F50B7
:10BF20005FDEEF52DFDBEFF0BFE26F509FDD97A7E0
:10BF3000FF1F938767B888438280EF525FDA835789
:10BF400025004111AE842A842307B10017F5FFFFB5
:10BF50001305A5696C002316F100EFB0CFD581C49D
:10BF60002285EF60B02DFD572310F4001306200248
:10BF7000814513055400EF509FD941016F507FD880
:10BF8000EF525FD479717C003ECCB7070A003ECEF9
:10BF90007C003ED083C79500AA89AE8493F7F7074B
:10BFA0003285A384F5001306A1002C00EFF05FD3C7
:10BFB000035581001144EF30201C15C10355A10029
:10BFC0000144EF90D02A01CD03570500835781002B
:10BFD00045446316F7008545EFF03FF601442169BB
:10BFE000930539002808EFA0DFF2A2852808EFC0EA
:10BFF0005F880356A100835581002808EFF01FB425
:10C00000300801478146A6854E85EFB00F91481054
:10C010004AD42302810202D6EFD00FC145616F508E
:10C02000BFCDEF523FCA97A7FF1F9387A7A82A84C7
:10C0300088432E8915C1035745038357C401631DE7
:10C04000F70023260502231805024105EFA0303E24
:10C0500063040900EF60302F814497A9FF1F938983
:10C06000E9C5130A8002EFB0BFBC63CCA40297A756
:10C07000FF1F9387E7AC9C4389C70355C401EF10AA
:10C080004076630509002285EF6050031306400ED9
:10C0900081452285EF50BFC7FD57231EF4006F5026
:10C0A000BFC53385440383A7C90A3E9503570500DE
:10C0B0008357C4016315F700CA85EFF01FE88504B4
:10C0C0005DB7EF523FC083C795004111AA8993F72E
:10C0D000F707A384F5003285AE84EFC05F858567DE
:10C0E0006370F5042A89EF302009014411C983D710
:10C0F00004003144638627018545EFF09FF2014437
:10C100004E85A2864A86A685EFD02FBFA16793876A
:10C11000170448003EC42302810002C6EFD0CFB00E
:10C1200041016F507FBDEF52FFB997A7FF1F938763
:10C13000679880431DCC0145EFA0E0568147014838
:10C14000C1641CDC232E04032320040417A9FF1F51
:10C150001309C9B601449309400EFD14EFB05FAC5A
:10C16000634BA40081451705000013054598EFB007
:10C170008FB46F507FB8330534038327090B3E9586
:10C180008357C501638597008545EFF09FE9050456
:10C19000F1B79357050113D78700A380F5009317D4
:10C1A0000501C183A1832380E5002381F500A381DC
:10C1B000A5008280EF52BFB22300050083C715009F
:10C1C000A300F50083C725002301F50083C73500D0
:10C1D000A301F50083C745002302F50083C755007E
:10C1E000A302F50083C7650093059500A30305002E
:10C1F0002303F500230405003285EFF09FF96F500B
:10C200005FB0EF523FAC4111E9541DC995C993F994
:10C21000C5FF2E842A89AA84338AA900B7EA0400BC
:10C2200063149A020D88854401CCB7E704009C5F33
:10C2300082972AC622866C0033053901EFC0405B25
:10C24000268541016F505FAB83A78A0391048297D3
:10C2500093170501C183A183A38EF4FE93570501B3
:10C26000238FF4FEA183238EA4FEA38FF4FE4DBF83
:10C2700063E0D502EF52BFA6B28741113686BE8574
:10C2800036C6EFC0E056B246410136856F507FA7F3
:10C29000814636858280838705001387F5003D053A
:10C2A000FD8793F77708834607007D158606B58FCF
:10C2B000A300F5006307B7007D17834717009D8330
:10C2C000DDB78280EF52BFA1B7E7040083A707095B
:10C2D00032872A863A858297133515006F507FA2E0
:10C2E00001CD814799C9EF529F9F4146EFC0405011
:10C2F00085473E856F50FFA081473E8582801DC5E2
:10C30000EF52FF9D414681452A84EF505FA0414690
:10C31000814513050403EF509F9F0147C167232206
:10C32000040438C87CC805456F50BF9D0145828014
:10C33000814729CDA1CDEF529F9AB2842E89130651
:10C34000800581452A84EF509F9CCA8524C4268598
:10C35000EFF01FF9414681452285EF505F9B304445
:10C36000A2852285EFF01FF693040401A28526859D
:10C37000EFF07FF2A68513050402EFF0DFF12285CE
:10C38000EFF0FFF785473E856F50BF973E8582806F
:10C39000EF525F934111E9541DC995C993F9C5FF47
:10C3A0002E842A89AA84338AA900B7EA04006394F8
:10C3B00044030D88814401CCB7E704009C5F829759
:10C3C0002AC622866C0033053901EFC060422685FB
:10C3D00041016F507F9283A78A039104829793173C
:10C3E0000501C183A183A38EF4FE93570501238F1A
:10C3F000F4FEA183238EA4FEA38FF4FE4DBF71CD66
:10C40000EF525F8CB28401E605456F50FF8E2A849F
:10C410002E890145FDD93C487848B3E6E700F5D6BA
:10C420009386F7FFB3B7F6007D17032A4404BA9743
:10C4300034C87CC8630F0A04C14913050A03B389D1
:10C4400049412295637B3601B2862E86A685EFF0A0
:10C450003FE27C40BE9464C045BFCE862E86CE852A
:10C46000EFF01FE1C114D2944E9923220404A28755
:10C470009306040103C7070003C607038507318F2E
:10C48000A38FE7FEE398F6FE3044A2852285EFF005
:10C490007FE32699C1493306994063EA9900ADD4F8
:10C4A000A686A68513050403EFF09FDC6DB78147D0
:10C4B000B306F4003307F6000347070083C5060000
:10C4C00085072D8F2380E600E39437FF3044A28553
:10C4D0002285EFF03FDFC1147DBF0145828019C97D
:10C4E000EF52EFFF130680058145EF505F8205454F
:10C4F0006F503F810145828081473DC9B5C9EF52E8
:10C500000FFEFC4141462E84AA846393C704138620
:10C510000501A2878146C14503C7070003C507037C
:10C520008507298F3305D600034505008506298F29
:10C53000A38FE7FEE392B6FE3044A2852685EFF096
:10C540007FD82285EFF0BFF985473E856F506FFB9E
:10C55000138507031D8E81452295EF504FFB7C40CC
:10C56000130700F813060402A2972388E70255B7C1
:10C570003E858280EF52AFF66D712E84B284AA851B
:10C58000901028003689EFF0BFDA19E9D55705A0D9
:10C5900050400C402800EFF09FE66DD9FD142104B7
:10C5A000E5F82C004A85EFF03FF5814765D13E85DF
:10C5B00051616F500FF5EF528FF241112EC432C608
:10C5C0002C000546EFF01FFB41016F508FF3EF5237
:10C5D0000FF101112A842EC602C802CA02CC02CE73
:10C5E000EFC02052B2462A86A2850808EFF0BFFCB1
:10C5F0001375F50F05616F50CFF0EF524FEE797163
:10C60000B2872A8421462308B10013051101BE8593
:10C610003AC436C6EFC0C01DB246930591013685B7
:10C62000EFF03FB72285141035460C08EFF0BFF845
:10C630002A84224711E521460C103A85EFC0401BA1
:10C64000228545616F50EFEBEF526FE97171AE8457
:10C65000AA850A853284EFF0BFC801C90A86A6857B
:10C660002285EFF03FC6814711E1C5473E854D6108
:10C670006F502FE9EF52AFE31D712A8AB289BE8451
:10C6800035468547130511012E8CB68A3A8BC28C2C
:10C69000468D2308F100EFC0A01510100C0852853C
:10C6A000231F0100EFF05FFA2A842DE9A147631BE5
:10C6B000FD069307900591E0E5473546E2851305B1
:10C6C000110113990A012308F10013590901EFC060
:10C6D00020121357890093978A00D98F90080C086D
:10C6E0005285231FF100EFF03FF62A8405E9A1E00F
:10C6F0009387FA0091831379F9003EC6631309000A
:10C700004149668B8144C14B854DB2476397970C75
:10C710006A868C0033855C01EFC0800D228525611F
:10C720006F50AFDC93079004C9F8A54779B78347EA
:10C7300001050947C14B2308F10083471105A58F67
:10C74000A308F10093872400814463EFFB020147B3
:10C7500014083386E6008C08B386E400BA95DA96AE
:10C7600083C6060083C505000507AD8E2300D600ED
:10C77000E390E7FE41476398E70490080C08528570
:10C78000EFF09FEC35D535A8B3069B00BA871008AB
:10C79000B305F60090083E9603C506000346060062
:10C7A00085078506298E2380C500E39277FF998F40
:10C7B00090080C085285BE94EFF01FE989470147A5
:10C7C00049D52A84A1BF90083E9603460600140866
:10C7D000BE962380C600850779BFB2478504638B68
:10C7E000971281471808B306F70098083E973386DA
:10C7F000F90003470700034606008507318F2380B1
:10C80000E600E39177FF90080C085285EFF0DFE334
:10C810004DF93546E285130511012308B101EFB04A
:10C82000307D139704014183939784002183D98F2E
:10C8300010180C085285231FF100EFF0FFE051F1B2
:10C84000814710183387F9003E96034707000346D7
:10C850000600B306FB008507318F2380E600E392D4
:10C8600077FF75A01808B306F70098083E9733863F
:10C87000F90003470700034606008507318F238030
:10C88000E600E3E127FFCA876398770990080C0860
:10C890005285EFF07FDB15F581479800B306F7006E
:10C8A000900818103E973E9603470700034606007F
:10C8B0008507318F2380E600E39177FF3546E285D7
:10C8C000130511012308B101EFB090721397040111
:10C8D0004183939784002183D98F10180C085285C7
:10C8E000231FF100EFF05FD6E31D05EC8147101820
:10C8F0003387F9003E960347070003460600B30658
:10C90000FB008507318F2380E600E3E227FFC109A2
:10C91000410BE5BB8147B5B79408BE9683C60600B8
:10C9200018083E972300D7008507B9BF638E062CF1
:10C93000EF52EFB759712A84BE89B28B85473546CD
:10C94000130511022E8B468C4289BA8A368A23003F
:10C95000F102EFB0F06910180C10228523170102C4
:10C96000EFF09FCE631E0510A1476319FC069307E5
:10C97000900563930900E5473546DA8513051102F2
:10C9800093140A012300F102C180EFB0706693177F
:10C990008A0013D78400D98F90080C1022852317A2
:10C9A000F102EFF07FCA69ED639009049307FA0082
:10C9B000BD88918391E0C144C207C183DE8C814A66
:10C9C0003EC6414DB24763EAFA0C6286B3854B011D
:10C9D0008810EFB0905F4DC53D555DA09307900462
:10C9E000E39C09F8A54749BF834701050947C14CA6
:10C9F0002300F10283471105B3C7F900A300F10238
:10CA000093872900814963EFFC02814618103306A1
:10CA1000D7008C083387D900B6955697034707008F
:10CA200083C5050085062D8F2300E600E390D7FE21
:10CA30004147639AE70490080C102285EFF0DFC0AD
:10CA400035D53DA8B3863A01BA871010B305F60074
:10CA500090083E9603C50600034606008507850636
:10CA6000298E2380C500E39297FF3387EC4090081E
:10CA70000C102285BA99EFF03FBD8947014741D597
:10CA800065616F508FA690083E960346060014100D
:10CA9000BE962380C600850769BFB247850A939971
:10CAA0000A01939D8A0093D909016399570D85471F
:10CAB0003546DA85130511022300F10293D9890066
:10CAC000EFB01053B3ED3D0190000C1022852317F9
:10CAD000B103EFF07FB74DF58147A68963E697066E
:10CAE00026860C084A85EFB0B05081471810B3066F
:10CAF000F700100898083E973E9603470700034644
:10CB000006008507318F2380E600E3E197FE639DF1
:10CB1000A90590080C102285EFF01FB335F181476D
:10CB20009810B306F700900818183E973E960347F2
:10CB30000700034606008507318F2380E600E39156
:10CB4000A7FF4109C10CBDBD18089000B306F7004E
:10CB50003E963387FC00034707000346060085071F
:10CB6000318F2380E60095BF98084E970347070052
:10CB70001C10CE972380E700850951BF85473546B5
:10CB8000DA85130511022300F10293D98900EFB071
:10CB90003046B3ED3D0190000C1022852317B10300
:10CBA000EFF09FAAE31E05EC814718089000B3063A
:10CBB000F7003E963387FC00034707000346060054
:10CBC0008507318F2380E600E391A7FF41460C08DB
:10CBD0004A85EFB0F04181471810B306F7001008FE
:10CBE00098083E973E9603470700034606008507D0
:10CBF000318F2380E600E391A7FF90080C10228577
:10CC0000EFF09FA41DDDADBD7D558280EF522F8DCD
:10CC100001112A842E8593055100328902C002C277
:10CC200002C402C693047400EFF0AFD61D46A68579
:10CC300013059100EFB0D03B10088A854A85EFF0CC
:10CC4000BFA019ED93071400180883C60700034618
:10CC5000070085070507B18EA38FD7FEE397F4FE83
:10CC600005616F500F8AEF52EF852E848C41411180
:10CC7000AA89838715003289914463D30700A144B0
:10CC80009797FF1F9387473A9C43B1C3B5CE8D4713
:10CC90002310F10083C725004A852301F10083C7D3
:10CCA0003500A301F10083C745002302F10083C7CB
:10CCB0005500A302F10083C7650093059100A3030B
:10CCC00001002303F10023040100EFF08FCC0C409E
:10CCD0004A860A85EFF00FCE0328040083564400ED
:10CCE000A6881D0881470147E51642868A854E853C
:10CCF000EFF05F982A8909E5A6852285EFB0FFB29B
:10CD00004A8541016F405FFF4A860A85EFF08FCA6E
:10CD10007DBFEF423FFB2E848C414111AA8983875E
:10CD200015003289914463D30700A1449797FF1FF0
:10CD30009387872F9C43B1C3A5CE8D472310F10065
:10CD400083C725004A852301F10083C73500A3016D
:10CD5000F10083C745002302F10083C75500A302F9
:10CD6000F10083C7650093059100A303010023032D
:10CD7000F10023040100EFF0CFC10C404A860A8580
:10CD8000EFF04FC383564400032804008A85858E44
:10CD9000C2061D08C1822312D400A688814701471C
:10CDA000E51642864E85EFF07FB841016F40DFF413
:10CDB0004A860A85EFF00FC0C9B7EF425FF2B3357C
:10CDC000B000011185052A891315F6013365150197
:10CDD0002308B1009305110136843AC632C03EC41F
:10CDE00042C2EFF00FBBA2471248425593D68700CC
:10CDF000230BF1009305910193578800A30AD100FA
:10CE0000A30BF100230C0101EFF0AFB8324702464B
:10CE100003280400B337E00083564400920791448E
:10CE200011C2A1444A85A68842860C08EFF09F846F
:10CE30002A8909E5A6852285EFB03F9F4A850561CD
:10CE40006F403FECEF421FE801113EC68647B33505
:10CE5000B0008505AA891315F6015D8D2308B10080
:10CE60009305110136843A89B28442C446C2EFF078
:10CE70004FB222489248164593578800A30AF10002
:10CE80009305910193D78800230B0101A30BF100B7
:10CE9000230C1101EFF0EFAF3247104083564400EE
:10CEA000B337E000920703280900914891C0A148D8
:10CEB0000C084E85EFF09FA7AA8411E58355440026
:10CEC0004A85EFB09F96268505616F40FFE2AA95DF
:10CED0009307F00F17F70000130787806317B5005B
:10CEE00013C5F7FF1375F50F828005058346F5FF1F
:10CEF000B58FBA9783C70700D5B7035745001441CC
:10CF00009307F00F17E600001306867D3697420759
:10CF10004183139506014181631BE500AD8FB297F4
:10CF200003C50700130515F3133515008280850628
:10CF300003C5F6FFA98FB29783C70700D9BFEF4299
:10CF40001FDAB28736842E86BA86AA853E85BA84D1
:10CF5000EFF06FE6634B05002285EFB0903A2A862A
:10CF6000A686A2852685EFF00FE56F409FD9EF4298
:10CF70007FD55D712A8BAE8A17E500001305C57356
:10CF80002C00B284368ABA893E89EFF04FE42A84B5
:10CF900059E534104146DA852800EFF0CFE12A84C4
:10CFA0003DED8547A303F100A6C293077100240855
:10CFB000BEC4A68685470D462C18281002DC02DE6A
:10CFC000D6C0BEC6EFF00FDB2A8431E98347710279
:10CFD000A6860D4693F7F7072300FA00C1473EDE09
:10CFE0002C188947281026DCA303F100EFF08FD816
:10CFF0002A8415E54146A6854E85EFB0607F8D47B2
:10D00000A6860D462C182810A303F100EFF08FD64A
:10D010002A8411E54146A6854A85EFB0607D2285C8
:10D0200061616F407FCDEF429FCB97D70000938720
:10D03000A715984383C7470079712A89AE8417E5FD
:10D0400000001305E5670C083AC42306F100EFF071
:10D050000FD82A8415E514104146CA850808EFF058
:10D060008FD52A8411ED140815462C000810EFF016
:10D070008FD42A8411E521462C082685EFB040770D
:10D08000228545616F40FFC7EF427FC597D70000FB
:10D090009387870F9C477971AA842E8417E5000037
:10D0A000130585620C083EC6EFF06FD20DE5141033
:10D0B0004146A6850808EFF00FD011ED140811467F
:10D0C0006C000810EFF02FCF19E58347F10193F7BB
:10D0D000F7032300F40045616F40BFC2EF423FC039
:10D0E0003688A14881470147E546EFF0AFD86F4049
:10D0F0005FC1EF42DFBE3688A14881470147E54660
:10D10000EFF0DF826F40FFBFEF427FBD01112A8445
:10D110002E850C0832C6EFF08FCB19E9324797E61F
:10D1200000009386E6581008C1452285EFF03FE1E4
:10D1300005616F401FBDEF429FBA4111C1472EC02C
:10D1400032C48A8509463EC23EC6EFF0AFC24101F5
:10D150006F403FBBEF42BFB84111AE8613061009C6
:10D16000AA850A8502C002C202C402C6EFF0AFC49B
:10D1700041016F401FB9EF429FB6328797E600002A
:10D18000938606552E8693050002EFF05FDB6F4015
:10D190005FB7EF42DFB47971C1472ACC2ED032D4C9
:10D1A0002C080D4628003ECE3ED23ED602C402C612
:10D1B00002C802CAEFF00FBC45616F409FB4EF4256
:10D1C0001FB20111AA842E8417E500001305C55073
:10D1D0008A85EFF0CFBF05E514084146A6850A858C
:10D1E000EFF06FBD09ED8347E1010347F101A207AD
:10D1F000D98FCA07C9836177D98F2310F4000561DD
:10D200006F403FB005C9EF429FAD9797FF1F9387CF
:10D21000278F90439795FF1F9385C58E1795FF1F06
:10D220001305058AEFB080091795FF1F130545897F
:10D230006F403FAD1795FF1F1305858882809DC500
:10D24000EF42FFA99797FF1F9387878B94430111A4
:10D250002E840A869795FF1F9385C58AEFB0800AB2
:10D260000A850294014505616F40BFA97D55828002
:10D27000EF42FFA6EFB080149797FF1F23A2A78865
:10D2800017F5FFFF130525F8EF90D0406F407FA7FB
:10D290001797FF1F130707899317150008433E953B
:10D2A000FD572310F5008280EF427FA32A840840B7
:10D2B00019E16F401FA51C4158401CC06313E500D5
:10D2C0005CC08347550023200500F99BA302F500AD
:10D2D000EFB0EFF9E9BFEF42FF9E9797FF1F9387EB
:10D2E000678698432A8411CB8347350093F707025A
:10D2F00089C7035505008945029713054401EF903E
:10D300001013835504000355E400EF20701B4858A8
:10D3100009C5EFB0CFF5232A040213058403EFF00B
:10D32000BFF88144B149EFA0FF9A63C5A4028347C7
:10D3300034002320040493F727FCA301F4000048E1
:10D34000EFA05F9A1316150081452285EF403F9CA0
:10D350006F409F9AB38734030329040385043E99E1
:10D360004A85EFF07FF42304090075BF8347350039
:10D3700093F7070299E3014582808357E500E39C18
:10D38000B7FEC167FD176316F600054582800545A7
:10D39000B9A0EF42DF9493170601C187B2842A84B3
:10D3A00001496359F002835705008DCB014563673E
:10D3B000F600034584003E953325A6001375F50F4E
:10D3C00039A81C4813171900BA9783D70700E380C0
:10D3D00097FC0509EFA01F91E345A9FE01456F40A9
:10D3E0005F92EF423F8EAE89AA84EFA07F852A84A8
:10D3F000EFD0BFAAAA860147130684019705000053
:10D40000938545E91785FF1F13050572EFA0AFD57A
:10D410002A8921CD8C441304C50022859E0593F5ED
:10D420000508EFB00FC5CC4083877400E18163D15C
:10D43000070493E505082285EFB0AFC30D46938539
:10D4400044002285EFB00FC183D504002285EFB0E0
:10D45000EFC583D524002285EFB04FC503D6490020
:10D4600083A509002285EFB0EFBE4A856F40DF88B3
:10D4700093F5F507C9B7EF429F8601112A843285DB
:10D4800032C6EFB06FB4EF903F9183570400179707
:10D49000FF1F1307A7823246231BF100930700F8F2
:10D4A000A30DF1001C471843231AA1008983858B23
:10D4B000B307F740B28548083ECE231C0100230D78
:10D4C0000100EFF01FF205616F40BF83EF428FFF55
:10D4D0000041014529CC9304C40026853289AE89D8
:10D4E000EFB08FB295452A8A2685035B0401EFB021
:10D4F0002FAF2685EFB02FC68D45AA8A2685EFB0BF
:10D500002FAE2685EFB02FC55C48420A135A0A0198
:10D51000D2975CC423186401814763983A01460599
:10D520004D81330625419337160013F5F70F6F40F1
:10D53000AFFCEF424FF889692A8BAE8B328AB68AEC
:10D5400081440144314CFD19EFA0CFF863C9A40018
:10D55000EFA04FFB018D33B5AA006F404FF933891F
:10D56000840383270B003E9963170A0083478900D1
:10D5700085043E94D1BF03560A00DE854A8533F602
:10D58000C900EFF0BFF47DD10545C1BFEF422FF5D3
:10D5900001112A847C000355E5003ECAB707070045
:10D5A0003ECC7C003ECEEF10303D2A8985454808B0
:10D5B000EFB0EFC199454808EFB02FA7AA844A857C
:10D5C000EF10B03D2380A4009787FF1F9387076F5C
:10D5D0009C434166130606F09396870113D7870193
:10D5E000558F93D68700F18E558FA207B706FF009F
:10D5F000F58FD98F11462C00138514003EC4EFB06F
:10D60000201F5008A382040089452285EFF0BFE661
:10D6100009C9AA8513058403EFB0EFBB3C40850719
:10D620003CC005616F40EFEDEF426FEBEFA08FED77
:10D630002A840504EFA00FEC3305A402F1479145BD
:10D640003305F502EF10207B01E565556F406FEB68
:10D650009787FF1F23A0A74EEFA0CFEA2A840504D7
:10D66000EFA04FE93305A40289450605EF10A07825
:10D6700069DD9787FF1F23A7A74AEFA0AFE82A8499
:10D680000504EFA02FE73304A4029787FF1F239D13
:10D690008748EFA02FE72A84EFA0CFE59307140077
:10D6A0003385A7029787FF1F2391A74897E70000BC
:10D6B000938747C61787FF1F232CF746014579B785
:10D6C000EF424FE0AA842E8901449789FF1F938976
:10D6D000E95E130A8006EFA0EFE16345A40001456F
:10D6E0006F408FE13305440383A709024A86A6856C
:10D6F0003E95EFF0BFC719E10504F1BF0545CDB771
:10D70000EF426FDBAA8A2E8BB28B368C3A8A814429
:10D7100001448149978CFF1F938C4C5A130D80064E
:10D72000EFA04FDD63C7A40011E085494E856F402F
:10D730000FDC3389A40383A70C025E86D6853E994D
:10D740004A85EFF0BFC219CDEFA0CFDB0544636B74
:10D750004501D2866286DA8513050903EFF07FDD85
:10D7600011C1854985046DBFEF42CFD5C164411118
:10D770002A8901449789FF1F93894954130A800617
:10D78000FD1436C632C42EC2EFA0CFD69245224633
:10D79000B2466346A400014541016F40EFD5330511
:10D7A000440383A709023E9509C683473500C18B10
:10D7B0009DC791C68347350093F707028DC3630663
:10D7C00099008357E500639C27010357050001CBAF
:10D7D00063E7E50083478500BA97E3CFF5FA0504D0
:10D7E0004DB7EF422FCEC1642A8901449789FF1FAC
:10D7F0009389C94C130A8006FD14EFA0AFCF634490
:10D80000A4006F406FCF3305440383A709023E9500
:10D810008357E500638897006304990063942701A8
:10D82000EFF07FAB0504D1BFEF426FC889692A8A48
:10D83000AE8A328BB68B8144178CFF1F130C0C48B9
:10D84000930C8006314DFD19EFA0CFCA63C4A4002C
:10D850006F40AFC93389940383270C028355CA01F3
:10D860005A863E994A85EFF07FB005CD814D05A0DF
:10D870003384AD038327090303D60B00D68533F623
:10D88000C9003E942285EFF07FC419E5850DEFA015
:10D890006FC4E3CFADFC31A02285EFF0FFA02304DD
:10D8A0000400850455B7EF420FC14169AA8A014AB5
:10D8B000178BFF1F130B8B407D19C14B054CEFA03D
:10D8C0006FC36344AA006F408FC293098006B307F9
:10D8D0003A0383290B02BE9983D7E900638C2701A1
:10D8E00063842A016398570103A4890311E44E85D8
:10D8F000EFF0DFC9050AE1B78357040163997707A1
:10D900009304C4002685EFA03FF085452A8D268527
:10D91000835C0401EFA0DFEC2685EFA0FFFF62052A
:10D920006185635F05028D452685EFA07FEB894504
:10D930002685EFA0FFEA89452685EFA07FEA854589
:10D940002685EFA03FEB83470500094793F7F707CC
:10D950006398E70099452685EFA0DFE9A3028501DA
:10D960004848337D2D01231894016A9548C400402E
:10D97000B5BFEF42CFB637E404008327041D82977A
:10D980009787FF1F83C787201755FF1F13058576CD
:10D99000A300F5008327441C82978327841C8146BB
:10D9A0001306F00F8145014582976F408FB51787A9
:10D9B000FF1F1307A70D18439785FF1F83C5051D7C
:10D9C0009787FF1F9387071B8346870303469703A9
:10D9D0006397D5009787FF1F238AC71A828083C564
:10D9E00087010347A7036317B6009787FF1F238F9D
:10D9F000E718828003C687016317C7009787FF1F58
:10DA00002386D718828083C68701130750026319C3
:10DA1000D700930760021787FF1F2309F71682803C
:10DA200083C68701130660026315D6009307700250
:10DA3000DDB783C7870155BF9787FF1F938787137C
:10DA4000D44B09476385E608EF426FA91789FF1F8A
:10DA50001309890F3E8483470900918B9DCFB7E45A
:10DA6000040083A7041D829783A7441C1785FF1F0A
:10DA70001305050E829783A7841C81461786FF1F16
:10DA80000346060F81450145829721C1834709005E
:10DA9000ED9B1787FF1F2309F70A8347040093F7BD
:10DAA000F70F85C791471787FF1F232FF70CEFF05C
:10DAB0005FECEFF0DFEFB7E70400BC4F4146914564
:10DAC0001785FF1F0345850B82976F408FA38280C8
:10DAD000EF42EFA08D4741116304F504C54763068B
:10DAE000F50285476310F5029787FF1F2382A70A77
:10DAF000B7E70400BC4B930500101785FF1F0345D3
:10DB0000E507829741016F40CF9F85471787FF1F29
:10DB10002300F708B7E70400BC4B93050020F1BFD2
:10DB20009787FF1F93870705D44B1147638DE60046
:10DB3000B7E7040083A7071D8297B7E70400BC4B33
:10DB4000930500045DBF05491787FF1F232E270398
:10DB500083C7070032C62E8493F7F70FC5D7B7E403
:10DB6000040083A7041D7D141374F40F8297E376D9
:10DB700089FCB245994703C61500E3F0C7FCFC4495
:10DB800009061785FF1F1305E5008297BC4893051A
:10DB900000081785FF1F034565FE829779BFEF4296
:10DBA0000F941787FF1F1307E7FC4047184B1C40D3
:10DBB0009786FF1F23A6F6FC6316E4001787FF1F56
:10DBC0002322F7FC130584FEEF907FF3035564FFD7
:10DBD000EF903FC6EFA0BFE96F40AF92EF422F90AA
:10DBE0009787FF1F938707F9D84BDC4799C3EFF05E
:10DBF0001FFB85471787FF1F2328F7F89787FF1F0D
:10DC00009387C7E89C43930500021785FF1F0345D0
:10DC1000E5F683C787031787FF1F2309F7F6B7E7E2
:10DC20000400BC4B82976F40CF8D9787FF1F23A5C1
:10DC3000A7F48280EF420F8937E404007C4CA145B1
:10DC40001785FF1F034585F382977C48A1451785FB
:10DC5000FF1F0345A5F29784FF1F9384A4F18297C9
:10DC6000DC4489E7EFF05FDD6F400F8903D567FF84
:10DC7000EF903FBCAA897DD5D84891476310F70241
:10DC80007C4C91451785FF1F034545EF82977C48E3
:10DC900091451785FF1F034565EE829703A949014A
:10DCA00003D409018947B7E904001787FF1F232D13
:10DCB000F7EC83A7091D21044204829783C78401DE
:10DCC0001755FF1F1305054361191757FF1FA303BE
:10DCD000F74283A7491C418082979787FF1F2389BA
:10DCE00007EA83A7C91C814609469375F40F4A8544
:10DCF000829711E99787FF1F83C7C7F989C7975094
:10DD0000FF1FE78040B1B7E70400BC4F2146A145A3
:10DD10001785FF1F034585E68297B9B7EF323FFCB1
:10DD200093F7052001112E8481CBEFF03FEB1345D3
:10DD3000042005616F30FFFC93F70510A9CB978491
:10DD4000FF1F938424E3DC48EFF07FC61787FF1F93
:10DD50001307C7D3184383C7840103478703631698
:10DD6000F700DC4499C3EFF09FE385471787FF1F57
:10DD7000232CF7E0B7E70400BC4B9305000217859E
:10DD8000FF1F0345A5DF8297134504105DB793F786
:10DD90000508ADC79787FF1F83C7D7DFE917194667
:10DDA0009785FF1F938525DF1305D10093F4F70FA7
:10DDB0001789FF1F034909DEEFA090239397040101
:10DDC000C1831787FF1F130767DD231DF100231C85
:10DDD000F1009787FF1F9387E7D93ACE3ACAD84315
:10DDE0002306010009CBDC439315890154080D4635
:10DDF000E185680082971345040825BF93F7250045
:10DE0000B1CF9787FF1F9387E7D6D84B8947630623
:10DE1000F7029787FF1F83C727D313F7270011EF58
:10DE2000918B99CFB7E70400BC4F1306000A8945D0
:10DE30001785FF1F034585D4829713452400D5BD60
:10DE40009787FF1F938787C49C4383C787031787E0
:10DE5000FF1F230DF7D2EFF0FFDDC5B793F70502E3
:10DE600091C7EFF03FDD13450402E1B593F785005C
:10DE700091C7EFF0BFD61345840065BD93F7150039
:10DE800091C7EFF07FBB1345140065B593F74500CC
:10DE900091C7EFF07FBA1345440061BD93F70504C5
:10DEA00085C39787FF1F83C7E7CC81CBEFF07FAC9B
:10DEB00091471787FF1F2329F7CC1345040495BD0D
:10DEC00093F705010145E38607E69787FF1F9387D0
:10DED00067CAD84B91476310F7049787FF1F938752
:10DEE000A7C69C4313D727008583D98F858B91E7DD
:10DEF000B7E7040083A7071D8297B7E70400FC4F2C
:10DF000091451785FF1F034565C78297854717878A
:10DF1000FF1F232BF7C61345040121BD9787FF1F61
:10DF2000238AA7D68280EF329FDB9787FF1F23A922
:10DF300007C49787FF1F23A707C485471784FF1FC0
:10DF40001304C4B41787FF1F2320F7C41C4083C7E2
:10DF500087031787FF1F230BF7C2EF90FFDF39C13D
:10DF60009757FF1F23ACA7181C4017050000130587
:10DF700025DB83C787031787FF1F2309F7C01757C0
:10DF8000FF1FA309F7169787FF1FA38507BEB7E7F3
:10DF9000040083A7070882979787FF1F2380A7BEE7
:10DFA0006F303FD6B7C7898E938767ED1757FF1F2E
:10DFB0002326F71455BF1787FF1F0347A7BB7955C3
:10DFC00055E39787FF1F9387E7BA03C71700050735
:10DFD0009786FF1FA380E6BA03C717008D463377E5
:10DFE000D7029786FF1FA387E6B883C61700178757
:10DFF000FF1F1307A7A9184393F6F60FA9EA834753
:10E0000087031787FF1F2303F7B885471787FF1F6D
:10E010002302F7B69787FF1F938707B39C430145F9
:10E02000998BA9E3EF32BFCB37E404007C48C145AC
:10E030001785FF1F034585B482973C4885451785A2
:10E04000FF1F0345A5B3829701456F309FCB83C760
:10E05000170085466395F600834797035DB78347AE
:10E06000A70345B782809787FF1F83C7A7B0A1CBBF
:10E07000EF32FFC637E404009787FF1F238C07AEFB
:10E080007C4885451785FF1F034545AF82977C4C2B
:10E0900091451785FF1F034565AE82977C489145E2
:10E0A0001785FF1F034585AD82973C48C1451785FD
:10E0B000FF1F0345A5AC829701456F309FC479557A
:10E0C0008280EF32DFC12A84035565FFEF906FF63F
:10E0D0009787FF1F938707AAD847BE841DEBEFA041
:10E0E0005F989C48232004008DEB9787FF1F23AB8C
:10E0F00087A89787FF1F23A587A8B7E70400BC4B15
:10E1000089451785FF1F034565A7829701456F3035
:10E110005FBF630A87001843D1B780C39787FF1F8B
:10E1200023A287A6D9BF7955DDB7EF325FBB9787AA
:10E13000FF1F938767B68843232605002324050025
:10E140005105EF80D02E6F30DFBBEF325FB91784FF
:10E15000FF1F130464B41C40411189CF9C47230264
:10E16000B5002AC61CC1EFF05FFC1C409C4B99C354
:10E170003245829741016F30DFB8EF325FB641110F
:10E18000444D328532842EC6EFA00FF92AC4228571
:10E19000EFA0EFF903A84400630C0800B2458357D1
:10E1A00044001840224683D54500AA862685029859
:10E1B00041016F301FB5EF329FB2404D1DC408C002
:10E1C000970500009385E50213054401EF80901840
:10E1D0009787FF1F938747AC9C43014589E7978743
:10E1E000FF1F23AB87AA6F30DFB17D55EDBFEF3244
:10E1F0001FAF011168009305F00F02C602C802CAE2
:10E2000002CC02CEEFF07FF405616F309FAF9787AD
:10E21000FF1F938767A89C43D847A1679D07631199
:10E22000F702EF32DFAB01113285EFA0EFEE230AE8
:10E23000A10081456800EFF05FF105616F307FACB0
:10E2400082809787FF1F938727A59C43D847A167A4
:10E25000938777036311F702EF327FA801113285AC
:10E26000EFA08FEB230AA10081456800EFF0FFEDDE
:10E2700005616F301FA982809787FF1F9387C7A111
:10E280009C43D8479547631CF702EF325FA5011105
:10E2900032853284EFA04FE8230AA1002285EFA047
:10E2A0000FE983574400231BA10081453ECC1C404D
:10E2B00068003ECEEFF07FE905616F309FA4828059
:10E2C000930785FF89CF8327C5FF91CBDC4B81CB9B
:10E2D000EF32FFA0032585FF82976F309FA28280D7
:10E2E000EF32FF9F2A843285EFA00FE3BD4763EB37
:10E2F000A70018449377F5000345B70041995D8D59
:10E30000A305A7006F30FF9FEF327F9D01117C00B6
:10E310003ECAB70707003ECC7C003ECE5C4D8DCF99
:10E320002A8413858700AE84EF807004A1652A8952
:10E330009D054808EF80FFBD9305803EB345B902B7
:10E34000480893F5F50FEFA0CFD20147814650085A
:10E35000A6852285EF807FDC05616F309F9AEF32C2
:10E360001F98EFF07FFA6F30DF99EF325F9701115E
:10E370007C00AE843ECAA165B70707002A843ECC64
:10E3800048087C00938575033ECEEF809FB81C44FF
:10E39000480883C5B700BD89EFA0AFCD500801473D
:10E3A0008146A6852285EF805FD705616F307F9516
:10E3B000EF32FF922A84AE84EFF09FF2A685228589
:10E3C000EFF0BFFA6F30FF93EF327F91EFF0FFF97C
:10E3D0006F303F93EF32BF900329C50141116304B1
:10E3E00009022A843285B284EFA00FD32AC626857B
:10E3F000EFA0EFD3832749002A8691C7DC4781C766
:10E40000B2452285829741016F30BF8FEF323F8D39
:10E41000444D81CC2A843285EFA06FD1DC40AA859F
:10E4200089C79C4799C3228582976F309F8DEF32B1
:10E430007F89032AC501411163030A062E89AA8434
:10E44000954532853284EF80DFAC85452285EFA08B
:10E45000CFBDAA89CA852285EFA0EFC283274A00D3
:10E460009DC7DC438DC72285EFA0AFBA83274A0042
:10E47000104083564400DC437115A307A100B296F7
:10E480001307F1004E86CA852685829701C5238031
:10E49000090031A08345F1002285EFA00FB94101A9
:10E4A0006F309F85EF32BF8365711C083EC2B7078E
:10E4B00080013EC41C0832893EC62A84AE84EFF037
:10E4C0007FF14A85EFA0AFC68357A10089CFAA8507
:10E4D00050002285EFF0BFF5014781465000A68528
:10E4E0002285EF809FC359616F30BF81EF328FFD6E
:10E4F00065711C088329C5013EC2B70780013EC46F
:10E500001C082A84AE8432893EC6EFF03FF0638453
:10E5100009024A85EFA0AFC18357A100AA8581CF28
:10E5200050002285EFF0BFF0014781465000A685DC
:10E530002285EF809FBE59616F300FFCEF322FFABA
:10E5400065711C083EC2B70780013EC42A841C08BE
:10E5500032853EC6AE84EFA08FBD8357A10089CF20
:10E56000AA8550002285EFF09FEC014781465000BC
:10E57000A6852285EF807FBA59616F308FF8EF3220
:10E580000FF6444D91E88347450093B71700B30752
:10E59000F0403E856F30EFF61845FD577DDB97075D
:10E5A0000000938707032A845CCB970500009385BE
:10E5B00065D113858400EF80E05980C00347440093
:10E5C000814761FB1777FF1F232A976CD9B7EF327A
:10E5D0006FEF8329C5014111032985008147638BB2
:10E5E00009080324090191452A8A2285EF807F9238
:10E5F00085452285EFA06FA38945AA8A2285EFA0D1
:10E60000CFA2AA84EF809F9683A749002A8B9DC73B
:10E610009C438DC72285EFA0CF9F83A74900A30607
:10E62000A1001040835644009C431307D100B296CA
:10E63000D6851306E1005285829709CD83570B00DA
:10E640002380F400A183A380F40023800A00A306A2
:10E65000010029A88357E10022852380F400834527
:10E66000D100A183A380F400EFA02F9C8347D100A9
:10E67000B337F0000347B900920701453D9BD98F9E
:10E68000A305F90041016F302FE7EF324FE541114B
:10E690001DE99777FF1F93876760804305C8044093
:10E6A000130984009DC55C4099C79C4B89C726858A
:10E6B0002EC68297B2459307803EB385F5024A8500
:10E6C000EF80605521A0404DAA8479F841016F3058
:10E6D0004FE34A85EF80A0555C40EDDBDC4BFDD776
:10E6E00026858297E5B7EF328FDF2A843285EFA047
:10E6F000AFA2AA852285EFF05FF96F308FE0EF328D
:10E700000FDE2A84AE84EFF01FFEA6852285EFF08F
:10E71000BFBF6F300FDF08413355B50005898280D8
:10E72000EF32EFDB1774FF1F130444591C5C011117
:10E73000231701008D83858BA303F1008327040B2E
:10E74000231801002319010003D7C7013ECA3C006A
:10E750002314E1007D572315E1000357C4023ECC8A
:10E7600002CE2316E100EF802FE38357E101231E41
:10E77000A10093F707E093E71710231FF1009777A5
:10E78000FF1F83C7475685C305470145638AE700D6
:10E790008347840393E727001777FF1F230CF75461
:10E7A00005616F300FD6814717D700001307871216
:10E7B00085461306710085454808EF70E04B6DF102
:10E7C00083478403F59B1777FF1F2305F75285477F
:10E7D0001777FF1F2309F750E1B7EF324FCD977D31
:10E7E000FF1F938DAD4D03A6CD0639712A89814750
:10E7F0008144930600023357F600058B01C7850458
:10E8000093F4F40F8507E398D7FE83A70D0B231726
:10E8100001022318010203D7C7013EDA3C1023147A
:10E82000E1027D572315E10203D7CD023EDC231917
:10E8300001022316E10202DEEF800FD68357E103C7
:10E84000231EA102014593F707E093E71710231F4A
:10E85000F1029777FF1F83C70749A9EF9777FF1F3B
:10E8600083C757493EC69779FF1F938929450144BD
:10E87000014D9D4A054B954B177CFF1F130C4C4BCC
:10E88000977CFF1F938C4C4A03DAC90563090A0081
:10E89000EA85631459036685EFF0FFE71DC1050D96
:10E8A000A1478909E312FDFE2DE09777FF1F23AFF3
:10E8B0000746014521616F304FC36285EFF0BFE528
:10E8C00079DD3247B3878400E3F0E7FE9C0013064E
:10E8D000140006043E9413178A0093578A00D98FB8
:10E8E000C207C183A30EF4FCA183230FF4FC03A78A
:10E8F0000D07B317AB01D98F1777FF1F2328F742F6
:10E9000063047601328461BF15449777FF1F83C784
:10E91000673D138717009776FF1F2385E63C931604
:10E920001400230EF10017D700001307A7FA814740
:10E9300085067008CA854818EF700034E34705F66D
:10E940008347C10105451777FF1FA30DF738977758
:10E95000FF1F238A2739B9BFEF32CFB60111AA8929
:10E960002E84EFD0EF9C2A899774FF1F938404357F
:10E970006399090A9C5C414793F707036393E70A8D
:10E980001777FF1F03477736894763ECE70883A7AC
:10E99000040B231701002318010003D7C7013ECA47
:10E9A0003C002314E1007D572315E10003D7C40286
:10E9B0003ECC231901002316E10002CEEF80CFBD2B
:10E9C000231EA100EFC06FCD8357C101230FA1000B
:10E9D000914613D78700A207D98F2312F1009777AA
:10E9E000FF1F83D7473113D78700A207D98F23137F
:10E9F000F10017D70000130767ED814750009545D8
:10EA00004808EF70602705889317240003C4840327
:10EA10006D985D8C9777FF1F238E872C05616F3073
:10EA2000AFADEF70B0781775FF1F1305252DEF8080
:10EA3000002083A7040B9775FF1F83D5E52A03D514
:10EA4000C701EF10E0279777FF1F83C7A72A93F628
:10EA50000702014789E61777FF1F0357E7289776D4
:10EA6000FF1F239BE6281777FF1F1307E723184391
:10EA700009CBC18B99C789451775FF1F0355C5265B
:10EA800002979777FF1F23A107269777FF1F238CF5
:10EA900007249777FF1F23A907289777FF1F23A72E
:10EAA00007289777FF1F23A5072883D7840393F7A9
:10EAB000270C93E717001777FF1F231DF7228357B3
:10EAC0002903A18B99C3EF70E03F11C49777FF1F13
:10EAD00023A80720A1B78D471777FF1F2322F72010
:10EAE000EF902FA59305803EB305B5021775FF1F64
:10EAF0001305C520EF80201215B79777FF1F938766
:10EB0000E71BD85325C791C99777FF1F238D071C93
:10EB10009777FF1F23AC07208280EF324F9C83C77B
:10EB2000F70241112EC685071777FF1FA30FF71AAB
:10EB30009777FF1F2393A71C9D471777FF1F23215C
:10EB4000F71AEF900F9E2A84EF90AF9DB24501E532
:10EB5000EF902F9DAA85B305B4401775FF1F1305CD
:10EB6000E519EF80400B41016F30AF9982809777B4
:10EB7000FF1F9387A714D85331C7EF324F9603C7AF
:10EB8000F70205079776FF1FA381E61611CD8C5F6C
:10EB90000D470145898185899776FF1F23A2E614D9
:10EBA000EFF09FDB6F30EF9585479305C0441775F5
:10EBB000FF1F1305A5141777FF1F2323F712EF80FC
:10EBC0008005CDB78280EF328F911777FF1F034703
:10EBD00087118547631EF7009777FF1F9387070EFE
:10EBE00083C7870393C787001777FF1F2304F71096
:10EBF0001775FF1F13058510EF806003EF807FEF0F
:10EC000099471777FF1F232DF70C9777FF1FA38EC8
:10EC1000070C9777FF1F2388070CEF90AF8F9307A0
:10EC200040063305F5029777FF1F23A1A70C6F302D
:10EC30004F8D9777FF1F83C7E70BC18B99C7EF32C3
:10EC40000F8AEFF0FFAD6F30CF8B695582809777D9
:10EC5000FF1F9387A706DC5381CBEF324F88854592
:10EC6000EFF09FCF6F30EF8982801777FF1F130778
:10EC7000E70401468146BA852148631E06019DCA04
:10EC80002390A60083C7850393E717001777FF1F1C
:10EC90002302F70605A08357C705631DF502F8593F
:10ECA0008547B397C70093C7F7FFF98F1777FF1F03
:10ECB0002320F7089C5D9183858B85C79777FF1F7D
:10ECC00083C7670299EFEF328F811D45EFF0FFB0E8
:10ECD0006F302F8381E699E39306C7050506090780
:10ECE00069BF8280EF223FFD8605AA84B309B50083
:10ECF000977AFF1F938A4A03054B977BFF1F938BDD
:10ED0000EB02214C639434039777FF1F938707FB33
:10ED10009C5F9183858B89CB9777FF1F83C7A7FC67
:10ED200081E72145EFF07FAB6F207FFC03DA040021
:10ED3000630B0A041779FF1F130949F80144CA8CB1
:10ED40008357C905639D4703A2855685EFF0BF9C95
:10ED500011E5A2855E85EFF01F9C05C903A74C074E
:10ED6000B3178B00D98F1777FF1F2323F7FC83C7B7
:10ED70008C0393E717001777FF1F230DF7F60504A1
:10ED80000909E31F84FB8904B5BF231E0904C5BF1D
:10ED90001777FF1F034727F58547631AF700EF2210
:10EDA0001FF4EFF05FE2EFF0BF976F209FF58280D6
:10EDB000814785451306000293861700B397F50037
:10EDC000E98F13F7F60F89E7B687E397C6FE014789
:10EDD0003A858280FD4785457D56B396F5001387B9
:10EDE0001700E98E1377F70F89E6FD17E397C7FE43
:10EDF00001473A85828089E901473A858280014747
:10EE00003A8541016F20FFEFEF227FED41112AC6C5
:10EE10002E852EC4EFF0DFF9A2457D158547B39707
:10EE2000A700E39EF5FC32469377360099C3719AAA
:10EE300011069777FF1F938727E894433E8717783B
:10EE4000FF1F1308A8E689EA832708009107F19BB2
:10EE50009776FF1F23A2F6E6032588001843B30721
:10EE6000A700B3F7B702B387F540FD15FD8D8327E3
:10EE70004800AA95B306B600E3F3F6F8E371D5F8B7
:10EE80002E979777FF1F23A7D7E23DDB3A85814571
:10EE9000EF20FFE72A87ADB718419777FF1F9387C9
:10EEA000E7E023A4070098C35841D8C39777FF1F12
:10EEB00023A407E08280EF22FFE0AA8401441779AF
:10EEC000FF1F1309A9DF9309400EEF807FD563452B
:10EED000A40001456F205FE2330534038327090B4B
:10EEE0003E958357C501E38797FE0504F9BFEF22DE
:10EEF0009FDC9779FF1F938969DC3E84BA8483473E
:10EF0000060003A7090041119D83058B3D8F83C730
:10EF10004401AE8A2A89F99BD98F238AF4001C44C4
:10EF2000B685231204001CC02285328A36C6EF90B3
:10EF3000DF8FB246D2853686EF90900BDC4883A5F2
:10EF400009000840858B56869D8DEFD03FCC61E946
:10EF500018407D558347570003476700A207D98FA4
:10EF6000C207C1872394F4006358F00A83C74401A1
:10EF700093F70703B5CBD0489377160003A6090093
:10EF80001D8E9777FF1F9387270A9C43ADEB814621
:10EF900041A003A70B0093172A00BA971840944387
:10EFA000834757008345670033F65601A207CD8F8C
:10EFB0006311F602834737000346470003472700E3
:10EFC000A207D18F4207D98FBD82B3F76701638A49
:10EFD000F604050AEF80DFC3420593170A01418159
:10EFE000C183E3E8A7FA41BFA16A370B0200014AD7
:10EFF000977BFF1F938B4BDAFD1A7D1BE1BF83C705
:10F00000440113070003854693F70703E391E7F8EC
:10F01000A2854A85EFD0FFCF41016F205FCD6155BA
:10F02000E5BF7955D5BFEF22FFC99774FF1F9384C1
:10F0300024B19C40D9EF9777FF1F9387A7C69C43C5
:10F040006399070CEF80DFBE930780023305F5025A
:10F050008945EFF05FDA41C99777FF1F23A6A7D054
:10F06000EF801FBC9307400E3305F5029145EFF08A
:10F070009FD835C99777FF1F23AAA7CEEF805FB22D
:10F0800001CDEF80FFB191450E05EFF0DFD621CD28
:10F090009777FF1F23AEA7CCEF801FCB11CDEF805A
:10F0A000BFCAD9473305F5028945EFF0DFD405CD56
:10F0B0009777FF1F23A8A7CAEF809FB591450A0540
:10F0C000EFF07FD30DC19777FF1F23A7A7CC014592
:10F0D00021A8EF803FC2930780063305F5029145D2
:10F0E000EFF07FD101E565556F201FC19777FF1FB6
:10F0F00023A6A7BE0144130A80061779FF1F130930
:10F10000E9BBB14AEF801FBF6364A4029C40E38463
:10F1100007F2EF803FBE9307A0043305F50289454F
:10F12000EFF07FCD69D19777FF1F23ABA7C619BF3B
:10F13000EF805FBB89450605EFF0FFCB4DD5B309E6
:10F140004403032709024E9708CBEF80BFB833056D
:10F1500055039145EFF03FCA59D5832709020504AD
:10F160001374F40FCE9788DB71BF9777FF1F9387D7
:10F17000E7B4884705898280C167FD176319F500E8
:10F180009777FF1F938787B303A5070B8280EF2232
:10F190001FB5EFF05FD26F20DFB6814709C5834707
:10F1A000E501B337F0001777FF1F130727B11847A2
:10F1B0000983058B19C393E727003E858280EF22E0
:10F1C0001FB22A84EFF07FFD8347E401AA8513056F
:10F1D000940899E3130504039776FF1F938606AE00
:10F1E0009442130615021307840213059504EFD009
:10F1F000CFC06F201FB1EF22FFAC9774FF1F938425
:10F20000E4AB98442A892E840983058B9C4019C756
:10F210006314F5006380050E014401A2E3FEA7FE1E
:10F220001387A702E36AA7FE850763FCA70883A9E3
:10F23000440BEF80FF961316350081454E85EF2075
:10F240001FAD9777FF1F23AB27A79777FF1F23A932
:10F2500007A649CC9C4493E747001777FF1F232359
:10F26000F7A69777FF1F238707AC630F040C9777E8
:10F27000FF1F23A527A501440549EF807F92634125
:10F28000A40AEF80FF9493050006B3C5A502B7F763
:10F290003600938707E81775FF1F1305E5A9416935
:10F2A00001449309400E7D19B385F502EF70B01645
:10F2B000EF801F97634FA4080145EF30407005446D
:10F2C000A9A86398A7029DE583A9440BEF805F8DF1
:10F2D0001316350081454E85EF207FA39777FF1FDA
:10F2E00023AE279D9777FF1F23AC079C9C44ED9B83
:10F2F000ADB785C51777FF1F0347C7A39307F00571
:10F30000E3FCE7F021F8EF60F03C6DD19C4493E71B
:10F3100007021777FF1F2327F79A22856F20DF9DAB
:10F3200083A7440B131534003E958357050081CB0A
:10F330008347250099C721468145EF205F9D05043D
:10F340002DBF23012501E5BF9777FF1F23AA07964D
:10F350000DBF3305340383A7040B3E958357C501C6
:10F3600063842701EFF0BFE5050499B7EF223F97CB
:10F37000EF801F86130400063345A4029774FF1F15
:10F380009384C49383C784073E951375F50F9777CD
:10F39000FF1F2381A79A9307F00563E7A70205459E
:10F3A000EF30E061EF80DF823345A402B7F536002D
:10F3B000938505E8B305B5021775FF1F1305C597BB
:10F3C000EF7070056F20FF939C4405458983858B02
:10F3D00081CBEF904F8888408145EFF0DFE1DDB7CA
:10F3E000EF30E05DC5B7EF22FF8D130495082A8941
:10F3F00013069005A28513050503EF90603F1306E1
:10F40000900581452285EF209F904A85EF30C054BA
:10F410008144177AFF1F130A6A8A930A8002EF80D9
:10F420003F8163C4A4006F203F8D3384540383273E
:10F43000CA0A3E94035704008357C9016317F702B1
:10F44000834744009DC3930964014546CE85130557
:10F450005400EF90E039454681454E85EF203F8BC3
:10F46000228523020400EF30005785044DBFEF22B0
:10F470001F879767FF1F9387A76C9C432A8491C7B8
:10F480000DC50355C501EFE00FC29777FF1F9387A6
:10F49000A7B99C4389CBEFB0DFD085476315F50052
:10F4A0002285EF50C05D6F20DF8541657D15E1BF8E
:10F4B000EF22FF821774FF1F130444804440938798
:10F4C00014001767FF1F232DF77EEF30605E1C448A
:10F4D0008983858B9DE75840B7E7B0009387075035
:10F4E00063F1E7020145EFF01F9D01CD0545EF8077
:10F4F0009FF6084085450505EFF0FFCF0145EFF089
:10F500001FF726856F20EFFFEF22CFFBA1642A892A
:10F5100001449779FF1F93892988FD14338AA50038
:10F52000EF800FEF6344A4006F200FFD03A70900D5
:10F5300093172400BA979843658F42074183634C21
:10F540002701635A470123800700A3800700238116
:10F550000700A38107000504E1B7EF224FF58359A7
:10F560004500C547411163F537310441C1E5338595
:10F570003401834785FF034795FF0348B5FFA20782
:10F58000D98F0347A5FFC207220733670701D98F29
:10F590000347C5FF0348D5FF220733670701034828
:10F5A000E5FF0345F5FF420722083365A800498FB0
:10F5B000B98F1767FF1F1307E77B1768FF1F130833
:10F5C000687D3A85832807006384172B1107E31BA6
:10F5D00007FF1767FF1F1307E77B18431318270060
:10F5E00042951CC10507A1473367F7029767FF1FC4
:10F5F00023A2E77A93F73500139747008347460124
:10F60000C16B368993F7F7FCD98F32842E8A230A8F
:10F61000F600814A176CFF1F130C4C6AFD1B976C98
:10F62000FF1F938CEC51176DFF1F130D6D77EF804B
:10F630002FDF63C7AA00E154268541016F20EFEA5E
:10F640001308400EB3870A0303280C0BB30DF80010
:10F65000638E0D2083D7CD01638A772183A70C00A9
:10F66000014B639707169767FF1F9387A7639C4318
:10F670006390071683C7040003C70D0493F7F707C9
:10F68000631BF71ACA872287CE86268693859D0636
:10F6900013851D04EFF0BF85631F051883D7CD01C7
:10F6A000032709002320B4012312F400FD5723137C
:10F6B000F4008347170093F6F7078347D40093F7C6
:10F6C00007F8D58FA306F40093F7F707B337F000D8
:10F6D000B307F0402307F400834717009D839396F8
:10F6E000370083474401DD9BD58F230AF40083470D
:10F6F000370083464700A207D58F83462700C206FE
:10F70000D58F1CC88347770003478700A207D98F8E
:10F710002315F4000D476304EA00BD5491DF93877D
:10F720000710C207C1831307B00FBD54E376F7F08B
:10F73000EF800FC98144E31105F09766FF1F83C670
:10F74000E665938716001767FF1F2309F76417679D
:10F75000FF1F13076764231BD400939726001443ED
:10F7600003578400E175BE96A1671386F7FFB37750
:10F77000C70098426D8FD98F9CC21848F18F3E0701
:10F78000D98F9CC2EF80CFC89767FF1F83C70761DF
:10F7900033F5A7029767FF1F2382A76071BD930708
:10F7A000A004B308FB0283270D00BE9803D708000E
:10F7B00083D7CD01631DF70083C7040003C788000A
:10F7C00093F7F707630BF70083C7FD019DEB050B6C
:10F7D000EF804FD2E345ABFC71BD93859801138553
:10F7E0009800CA872287CE86268646C6EFF02FF07D
:10F7F000B24879F98347440193E74700230AF400AC
:10F8000071BD83C7040003C7980293F7F707E3109D
:10F81000F7FCCA872287CE8626869385A8031385A0
:10F82000A802EFF0CFEC45F58347440193E72700AA
:10F83000230AF400C1B783C7FD018DCB83C7040041
:10F8400003C79D0993F7F7076312F702CA87228758
:10F85000CE86268693852D0C1385AD09EFF02FE912
:10F8600011E58347440193E7270049BF850AC1B3E7
:10F87000FD54D9B3EF222FC4797183544500AA8B6C
:10F880002E84B28AEF80CFBB590563499504B7E453
:10F89000040003A90407EF80AFBA5905420541816E
:10F8A00002992A8905CD2AC623180100EF804FB995
:10F8B00059052319A1006146814528089769FF1F52
:10F8C0009389C93F4ACAEF208FC42302810203A44F
:10F8D0008900058819E4BC544A85829745616F20E8
:10F8E0000FC174003008D6855E85EFF01FC765F53F
:10F8F0006800EF807FF1176AFF1F130AEA728327FF
:10F900000A00AA84035B010189CB89476397FA0047
:10F91000835501025E85EF50203003552102EF70C0
:10F920004FC819E503552102EF708FD43334A0007E
:10F93000931764000344C1022C0868001374F4FB9D
:10F940005D8C23068102EF60B056E9576314F5021F
:10F950008356E1029767FF1F938707449C431397E1
:10F9600026006176BA979843718F98C39767FF1FF7
:10F970002386D742831721026345F00085476396AB
:10F98000FA00B25793F7070C95E7D247C204034732
:10F99000C102C180BE9426C62318610113770703F4
:10F9A000C147631DF70083475102054793F7F707E7
:10F9B0006390E704B7E70400BC5739BF925705448A
:10F9C000A18393F7F707E377F4FE15C78347C102D6
:10F9D0001307000293F707036397E700EFB06FFC8C
:10F9E0008547E319F5FC8347C10293F7070389CFE5
:10F9F000EFB0AFCA21A8EFB08FD7E30985FCEFB015
:10FA00004FFAE31985FAD9B7EFB0EFD8AA850146C6
:10FA10000545EF707FF82A8451DD8347C1024147D5
:10FA200093F707036384E70232478347170093F78E
:10FA300007F8A300F7003247925783461700A183C7
:10FA400093F7F707FD17D58FA300F70003560101C1
:10FA5000B245130BC4005A85EF80DFDFE24A13067C
:10FA600090058347C10283C4EA01918BB384C40229
:10FA700013851404569595C35444B3879A0083C7DD
:10FA8000070403C70600137707F82380E6005844ED
:10FA900083460700D58F2300F700B25703A609005D
:10FAA0008146858B1D8EDA85EFD0EF9B15E9B25725
:10FAB00083A50900484413869406858B56969D8D30
:10FAC000EFD0CF9411ED83270A0099EFB257054785
:10FAD00091838D8B6387E7049DCF09476389E70492
:10FAE0002285EF80DFF8F9B5EFB0AFEB854763090A
:10FAF000F5008347C102414793F70703E398E7FC0A
:10FB0000835521025A85EF40907C69D183172102E9
:10FB1000E35EF0FAF1B7EFB08FC57D151335150030
:10FB200061D1014681452285EF70FFEF55BFEFB0EF
:10FB30004FE7E5B7EF22AF9A9764FF1F93848419CC
:10FB40002685EF809FEB2A8419E16F208F9B130598
:10FB5000C40005468145EFF0FFD12285EF803FF1DB
:10FB6000C5B7EF22CF974111AE842A84930795033E
:10FB7000130715019306F10005466C002685230640
:10FB80000100EFD0CFBE1DEDA68541462285EF8056
:10FB900030468347F1009305140226852308F400BC
:10FBA000EFD06FC805E19767FF1F9387E7479C4336
:10FBB00089EF1306940497C50000938525D2268506
:10FBC000EFD08FD441016F20CF931306940297C5D5
:10FBD0000000938525D12685EFD00FD379D9DDB7E5
:10FBE000EF224F8E9767FF1F9387071B8043AE84DA
:10FBF000B289368AAA8AEF80AF8113162500814523
:10FC00002285EF20CF909767FF1F238907189767FA
:10FC1000FF1F9387A70A03A4070B13F714003E895D
:10FC2000230FE400CE8525C713059408EFF07FF37A
:10FC300001C555556F204F8C8947A30FF400976776
:10FC4000FF1F9387673E9C4303278900858093B7F6
:10FC5000170086072300F402231E54019767FF1F35
:10FC600023AE470585889377B7FF99C09367470010
:10FC70001767FF1F2328F7042285930700061767DD
:10FC8000FF1F2309F70AEFF08FD3014565B713056E
:10FC90000403EFF01FED45D569BFEF224F84FD57F8
:10FCA0002310F5002311050023120500231305007E
:10FCB0001306200481452105EF206F856F206F8496
:10FCC000EF224F804111AA8401441769FF1F1309D5
:10FCD000290D9309A0042EC6EF80CF81B24563445D
:10FCE000A40061550DA033053403832709003E9518
:10FCF00083572500639CB7008357050063989700DE
:10FD0000EFF0BFF9014541016F101FFF0504E1B796
:10FD1000EF125FFB9767FF1F9387C7F89C43411162
:10FD2000AA842E84B28903592500C1C39767FF1F97
:10FD300083D787FB639B2707EF700F862A8903D53C
:10FD4000240093051002B305B40285472302F10095
:10FD500093578900A302F10093578500A303F10094
:10FD600083D744002304A100254613D78700230529
:10FD7000F10083D76400A304E1004E8513D7870008
:10FD8000A305E1002306F1001387950093879501F1
:10FD9000A105B386B400A6974C0026972303210142
:10FDA000EFD0EF9C41016F103FF5EF60FFFE51BFB8
:10FDB000EF125FF14111AA8401441769FF1F130973
:10FDC00029FE9309A0043AC636C432C22EC0EF7091
:10FDD0007FF282451246A24632476344A400615531
:10FDE00099A0B307340303250900AA9703D8070095
:10FDF00003D5C4016310A80495E91DEE91CA03C69A
:10FE0000E401930510023306B60225063E9690C221
:10FE1000014511CB83C6E40113061002B386C60266
:10FE2000E506B6971CC341016F101FED03D52700EF
:10FE3000E305B5FC050441BF83C5E40113051002C9
:10FE4000B385A502BE9583C585002300B6007DB7A6
:10FE5000EF125FE75C4141112A8403DA2700C16792
:10FE6000FD17AE843289630CFA002685EF807F9AF5
:10FE70008D4763EDA7007D5541016F10FFE72E858B
:10FE8000EF803F999D47E3E2A7FEF5B75C402685EA
:10FE900083D54700EF809F90835584002685EF80AF
:10FEA000FF8F8D452685EF803F8EAA89EFF04FE0CA
:10FEB000935705012380F90093578500A380F9002B
:10FEC0002381A9005840C167FD178345A70063142B
:10FED000FA0093E505082685EF801F8F9767FF1FBF
:10FEE000938747DC9C430840D9CF8347B400858B78
:10FEF000D9CB78003400130671008145EFF05FEB39
:10FF00001DC98347B400184093069005F99BA305CB
:10FF1000F4008347E701B387D702B306F70083C62F
:10FF20000604A303D1009386170493879706BA9615
:10FF3000BA9736C43EC61764FF1F130424D81C4466
:10FF40000C4026858983858B9D8D834771009E0596
:10FF5000DD8D93F5F50FEF803F871C44104022455F
:10FF60008983858BCA861D8EA685EFC0DFCFE315FA
:10FF700005F01C440C40324689838840858B9D8D5A
:10FF8000EFC0DFC8D5BD8347B40013079005F99BC8
:10FF9000A305F4008347E501B387E7023307F500C3
:10FFA00003470704A303E100138717049387970609
:10FFB0002A973E953AC42AC6BDBFEF12BFD0032A86
:10FFC00045009307F00FAA840347AA00AE89328444
:10FFD00036896316F700EFB06FAB2305AA00938A4A
:10FFE000C9000146D6852685EFF09FE62A8A21E5DD
:10FFF0001767FF1F130747031843DC4039C383C645
:020000040001F9
:10000000A7000547638FE60283D547005685EF407A
:10001000102C05C9DC40839747006354F00201CCE3
:100020001C4089C74A868145014582975C4081C74B
:10003000CA85014582974E85EF807FA352856F1058
:10004000BFCBDC4003D54700EF60BFD501E9DC4002
:1000500003D54700EF60DFE181471DCD19C41C4087
:1000600089C74A868145014582974E85EF807F9FEB
:10007000AA851765FF1F1305E5C5EF80DF9511C43D
:100080005C4081C7CA85014582971765FF1F13052C
:10009000A5C3EF60F0368547D84085460346A700E4
:1000A000E30BD6F8031747006353E000C9F74A860D
:1000B000A2854E85EF703F97BDBFEF12BFC0AA84E7
:1000C00001441769FF1F1309A9CD9309A004130A5E
:1000D0009508EF703FC26344A400014535A0330585
:1000E0003403832709003E958357250099E30504CF
:1000F000CDB70357050083D7C401E31AF7FE528634
:100100008545EFF0FFC065D56F101FBFEF129FBB95
:10011000AA8401441769FF1F130989C89309A00421
:10012000EF705FBD6344A4006F101FBD330534033F
:10013000832709003E958357250081CF835705000B
:100140006399970093059502130610022105EF802D
:10015000206A0504F1B7EF129FB80347E5012A842E
:100160008347F5016307B70089E781452E856F1046
:100170005FB9230FB400054781C9E398E7FE8947BB
:10018000A30FF4008545DDB7638BE7020947E39FC2
:10019000E7FC2285EFF02FA59767FF1F938787B0B5
:1001A0009C4399E79767FF1F938787999C4389C76B
:1001B0000355C401EFF09FF5A30F0400E1B755D636
:1001C000C9BFEF123FB0EFA0FFEE85476312F508FD
:1001D000EF80EFCC1764FF1F130404E51C4081CBB4
:1001E000EFA03FFC89476304F5001C4082979767A6
:1001F000FF1F938727AB9C43B9CF82979767FF1F59
:10020000938707949C4391C382971764FF1F13043D
:10021000E4AA8327040B83D4C701EF60FFB78327C9
:10022000040BAA85144003C6E7011C448983858B0F
:1002300099C31366260026854169EF40C03D81447D
:10024000D9497D19EF705FB063CAA4006F10DFAAAF
:10025000EF800FCA41B7EF705F884DB7B3873403A3
:100260000327840ABA9703D527006308250103C62C
:10027000470183D50700EF40A03B8504E1B7EF12AB
:100280007FA401449764FF1F938444A31309400E85
:10029000FD59EF70FF98634FA40401449764FF1F5A
:1002A0009384C4A113098002FD59EF707F98634CB9
:1002B000A40401449764FF1F938444A05949FD5945
:1002C000EF709FA8634AA40497F5FFFF9385450A42
:1002D0001765FF1F130545A6EF60D00797050000BF
:1002E000938585851765FF1F1305059EEF605005F3
:1002F0006F109FA03307240383A7040B0504BA974C
:10030000239E370179B73307240383A7C40A050462
:10031000BA972390370151BF3307240383A7840A78
:100320000504BA972391370161BFD4410387350093
:1003300085473356F5026377E600A54899E72380A1
:1003400006008280B387E702EDB73358F5020387D2
:1003500035003375F502B3D7E7021307000363DAFC
:10036000080103C6050013077003118A19E2130779
:10037000700585064297A38FE6FEC9B718451C4154
:100380006376F7005C41BA972380B7001C45850768
:100390001CC58280EF12BF944111AA872E85B285B9
:1003A000368636C6829763480500B246158D3335CA
:1003B000A0003305A04041016F10BF94EF129F9041
:1003C000056941112A8A2320060001448149976A60
:1003D000FF1F938A6A9F056B7D1932C62EC4EF708A
:1003E0003F85AA84EF70DF832695A2453246634697
:1003F000A4004E8541016F103F9003A70A00931798
:100400001400BA9703D707003377670101E71CC2CE
:100410000504E1B703D707009356D700858AE3990F
:1004200046FF33772701E315B7FEBE89D5B7EF1234
:100430001F8B01112EC6B2843689EFB02FEE2A84AD
:10044000615501C8B24589E9232E04002320040226
:10045000014505616F10FF8AA1463008CA852685CF
:10046000EFF05FF37DF5835781010357A101231E50
:10047000F4008357C1012310E4022311F4028357CF
:10048000E101D207D1832312F4028357E1011397CC
:10049000370163560700FD57231FF4005DBF231F7C
:1004A000040045BFEF121F821764FF1F130404816D
:1004B0008327040B03D7C701C167FD17630EF7102D
:1004C0009767FF1F938787B69C4381C70545EF4019
:1004D0006077C1690149930A400EFD19176BFF1F30
:1004E000130B8BB4EF70CFF3634BA90E1767FF1F8D
:1004F000034747849307F00563E4E702EF704FED8D
:1005000093050006B3C5A502B7F73600938707E841
:100510001765FF1F13054582B385F502EF60A06FD5
:1005200081451705000013058520EF60DFF8EFB067
:10053000EFDE01CD0357C50109CB0357E50111C714
:100540008347050299C3EF60A06BEFB06FDE31C542
:100550001767FF1F0347C78A9767FF1F9387478A5D
:100560000DCF03C717002304E50003C72700A3042A
:10057000E50003C737002305E50003C74700A305CF
:10058000E50003C757002306E50003C7670083C7DC
:100590007700A306E5002307F5001C4493E7170046
:1005A0001757FF1F2320F7725C4085E7EF708FEF2E
:1005B0000DC1EF702FEF44402A89EF70AFEE33F595
:1005C000A4025C40FD17CA97898F1757FF1F232984
:1005D000F76E0145EF70DF9F01456F10EFF1B30437
:1005E00059038327040BBE9483D7C4016388370360
:1005F000138A0403D2855285EFF0AFD605E183C795
:10060000F40199CF938594082E85EFF08FD509C911
:100610001306900581455285EF106FEF0509D9B596
:1006200083270B00268593B7170086072380F402E3
:10063000EFE0FFB8E5B7854763F8A7009307F5FF3C
:10064000BE953305A040E98D2E8582809841C16713
:10065000BA9713D707016304A7009CC182804207A1
:10066000998FE5BFEF12AFE741112EC63284B684F1
:10067000EFB00FCCE15701C9B24591E99757FF1F81
:100680002380077881473E8541016F108FE79D46A3
:100690001756FF1F1306D676A6852285EFF09FCF4B
:1006A000AA8775F105479756FF1F238BE674E1BFB4
:1006B000EF124FE1411191E99757FF1F23A2076005
:1006C0000144228541016F102FE3B68532858D46A6
:1006D0007000EFF03FCC2A846DF58347D1000347CB
:1006E000E1001759FF1F1309695DA2074207D98F5F
:1006F0000347C100D98F1757FF1F2323F75CEF7003
:100700006FDA61D1EF700FDA83244900AA89EF70A4
:100710006FD933F5A40283274900FD17CE97898F3F
:100720001757FF1F232EF75869BFEF124FDB1C45E9
:10073000AA8491CFD84B01CF83D7470089CBEF60F4
:100740001F92AA8509C588446105EF60C04C975780
:10075000FF1F938727559C43014489EF6F106FDA81
:100760009C4813171400BA9703D5070019C1EFE08E
:10077000CFCF0504EF70CFC7E344A4FEC5B7EF1297
:100780000FD6011185E9EF605FDA01449757FF1F2B
:1007900023A2075C9757FF1F23A0075C9757FF1FF3
:1007A00023AE075A9757FF1F23AC075A22850561CE
:1007B0006F102FD5B6873285C9467000BE85EFF021
:1007C0007FBD2A8465F541469305E1001755FF1F5B
:1007D00013054558EF80C0010355C100EF608FD766
:1007E000F1B78DE19757FF1F23AA074C9757FF1FBB
:1007F0009387C74C9C470145ED9B1757FF1F232349
:10080000F74C8280EF12AFCD4111B6853285954607
:100810003000EFF03FB815EDA2471757FF1F232F09
:10082000F7489757FF1F938767499447B24713F7D5
:10083000B6FF13F6170019C213E74600858393F736
:10084000F7079756FF1F23AFE6461757FF1F2303EF
:10085000F74E41016F10EFCAEF12CFC603841500A7
:10086000DC412A89AE8485070387F7FF19C36340FB
:10087000800C8387240091C7635580007D14620437
:1008800061849C40370700FF0907F98F3707001084
:1008900009076392E70A6355800079146204618452
:1008A00083C70400858B95E39379F40F4E8A9317E1
:1008B0008A01E187634AF008A287635304008147F5
:1008C0003384F9407D14620461848385240081C5EA
:1008D0004A85EFF0BFAA9C40370700FF0907F98F50
:1008E000370700100907639AE706930500034A8556
:1008F000EFF0DFA883C7040093058005918B99E38F
:10090000930580074A85EFF07FA783C70400858B96
:1009100081CB1374F40F93178401E1876347F004CC
:10092000C04005048305F4FFA1E96F10EFBC7D14FE
:10093000620461840DBF370700080907E392E7F6F8
:10094000E35080F67D1499BF930500024A857D1A15
:10095000EFF0DFA2137AFA0F99BF370700080907F3
:10096000E395E7FA9305000371BF930500034A85F9
:10097000EFF0DFA07D1471BF4A85EFF03FA055B7BF
:10098000EF12EFB5EF70CFAA2A84EF706FA922950E
:1009900089450605EFE02FC6E55711C59757FF1F9C
:1009A00023A4A74281473E856F10AFB5930700028D
:1009B0006306F5005D15133555008280054582807C
:1009C000EF124FB04111AA892A8913041900830438
:1009D000F4FF32C62EC42685EFF05FFDA2453246F5
:1009E00059E19307D0026392F40883040400054898
:1009F000130429009377F6FEC9E793070003639F6A
:100A0000F40E830704001307800593F7F7FD63993D
:100A1000E7068304140041460904B7060080631406
:100A2000080093C6F6FFB3FEC6028147254F654E08
:100A3000FD5F33D3C602138704FD6368EF06BA84F3
:100A400063D5C408630DF5017D55636AF3006394B3
:100A5000670063C69E000545B307F602A697050426
:100A60008304F4FFC9BF22898DB79307B002014800
:100A7000E392F4F8830404002A88130429009DBF3C
:100A800001CA8947E31BF6F893070003E397F4F8DC
:100A9000830704001307200493F7F7FD639BE70423
:100AA00083041400094609048DBF13E704021307E9
:100AB000F7F9636CEE009388F4FB1307700363741B
:100AC0001E0113077005998CA5BF7D576300E502D1
:100AD00063040800B307F04091C519C19309F4FFFE
:100AE00023A035013E8541016F100FA1B687FDF5AA
:100AF000D5BF9304000315F2214605B719FE294618
:100B000029BFEF122F9C011161540DC53284AE89AB
:100B1000414681453689EFF0BFEA93140501C18053
:100B2000639E09002685EF30102B014401C58145E5
:100B3000EF205016228505616F100F9C2285CD464F
:100B40007000CA85EFF01F852A846DF52685EF3089
:100B5000902809E90356C1008345E1012685EF206D
:100B6000500B01C941469305E1001105EF70504853
:100B7000D1B75D54C1B7EF12EF940111E15401CD2B
:100B8000B284AE89414681453689EFF07FE32A84FD
:100B9000639709008144268505616F10EF952685CE
:100BA000D1467000CA85EFF0EFFEAA846DF5835739
:100BB000C100EDD3EF700F8E420593170401418100
:100BC000C18363F9A702EFB08FB64204E1474180C9
:100BD0003304F40241460C082A9413054400EF70D4
:100BE00030418357E1002311F4008357C1002310E3
:100BF000F40055B7E55445B7EF12CF8C7971E15445
:100C000015C53284AE8941468145B684EFF05FDB7D
:100C10001319050113590901639E09004A85EF4024
:100C20001065814401C58145EFB02FB1268545612E
:100C30006F108F8CA6859306300270002285EFF02E
:100C40006FF5AA8465F54A85EF4070622A8411E544
:100C50004A85EFB04F8C2A8431C58357C1002311D8
:100C60002401930964002310F4008347E1009305F5
:100C7000F10041462302F4004E85EF7070371309EE
:100C8000740141469305F1014A85EF707036930572
:100C900054004E85EFC04FBF930564014A85EFC0F5
:100CA000AFBE69B7DD5459B7EF12CF81797111E545
:100CB000E154268545616F102F84B284AE89414688
:100CC00081453689EFF0DFCF131A0501135A0A0167
:100CD0005285EFE06FCA2A846398090071D9814573
:100CE000EFB02FB48144F1B726859306100270004F
:100CF000CA85EFF02FEAAA844DFD31C8B2479305AB
:100D0000D1004146858B230FF400B247130504033D
:100D1000858393F7F707A30FF400EF70702D41461A
:100D20009305D10113059408EF70902C59B7330443
:100D3000690383A70A0B3E948357C4016383370377
:100D40000509EF60FFEDE344A9FEDD549DB7C169DD
:100D50000149975AFF1F938A6AF6130B400EFD193B
:100D6000CDB7231E440159BF49CDEF02BFF5411154
:100D7000B289AE8441468145368AEFF07FC4931A2A
:100D8000050193DA0A010149175BFF1F130B0BF3EF
:100D9000EF601FE1634AA9000145ADCC81441759BA
:100DA000FF1F1309A9F181A883274B0B13143900E6
:100DB0003E9483570400638857050509D1BF8327F4
:100DC000490B139434003E948357040085E72310A5
:100DD000540191467000D2854E85EFF0AFDB1DE9DE
:100DE000B24713978700E1832183858B58C0230185
:100DF000F4000DA08504EF60BFDAE3C2A4FC5D55EA
:100E000011A861558280F1F4214681452285EF00C9
:100E10001FF0014541016F003FEE1971D2C4130A62
:100E2000C10686CEA2CCA6CACAC8CEC6D6C2B6D67F
:100E3000BAD8BEDAC2DCC6DE52C463810524FD1511
:100E40001C102ACC2ECA02CE3EC89304B00215490B
:100E5000A94983050600130416009DE1F246524796
:100E6000E24763FBE620B697238007007245F64011
:100E70006644D6444649B649264A964A0961828064
:100E8000930750026386F5004808EFF02FCFF5A8CE
:100E90008357C10023070100014593F7C70F2316AD
:100EA000F100814501480147014681469308D0027F
:100EB00013030003130E300205048307F4FF99C7E0
:100EC000638C970463C3F404638BC70501CA0346AC
:100ED000C100858A799AD18E2306D1006309080062
:100EE0008346C100098BF59A558F2306E10019C18D
:100EF0002307B100138707FD1377F70FA54663E2B9
:100F0000E6068146A545294535A0E38717FBE39F03
:100F100067FA0546FD564DB70545854571BF05483D
:100F20007D5759BFB386A60205048307F4FFBA961E
:100F3000E206E18613F7F70F130607FD1376F60FA7
:100F400063E5C500138707FDF1BF1306F7F91376B4
:100F5000F60F636EC902138797FAE30537FDA30600
:100F6000D100130790066385E704634BF706130768
:100F700080056384E70A6345F702E38107EE130700
:100F8000500293055002E381E7F02286D9B513079A
:100F9000F7FB1377F70FE364E9FC138797FC75BF42
:100FA000130730066386E70A13074006E39FE7FC52
:100FB00003250A00A947A307F100930A4A006358D2
:100FC00005009307D0023305A0402307F1006C0011
:100FD000EFF0AFB56C004808EFF01F88568A75B780
:100FE00013073007638EE7066341F7021307F00625
:100FF000638EE70413070007E399E7F80347C1008E
:10100000136727002306E10009A813075007638B25
:10101000E70213078007E39AE7F6938787FA4147C9
:1010200093B71700A307E100139727008347C10078
:10103000ED9BD98F2306F100930A4A006C0003252B
:101040000A0079B7A947A307F100FDB7A147E5BF9B
:1010500083050A004808930A4A00EFF02FB2BDBF8B
:1010600083270A006C0048083EC8EFF0EFFE1C1012
:10107000930A4A003EC89DB7BA97FDB30145C5BB68
:10108000EF02FFC52A88368583464800BA870347A2
:101090005800A206D98E328717B600001306C686FE
:1010A00089E517B600001306E686BE85EFF0FFD689
:1010B0006F003FC59757FF1F938707D49C4381CF8D
:1010C000EF02FFC1D843B2862E861847AA853E8517
:1010D00002976F001FC361558280EF025FC0835784
:1010E000050039712A84231EF100834745009305CA
:1010F000650041461305F101230FF100EF70406FC9
:101100009305740141461305F102EF70606E83563A
:10111000240017B6000013062688E5450A85EFF07F
:10112000DFCF6C08130630020A85EFF0BFF82161AB
:101130006F003FBDEF02BFBA39712A8493050503E2
:1011400041461305D101EF70A06A9305940841460A
:101150001305D102EF70C0698347E4010347F4012E
:101160008356C401858B0607D98F17B60000130676
:101170006683E5450A85230EF100EFF01FCA6C086F
:10118000130610020A85EFF0FFF221616F007FB7AE
:10119000EF025FB337040001B70400FF0111814A79
:1011A0001759FF1F130989B17D149389F4FF17BAEA
:1011B0000000130AAA83EF60BF9E63C5AA00056101
:1011C0006F009FB38327490B13973A003E978347DD
:1011D000370095CF5C43A30107005286B3F6870022
:1011E0008247E5454800E58FD58F3EC083462700FE
:1011F000B3F73701858AE206D58F835607003EC0D4
:10120000EFF0BFC111468A854800EFF0BFEA850ABA
:101210005DB7EF02DFAC01468145EFF0BFE96F003B
:101220005FAE83576500638E071A1D71A2CCA6CAF4
:10123000CAC886CECEC6D2C4D6C2DAC05EDE8010A0
:1012400013F717003289AA8431CBF99B2313F500D9
:10125000EF601F9906053D0541990A8BC16A33016C
:10126000A1408A8B8149014AFD1AEF607F97634C48
:10127000AA0C7947930604FB17A60000130606760E
:10128000CA852685EFF0DFDF638F090C13961900FE
:10129000DE85130504FBEFF0FFE15A8183D764007C
:1012A00013F7270021CBF59B2393F400EF605F94A5
:1012B00006053D0541998A8A3301A1400A8B81497F
:1012C000014AEF60FF926345AA0A6547930604FB53
:1012D00017A6000013060671CA852685EFF05FDAAF
:1012E0006387090A13961900DA85130504FBEFF0EA
:1012F0007FDC568183D7640013F7470005CBED9B55
:101300002393F4006547930604FB17A60000130619
:10131000A66DCA852685EFF0BFD69C4481C703D74A
:1013200047003DEB130504FBEFF0BFEE130104FA99
:10133000F6406644D6444649B649264A964A064B84
:10134000F25B25618280DC4413171A00BA9703D739
:1013500007006308570193971900DE972390E70071
:101360008509050A19B7130504FBEFF09FEA35B7A5
:101370009C4813171A00BA9703D7070019C7939709
:101380001900DA972390E7008509050A1DBF1305A8
:1013900004FBEFF01FE8B1BF2314E4FA03D76700A2
:1013A0008326C4FA2146520751832315E4FA3707EE
:1013B00000F0758F9447930584FA130504FB920699
:1013C0009182558F2326E4FA83C7770013F707012C
:1013D0008347F4FABD9BD98FA307F4FAEFF09FCDB2
:1013E000B1B78280EF023F8D1754FF1F1304048DA5
:1013F0000444797193F7F4FB1757FF1F2324F78CEC
:1014000093F70404A1C78588A1E097A900009389F8
:10141000E95DEF60EFF863DBA4028327440B1399C7
:1014200034003E998356090091CE4E86E545480822
:10143000EFF0BF9E4808EFF0DFDD214681454A8589
:10144000EF00FF8C8504F1B7EFF09FD41C4413F735
:10145000F7F79756FF1F23A7E68693F707086397CA
:10146000071E1C4413F7F7EF9756FF1F23ACE684C3
:1014700013F707106318071E18449377F7DF975682
:10148000FF1F23A1F6849376072095C6058B630A78
:10149000072018408983858B3ACA0347840715467D
:1014A0004C080607D98F17A500001305E550230C3B
:1014B000F100EFF03FC01C4413F7F7BF9756FF1F32
:1014C00023A2E68093F707408DC3835744000D465F
:1014D0004C08231AF1008357640017A50000130578
:1014E000E54D230BF100EFF0FFBC1844FD7493872A
:1014F000F47FF98F9746FF1F23A6F67C93174701C9
:1015000063DF0700EFA08FE119C98356C50163911E
:10151000061A17A500001305E54AEFF09FCF1C44FB
:101520007D777D177D8F9746FF1F23ADE678139754
:101530003701635A0702858B6388071CEFA04FDFD2
:101540001DC118458347E5001D463ACA0357C5002B
:101550004C0817A5000013056547231CE100230D67
:10156000F100EFF03FB51844F977FD17F98F974672
:10157000FF1F23A9F6749317270163D9070081453C
:1015800017050000130525CAEF50FFF21844E17754
:10159000FD17F98F9746FF1F23A6F67293170701D1
:1015A00063D30702EFA0BF982A84814417A90000E3
:1015B00013094942EF600FEE939704014205C1837E
:1015C000418163EAA71445616F006FF283A70A00A7
:1015D00093141900BE9483D7040033F767011DCF1D
:1015E0001396170133F77701B3F6370163520604F8
:1015F00017A600001306463A09E717A600001306CF
:10160000663AE5454808EFF05F814808EFF07FC093
:1016100083D70400B3F747012390F4000509EF6076
:101620002FE1AA84EF60CFDF2695E341A9FA15BD2B
:10163000368519C7EF40A04361DDEFF01FAAC9BF8F
:10164000EFD09FB371D5EFF0FFAED9B785697D7A42
:101650000149974AFF1F938A2A77056B896BFD1909
:101660007D1A75BF858B9DC7EF500FF3231AA1001C
:1016700041469745FF1F9385E56D13056101EF70A6
:10168000201749464C0817A5000013056532EFF0F6
:101690007FA2DDB317A5000013058531EFF07FB7FA
:1016A000E1BB17A5000013052531EFF09FB621B56A
:1016B0000357E501C17785073E978357A101FD14C4
:1016C000133717003207E58FD98F231DF100231A36
:1016D000D10083560502035725022146231BD10062
:1016E000231CE100035745028566FD16758FFD76C4
:1016F000F58FD98F4C0817A500001305A52C231DC5
:10170000F100EFF03F9B21BD17A500001305052C4C
:10171000EFF03FB089BD5C4813F7E7FF58C8858BF1
:1017200089CFA6864A86C9450A85EFF00FEF835711
:10173000040099E70A85EFF0DFAD850461049DBDE3
:10174000231AF100835724009305440041462808DA
:10175000231BF100EF70C00951464C080A85EFF0D9
:101760007F95E1BFEF02AFD785473395A700974735
:10177000FF1F9387A7549C47411181455D8D974773
:10178000FF1F23A1A7549377057085E39357650046
:10179000858BA1CBC167938707887D8D05EDEF60B1
:1017A0006FD19305803EB305B5021745FF1F1305A2
:1017B000E5612EC6EF50A03BB24519C16349B500A3
:1017C00085C51745FF1F13056560EF50C0444101F3
:1017D0006F002FD3EF600FCE2A84EF60AFCEE360AF
:1017E000A4FCEF602FCE75BF0145EFF0BFBFC5B7BA
:1017F000EF02EFCE7971AA8601441749FF1F130942
:10180000E94B36C6EF60CFB9B246635CA4028327CA
:10181000490B93143400BE9483D704006396D70217
:1018200085C617A600001306661CE5454808EFF0BC
:10183000CFDE4808EFF0FF9D214681452685EF0069
:101840000FCD45616F00EFCB050465BF19C22320A2
:101850000600814701C59306D00389E53E85828055
:1018600085050505838705000307050099CF639467
:10187000E700E397D7FE8147D5B79306D0038547A6
:10188000E30ED7FC93371700D1BF9307F002E3169E
:10189000F7FE854761D6050508C2C9B799C123A0DF
:1018A000050081470DC11308D0031306F00233076A
:1018B000F5008306070081CA638706016397C600A7
:1018C00099C1050798C13E8582808507CDB731C98A
:1018D000EF026FBE41112E8A6C002A89368BB28AC4
:1018E00097A4000093844404EFF05FFB2A8C01442A
:1018F000A689B14B88406286CA85EF70A02101EDB0
:101900000E044E945C403245DA865686D285829724
:1019100041016F00CFBD0504A104E31D74FD6155B5
:10192000C5BF7D55828099E561558280615505610D
:101930006F008FBCEF020FB92E8A2A8401118145F6
:10194000B28452854146BA893689EFF06F87931584
:101950000501C1811376F50FA1812285EF507FB17A
:101960002A8469D552854C08EFF05FF3524A2A8BDE
:10197000E30E0AFA2A8697A500009385250652856C
:10198000EF704019AA8A0DED7D5AEF606FA563C50F
:10199000AA0099E8014561BF5C4413971A00850AC3
:1019A000BA9723904701D5B74C442EC6EF604FA39A
:1019B000B245131615004E850299E34DA0FC85BF74
:1019C0005A8697A500009385E5015285EF70801433
:1019D0000DE1032A0401EF60AFA113161500814544
:1019E0005285EF00CFB2DDD40C482EC6EF604FA079
:1019F000C1B75A8697A50000938505FF5285EF7001
:101A0000601141E11C44A5CF81ECD443370700E0CD
:101A1000758F9447D8C33707001F758F98C701BFCC
:101A2000A1463008CE854A85EFE0DF96E31105F048
:101A30001844835781017D762312F7008357A10153
:101A40009396470183576700D182F18FD58FF24675
:101A50007D767D16F182858AB206F18FD58F2313AC
:101A6000F7008347E1018356C1012305F70083474F
:101A7000B7002314D700FD8BA305F7004DBD7D559E
:101A80007DB55A8697A50000938585E95285EF704C
:101A90006008E31D05E81C4CE38A07E89C43E387E4
:101AA00007E8CE864A86A6852285829749B5EF0249
:101AB0000FA33687B2862E86AA850545EFF0BFE6CE
:101AC0006F002FA4EF02AFA13687B2862E86AA85BB
:101AD0000145EFF05FE56F00CFA2EF02AF9E41112D
:101AE00099C123A005009747FF1F9387E72F8043E5
:101AF00081441DC82E89AA8931141DC40C40700070
:101B00004E85EFF0BFD419CD81E8A284630C0900A3
:101B1000B2472320F90039A08C4008400146EFF07D
:101B2000FFD265F5404869F8268541016F00CF9CDA
:101B3000184111CBEF02AF9AAE873E85B28536864B
:101B400002976F000F9C35558280EF024F998357A3
:101B5000C50013D70501C205B387E7021841C1814B
:101B60004849BA95BE95EFF0BFFC6F008F99584178
:101B700011CBEF02CF96AE873E85B28536860297AF
:101B80006F002F9835558280184509CBEF022F95AD
:101B9000AE873E85B28502976F00AF96355582803D
:101BA0005C4599C7EF02AF932E8582976F006F95C2
:101BB00035558280EF020F9183290500035AC50035
:101BC0002A844849AE848145EFF09FFD2A890DE1C2
:101BD00093D50401B38545030356C4004848CE9508
:101BE000EFF09FFA2A8909E548488545EFF05FFB49
:101BF0004A856F006F90EF02EF8C2A890441035BE6
:101C0000C500484979712E848145B28A368AEFF041
:101C10003FF941E193590401B389690342044180CA
:101C20002694A2990344090133048040337444018B
:101C300011CC03254901A2865686CE85EFF03FF3ED
:101C4000AA8431E1330A8A40A299A29A8144630CA2
:101C50000A025286D685080803244901EF605039EC
:101C6000834609011C089305F00F338646413385EE
:101C7000470136C6EF00AF89B2461008CE852285EF
:101C8000EFF0FFEEAA84032549018545EFF05FF1EF
:101C9000268545616F004F86EF026F842E864C418A
:101CA000A1462A84EFF03FF5AA8403450401A1452B
:101CB000EFE07F985C403385A74048C026856F00E1
:101CC0004F84814797A60000938606C36393C7009D
:101CD00082803387F500034707008507398D135746
:101CE00045003697034707001205398D1375F50F28
:101CF000135745003697034707001205398D1375B2
:101D0000F50FE9B7EFF2BEFD2A84AA851D4613053B
:101D1000F00FEFF01FFB834774003385A740333586
:101D2000A0006FF01EFEEFF29EFB4111A1463000B5
:101D3000EFF0BFE109ED03578100C167FD170545CD
:101D40006317F7002800EFF0FFFB3335A0004101D7
:101D50006FF03EFBEFF21EF7AE848C414111A146BD
:101D60002A8903440501EFF05FDEAA8939E9A1451C
:101D70002285EFE05F8C9C400357C9002A8AAA970E
:101D8000939607019CC0C182098F639CE602C165DE
:101D900013D70701B385B74011E78355E900FD1557
:101DA000C205BE958CC0A1460A864A85EFF0FFD9D0
:101DB000AA8901E90A85EFF0FFF401C983274900E8
:101DC0009CC04E8541016FF03EF30357C900835715
:101DD000210080403307474163DBE70033FA4703C4
:101DE00063170A004177798C3E9480C0D9BF0345C0
:101DF0000901A145417AEFE01F84098CAA8A80C0BD
:101E0000337A4401417B63648A0081495DBFA14606
:101E10003000A2854A85EFF05FD3AA895DF12800E2
:101E2000EFF05FEE11E98357A1000357C100337A49
:101E30006A0180C0BA973E9A33045441E9B7EFF281
:101E40001EEA2A84AA851D461305F00FEFF07FE7EE
:101E5000A303A4006FF0FEEAEFF2FEE52A84034537
:101E600005015D71A145EFE00FFD5C402A8B035534
:101E7000E4004179B3F727016C003EC6EFE00FFDA7
:101E80008355C400B247A1463008BE95B38565416D
:101E900022852EC8EFF07FCBAA84634B050028086B
:101EA000EFF05FE611C9B2452285EFF0BFD0AA84FA
:101EB000268561616FF0BEE3C2470357A101417CF3
:101EC000338B6741B3F72701BA973EC810100C084F
:101ED0002285C24BEFF01FE8AA8479F90810EFF0D1
:101EE0007FE22DE95C403ECA30104C082285524901
:101EF000EFF05FE6AA844DFD03578102835701028C
:101F00006316F7002810EFF0FFDF09C55840D247ED
:101F1000E31CF7FC63902B058357410285CF835761
:101F20002102B3FA8B010810BE9A1C442311F1025E
:101F3000EFF0FFF083490401035A4102B309304135
:101F400093F90902631B0A000C102285EFF0DFD41D
:101F5000AA8439FDE31C7BF7B9B74E8963733A0154
:101F60005289CA861018D6852285EFF01FBEAA8432
:101F700021F1630909000C44CA8610182285EFF08C
:101F80009FC7AA8403450401CA85EFE0CFEA1C4439
:101F90003E9508C4E39E04F0330A2A41CA9A5DB70D
:101FA000EFF25ED2411191E5FD54268541016FF0BB
:101FB000BED4C44983D725014CC904C12316F500FA
:101FC00003C705012A842317E50003C515019316ED
:101FD0000701130700022308A400C182E366A7FCDF
:101FE000E1D7B3E4F402E9F08547E3FFD7FAA1456E
:101FF000EFE06FE4AA89014A01498357C4009315B1
:1020000009012285BE95B38535412EC2EFF0BFD1BF
:1020100019ED0355E4004C00050AEFE02FE392456B
:10202000420A2285135A0A01EFF0FFCF09E9050998
:102030008357E400420913590901E360F9FC83570F
:10204000E40063944701D1548DB76394270392450C
:10205000A1463000B38535412285EFF01FAF35E151
:102060002800EFF03FCA11C50355E4004C00EFE033
:10207000EFDD9247C17A3387374158C04177F98FF6
:102080001CC44C401C4463EEF500A1463000228580
:10209000EFF0BFAB1DE52800EFF0DFC6032A4400D8
:1020A0001DC15C400355E4004179B3F727014C00A2
:1020B0003EC2EFE0AFD992452285EFF0DFC6635C08
:1020C0000502AA84DDB512450359A100035BC100D6
:1020D00033F5AA002A9903450401DA85EFE0AFD56C
:1020E0004A9508C46314450163130B04330A3A414B
:1020F0002322440179B709C58547A308F40075B5C3
:102100004C402285EFF01FAB4DFD48408357C40083
:1021100086093375A9003E953305354148C03375AE
:10212000250108C42285EFF03FD379D559BF4D551D
:1021300049BF83471501C9CFEFF2FEB72A84034593
:10214000050141112E8AA145BA893689328BEFE00B
:102150008FCE8357C4000605898F7D5563E7270717
:102160005C4081443EC230004C002285924AEFF030
:102170007FBE21ED835B810063994B012800EFF066
:102180007FB801E58504C204C18058409247630BC3
:10219000F702E3FA99FC8356C10061559DC663E6D8
:1021A0003403C175B3FABA006373D900CA86835584
:1021B000A1005A862285D695EFF03F9919E503557F
:1021C000C10021A06155E3884BFD41016FF03EB293
:1021D00049558280EFF2BEB00147EFF09FF56FF0F6
:1021E0005EB2EFF2DEAF3284B2862E8683554500B2
:1021F0000841EFF03FFE635385002A8422856FF08B
:102200005EB0EFF2DEAA834715013971C954BDC72C
:10221000034B05012EC62A84A1455A853689328A88
:10222000EFE06FC10D473307E5028357C400AA8D65
:10223000FD54998F63E427056304090063000A04D1
:102240005C403ECA30084C082285524DEFF09FB0EA
:10225000AA8945ED8357810132476397E700280833
:10226000EFF05FAA630605105840D247E31CF7FC65
:102270008144631B090019A0814499E726852161E7
:102280006FF0BEA6E35CA0FE5A85CA85EFE0AFBA48
:10229000014B11C5330BB501420B135B0B01014D13
:1022A0007D5CC17B930C44008357E4006380A70DE1
:1022B0001C4444403307FB0063EBE4043247231122
:1022C000F1020810FD572310E1022312210323031A
:1022D000F102EFF0DFB6630909000C44CA865286AA
:1022E0002285EFF05F91AA8903450401CA85EFE0DA
:1022F0008FB41C443E9508C4639909000C102285D4
:10230000EFF09F99AA89CA8435D9CE8485BF034549
:102310000401A145EFE02FB2B387A4002311F1021D
:102320008357C400B3F4740123108103BE94898CD5
:1023300044C0081023120102EFF07FB00C10228578
:10234000EFF09F95AA840355E400E685EFE00FB017
:102350005C40B3F777011CC4E39204F22285EFF0EE
:10236000BFAFAA84E31C05F0050D3DBFC15439B7CA
:102370008357C101E30209F0E39827F1C177034CC9
:102380000401B377FD00035DA101330C8041137C90
:102390000C023E9DD28ACA8CE28B63F38C01E68BE1
:1023A000DE861010EA852285EFF02FFAAA84E31B5F
:1023B00005EC5E860C105685EF602041AA84E3157B
:1023C00005ECB38C7C415E9DDE9AE3970CFC7DB5F9
:1023D000EFF2FE9081460146EFF0BFE26FF07E9291
:1023E000638C050EEFF23E8D5D71054D19C213BD74
:1023F000160003590502B68B328B050942091359A1
:1024000009012E8A2A84CA89216C930A8500E15C1D
:102410009304F9FFC204C180638F84059306A0046E
:102420005000A6855685EFF0FFDA63570500631369
:102430009501A6892689E9BF9C083E95230A05FADD
:102440004C005285EFF03E9775F563040D088357F5
:102450000402639597089387F4FF2310F4028946DA
:1024600013060402A1655685EFF0BFD9635805062F
:1024700061616FF0DE870145E31C0DFE0549B16720
:102480005D55E387F9FE9165CE9593048400C205FE
:10249000DE865A86C1812685EFF0BFD6630D09001E
:1024A0005285EF600066AA865286CE852685EFF0BB
:1024B0005FD5E34F05FA8357040263FF3703231008
:1024C0003403894613060402A1652685EFF07FD305
:1024D00025A0A689014965B77D558280A6855685C8
:1024E000EFF01FEFE34605F89165FD15CA95C205AB
:1024F000C1815685EFF0DFEDE35CA0F601458DBFAD
:10250000EFF26EFB03540502916A1D71050442044B
:102510002A89AE894180A16B130A8500FD1A130B2D
:1025200005029304F4FFC204C180639D7405916B9E
:102530002164130A8900850B170C0000130CACCA28
:102540008357090293041400C204C1808507638382
:10255000F40E5E949306A0045008A68552854204AA
:10256000EFF05FC74180AA8A854613067100A285F5
:102570005285EFF03FC62A8B634750076347A0069A
:1025800026847DBF56949306A0045008A6855285E4
:102590004204EFF03FC441802A8C85461306710047
:1025A000A2855285EFF01FC3634C8003E351A0F86E
:1025B00083570902E39D97F69387F4FF2310F902EE
:1025C00089465A86A1655285EFF0BFC3A68552851C
:1025D000EFF01FE0A2855285EFF09FDF268491B7D0
:1025E000E358A0FCA9B7634BA000A6855285EFF085
:1025F0003FDEA2855285EFF0BFDD59B79C10BE9A31
:10260000238A0AFA639109022C004808EFF0EFCC04
:1026100025D91C45224552C62318810074006286C4
:10262000DA858297B1BF0146CE854808EFF00FA248
:1026300061FDB9B7014525616FF06EEBEFF22EEA4F
:102640009737FF1F9387477A8043814409C42A89BB
:102650003114814401E426856FF0AEEA6318090065
:102660005C4481EF404865D83114EDB7084001461D
:10267000CA85EFF0AF9D6DF5F5B78297E5F4AA84B2
:10268000D5B7EFF2CEE59737FF1F93876776804384
:10269000AA8409EC2685EFF07FFAAA840144EF5062
:1026A0002FD0636CA40026856FF0AEE55C402285D8
:1026B000A6859C4382970040E9BF05041374F40F7C
:1026C000F9BFEFF2CEE10145EFF0BFFB6FF06EE333
:1026D0009737FF1F9387C77123A0070023A2070026
:1026E0008280EFF2CEDF9737FF1F9387E76F23A03B
:1026F000070023A20700EFF0BFFD6FF08EE0EFF2BE
:102700000EDE4111130985002A84EF50CFE5AA851A
:102710004A85EFF0FF88AA8419ED89461306E10087
:10272000A1654A85EFF01FABE1776344050083574D
:10273000E1002310F402268541016FF08EDC97370B
:10274000FF1F9387E76A90430147B28691EE05E346
:10275000DC4310C11737FF1F232CA76885EF97377D
:10276000FF1F23A9A768828036879442C5B7144308
:1027700085E2DC432320050091EB9737FF1F23AB55
:10278000A7669737FF1F23A5A766828088C3C1BFAE
:1027900014C108C38280EFF28ED41734FF1F1304D4
:1027A00064602285EFF0BFF5AA8405E51799000063
:1027B0001309891D22859737FF1F23A7275FEFF095
:1027C0001FF89737FF1F23A1275F9737FF1F23A508
:1027D000876226856FF0EED29737FF1F83C70762A7
:1027E000795599EFEFF2AECFEFF0BFEFEFF0BFFA10
:1027F00011E585471737FF1F2302F7606FF06ED092
:102800008280EFF2CECD9737FF1F9387E75D80433D
:102810002A89BE8419C0311415E0D840232A090042
:102820009307490105E71737FF1F2321F75C173787
:10283000FF1F232BF75A01456FF0AECC0C40032548
:102840000900EFF04ED709C94048E9B71CC3173754
:10285000FF1F232DF758C5B75955F9BFEFF22EC802
:1028600097F5FFFF938545B81735FF1F13050556EC
:10287000EF40402EEFF05FF61715FF1F1305858917
:10288000EFF03FF86FF0EEC7EFF26EC583576500CB
:1028900093E717002313F5003545EFE0BFEC6FF029
:1028A0004EC6EFF2CEC38357650093E7270023138C
:1028B000F5003545EFE01FEB6FF0AEC4EFF22EC22E
:1028C0008355C50101112A840A860145EFD01FAF47
:1028D00019C9835705001167D98F2310F5001D45CD
:1028E000EFE05FE805A002478356C40119EF179691
:1028F00000001306260BE5454800EFE00FD2480024
:10290000EFE03F9105616FF0CEBF9397460183568C
:1029100007007D76D183F18EDD8E93D7860093F705
:10292000F7082310D70093E70705A300F70045BF7A
:10293000EFF2EEBA2145EFE0FFE26FF08EBCEFF26E
:102940000EBA2145EFE01FE22545EFE0BFE131453A
:10295000EFE05FE16FF0EEBAEFF26EB88355C501BC
:1029600041112A8470000145EFD05FA501CD835746
:10297000050071777D17F98F2310F5001D45EFE0F5
:102980007FDE31A0B24699E62285EFE0AFFA410141
:102990006FF02EB78357C4017D761397470183D715
:1029A00006005183F18FD98F13D787002390F6004B
:1029B0009377F70893E70701A380F600C1B7EFF21A
:1029C0000EB22A842545EFE0FFD901E42945EFE066
:1029D0007FD96FF00EB3EFF28EB083552500411111
:1029E0002A8470000545EFD07F9D01CD83570500F7
:1029F00071777D17F98F2310F5001D45EFE09FD605
:102A000031A0B24699E62285EFE02FED41016FF04B
:102A10004EAF835724007D761397470183D7060076
:102A20005183F18FD98F13D787002390F6009377C6
:102A3000F70893E70703A380F600C1B7EFF22EAAC9
:102A40008355250001112A840A860545EFD01F977A
:102A500019C9835705001167D98F2310F5001D454B
:102A6000EFE05FD005A002478356240019EF1796C8
:102A70000000130666F2E5454800EFE00FBA480093
:102A8000EFE02FF905616FF0CEA7939746018356CB
:102A900007007D76D183F18EDD8E93D7860093F784
:102AA000F7082310D70093E70707A300F70045BFF7
:102AB000EFF2EEA2EF500F9F11E52945EFE09FCA1C
:102AC0006FF02EA49737FF1F9387471FC043EF5027
:102AD0006F9D3375A40275D1E5B7EFF24EA02A843D
:102AE000EF500F8D85476307F500A301F4001945EA
:102AF000EFE05FC76FF0EEA0EFF26E9EEF504F8BEE
:102B000085476305F5001945EFE0DFC56FF06E9F5F
:102B1000EFF2EE9C3D45EFE0FFC46FF08E9EEFF2CA
:102B20000E9C8357650093E747002313F500354556
:102B3000EFE05FC36FF0EE9CEFF26E9A3145EFE08D
:102B40007FC26FF00E9CEFF28E992D45EFE09FC192
:102B50006FF02E9BEFF2AE988357250079712A848F
:102B60002314F100834745019305450041461305B1
:102B7000A100230DF100EF50B047835604001796D3
:102B800000001306A6D6D1456808EFE00FA92C0077
:102B90004D466808EFE00FD245616FF08E96EFF278
:102BA0000E9483560500011117960000130606D4F3
:102BB000D1456800EFE06FA66800EFE08FE50561A2
:102BC0006FF02E94EFF2AE9101113684B284794702
:102BD0008A86179600001306A6D4EFE06FCA09C8CC
:102BE0002286A6850A85EFE0EFCC05616FF06E9135
:102BF0000A85EFE00FE2D5BFFD571707FF1F230B34
:102C0000F7528280EFF20E8C41112A892EC6B289CA
:102C1000EF40CFB5B2451304F9FF2E944DC593177D
:102C20000901C187AA847D55635CF002420441809A
:102C300093170401C1876355F0029DC1EF40CF9502
:102C4000636AA4069C4481443E95420541819307F2
:102C5000F5FFC207C18363E0270763960900695542
:102C600041016FF06E892390A900D5BF33876403BB
:102C700083A78A0A3E9783572700638647038357B3
:102C800007006362F40203474701BA97C207C18392
:102C90001387F7FF4207418363672701E38109FC3C
:102CA0002390F9006DBF8504EF500F8AE3C0A4FCA8
:102CB00001457DB78144416A973AFF1F938A0A0014
:102CC000594B7D1AD5B77D5561BFEFF24E81173450
:102CD000FF1F1304A4139734FF1F9384E4130325E9
:102CE000C41419CD184D23260414110483478700FA
:102CF00093F7F7FB2304F700EF507FD7E31194FE1F
:102D00006FF02E80EFE2BEFD1735FF1F13058525FE
:102D1000EF30F071EFF07FFB6FE0BEFEEFE23EFCC4
:102D2000930540061735FF1F1305C523EF30B06E1E
:102D30006FE03EFDEFE2BEFA7D56B5450145EF403E
:102D4000BFC56FE01EFCEFE2FEF7EF40DF891734EE
:102D5000FF1F1304A40B2320A4142322B4148144C2
:102D60000D499709FF1F9389693C0325C41419CDA8
:102D7000850401466386240183270415814591E378
:102D8000CE85EF405FCA1104E39124FF6FE0DEF6C9
:102D9000EFE25EF341112A84AE8932C6EFF09FF66E
:102DA000EFF05FF929C99737FF1F9387270683A59F
:102DB000C7129304C5002A892685EF501FB28145AA
:102DC0002685EF501FAB9315240093E5350093F54E
:102DD000F50F2685EF50FFA93246CE852685EF50A8
:102DE0007FA79737FF1F23A92717EFF0DFF50145CE
:102DF00041016FE07EF06555E5BFEFE25EEEAE8427
:102E000095452A84EF50BFBCA6852285EF507FA64A
:102E10006FE03EEFEFE23EEABD652A84938505A6AA
:102E20001735FF1F13050516EF30F05E9737FF1FAC
:102E30009387C71F9C439734FF1F938424FD2689E3
:102E400089CBC84019C522868D45EF10903F6FE0B1
:102E50001EEAEFF03FEBEFF0FFEDAA846555E5D8F1
:102E6000032709009737FF1F83C7C70E9316170163
:102E700063D7060C1307F0076388E7008507173749
:102E8000FF1F2309F70C29A09737FF1F2384070C86
:102E90008325C9129389C4004E85173AFF1F034A40
:102EA0006A0BEF509FA3D2854E85EF509F9C8347BE
:102EB000440051478145637CF7009385C7FE93F535
:102EC000F50FDD47B3D5F502850593F5F50F8A05B6
:102ED00093F5C50F4E85EF50DF99835544004E851D
:102EE000EF50DF9C834544000840EF905FFEAA85C9
:102EF0004E85EF501F98835544009737FF1F23AD31
:102F00009704D14763F3B700D145939405010C4072
:102F1000C18026864E85EF50FF93A6852285EF500F
:102F20003F8C173BFF1F130B6BEE814AA14B5D4C8F
:102F30008357440085E3EFF01FE1014509BF138784
:102F4000F7FF1377F70F9306D00FE3F9E6F2930735
:102F500000F835B763967A01EFF03FD73955C5BD14
:102F6000EFF05FDD110B910A09E5EFF01FD6655513
:102F7000F9BD835544002326AB146373BC00DD45C3
:102F8000939905018325C9129304C5002685EF5046
:102F9000DF94D2852685EF50DF8D93E52A0093F5E7
:102FA000F50F2685EF50FF8C0C4093D909014E8612
:102FB0002685EF503F8ACE852285EF507F828DBFD8
:102FC000EFE2FED101117C003ECAB70707003ECCFC
:102FD00081457C0048083ECEEFF03FE29735FF1F69
:102FE00083C5C5E34808EF50DF88D247480883C748
:102FF00017001737FF1F230FF7E8EFF0BFE111E5C8
:1030000085471737FF1F230DF7E205616FE07ECF7D
:10301000EFE2FECC01117C003ECAB70706003ECCB1
:1030200091457C0048083ECEEFF03FDD4808EFF0C8
:103030007FDE95471737FF1F2304F7E005616FE038
:103040005ECCEFE2DEC901117C003EC08345050085
:10305000B70711003EC27C003EC42A8481C50145E9
:10306000EFB0AFE28347040085450A851737FF1F9D
:103070002302F7E2EFF07FD8EF301FD1AA850A854F
:10308000EF502FFF85450A851734FF1F1304C4F145
:10309000EF50DF811C400A8583C5C700EF506FFDEC
:1030A0001C400A85CC4BB335B000EF508FFC1C4060
:1030B0000A8583C59701EF50CFFB1C400A8583D555
:1030C000A701EF50AFFE1C400A8583C5C701EF5032
:1030D0004FFA1C400A8583D5E701EF502FFD82454A
:1030E0002D461735FF1F1305F5DA8505EF504070A3
:1030F0000A85EFF03FD211E589471737FF1F2301FB
:10310000F7D405616FE0FEBF9707FF1F83C78702F3
:103110006387A706EFE21EBB2A84EFF0BFC1AA8433
:1031200029CD1707FF1F0347E7009307F00F8149D9
:10313000631AF7009707FF1F238E87FE97990000F9
:10314000938909909737FF1F938747CC83A5C712B0
:103150001389C4004A85EF504FF8A2854A85EF5085
:103160004FF185454A85EF50CFF026850146CE8543
:10317000EF407F8B2685EF509F8F6FE0FEB78280F8
:10318000EFE2FEB579713C083EC6B70716003EC8AF
:1031900099453C0868003ECAEFF03FC64146973566
:1031A000FF1F938525CB6800EF50CFEA6800EFF052
:1031B0007FC605E19737FF1F938747C59C43139749
:1031C00017019947634307009D471737FF1F2309DE
:1031D000F7C645616FE0FEB29387F501FD15FD1757
:1031E00003C717000505A30FE5FEE39AB7FE82802B
:1031F000EFE2FEAE0547411132846304E504AA877D
:1032000019C90947630EE5060D477D556385E71A21
:1032100041016FE01EAF33E4C5007D5575F8973767
:10322000FF1F23A107C49737FF1F23AF07C297379C
:10323000FF1F23AD07C29737FF1F23AB07C201450E
:10324000C1BF33E4C5007D5561F49737FF1F9387F5
:10325000A7D5804341499734FF1F9384A4C00346F8
:1032600084014C483305C9402695EF506058034609
:103270008401814526853306C940EFE05EA9C1B7C8
:1032800091477D55E3E6B7F8978700009387877AE3
:10329000BE9583C40500ADDC1739FF1F1309C9D0E3
:1032A000032709008357A701E58FBDD38347970103
:1032B000E3E0C7F69737FF1F938747B59C43139703
:1032C00017016358070093E707081737FF1F232FDD
:1032D000F7B2C1476397F406A2854800EF904F8B81
:1032E0005800814413064002A545639B84021C08D4
:1032F000A697238A07FE9737FF1F9387A7B62686D0
:103300004C003E85EF50C04E4146058E81452695C6
:10331000EFE0FE9F832709004800DC538297CDBD74
:1033200083470700B3F7C7029386770363E4F5008A
:103330009386070385042300D70093F4F40F050751
:103340006DB791454800EF90AF847D1413162400AB
:10335000178400001304446F32941C409245268564
:10336000B3F5F50293D7050113D787009736FF1FF2
:103370002380E6B01737FF1FA30CF7AE13970501A4
:103380004183218393978500D98F1737FF1F23121D
:10339000F7AE9737FF1F23A707AC9737FF1F23A56B
:1033A00007AC9737FF1F23A307AC832709002EC262
:1033B0009C538297B1BDE3EDB7E4978700009387F4
:1033C000E767BE9583C70500E38407E41737FF1F4F
:1033D000130787BD18438356E701FD8EE38A06E293
:1033E0008346C701E3E6C6E29736FF1F938606A22F
:1033F0009042A145936606026394B7009366060463
:1034000018571736FF1F2323D6A0A2853E850297A3
:1034100001B5EFE23E8B41112E89B28935C50146D7
:103420002A84EFF02FFE634F05048144173AFF1FF3
:10343000130ACA88D94AEF403F9163D5A404338563
:10344000540383278A0A3E9583570500B1E323106E
:103450008500230A25012311350141016FE0DE8932
:10346000631245030354E1008504EF40FF8D050519
:10347000634995001306E100CA852285EFF08FF8B5
:1034800065F145F40145D1BF81440544695AF1BF56
:10349000850455B7EFE21E832A84AE898345450132
:1034A000035505000149EFC02F868347440163415E
:1034B000F902638509002285EFF06FEE2310040006
:1034C0004146814513054400EFE07E846FE0DE82D3
:1034D0000355040093140901C180269542054181DA
:1034E000EFE00FB10355040005092695420541811F
:1034F000EF30804B03550400269542054181EF30A3
:10350000C04A65B7EFE2AEFD1735FF1F130585A76B
:10351000EF30E0719737FF1F83C7C79789C7814591
:103520000145EFB08F961734FF1F1304248E1C4003
:103530001397170163570700084401C58145EFF051
:103540007FF59737FF1F938767AE9C4389C7484035
:1035500019C1EF40CF88EFF0EFFA130680158145CF
:103560001735FF1F1305858AEFE06EFAFD571737F1
:10357000FF1FA305F79C9737FF1F9387A7A29C43C4
:1035800095C398472392070098C31737FF1F232B33
:10359000F79A0545EF901FC7814711E1C9573E854E
:1035A0006FE02EF6EF1040489737FF1F23ACA79827
:1035B000CDB7EFE2CEF241112AC6EFF0BFF4973754
:1035C000FF1F9387679E9C439C5F81C7B24505455B
:1035D000829741016FE0EEF2EFE26EF08347550013
:1035E00085462E8789836382D70C91C78946638974
:1035F000D7106FE00EF19736FF1F938626819C420D
:10360000B68413961701E34606FE83D545003D4672
:10361000E371B6FE8983858B2A848DC303A7C61206
:103620001C41E318F7FC9737FF1F83C76781F1F34D
:10363000014681450545EFF0AFF565BF9737FF1FA0
:103640009387879603A9070008434146832509000D
:10365000EF50A01759FD8327490399C30545829769
:103660001C40BD65938505A61737FF1F2326F78CE1
:103670009C401735FF1F1305E59093E74700172778
:10368000FF1F2325F77883A7841398472392070009
:1036900098C3EF304058014681450545EFF04FEFA4
:1036A0009727FF1F238E0778A9B79727FF1F9387B8
:1036B000E7759C4393961701E3DD06F203D74500B7
:1036C0000DFB13F7870001CB93E787001727FF1F38
:1036D000232EF77239BFBD9B93E787001727FF1F83
:1036E0002326F772EFF00FE29737FF1F9387C78B00
:1036F0009C43DC5B99C305458297EFF07F8CD5BD79
:103700009727FF1F938787709C438983858BE3826C
:1037100007EE83D74500E38E07EC9C4103C5070005
:10372000EFF03FE9F9B5EFE2EED91724FF1F1304DC
:10373000E46D1C4013D72700058B35CF9183858B13
:103740009304007D81E79D6493840453EF30BFE9C7
:1037500003270414832744143307E5409D8D333534
:10376000E500898D93D7F44163C9B7046394F500EC
:1037700063E5E4049724FF1F9384446901440D49E1
:103780009709FF1F9389899A03A5C4140DC51C4D81
:10379000050483C7870093F7070499EB0146630686
:1037A000240183A70415814591E3CE85EF40AFA79F
:1037B0009104E31B24FD6FE02ED41C409183858B84
:1037C00091CB8327C4140145DC4703C757008D47BD
:1037D0006313F7002545EFF0DFDDF1BFEFE22ED0F8
:1037E0009727FF1F938787629C434111A307A1007E
:1037F00013E707019726FF1F23AAE660C18B99E70D
:1038000005469305F1000945EFF08FD80347F10015
:10381000A5476314F700EFF0FFCE8345F10091C98F
:103820009727FF1F938747789C439C5F99C3054563
:10383000829741016FE0EECCEFE26ECA1724FF1FC2
:103840001304C45C1C400111139717016357070050
:10385000EFF0DFF805616FE0CECA7C003ECAB70723
:103860000700AA843ECCA5457C0048083ECEEFF078
:10387000CFD8A6854808EF40DFFF4808EFF08FD982
:103880001C4093E707101727FF1F2321F758D9B7CC
:10389000EFE2EEC41724FF1F130444578327841359
:1038A000BD65938505A69C431725FF1F1305856DF0
:1038B00083C40700EF302036032584139725FF1FAC
:1038C00083C50568EF906FE305C91725FF1F034502
:1038D000E566EFF07F83834704131727FF1FA30FCD
:1038E000F7649727FF1F238B07641C40A183858BF8
:1038F00091C70D45EFF05FF46FE0AEC0A54763F4EC
:1039000097000945C5BF6388F4009727FF1F83C749
:103910002753E39097FE9787000093876718032744
:1039200084138E04BE9483D74400835647008507D2
:10393000E399D7FC08439C400505829775BFEFE2E9
:103940000EBA834645001727FF1F0347375F83479B
:1039500055006317D7003A85EFF00FFB6FE06EBAA2
:103960001726FF1F0346865D9724FF1F9384044A92
:103970006304D6020507E393E6FE1727FF1F230F14
:10398000D75A03A7841314472312070014C37D5783
:103990009726FF1F2395E65A13D427009727FF1F6A
:1039A00083C7F75963F687000945EFF0FFE87DB755
:1039B00063918702A557B307F40203A78413034753
:1039C00047008D07BA9703D7450093F7F70FE39D9C
:1039D000E7FC9727FF1F83C78756B3D78700858BE0
:1039E000B5DF5D459307F4FFB387A70203A78413F0
:1039F00003D645008C410843D1073E95EF40505F08
:103A000003C724138547B397870093C7F7FFF98F40
:103A10001727FF1F2305F752B1F3EFF07FE73DBFF4
:103A2000EFE26EA959711C083ECCB70706002A8444
:103A30003ECE58181C08978600009386E604172689
:103A4000FF1F1306364E930500021725FF1F1305AF
:103A5000253D3ED0EF90AFCE19C11D4589A0D808B5
:103A6000978600009386C6021726FF1F1306964B03
:103A7000930500021725FF1F1305853AEF902FCC01
:103A800069FD3546930571054810EF407056D4081E
:103A900022864C104818EF90CFE509C51945EFF084
:103AA000BFD9D9A8D800978600009386E6FE1726CE
:103AB000FF1F13063647930500021725FF1F130546
:103AC0002536EF90CFC751F9034661062808A14576
:103AD00083494106034B510632C603447106834CA9
:103AE000810603499106034CA106034AB106834BA4
:103AF000C106EFF08FB02808EFF0CFB135EDFD57DC
:103B00001727FF1F230EF7329727FF1F9387C751F1
:103B10009843BE8A8144324611CF9727FF1F93876F
:103B2000E7509C4381CB9727FF1F9387272EC443E1
:103B3000B33490002204336494012209220A42041F
:103B4000B366890193958900DC0033677A01C18EE1
:103B5000B3E56501C808EF400FCA19ED83A70A0055
:103B600081C799C0EF1020069305007D1725FF1F20
:103B700013054541EF30200A65616FE04E97EFE293
:103B80000E961971AA84AA8534101726FF1F1306F2
:103B9000662D1725FF1F1305E52EEF90CFD919C10C
:103BA0001D4519A841469725FF1F9385A529281073
:103BB000EF40B04109C51145EFF01FC8A5A2172479
:103BC000FF1F1304A4241C409725FF1F93858528FD
:103BD0001397170163470700A6859724FF1F938457
:103BE00064279726FF1F9386F63326861725FF1F27
:103BF00013054528EF90EFD945F51C4013971701A1
:103C000063550712BC083EC6B70727003EC83818E0
:103C1000BC0897860000938626E71726FF1F130629
:103C20007630930500021725FF1F1305651F3ECA56
:103C3000EF90EFB035F5B80097860000938646E523
:103C40001726FF1F1306162E930500021725FF1FC8
:103C50001305051DEF90AFAE21F535469305B10470
:103C60002808EF40F0381844978600009386C6E293
:103C70001726FF1F1306162B1107930500021725A1
:103C8000FF1F1305E519EF908FABE31B05F01C44F4
:103C900003D52700EFB04FCEAA84E30305F09D457E
:103CA0006800EFF08F9583C5E401930790054146C6
:103CB000B385F502680093850503A695EF409FB98B
:103CC0001C44680083D52700EF405FBE2685EFB017
:103CD000CFCCAA856800EF40DFB99727FF1F9387F5
:103CE000E7FD8C436800EF405FBF1C44680083D54C
:103CF0000700EF40BFBBA1456800EF401FB3B246CD
:103D00002C08281885063686EF904FBD19C1194535
:103D100065B56800EFF00F9011E5A1471727FF1F69
:103D20002300F71209616FD0DEFDEFF06FC5DDBF34
:103D3000EFD2FEFA79713C083EC6B70716003EC8BE
:103D40009725FF1F938505133C081725FF1F1305B3
:103D500065143ECAEF900FC019C51D45EFF0DFADE9
:103D600045616FD01EFA1726FF1F1306A61197256F
:103D7000FF1F938525101725FF1F1305650AEF9078
:103D80008FBF61FDC1451725FF1F1305A50CEF80EF
:103D90002FE061F595456800EFF02F86C14568007A
:103DA000EF40BFA8AA861726FF1F1306A60B97256C
:103DB000FF1F9385250A1725FF1F1305A50CEF90FC
:103DC0008FB741FD6800EFF0EF8459F99727FF1F87
:103DD0009387C7039C43B983858B93B717009507D7
:103DE0001727FF1F230EF704A5BFEFD25EEFAA85AA
:103DF00041461725FF1F1305E504EF40701F972765
:103E0000FF1F9387A7009C43139717016356070072
:103E1000EFF00FB76FD0FEEEEFF09FF1E5BF972701
:103E2000FF1F9387A7FE9C4313F7F7F79726FF1F03
:103E300023AEE6FC13F7070809CB858B99C7EFD2B1
:103E40001EEAEFF0FFEE6FD0DEEB8280EFD23EE9AC
:103E50009724FF1F938484FB80403971AA859317B0
:103E6000140163D407061364140013060004172515
:103E7000FF1F130535079727FF1F23A987F8EF407A
:103E80003017EFE03FE89C401724FF1F1304940510
:103E900013971701634607001724FF1F13049400AC
:103EA000A2850A85EFF04FB3930504020810EFF0E6
:103EB000AFB297050000938505140A85EF902FB8DF
:103EC0001DC91D45EFF05F973DA01306000417259F
:103ED000FF1F130535FDEF40B01193579400858BFC
:103EE000C5DF93571400858BC5FB13641400972717
:103EF000FF1F23AD87F021616FD0BEE0EFD23EDE21
:103F00001D713C083EC6B70746003EC801453C0847
:103F10003ECAEF902FAF19E51D45EFF0FF912561E7
:103F20006FD03EDE2A848D456800EFE01FED9305DB
:103F300000026800EF407F8FA285EFF0EFA99305A4
:103F400000026800EF407F8E93050402EFF0CFA8D7
:103F50001724FF1F130484EB1C40B2451306000412
:103F60001397170185051725FF1F1305B5F3634642
:103F700007001725FF1F1305F5F6EF4070076800CF
:103F8000EFE05FE949FD1C408566138706805D8F81
:103F90001726FF1F232CE6E61727FF1F1307070925
:103FA000184301CF584011CB7D771307F77FF98F66
:103FB000D58F1727FF1F232BF7E41C4013971701FA
:103FC000635B0700A583858BB9FB8D471727FF1F10
:103FD0002308F7E6A9B713D757009983D98F858BA4
:103FE0001307F00F91E315479727FF1F238AE7E494
:103FF0003DB7EFD2DECEAA851725FF1F130545E298
:10400000EFF08F9D9727FF1F938747E09C431397FF
:1040100017016352070413D7670093D65700558FD3
:10402000058B11EB13D77700058B01CB9147172731
:10403000FF1F2307F7E06FD0DECC139737016355DE
:104040000700EFF0FFCEC5BF0967D98F1727FF1F05
:10405000232EF7DACDB713D79700058B05C7154781
:104060009726FF1F238EE6DC856613F7F7F7558F3B
:104070009726FF1F23ACE6D893F70708CDDFEFE0C4
:104080003FF955BFEFF09FE77DB7EFD25EC517242C
:10409000FF1F1304A4D78327C4149DCF03474500F3
:1040A0009727FF1F83C707EB6318F7021C40918314
:1040B000858B99E3EFE01FC51C4013971701635FE1
:1040C000070013F7F7BF9726FF1F23A1E6D493F746
:1040D000074089C7EFF09FE26FD0BEC21840FD775E
:1040E0009387F77F13164701F98F856663470600AC
:1040F0001727FF1F232CF7D0C5B7D58F13961701AD
:10410000634706021727FF1F2322F7D01C4013978F
:104110001701E34307FC13F7F7F79726FF1F23A7C1
:10412000E6CE93F70708CDDBEFE09FEE75B7F577A6
:104130009387F77FF98FD58F9726FF1F23A8F6CC9B
:1041400093172701E3D407FCEFF09FBEC1B7EFD26E
:104150001EB98347050091C70945EFF0EFED6FD019
:104160005EBA834715002A8413F7E70F75F7172700
:10417000FF1F130767E318430346C700E31EF6FC5F
:104180009727FF1F938787C8944393F7F6DF19C2D9
:1041900093E706209726FF1F23AAF6C6A583858BE3
:1041A00081C71C4B91C382971546A2851725FF1F17
:1041B000130505CFEF40C0638D471727FF1F23016D
:1041C000F7C8034644008345340003452400EFF05C
:1041D0002F82E35605F849B7EFD2FEAD172BFF1F2C
:1041E000130BCBC203270B0001119317170163D0E8
:1041F00007023C003ECAB7070B003ECC3C003ECE57
:10420000834705002A8499E70945EFF0EFE205614D
:104210006FD0FEAD8347150083462500A207D58FDA
:10422000C207C1878546E391D7FE83463500E3ED9B
:10423000D7FC972AFF1F938A2AD783A70A00014930
:104240009C5BADCFA5CE136707208344440097271E
:10425000FF1F23ADE7BA8547E3E897FA034C540004
:10426000A147E3E387FB8349640003457400A20987
:10427000B3E9A90013F709FE41FB834B8400E3E592
:1042800077F9034A94000345A400220A336AAA007E
:1042900093770AFFB5FB834504001726FF1F0356DB
:1042A000C6B71725FF1F035525B7EFF08F96972741
:1042B000FF1F23A1A7B611E5154581BF1377F7DFCF
:1042C00069B783A70A0091C403C7870119C3D84BF4
:1042D00061EF83C4970163F39B00DE8483D7A7015A
:1042E00093F4F40F13F7070101C713778A0059EB12
:1042F000BD8BD1CF13757A0059C9EFA0BFAD83A78D
:104300000A007D15937BF50F03D5A701A94C3D89C4
:10431000EFA05FAC7D15137AF50F03A70A00834762
:10432000C7016373FC00E28713FCF70F8357E701B3
:1043300013F7870001C713F7090131EF9D8BADC358
:1043400013F5F90031CDEFA0FFA883A70A007D1572
:104350009379F50F03D5E7011D89EFA0BFA77D1560
:104360001379F50FA947B307FC0233879403636AF7
:10437000F70C638C0C0C639C040C81490149814B44
:10438000014A3DA0930C4002114A8D4B79B7814CF4
:10439000014A814B59B7930740020D499149E1B752
:1043A000814701498149C1B781448149854B054A0B
:1043B0002D46A2851725FF1F1305D5ADEF404043BD
:1043C00089454808EFE07FA381454808EF406FCA60
:1043D00083250B004808A5818589EF408FC9DE85BC
:1043E0004808EF400FC9CE854808EF408FC8A68522
:1043F0004808EF400FC8D24515461725FF1F130583
:1044000025AA8505EF40C03E4808EFE0BFA0E310B5
:1044100005E02686CA855285EFE09FDD01C5094586
:10442000EFF08FC183270B00A583858B89C783A7F6
:104430000A009C5B829783274B0099CFEFF01FAC5B
:10444000F9B3E284894B0D4AA5B781443DB7DE89B3
:1044500052898D4B094AA9BF83270B0093E7074078
:104460001727FF1F2324F79A5DB3EFD2BE8583473A
:1044700045002A891725FF1F034555AC6316F50033
:10448000EFE09FC86FD05E871724FF1F13040498C6
:10449000832984132E85AE84EF40EFCB2392A900AD
:1044A0008347490026851727FF1F2309F7A8EF40F8
:1044B000AFC69727FF1F2385A7A88327841303D799
:1044C000470009E70945EFF02FB76DBF83D76700B5
:1044D000E3EAE7FE83475900898381C7D146E3F3C6
:1044E000E6FE1727FF1FA30CF7A41725FF1F0345A0
:1044F00005A5137715009307F00F05C31345F5FFC6
:104500001375F50FEFA01F8D7D159377F50F172706
:10451000FF1F0347D7A2E367F7FA1727FF1F0347D9
:1045200007A211C3BA870345590009811307150073
:1045300005453315E5007D157D8D9727FF1F2380E9
:10454000A7A08327841303D644008C408843EF4000
:10455000202A8347241393F7E70F1727FF1F230011
:10456000F79E8DF3EFF0CFB231BFEFD24EF7034598
:104570000500EFF0AFA66FD0CEF8EFD24EF62A8945
:10458000AE840144EFA05FF8634494006FD06EF7EF
:104590003305890042054181EFD08FA50504EDB7B1
:1045A000EFD2EEF301449714FF1F9384247159490D
:1045B000EF308FF96344A4006FD0AEF433052403C9
:1045C00083A7840A3E958357050081C78545EFE0A0
:1045D0007FEC0504F1BFEFD2EEEEAA840144171977
:1045E000FF1F1309A96DD949EF300FF66345A400E9
:1045F00001456FD06EF0330534038327890A3E9559
:104600000357050063E7E40083474501BA97E3C217
:10461000F4FE0504D1BF9727FF1F9387E7989C43BB
:10462000DC5F91C7EFD2AEEB82976FD08EED8280C8
:104630009727FF1F938747979C43BC4391C7EFD2AF
:104640000EEA82976FD0EEEB82809717FF1F938759
:10465000E77B98439316170163D30608EFD22EE841
:10466000804701498345440103550400EFA0DFE979
:1046700083474401634BF9022285EFE0AFCD9717E2
:10468000FF1F23A90778FD5701451717FF1F2309AF
:10469000F77AEFF0AF9403464401835504000355C5
:1046A0002400EFF0FFF86FD0CEE50355040093141B
:1046B0000901C180269542054181EFD06F930355D2
:1046C00004000509269542054181EF20E02D0355A0
:1046D0000400269542054181EF20202D51BF8280A4
:1046E0009727FF1F23A0A78C8280EFD24EDF97175A
:1046F000FF1F9387A771DC436D54639FA700EFE012
:104700007FE09727FF1F9387278A9C432A849C5F1B
:1047100081C781450945829722856FD08EDEEFD211
:104720000EDC9717FF1F9387676EC84309C5EFF02C
:10473000DFFB6FD00EDD25459727FF1F2381078004
:10474000EFF0CF89FDB79727FF1F9387E785884351
:1047500082809717FF1F9387676B884309810589BC
:104760008280EFD2CED741112A84EFF09FFE2DC96F
:1047700003574400954763F8E7062285EF40EFA012
:104780002AC42285EF404F992306A1002285EF40DD
:10479000AF989717FF1F938767679843A306A100F9
:1047A0000983058B11C783A6C712A247639DF60232
:1047B0000D89977700009387272B0E05B386A700F6
:1047C0008355440003C6560063EFC50001E703C7E5
:1047D000460011EBAA979C43A2852800829721A04E
:1047E000EFA0BF9851D541016FD0AED19717FF1FF1
:1047F0009387877B9C43FC4391C7EFD24ECE829731
:104800006FD02ED08280EFD28ECD97F5FFFF9385AB
:10481000C5F11715FF1F1305E574EF20A0336FD006
:104820004ECE15C5EFD2AECB2A84970500009385F6
:1048300045EF1715FF1F1305E574EF20A0319717FB
:10484000FF1F23A38776EFE0FFCB6FD08ECB7D5584
:104850008280A9E182808327090013171400BA9788
:1048600083D70700638697020504EF306FB9E344EE
:10487000A4FE0144EF30CFB8635CA4000327090015
:1048800093171400BA9703D7070019EB23909700EA
:104890006FD02EC7EFD2AEC42A89AE840144F1B7DF
:1048A0000504C9BFEFD2AEC34111AA8401442EC68C
:1048B000EF300FB5B245635CA40098409317140025
:1048C000BA9703D707006317B70023900700410189
:1048D0006FD02EC30504E1BFEFD26EC09717FF1F44
:1048E000938707749C432A87AE86328889CF9718AE
:1048F000FF1F9388A87203A308008948631513015A
:1049000082976FD00EC09717FF1F938727729C4323
:104910000145E5DB9717FF1F938747709043854755
:10492000E311F6FE4286B6853A85EF205FD0D1BF0F
:10493000EFD24EB92E8A3284AA89EF20FFCD7515A9
:104940008357440093140501C1801379FA0363FE71
:104950009700CA852285EF303FE7035644000C409C
:104960004E85EFF07FF76FD02EB99365090422854D
:10497000EF309FE50C4026864E85EFF0FFF5A685CB
:104980002285EF30FFE5136909088357440099CF6A
:10499000850763DF970093650A0C2285EF30DFE21D
:1049A000035644000C404E85EFF01FF3014565BFF0
:1049B000CA852285EF305FE10C4026864E85EFF0F8
:1049C000BFF1A6852285EF30BFE1C1B7EFD22EB18E
:1049D00079713C083EC6B70717002A84AE843EC8EA
:1049E00068003C0885453ECAEF307FFE6C00268596
:1049F000EF30FF81700085452285EFF07FF3456140
:104A00006FD02EB0EFD2AEADEF308F9F8945060547
:104A1000EFA06FBEE55711C59717FF1F23A8A75A30
:104A200081473E856FD0EEAD9717FF1F9387C7591B
:104A3000985B239607021715FF1F1305655B98D730
:104A400082801717FF1F1307275818436316A70202
:104A50001717FF1F0347C75775179387D5FF1337DE
:104A6000170093B71700FD566319F700EFD22EA772
:104A7000EFF01FEC6FD0EEA8ED5636858280EFD2B6
:104A80006EA405EDC16401441719FF1F1309092322
:104A90009309400EFD1421A8330534038327090B25
:104AA0003E958357C50163839700D13F0504EF30DE
:104AB0002F97E343A4FE6FD02EA49717FF1F938771
:104AC000A750AA85884365D9EFF05FF0EDB7EFD224
:104AD0006E9F79711C083EC2B70720003EC41714B0
:104AE000FF1F1304644E1C083EC61C40D9C3171791
:104AF000FF1F0347E74D8947AE842A896315F704F2
:104B0000814911A85C4013971900BA9783D7070011
:104B1000638197068509EF30AF8EE3C5A9FE854511
:104B20004800EF30DFEA03564900832509004800BA
:104B3000EF305FD2084050008145EFF09FF005450F
:104B400045616FD06E9BC167FD17E38AF5FC854711
:104B50006311F702814911A85C4013971900BA97B5
:104B600083D70700E38D97FA8509EF306F89E3C596
:104B7000A9FE0145F1B72300050223220502828028
:104B8000EFD2EE9585472300F5022A84EF205FA738
:104B90009717FF1F9387871283A7070B48D0171516
:104BA000FF1F1305A5401D8CB7F723B8938797E027
:104BB00009843304F4029717FF1F23A58746EF20CB
:104BC00020046FD00E94EFD2EE8FEFA00FDAE957EA
:104BD00005C1C16401441719FF1F1309290E930968
:104BE000400EFD14094AEF30AF836346A4008147AD
:104BF0003E856FD06E90330534038327090B3E95B5
:104C00008357C50163889700834705026384470182
:104C1000EFF01FF70504C1BFEFD26E8C834705FE8E
:104C200085466398D7001305C5FDEFF09FC26FD08E
:104C30004E8D8946E39DD7FEFDD91305C5FDEFF0E6
:104C40007FC6F5B79717FF1F9387473D98433DCF22
:104C50008546F157631DD706EFD26E889717FF1F61
:104C6000938787362A8788433E8405C99716FF1F96
:104C700083C606368D476392F60239E39717FF1F06
:104C80009387C73A9C4395EB9717FF1F23820734FE
:104C90001C4003D50700EF20FF9CEF207F9E1715D7
:104CA000FF1F1305A5309717FF1F23A90736EF1025
:104CB000107881473E856FD0CE84EFF01FA3E9B70F
:104CC00003550500CD45EF20DF98D9B7F9573E854C
:104CD00082809717FF1F938767349C437955BDC324
:104CE000094771556383E7008280EFC25EFF1714A6
:104CF000FF1F1304642D184015C3834784008546A5
:104D0000FD1793F7F70F63EBF60003550700CD454A
:104D10009717FF1F238E072AEF20BF931C4003D550
:104D20000700EF20BF97EF203F991715FF1F1305CE
:104D3000E5279717FF1F23A3072EEF10506F01459C
:104D40006FC03EFC828015C1EFC27EF91C41AE846B
:104D50002A8489C72E860145814582975C4081C798
:104D6000A685014582976FC0DEF98280EFC23EF7CB
:104D7000976700009387075A9C43AA8501459C4783
:104D800082976FC01EF8EFC29EF52A840345850105
:104D90009307F00F6314F500EF604FCF93072003E4
:104DA0003305F5020328C40181460147930500023B
:104DB00093076509034574017D8905053356D800BD
:104DC000058A01C605071377F70F8506E398B6FE37
:104DD000198D130740063305E5023E959307C0126F
:104DE0006354F5001305C0126FC0BEF1EFC29EED13
:104DF0001C4D03548500B28995834E04858B411167
:104E0000AA842E894D80314691C32146330726035B
:104E100083D74401998F6344F60013F6F70F83C5D7
:104E200064014E8532C6EF30DFA49C4C935564007C
:104E30004E85860793F70708DD8DEF309FA30A04A0
:104E400093553900C18D93F5F50F4E85EF307FA254
:104E50009C4C931559004E85FD8BDD8D93F5F50F18
:104E6000EF303FA1DC40931529003246BE958C41BE
:104E70004E85EF303F9E41016FC01EE8EFC29EE4B9
:104E8000AE8A8345A5002A84B28905450146368A43
:104E90003A8BEF207FB03DC19304C5002A89A54518
:104EA0002685EF30DFB2630D0B0483450B0093F5CD
:104EB000F5072685EF30FF9B03D64A0083A50A003D
:104EC0002685EF303F999717FF1F938767C79C434D
:104ED000C9C750401C40835584000356460003D583
:104EE000C70105478146EF80BF8115E95C40839784
:104EF00047006354F0064A85EF307FB76555A1A897
:104F00005C400547814583D727008D07C207C183D1
:104F1000E371F7FA0C44E98193E5050459BF97174B
:104F2000FF1F9387A7C183A807000548A6870547E9
:104F30008146014681452285829805C15C40839760
:104F40004700635CF0004A85EF307FB24E85D28522
:104F5000EFF07FDF01456FC03EDAD2864E86CA850C
:104F60002285EFB08F85C5BFEFC2DED52A84130539
:104F700045022E89EF10B04B9717FF1F938747BC50
:104F80009C4395CB8307740163D7070203467401E2
:104F9000054581457D8A0506EF30E0425C4C7D1574
:104FA000638BA70003562401835504010840930630
:104FB0008400EF807F8781445840939924004E9766
:104FC000084319C5EFF09FDA5C40CE9723A0070095
:104FD000834774018504FD8BE3D097FE83477401FA
:104FE00093F7F7FBA30BF400630B0900814701481B
:104FF000232004001CC423260401232804006FC0BE
:10500000BECFEFC23ECC9C45AA842E84B2892392A7
:1050100005009CC10149DC4013172900BA97D84804
:105020008C43A1479316270063C30600B14733871B
:10503000270303D64401198E63D3C7003E86228519
:10504000EF305F8183C774010509FD8BE3D527FD30
:1050500083C7740193F7070291EB835744002147FC
:10506000639309001147998F2312F4006FC0DEC8C3
:10507000EFC2FEC62A83084103DE05004111035535
:10508000C5016313AE0603454301098911C503C574
:105090004500138E650119E1138E550083450E00FE
:1050A0001377F7037D55639EE502BE85B687832699
:1050B00043014285468713F816009716FF1F938613
:1050C000E6BF94428358A30032C0B386064103581A
:1050D000830036C22E86AA86814513051E00EF7016
:1050E0007FD641016FC0FEC17D55E5BFEFC29EBDB9
:1050F0002A84035585004111BE89AE8A328AB6845E
:105100003A89EF10FFD6E15739E103558400EFF0FB
:105110008FCCFD570DCD5C488358A4004E8713F803
:1051200017009717FF1F938767B99C43CA8656C01D
:10513000B3870741035884003EC22686D28785453F
:105140001105EF703FD03335A000B307A0403E8576
:1051500041016FC07EBAEFC29EB82A841305850252
:10516000EF10F02C81471CC4835784010148232091
:105170000402C607C5832322040223200400232639
:10518000040123280400231CF40081448347A40164
:105190009DC75840139924004A97084301CDEFF06A
:1051A000FFBC5C40CA9723A007008347A401FD17FA
:1051B000230DF4001C4C8504FD8BE3D997FC1717D5
:1051C000FF1F1307A7AF1C47230D040093F6F7FD3D
:1051D0001716FF1F2328D6AE93F7070289CB084383
:1051E0008145EFA04F8101C50145EFA04FA86FC0D9
:1051F0005EB1EFC25EAC832A0502032A4502AA848F
:10520000AE8901490144171BFF1F130BEBE2930BFF
:105210008004EF203FA5634BA90201CC8357840192
:10522000814513058402C607C583231CF400EF10D3
:10523000901E2685EFF03FF263880A0083A74A009C
:1052400081C7D2854E8582976FC07EAAB307790346
:1052500003270B00BA97638DF40203978701635904
:10526000070283D6070103D704016393E60283D6BE
:10527000270103D72401639DE60009CC5444D84795
:10528000636AD7006396E600144498476364D700C6
:10529000050941B73E84EDBFEFC2DEA21841797126
:1052A000231001028357C701231101023AD2231CA4
:1052B000F1008357850103476501231F0100EA07B9
:1052C000FD87231DF100835725010A07231EF100E6
:1052D000930700F8A300F1028347B5012301F1020F
:1052E0003C083ED4835705012316F102834775011C
:1052F0002307F1021C4D9D83858BD98FA307F102F3
:105300008347D50195CBF1742A84176900001309EE
:10531000297E9384F40F184C9357870093F7F70373
:105320007D8B6371F7028357840171771307F70F41
:10533000F98F231CF400A5A0A555EFF09FEB456164
:105340006FC09E9B58408A07BA979C43D1C3834540
:10535000740101460545EF202FE4AA8929C11306EF
:10536000C5003285A54532C6EF306FE60C4C32469B
:105370002285A18193F5F503EFF05FA78347C40170
:10538000A2864A868507230EF400CE854810EFA03A
:10539000DFC21DCD8347C401FD17230EF4008347F0
:1053A000C4018DE3831724011305840293052003B0
:1053B0006358F0008347B401B385B702938505199C
:1053C000EF1070058347D401FD17A30EF40085BFCD
:1053D0001C4C03578401A183850793F7F703A207A9
:1053E000658FD98F231CF4003DB7EFC25E8F130584
:1053F00085FDEFF07FEA6FC0DE900347A50139CF4E
:105400000347C501AA877D171377F70F230EE50021
:1054100031E7EFC2DE8C83162501634AD0000347D3
:10542000D50111E78145EFF0DFDC6FC09E8D03D61B
:1054300087011167130707F0718F13858702814574
:1054400019EB930520036358D00083C7B701B385D8
:10545000B70293850519EF10007CC1BF8280EFC2AF
:105460001E882E85EFF07FF96FC0BE89EFC23E87A0
:1054700083578601AE84328413971701634E070069
:105480001C5299CB9C4389CB5052829783578401FD
:105490001167D98F231CF40081C42285EFF0FFF53A
:1054A0006FC03E86EFC23E81AA8413F5F5073289AC
:1054B00015CDA947630BF51883C74401014493F741
:1054C00007049DCB9707FF1F9387076798436306E1
:1054D000071C9707FF1F9387677E9C5F9183858BCF
:1054E000639D071AA68502972A8439A003574600B0
:1054F000954763E6E7007D5422856FC04EFF3285F5
:10550000368AEF304FC59317150193D937019707A6
:10551000FF1F9387E7629C43935AF500C20A93DA10
:105520000A018DCB8387440163D60702DC4813F759
:1055300017009707FF1F938767789C43998F13D7AE
:105540008700E207B3E737012320FA002322EA00AD
:1055500001445DB74A85EF304FC3096B83DB84009C
:105560002A898144171CFF1F130C0CAD930C800477
:105570007D1BEF202FEFE3D0A4F83384940383271F
:105580000C003E9418445444B37767016390370588
:1055900083572401638D7701638A0A021C4C0346FA
:1055A000A401FD8B85076313F60223197401831789
:1055B0002401E352F0F42320EA002322DA006319E5
:1055C0000900A9552285EFF0DFC259B7850455B708
:1055D0004A85EF903F801C4C7D15FD8BE3CDA7F0F5
:1055E00013058402370A0040EF1060647D1A854A73
:1055F0004A85EF90EFFB01E98347A401A9C7228503
:10560000EFF09FC9B1B75840B30745018A07BA9771
:105610009C439304F5FF8DC393F9F40F8A094E97C9
:105620000843EFF0AFF45C40BE9923A00900834724
:10563000A401FD17230DF40033959A001345F5FFDF
:105640003379A90075B78145B5BF0357460089472F
:10565000E3F3E7EA03D7A4009717FF1F83D7479D1B
:105660000144E31BF7E83285EF300FABAA894A8586
:10567000EF306FAED04493F9F907AA862182937771
:10568000F60705461D8E83D5A40003D584004E96EB
:105690001376F60FEF502FF985B59707FF1F938705
:1056A00027609C436154E38907E44A86A685829774
:1056B00025BDEFC2CEDF7971AA8A2E8A32C0368B21
:1056C0003A848144014D01499719FF1F9389C99676
:1056D000930B8004EF200FD963CCA414F15463051D
:1056E0000D1403A64A00630504188347040093E7DA
:1056F00007F8230BFD0083D78A0003574A00B33510
:1057000080002318FD0083574600A1492319FD009E
:105710009307F7FF11E0B149B3C7370383568D01F3
:105720001705FF1F13058559231AED00819A960569
:10573000FD8BDD8E231CDD008507230DFD001C4540
:1057400003284500898313F717001C41998F13D74D
:105750008700E207B3E707012324FD0083A70A00BF
:105760002326ED0023226D032320FD008247232002
:10577000FD0293070040231EFD0083C7AA00A30B70
:10578000FD0003A78A004D839377070413F7F6FB08
:105790005D8F231CED0083C7BA001377F7F79316CC
:1057A000F900858B9E075D8F93171701C583D58FF1
:1057B00013D78700231CFD0093770708A30CFD0077
:1057C00083578D011307F00F93F7F7FDCD8F231C3F
:1057D000FD008347A6002AC2639DE70AEF501FAB76
:1057E000A30DAD009704FF1F938484359C40130CD8
:1057F0008D006388071683270D0003278D0103564C
:105800002D0183D58A0003D5C7017D8B0507E2866C
:10581000EF701FEF6317051483172D016353F01406
:105820006A85EFF05F93E554268545616FC0EECB46
:10583000B387740303A70900BA9703C7A7010DC76D
:1058400003D68A0083D607010147631BD60003A74E
:105850004A0083D72701035747001D8F13371700CE
:105860003369E9008504BDB5E31E0DFE3E8DDDBF45
:105870008357260005478D07C207C1836365F7007C
:10588000930700F8BDB583A78A00E98393E707FC77
:105890008DB5A30DFD00B9B73247035CA10063F3DA
:1058A000E7003E8C83A70C00420C135C0C019C4368
:1058B00062D001460C1001458297AA8935D1E28554
:1058C0005285EF203FF36286AA854E85EF20507205
:1058D00083274D00131C2400E29723A037019C402E
:1058E000A1CF1C103ECAB70710003ECC50081C10B8
:1058F000A2856A853ECEEFF06FCF03278D01094662
:105900007D8B6303E400054603AE0D0005485C088B
:105910000507DE8681455685029E19CD83A74A007C
:1059200083974700635AF0004E85EFF02FC483271A
:105930004D003E9C23200C0005041374F40F835784
:105940004A00B9FB9C40A9C383274D009C438DEFBF
:105950006A85EFF05F800245DA85EFF0CFBE8144C3
:10596000E1B5814B11E0E28B93970901C1830144BA
:10597000231531013EC6976C0000938CAC99970DAE
:10598000FF1F938DAD1B65BF63050900EF905FB2EC
:10599000F9B76A85EFF05F909707FF1F938787300D
:1059A0009C438144E38207E892479C5F9183858B07
:1059B000E38C07E6EF90EFA785BDEFC24EB2EF2074
:1059C0006FAA930780043305F502A145EF90AFC29B
:1059D00001E565556FC0EEB29707FF1F23AEA764C0
:1059E00001449704FF1F9384246513098004EF206A
:1059F0006FA76369A402EF20EFA7A1451A05EF90F6
:105A00008FBF61D99707FF1F23A6A7620144B14446
:105A10001709FF1F13090962EF20CFA56364A402D1
:105A200001454DBFEF200FA391450A05EF90AFBC94
:105A30004DD1330724039C4005041374F40FBA9727
:105A4000C8C375B7EF200FA43355950291454205A1
:105A500041810A05EF902FBA2DDD83270900131726
:105A600064000504BA97C8C31374F40F75B7EFC286
:105A70006EA5C1642A8901449709FF1F93890924EF
:105A8000130A8002FD14EF20AF9A6345A40001457C
:105A90006FC08EA63305440383A7C90A3E9583577A
:105AA00005006386970083572500E38327FF0504DD
:105AB000D9BFEFC2CEA2C167BA841387E7FF4111F5
:105AC0003684639BE500238004009707FF1F9387BC
:105AD00067281CC081471DA8F5172A896391F50422
:105AE00032852EC632C4EF10AFB871FD9707FF1F85
:105AF0009387C7319C432246B245139717016350E1
:105B000007023285EFE03FAD11E5FD573E854101CB
:105B10006FC02E9F110508C02380040065BFE306F7
:105B200009FE2E85EFF0BFF4E1576DD10347F9016F
:105B30008947631DF7008347450089CB93077501AB
:105B40001CC0834765012380F40069B79307650093
:105B50001CC083475500C5BF83D7450099E77D55D5
:105B600082807D5505616FC02E99EFC2AE951307F7
:105B700000182A8401112D55E366F7FE2E85B6899B
:105B80003289AE84EF20FFC88D47E3FCA7FC03DA1F
:105B90004400EF20EF8A11055C406358450103C7BC
:105BA0009700136707F8A384E70003D6470083D55F
:105BB000270008401307B1017408EFF09FEF5DF173
:105BC0008347B101139727008347B4008D8BD98F8A
:105BD000A305F4005C408387970063D907002685FE
:105BE000EF203FC313358500134515008347B400EC
:105BF00006059166F59B5D8D5C40A305A4000147F9
:105C000003D54700A167A98F63F5D700EF508FF642
:105C10002A875C409706FF1F9386460A83A80600E2
:105C200083D5270003D847009C4610448D058983FF
:105C3000858BB387F8403EC0C20583A846008357D2
:105C4000840072456582C181A686058A93B52500C8
:105C5000EF70AF96E31805F05C400147CE8683876E
:105C600097004A86A685228563D50700EFF07FA4BA
:105C7000D5BDEFF0AFA0FDB5EFC26E8632883A8693
:105C80001397060101114183A307B100231CE10012
:105C9000231DE10042CA42CEAD45584163F8D5000C
:105CA0008345970093E505F8A304B700FD5623113B
:105CB000D70003079700635B07001307F100BE8658
:105CC0004C08EFF01F9F05616FC0AE831307F10012
:105CD000BE864C08EFF08F9AFDB7EFB2BEFE3E8451
:105CE0008357C5010111231901002314F100FD5749
:105CF0002315F1003C002ACA2317010023180100D4
:105D00002316C1002309D10002CE3ECC2E89BA89C8
:105D1000C2842E8563040800EF100F88231EA100A3
:105D2000EF50AF979707FF1F938747F99C5F230FAB
:105D3000A10001459183858BADE3420913590941C7
:105D4000635D200503D709001398F40099464E07B8
:105D500045833368070193178800420813580801E8
:105D60001358880033E807019357040113D78700BD
:105D7000A301F100931784004204418021805D8CCF
:105D80002301E100814701470A8681454808231025
:105D9000010123128100EFF03FEE05616FB0DEF5E7
:105DA000EFB2FEF32A849304C5FDEF107F858327AD
:105DB000C4FF1D8DBD67938707A663F8A7008145C3
:105DC0002685EFF06F9A6FB0DEF3032804FF83554A
:105DD000E4FE832784FF834644FF0356C4FE032565
:105DE000C4FD1358F801130744FEEFF01FEF26859A
:105DF000EFE07FF9AA852285EF00F061E9B7EFB205
:105E00001EEE01112E89AA84EF509FD22A84FD57DD
:105E10002315F1008357C4020355450323190100DC
:105E20002316F100834714032317010023180100F0
:105E30002309F1002314A10002CA02CC02CEEF9084
:105E4000AFB32ACA08403C003ECCEF102F948357D2
:105E50000500231EF100EF504F848357C402230F27
:105E6000A100B1CF834714032302F100EF502F901C
:105E70007D1513341500EF50CFB285476314F5003C
:105E800013642400EF50EF8F85476314F50013640B
:105E900044009707FF1F938767E29C5F9183858B80
:105EA00099C313648400CA8726878D465000A9458C
:105EB0004808A302010023038100EFF0FFDB056126
:105EC0006FB03EE4EFB2BEE181450145EFF03FF334
:105ED0006FB03EE3EFB2BEE001449704FF1F93842E
:105EE000A41513098004EF10FFD76345A4000145F2
:105EF0006FB03EE1330724039C40BA9783C7A701E4
:105F000099E30504CDB70545E5B7EFB25EDDAA8498
:105F100001441709FF1F130969DAEF107FC86353A3
:105F2000A4028327490B131534003E9583570500BF
:105F3000639C970023100500232205002301050020
:105F4000EFC0BFB96FB0FEDB0504C1BFEFB29ED793
:105F50002A842E89EF10DFC619C1014565A0834749
:105F60004401414793F60703E389E6FE93F70704EC
:105F7000EDD7EF10FFC275D181448149170AFF1F89
:105F8000130ACAD3EF10DFC163CCA900EF105FC1C1
:105F9000639BA90E81449709FF1F938929D289A881
:105FA00083274A0B93943900BE9403D70400835788
:105FB0008400E30DF7FC8509F1B783A7490B13951E
:105FC00034003E95835705009DE3630509002320B7
:105FD000A90061B7835784002310F5001C485CC1F9
:105FE0005C48858B2301F500EFC03FAFBDB785044A
:105FF000EF101FBBE3C3A4FCEF109FBB85476305F5
:10600000F50005456FB05ECF9704FF1F83D464028F
:106010001707FF1F130787CA939734008324470B82
:10602000BE9403D50400EFB0AFFC03D50400EFF03D
:10603000DFED630C0902232099009707FF1F83D728
:1060400047FF85071707FF1F2315F7FEEF105FB502
:1060500042059707FF1F83D7C7FD4181E3EFA7EEF6
:106060009707FF1F239707FCCDBD83578400268524
:106070002390F4001C48DCC05C48858B2381F4002D
:10608000EFC0BFA55DBF8347440103C72400858BD4
:1060900099C725DBD8401C48E375F7F611A07DDBD6
:1060A00063050900232099004DBD83578400268590
:1060B0002390F4001C48DCC05C48858B2381F400ED
:1060C00025B7EFB2DEBE03584500217102D29147D9
:1060D000832B050063E707017D594A8539616FB05D
:1060E000DEC02E842A8A4C102285BA8DB689328C65
:1060F000EFF0DFE575F185455285EF206FEE5285B3
:10610000EF207F851319350009818964420541819B
:10611000938CF4FFB37495015285EF20EFFF137950
:106120008901935755003369F900137DF5011379FF
:10613000F90F137BFD0FE3612BFB5C481848970AAE
:10614000FF1F938AAAB793F6170083A70A00B30428
:106150009740B3F49401958F93D68700B30497408A
:10616000E207DD8C23A2D90023A09900930C1B0029
:1061700023809D01814636CEEF10DFAFF24617082F
:10618000FF1F130828EB63D0A6048327080093940D
:106190006600BE9498481C446316F706D84483A74B
:1061A00049008C4403A609006366F7006390E74842
:1061B00063FEC54683C7740193F70704A1C78545ED
:1061C0002685EFE07FDA5C4821478D83858B91E35C
:1061D0003147B3046703EF10FFAA63C4A404032884
:1061E00044018346E400035684008355A40008401C
:1061F000135878001378180081474E87EFF0FFADF1
:106200002D59E1BD850685BF835784002310F50015
:106210001C485CC15C48858B2301F500EFC0FF8BF7
:1062200049A19707FF1F9387A7919C4381EF814D59
:10623000EF105FA49707FF1F9387C7DF63CBAD0401
:106240005D5961BD5C481307000893F7070CE390A4
:10625000E7FE1C4003C70D000356A40083558400CD
:1062600003D5C701CE86EF70AFC971F10328440191
:106270008346E400035684008355A4000840135865
:1062800078001378180081474E87EFF01FA56559F5
:10629000A9B5984393946D00BA9403C7740193769B
:1062A000070499C2850D69B713670704A38BE4003F
:1062B0001C409CC05C488A0793F607029377F7FD61
:1062C000D58FA38BF40003A6090083A64900819B08
:1062D000B3E7A701A38BF40090C4D4C403C70B0099
:1062E00093F7F707238BE4000347E400238CE400D3
:1062F000035784002398E4000357A40023AE04004E
:106300002399E400584813770708D98FA38BF4002A
:10631000DC4CB3D72701858B63950738DC480357DE
:106320004A00F583858B6317690B93160901C182B7
:10633000214691E33146B387C6023E97239AE40093
:10634000EF100FAC138D440288D06A85EF00300245
:1063500009ED83A78A039183858B81EB2685EFE086
:106360009FA2AA856A85EF00100B5C4821478D83A8
:10637000858B91E33147DC40BAC017570000130703
:1063800067F91843931D2900130B01041843EE9776
:106390000146DA8501453ECE0297F24788C3DC40CC
:1063A000BE9D03A50D000DED032844018355A400F7
:1063B0008346E4000356840008401358780013789D
:1063C000180081474E87EFF05F9185452685EFE005
:1063D000BFB975BDA14691E3B146E383E6F6EDB9D9
:1063E00003564A0083250A00054A33192A01EF2083
:1063F0002040DC4C668605453369F90023AE240154
:106400008145EF10507C7D156306A90023204C01C7
:106410000149E1B1125509CD835784002310F500DD
:106420001C485CC15C48858B2301F500EFC0EFEA96
:1064300089472320FC006A85EF00607F03A84401A0
:10644000DC4C8346E400035684008355A4000840D6
:106450004E871358F801EFF05F888347440113F724
:10646000870005CBB707000101464C1826853EDCA6
:106470005ADA5ADEEFE0FFB883C50B00CE8650181B
:106480002285EFF02F822A8981452685EFE0DFAD56
:10649000A9B183C91B0003AA84003707800183CCFC
:1064A0000B00220A3AD693D979005AD45AD8135AF3
:1064B0008A0083D6440125476393090015477D5917
:1064C000E3C4E6FC17F7FE1F13078767184311C7DD
:1064D00093F7070499E3014945BF0355A400A16759
:1064E0001167A98F814B63F5E700EF40BFE8AA8BE6
:1064F00093D76C00858BBDCF114C63830900214C71
:10650000420C135C0C01014B130D8002EF104FF293
:1065100093170B014205C1834181E3FEA7FA03A350
:10652000CA0AB30DAB034E862C1026851ACEEFE0B7
:106530005FADA25783A5CA0A930841033EDE3EDA47
:1065400083D74401130881026687B3878741231DDF
:10655000F102DE86CE875286EE952285231C01024B
:10656000EFE01FB12A89050B55F172439A9D83D73D
:106570002D0075A09707FF1F938747899C431397AA
:106580001701635007044E862C102685EFE07FA785
:10659000A25721473EDE3EDA83D7440163930900C8
:1065A0001147998F231DF10238105C18CE865E8644
:1065B000D2852285231C0102EFE05FB32A89F557BB
:1065C00039CD4E862C102685EFE0BFA3A257214778
:1065D0003EDE3EDA83D74401639309001147998F69
:1065E000231DF1025C4852C0341013F7170083A733
:1065F0000A004E868545998F3EC28358A4000358F1
:106600008400DE87581817F5FE1F1305A574231C98
:106610000102EF603F832A89F957E31705E6231348
:10662000F4004C182285EF00FFCBB9BDE3E6E7AAE2
:106630006314F700E362B6AA03C70B0083C76401C3
:10664000E31CF7A803AD440193578D01FD8BE3953F
:1066500067A95C481357DD01058B8D83858BE31D8E
:10666000F7A683C7740193F70704E39307CADC4CCA
:106670006686054581453ECEEF10F054F2477D1504
:10668000E39CA7A48346E400035684008355A4003A
:1066900008401358FD014E87EFF02FE41255E31523
:1066A00005B679591DBC9707FF1F2393A7988280D1
:1066B000EFB2EEDF3971FD5717FAFE1F130A4A4891
:1066C0003ED683270A007D573AD402D2A3010102A5
:1066D000AA842E84638707109C4183D5A50003D527
:1066E000C701EF60FFFD834744011E0593F7F707DD
:1066F000C98F230AF400A5452685EF206F8E97FAEF
:10670000FE1F938A2A5A83A70A008DC717F7FE1F18
:106710001307C75A1C5F9183858B89CF8347440138
:1067200093F6070381EA5453214769596397E60AB0
:10673000918BC5C72685EF202F8D9C40AA8B03DC4B
:1067400044008387070063D3070A5C48014993F735
:10675000070CC1C71307310234105010A2852685DB
:10676000EFF03F962A8983A70A0085C317F7FE1F1B
:106770001307C7541C5F9183858B81CB5853A14766
:106780006315F7002285EF80AFE09C44C20B93DBDA
:106790000B01BE9B83270A0023A07401239284016E
:1067A0008DCF8307440163DA07026318090297F764
:1067B000FE1F9387A73883A80700A257FD561256DD
:1067C000034731020148639ED71CB256639BF61CF7
:1067D000A6878146A285014582984A8521616FB0CE
:1067E000CED083C7450193F7F70721B78547A301AB
:1067F000F10263140C007D59BDB781452285EFF08D
:10680000EFF475F92685EF202F9183474401AA8C78
:10681000A18B81CBAA85341026862285EFE09FC804
:1068200091B75C48014993F7070C95DF37EB0400FB
:1068300083290B07EF10CFC01105420541818299D2
:10684000AA89630E05142ADA231C0102EF104FBF38
:1068500003D744001105231DA1024EDE914763E7D3
:10686000E70083278B064E85829771B783270A003E
:1068700099CB8347440193F7070491E783278B065D
:106880004E858297CDB50355A400A1671167A98FE6
:10689000014B63F5E700EF40FFAD2A8B83D744003F
:1068A000F1172392F40093D76C00858BE1E797F7FB
:1068B000FE1F9387A7559C43139717016351070247
:1068C000F2570C4826873EDA81465C185A862285A4
:1068D000231C0102EFE09F812A89F55739C5F25741
:1068E0008358A400035884003EDA5C48A68601461B
:1068F00013F7170097F7FE1F9387473C9C43854586
:1069000017F5FE1F13050545998F3EC21C48581800
:10691000231C01023EC0DA87EF60CFD22A8909C565
:10692000B7E70400BC57A9BFF9572313F4004C186C
:106930002285EF003F9BEDB793078002B387FD02EE
:10694000032ECD0A10489308410326886687DA860D
:106950002285231C0102850D3E9EF257F28572CEE0
:106960003EDA8147EFE0CFF02A8911E9724E835772
:106970002E0065BF814D17FDFE1F130D2D34EF1046
:106980002FAB420593970D014181C183E3E6A7FA3E
:10699000B7E70400BC574E8501498297E9B35D59BA
:1069A000D9B3A68734103DB582808280EFB22EB372
:1069B000014497F4FE1F9384E467EF10AFAB634488
:1069C000A40297F7FE1F9387672F03A4470BEF10CE
:1069D0002F9D1316350081452285EFB04EB3EFC0D1
:1069E000AF916FB00EB288409317640085453E9515
:1069F000EFE08FD70504D1B7EFB26EAE014497F444
:106A0000FE1F9384646313098004EF10AFA56344F1
:106A1000A4006FB00EAFB3072403884005043E9571
:106A2000EFE06FF3DDB7EFB2EEA9014497F4FE1F7C
:106A3000938484601309800497F9FFFF9389299B4D
:106A4000EF104FA26341A402014497F4FE1F938408
:106A5000645E17F9FFFF1309E934EF10AFA1634E2D
:106A6000A4006FB06EA9B30724038840CE85050447
:106A70003E9513058502F928E1B788409317640015
:106A8000CA853E9513054502F1200504F9B7EFB21A
:106A90000EA51C452A84858BA1CF97F6FE1F9386F1
:106AA000E6599C42014795C36311F4041C40D4424B
:106AB0000DE717F7FE1F2323F7586316D40017F7C7
:106AC000FE1F232FF756232004001C44232C040010
:106AD0000145F99B1CC46FB0CEA21CC3E315D4FEC4
:106AE00097F7FE1F23AEE754F9BF3E879C4365BF6F
:106AF00031053926D9BF8589B1C1EFB24E9E17F451
:106B0000FE1F1304A45308401DC51C4117F7FE1FA8
:106B10002326F75258406316E50017F7FE1F23217E
:106B2000F7521C45584193F6E7FF14C5858BE1DF0A
:106B300079DB0297C9BF01456FB0AE9C01458280E9
:106B4000EFB2EE992E8431468145EFB04E9C40C1A4
:106B50006FB02E9BEFB2AE982A84EFF07FFE232613
:106B6000040023280400232C04006FB08E99EFB298
:106B70000E973105CD2295473305F502A1473345E0
:106B8000F5026FB00E989C4513E7170098C5858BEA
:106B90008DE7EFB2CE945C4123A0050081EF4CC19C
:106BA0000CC1B7E70400BC4B0345850085458297BF
:106BB0006FB02E958CC34CC1EDB78280EFB28E9032
:106BC0003559634A06009C4DB2842E84AA8999C720
:106BD00031596387A7004A856FB00E92014919E5C4
:106BE0002285EFF0DFEA2A89E34705FE8E0495450A
:106BF000B3C5B402232C34011305C400612AE1BFDC
:106C0000EFB2EE8DAA8517F5FE1F13052543EFF0B1
:106C10009FF76FB00E8FEFB28E8C2E86AA8517F578
:106C2000FE1F1305A541EFF07FF96FB08E8D1C4D4F
:106C300099C7EFB2CE8AEFF09FE56FB08E8C7D558D
:106C40008280EFB2CE89B7E7040083A70708170553
:106C50000000130585EA829797F7FE1F9387073E8A
:106C60002384A70023A0070023A207006FB06E892A
:106C700097C7FE1F9387474C88436313F500014570
:106C80008280EFB2CE85EFF0BFFEFD5711C11C45EB
:106C90003E856FB00E87EFB28E84EFF07FFDAA873E
:106CA000014589CF8047B7E70400BC53854517F5F8
:106CB000FE1F0345653982973305A4406FB06E848B
:106CC000EFB2EE8137E404007C4C41112AC68545C1
:106CD00017F5FE1F0345453782977C48854517F514
:106CE000FE1F0345653682973246634A060017F554
:106CF000FE1F0345653519E63C48854582974101ED
:106D00006FB02E803C4C85458297D5BFEFA23EFDEB
:106D1000930545FF4845EFF01FE76FA09EFE85896C
:106D20008DC9EFA2DEFBEFF0BFF409CD544118414D
:106D30002324050098C254C3232005002322050004
:106D4000EFF0DFFCEFF0FFF3EFF09FF701456FA0EE
:106D50005EFB014582801C4185CFEFA25EF8AA84CC
:106D6000EFF01FF197C7FE1F9387073DDC430144F7
:106D700019E5EFF05FF23305A4406FA09EF81845C7
:106D80003A94E30895FE75D5E305F5FE0841CDB7C5
:106D900001458280EFA2BEF40CC52A84EFF0BFEF5C
:106DA000AA84EFF0FFEC01C51C45858F1CC5EFF0F0
:106DB0003FEC97C7FE1F93872738D04311E950C097
:106DC0001CC0DC4380C397C7FE1F23A9873629A8B0
:106DD000144518446350D7025C413387E64018C518
:106DE0005CC008C080C340C1EFF0BFE9EFF05FEDC9
:106DF0006FA03EF1158F18C4E303A6FC08417DBFC8
:106E0000EFA2FEED1C41FD54B1C72A84EFF05FE60E
:106E10002A89014563142401EFF0FFE717C7FE1F1D
:106E20001307873158431C406308E40091C7184496
:106E3000098F88473A9588C7584081441CC3D8C3F6
:106E4000232004002322040063162401EFF07FE3D3
:106E5000EFF01FE726856FA0DEEAEFA25EE8B7E756
:106E6000040083A7070817050000130585EB829728
:106E700097F7FE1F238AA71C6FA0BEE811E282804D
:106E80007D16B387C50003C70700B307C50023807D
:106E9000E700EDB797F7FE1F23AAA71A8280EFA29B
:106EA0001EE41C412A84B284858B014989CBB286B9
:106EB0002E86AA8597C0FE1FE78060B12A89A68525
:106EC000228597C0FE1FE78080AE630A09008A040E
:106ED000F11426941C4037070080D98F1CC06FA086
:106EE0005EE2EFA23EDE039A260093070002AE891F
:106EF0001304FA013344F40293844602AA85B28A49
:106F00004E852686054962046184A28697C0FE1FCD
:106F1000E780E0AB11ED931754000149635AFA0082
:106F2000D2854E8597C0FE1FE780C09E3339A000F2
:106F3000A2862686CE85568597C0FE1FE78020A9AB
:106F40004A856FA07EDBEFA2FED7011121462E8479
:106F50002A8997C0FE1FE780A0A05C54A1460A863C
:106F60003EC61C588A850A853EC85C5802C402C2C7
:106F70003ECA1C5C02C03ECC5C5C3ECE97C0FE1F8D
:106F8000E780E0A4AA84A1460A86CA854A8597C0FC
:106F9000FE1FE780C0A31C58AA94A1463EC65C58B9
:106FA0000A868A853EC81C5C0A8502CE3ECA5C5CA5
:106FB0003ECC97C0FE1FE78080A1AA94A1460A8616
:106FC000CA854A8597C0FE1FE78060A01C50AA941E
:106FD000A1463EC05C500A86CA853EC21C544A8502
:106FE00002CA3EC41C5C02C802C63ECC5C5C3ECEFB
:106FF00097C0FE1FE780A09D5C50185CAA943EC01D
:107000001C543AC8585C3EC25C54A1460A863EC431
:107010005C58CA854A853EC63ECC1C503ACA3ECE14
:1070200097C0FE1FE780A09A5C54AA94A1463EC078
:107030001C580A86CA853EC25C584A8502CA3EC4AC
:107040001C5002C802C63ECC1C543ECE97C0FE1F48
:10705000E780809B1C58898CA1463EC05C580A86FC
:10706000CA853EC21C5C4A8502CA3EC45C5C02C83A
:107070003EC65C503ECC5C543ECE97C0FE1FE780BF
:10708000A0985C58898CA1463EC01C5C0A86CA85C3
:107090003EC25C5C4A8502CC3EC41C503EC65C507D
:1070A0003EC81C543ECA1C583ECE97C0FE1FE78007
:1070B000A0951C5C898CA1463EC05C5C0A86CA8592
:1070C0003EC25C504A8502C43EC61C5402CC3EC837
:1070D0005C543ECA5C583ECE97C0FE1FE780C0920B
:1070E0003384A44097C4FE1F9384C40563470402FD
:1070F000854911E82146CA85268597B0FE1FE7809D
:10710000607463073503A1462686CA854A8597C001
:10711000FE1FE780608F098CE9BFA1462686CA85DD
:107120004A8597C0FE1FE780808A2A94E34704FEC1
:1071300005616FA07EBCEFA2FEB81D712A84328962
:107140002E8A714681454800EFA07EBC8304090069
:107150008D475286A686D28508103EC097C0FE1F76
:10716000E780C0918327C90A0C1022858297A686E2
:107170000A86A28522859309490097C0FE1FE780F1
:10718000A08809C9A6864E86A285228597C0FE1FC3
:10719000E780E083830609005286A285081097C025
:1071A000FE1FE780A08D8327C90A0C1022858297D5
:1071B000A68613064908A285228597C0FE1FE78090
:1071C000008119E92686A2854E8597B0FE1FE780CB
:1071D00060678547630AF500A6864E86A2852285EC
:1071E00097C0FE1FE780408225616FA0FEB0EFA22E
:1071F0007EAD8384060019712A89AE8A3285A68500
:107200003284B68997B0FE1FE780A06E6319052C03
:10721000A6865686D685880097C0FE1FE780008622
:1072200083A7C90A8C000A858297838609000A868B
:10723000CA85880097C0FE1FE780408483A7C90ADB
:107240008C0008108297838609000A868A85880048
:1072500097C0FE1FE780808283A7C90A8C000A8539
:107260008297838609002286D685880097C0FE1FF4
:10727000E780C08083A7C90A8C00568582978386E1
:1072800009002286A285880097B0FE1FE780007F54
:1072900083A7C90A8C0022858297A6862286CA8582
:1072A0004A85138A490097B0FE1FE780407219E9AA
:1072B0002686CA85528597B0FE1FE780A05885476D
:1072C000630AF500A6865286CA854A8597B0FE1FD6
:1072D000E7808073A6862286A285228597B0FE1F4E
:1072E000E780E06E19E92686A285528597B0FE1FD9
:1072F000E78040558547630AF500A6865286A28539
:10730000228597B0FE1FE7802070A6862286CA8558
:10731000228597B0FE1FE780206F09C9A686528696
:10732000A285228597B0FE1FE780606A83860900E8
:107330002286CA85880097B0FE1FE780207483A745
:10734000C90A8C004A858297A6864A86CA85228504
:1073500097B0FE1FE780A06719E92686A2855285AF
:1073600097B0FE1FE780004E8547630AF500A686AA
:107370005286A285228597B0FE1FE780E068A68628
:107380002286CA854A8597B0FE1FE780406419E9C6
:107390002686CA85528597B0FE1FE780A04A85479A
:1073A000630AF500A6865286CA854A8597B0FE1FF5
:1073B000E780806581454A8597B0FE1FE78080554C
:1073C00063020512A6865286CA854A8597B0FE1FBB
:1073D000E780E05F2A8BA6854A8597B0FE1FE7808D
:1073E000005D93972400F117CA9788437E0B33659D
:1073F000650188C3838609004A86CA85880097B0DC
:10740000FE1FE780A06783A7C90A8C0022858297A8
:10741000A6861010A285228597B0FE1FE780C05E69
:1074200009C9A6865286A285228597B0FE1FE780ED
:10743000005AA6861010A285228597B0FE1FE7800D
:10744000A05C09C9A6865286A285228597B0FE1F38
:10745000E780E0570C10A68622862E8597B0FE1F87
:10746000E780805A09C90C10A68652862E8597B0EF
:10747000FE1FE780C055838609001010CA8588006A
:1074800097B0FE1FE780805F83A7C90A8C004A85FA
:107490008297A6860A86CA850A8597B0FE1FE7806E
:1074A000A05609C9A68652868A850A8597B0FE1F0E
:1074B000E780E0512686A2854A8597B0FE1FE780C7
:1074C000204A2686D685228597B0FE1FE780404950
:1074D00026868A85568597B0FE1FE7806048096139
:1074E0006FA09E81A6854A8597B0FE1FE780204C3D
:1074F00011B7EFA22EFDAE8919712A89B6854E8586
:10750000B284368497B0FE1FE780A03E11C9A285E1
:107510004A8597B0FE1FE780003C09616FA0CEFD51
:107520002286CE850A8597B0FE1FE78060432286BB
:10753000A685081097B0FE1FE7808042A2858800CC
:1075400097B0FE1FE78020398547A2858810BEC00E
:1075500097B0FE1FE780203822860C100A8597B06E
:10756000FE1FE780202E09E922868C004A8597B00D
:10757000FE1FE780E03E55B78247858B89EFA285E5
:107580000A8597B0FE1FE78080422286A685880084
:10759000EFF0FF90D1B78257858B99EBA285081049
:1075A00097B0FE1FE780A0402286A6858810CDB741
:1075B000A2866359A00410108A850A8597B0FE1F21
:1075C000E7808044A2850A8597B0FE1FE780203EB1
:1075D00022868C10880097B0FE1FE780A026635A91
:1075E00005008C00A28626862E8597B0FE1FE780B8
:1075F000003E8C00A28690102E8597B0FE1FE7807B
:10760000A04061B70C100A862E8597B0FE1FE78058
:10761000A03FA285081097B0FE1FE7804039228660
:107620008C00881097B0FE1FE780C021635A0500C8
:107630008C10A28626862E8597B0FE1FE780203903
:107640008C10A28690002E8597B0FE1FE780C03B6D
:10765000A1BFEFA2CEE5038C070069712AC2B28DEB
:10766000080962862E8D36C63E84BA8B97B0FE1FFF
:10767000E780002F93172C003EC4EA976286BE85F0
:1076800088093EC097B0FE1FE780802DB246830474
:1076900004006384066C2686B685081897B0FE1F22
:1076A000E780002C26860C09881897B0FE1FE7801B
:1076B000202B26868C09081997B0FE1FE780402AE8
:1076C000830604001018B285881997B0FE1FE78062
:1076D000E03A8327C40A8C1988088297830604003D
:1076E00090080C09881997B0FE1FE780203983277E
:1076F000C40A8C19080982978306040010188C08A4
:10770000881997B0FE1FE78060378327C40A8C1959
:10771000880882978306040090088C09881997B01E
:10772000FE1FE780A0358327C40A8C198809829739
:107730008327440AA28610188C09080982978306B9
:1077400004001018B285881997B0FE1FE780003337
:107750008327C40A8C19880882978306040090083E
:107760008C18881997B0FE1FE78040318327C40A20
:107770008C19881882978306040010188C088819C1
:1077800097B0FE1FE780802F8327C40A8C198808D2
:1077900082978306040090080C19881997B0FE1F81
:1077A000E780C02D8327C40AF91B8C190819C20B66
:1077B000829793DB0B4113094400854C830404003A
:1077C0006346705B81456E8597B0FE1FE78080142D
:1077D000B339A00096099C18338A3701933A1500F3
:1077E0001C19960ABE999C18338B5701A6861C1942
:1077F0005286DA850808BE9A97B0FE1FE780C0203F
:1078000009C90C08A6864A862E8597B0FE1FE78018
:10781000001C830604001008B285881997B0FE1F6B
:10782000E780C0258327C40A8C190808829783063D
:1078300004001008D285881997B0FE1FE780002445
:107840008327C40A8C195285829783060400100886
:10785000DA85881997B0FE1FE78040228327C40A83
:107860008C195A858297A6864E86D685080897B0C9
:10787000FE1FE780C01519E926860C084A8597B0D7
:10788000FE1FE78020FC8547630AF5000C08A686EA
:107890004A862E8597B0FE1FE7800017A6864E8683
:1078A000D685568597B0FE1FE780001609C9A686C3
:1078B0004A86D685568597B0FE1FE7804011A6867A
:1078C0005286DA85081897B0FE1FE780E01309C9D1
:1078D0000C18A6864A862E8597B0FE1FE780200FDB
:1078E000830604001018CE85881997B0FE1FE78024
:1078F000E0188327C40A8C194E858297A6865A867B
:10790000D285081897B0FE1FE780600C19E926861B
:107910000C184A8597B0FE1FE780C0F28547630ABE
:10792000F5000C18A6864A862E8597B0FE1FE780C4
:10793000A00D830604005686D685881997B0FE1FD1
:10794000E780C0138327C40A8C195A858297A686BC
:107950001018DA855A8597B0FE1FE780E00A09C93A
:10796000A6864A86DA855A8597B0FE1FE7802006EC
:10797000A6865A86D285880897B0FE1FE780C00881
:1079800009C98C08A6864A862E8597B0FE1FE78017
:107990000004830604009008D685881997B0FE1F5E
:1079A000E780C00D8327C40A8C1956858297A68666
:1079B0004E86D685568597B0FE1FE780E00409C93C
:1079C000A6864A86D685568597B0FE1FE78020009A
:1079D000830604001008B285881997B0FE1FE7805F
:1079E000E0098327C40A8C19880882978C08A68628
:1079F00010182E8597B0FE1FE780000109C98C087A
:107A0000A6864A862E8597B0FE1FE78040FCA68694
:107A100052868C08081897B0FE1FE780E0FE09C95F
:107A20000C18A6864A862E8597B0FE1FE78020FA9E
:107A30008306040010080C18881997B0FE1FE78011
:107A4000E0038327C40A8C1908188297A6864E86FD
:107A50000C184E8597B0FE1FE78000FB09C9A6866B
:107A60004A86CE854E8597B0FE1FE78040F6268673
:107A70008C08528597B0FE1FE78080EEE286901852
:107A80000C09081897B0FE1FE78000F809C90C1808
:107A9000E2864A862E8597B0FE1FE78040F3830674
:107AA00004004E860C18881997B0FE1FE78000FD71
:107AB0008327C40A8C1908188297830604006A86F3
:107AC0000C18881997B0FE1FE78040FB8327C40A73
:107AD0008C19081882970C182E85E2864A86EFF0DA
:107AE0005FA18306040002460C18881997B0FE1F98
:107AF000E780C0F88327C40A8C1908188297830688
:107B0000040052860C18881997B0FE1FE78000F712
:107B10008327C40A8C1908188297830404005A86A4
:107B2000D285A686880897B0FE1FE780E0ED09C9D8
:107B30008C08A6864A862E8597B0FE1FE78020E92E
:107B4000830604009008B285881997B0FE1FE7806D
:107B5000E0F28327C40A8C19880882978306040000
:107B60009008DA85881997B0FE1FE78020F18327F7
:107B7000C40A8C195A858297830604009008D2851E
:107B8000881997B0FE1FE78060EF8327C40A8C191D
:107B900052858297A6865686CE854E8597B0FE1F63
:107BA000E78080E609C9A6864A86CE854E8597B0CD
:107BB000FE1FE780C0E1830604004E86CE8588194B
:107BC00097B0FE1FE78080EB8327C40A8C198808D2
:107BD00082978C08A6865A862E8597B0FE1FE7806E
:107BE000A0E209C98C08A6864A862E8597B0FE1F9A
:107BF000E780E0DD8C08A68652862E8597B0FE1FB2
:107C0000E78080E009C98C08A6864A862E8597B051
:107C1000FE1FE780C0DBA6865A86D285528597B0C4
:107C2000FE1FE78060DE09C9A6864A86D285528596
:107C300097B0FE1FE780A0D9830604005286D68540
:107C4000881997B0FE1FE78060E38327C40A8C1968
:107C500056858297A6869008DA85528597B0FE1FD2
:107C6000E78080DA09C9A6864A86D285528597B010
:107C7000FE1FE780C0D5830604005286CE85881992
:107C800097B0FE1FE78080DF8327C40A8C194E85DA
:107C90008297A6865686CE854E8597B0FE1FE780D2
:107CA000A0D609C9A6864A86CE854E8597B0FE1F06
:107CB000E780E0D126868C08528597B0FE1FE780CA
:107CC00020CA830604001018B285881997B0FE1FD9
:107CD000E780C0DA8327C40A8C1988088297830654
:107CE000040090088C18881997B0FE1FE78000D90F
:107CF0008327C40A8C1988188297830604001018F9
:107D00008C08881997B0FE1FE78040D78327C40AE4
:107D10008C19880882978306040090080C1988192A
:107D200097B0FE1FE78080D58327C40A8C190819F5
:107D30008297124562868C1897B0FE1FE78040C27A
:107D4000924722470C1962863385E70097B0FE1FE1
:107D5000E78000C155616F905EF9A685081897B05D
:107D6000FE1FE78040B785473ED82DBADE856E8579
:107D700097B0FE1FE78000BA133A1500B3894C4153
:107D800096099C18B38A37011C19160ABE999C18CB
:107D9000338B4701A6861C195686DA8508083E9A59
:107DA00097B0FE1FE78040C609C90C08A6864A8620
:107DB0002E8597B0FE1FE78080C18306040010085F
:107DC000B285881997B0FE1FE78040CB8327C40A8D
:107DD0008C1908088297830604001008D685881934
:107DE00097B0FE1FE78080C98327C40A8C19568587
:107DF0008297830604001008DA85881997B0FE1F61
:107E0000E780C0C78327C40A8C195A858297A68643
:107E10004E86D285080897B0FE1FE78040BB11E967
:107E200026860C084A8597B0FE1FE780A0A1630A4A
:107E300095010C08A6864A862E8597B0FE1FE7801E
:107E4000A0BCA6864E86D285528597B0FE1FE780DD
:107E5000A0BB09C9A6864A86D285528597B0FE1F67
:107E6000E780E0B6A6865686DA85081897B0FE1F2A
:107E7000E78080B909C90C18A6864A862E8597B076
:107E8000FE1FE780C0B4830604001018CE85881951
:107E900097B0FE1FE78080BE8327C40A8C194E85E9
:107EA0008297A6865A86D685081897B0FE1FE78067
:107EB00000B211E926860C184A8597B0FE1FE780AC
:107EC0006098630A95010C18A6864A862E8597B09D
:107ED000FE1FE78060B3830604005286D2858819AE
:107EE00097B0FE1FE78080B98327C40A8C195A8592
:107EF0008297A6861018DA855A8597B0FE1FE7800C
:107F0000A0B009C9A6864A86DA855A8597B0FE1FB1
:107F1000E780E0ABA6865A86D685880897B0FE1F14
:107F2000E78080AE09C98C08A6864A862E8597B060
:107F3000FE1FE780C0A9830604009008D285881937
:107F400097B0FE1FE78080B38327C40A8C1952853F
:107F50008297A6864E86D285528597B0FE1FE7800F
:107F6000A0AA09C9A6864A86D285528597B0FE1F67
:107F7000E780E0A5830604001008B285881997B051
:107F8000FE1FE780A0AF8327C40A8C198808829758
:107F90008C08A68610182E8597B0FE1FE780C0A615
:107FA00009C98C08A6864A862E8597B0FE1FE780F1
:107FB00000A2A68656868C08081897B0FE1FE78098
:107FC000A0A409C90C18A6864A862E8597B0FE1F64
:107FD000E780E09F8306040010080C18881997B00A
:107FE000FE1FE780A0A98327C40A8C19081882976E
:107FF000A6864E860C184E8597B0FE1FE780C0A05F
:1080000009C9A6864A86CE854E8597B0FE1FE780B1
:10801000009C26868C08568597B0FE1FE78040940A
:10802000830404005A86D685A686880897B0FE1F6A
:10803000E780809D09C98C08A6864A862E8597B060
:10804000FE1FE780C098830604009008B285881957
:1080500097B0FE1FE78080A28327C40A8C19880886
:108060008297830604009008DA85881997B0FE1F6E
:10807000E780C0A08327C40A8C195A85829783069B
:1080800004009008D685881997B0FE1FE780009FEE
:108090008327C40A8C1956858297A6865286CE8578
:1080A0004E8597B0FE1FE780209609C9A6864A86AE
:1080B000CE854E8597B0FE1FE78060918306040051
:1080C0004E86CE85881997B0FE1FE780209B8327B8
:1080D000C40A8C19880882978C08A6865A862E8531
:1080E00097B0FE1FE780409209C98C08A6864A8691
:1080F0002E8597B0FE1FE780808D8C08A686568659
:108100002E8597B0FE1FE780209009C98C08A686AF
:108110004A862E8597B0FE1FE780608BA6865A861A
:10812000D685568597B0FE1FE780008E09C9A686C2
:108130004A86D685568597B0FE1FE780408983061C
:1081400004005686D285881997B0FE1FE7800093F9
:108150008327C40A8C1952858297A6869008DA85EF
:10816000568597B0FE1FE780208A09C9A6864A86F1
:10817000D685568597B0FE1FE7806085830604008C
:108180005686CE85881997B0FE1FE780208F8327FB
:10819000C40A8C194E858297A6865286CE854E8556
:1081A00097B0FE1FE780408609C9A6864A86CE851D
:1081B0004E8597B0FE1FE7808081FD1B26868C08C8
:1081C0005685C20B97A0FE1FE780807993DB0B4199
:1081D0006FF0CFDEEF92BEB05D713284AA841018CA
:1081E000A2862E850C082EC432C6EFE09FCF03571F
:1081F0002400133515009C080A053E95032685FBCF
:1082000005074207A28741878146930544042685D6
:10821000EFF02FC48345040026858605E205E1853D
:1082200097A0FE1FE780E06C1335150061616F9029
:108230005EADEF925EA82E8BAA84B2855A853284F9
:1082400097E9FE1F938989E097A0FE1FE780C06D24
:1082500083A70900B1C7131A5400931B24003305E8
:10826000AA401389CBFF7D5A2699335AAA00930A54
:108270000004054C83A70900DE85268582970DC181
:1082800083270900A2852685B3F747012320F9003B
:1082900097A0FE1FE780E06519C5FD1AE39C0AFC64
:1082A00001456F90DEA42286A6855A8597A0FE1F01
:1082B000E7808079E31385FF0545E5B7EF929EA03F
:1082C000AA892E89B28413040004130A0002930AB7
:1082D000460203962400D6854A857D06334646032A
:1082E00062066186EFF0FFF409C92686CA854E85CD
:1082F000EFF05FEE11E57D1469FC01456F90DE9FA4
:108300000545EDBFEF921E9C0389160035710010E4
:108310002A8B130A01042285B2894A86B684838A8D
:10832000060022CC52CEEFE07FB513161900DA8595
:108330008810EFE0BFB4A2852285A6865286EFE0C2
:108340005FBA97E7FE1F938767D09C432A849DC33B
:10835000931725001811BA9783A687F75686938539
:108360004400368536C6EFF0DFECB24609E50D6114
:108370006F909E98814603D72400133414001C117B
:108380000A043E94032684F705078C104207A6874B
:1083900041872E85EFF0EFAB4A868C104E85EFE0DB
:1083A000FFAD83C5040088108605E205E18597A02E
:1083B000FE1FE78000541335150055BF17B5FE1F8B
:1083C000130505D8828011CE93070002918F635B5D
:1083D000F000B395C500B357F5003316C500DD8D29
:1083E00032858280930506FE0146B315B5003285BD
:1083F000CDBF014863C6050E63DB06003306C040EF
:10840000B337C000B306D0401348F8FF9D8EB6873F
:108410003283AA8EAE886391061863FCC50C41674F
:108420006361E61EB70700016365F6369356860161
:10843000E147173700001307276C369703470700FB
:10844000BA97130700021D8F19CBB395E500B357F8
:10845000F5003313E600B3E8B700B31EE50013568A
:108460000301B3D7C80293160301C18213D70E01CB
:10847000B3F5C8023385F602C205B3E8E50063FA36
:10848000A8009A981387F7FF63E4680063E9A832AD
:10849000BA87B388A840B3D5C802C20E93DE0E01D6
:1084A000B3F8C802B386B602C208B3E8D80163FBCA
:1084B000D8009A981387F5FF63E56800F91563E320
:1084C000D800BA85139507014D8D814563090800D1
:1084D0003305A040B337A000B305B0409D8D828026
:1084E0003305A040B337A000B305B0409D8D7D5843
:1084F00021B701E605433353D3024167636AE30EB4
:10850000B7070001636BF32893568301E1471737E0
:1085100000001307675E369703470700BA971307F3
:1085200000021D8F65EB93180301B3866540135F4E
:10853000030193D80801854513D70E01B3D7E6038D
:10854000B3F6E60333861703C206558F637AC70076
:108550001A979386F7FF636467006365C726B6873B
:10856000118FB356E703C20E93DE0E013377E70394
:10857000B388160342073367D701637B17011A9745
:108580001386F6FF63656700F91663631701B28609
:1085900013950701558D1DBF63E1D504C16763E1E4
:1085A000F604B707000163E2F61E93D8860161471F
:1085B0009737000093874754C69703C30700930774
:1085C00000023A93B3876740E9EB63ECB61C33359E
:1085D000C500134515008145D5BD81450145FDB553
:1085E0009307F00F63F2D71C93D886002147C9B7D1
:1085F0001307F00F9A86E37C67F093568300A14738
:1086000039B71307F00FB286E375C7E293568600B9
:10861000A14705B53313E30033D6F500135F03011B
:10862000335EE603B396E500B357F500DD8E93188D
:10863000030193D80801B31EE50093D50601B37773
:10864000E6033387C803C207CD8F63FBE7009A9721
:108650001306FEFF63E3671663F1E716791E9A9728
:10866000998F33D6E703139706014183B3F7E703E6
:108670003385C80293960701D98E63FBA6009A96AC
:108680009307F6FF63E7661263F5A61279169A96CA
:1086900093150E01898ED18D45B533576600B3967B
:1086A000F600D98EB3D8650013DF0601B3DEE80308
:1086B000139E060133536500135E0E01B395F5005A
:1086C000B365B30013D705013316F600B3F8E8031A
:1086D0003303DE03C20833E7E800637B67003697A5
:1086E0009388FEFF6369D70C6377670CF91E369792
:1086F000330767403353E703C205C1813377E7038C
:10870000B3086E024207D98D63FB1501B6951307B6
:10871000F3FF63EED50863FC15097913B695C20E15
:10872000416FB3EE6E001307FFFFB3F6EE0013D3F5
:108730000E01718F4182338EE602B3851541B386F7
:10874000C60293580E013307E302BA96C696330663
:10875000C30263F3E6007A9613D306011A9663E226
:10876000C5026385C500768581458DB341677D1758
:10877000F98EC206337EEE00B317F500F296E3F4ED
:10878000D7FE1385FEFF814591B393D8060141477B
:1087900005B593560601C14769B993560301C14710
:1087A000BDB3814505451DB3B688014711B53A8370
:1087B000BDB73E86F1BDC68E25BF328E55B5F917C1
:1087C0009A98C1B9F9171A9761BB01476314E6007B
:1087D00001458280B307E5000507B386E50083C73E
:1087E000070083C6F6FFE383D7FE3385D740828038
:1087F000B3C7A5008D8B3307C50081E78D4763EEB6
:10880000C700AA876370E50A83C60500850785054A
:10881000A38FD7FEE3EAE7FE828093763500AA872E
:1088200091CA83C6050085078505A38FD7FE93F6F9
:108830003700FDB79376C7FF138606FE63F0C706C1
:1088400083A3050083A2450083AF850003AFC50065
:1088500083AE050103AE450103A3850183A8C501CD
:108860009385450223A0770003A8C5FF23A25700E4
:1088700023A4F70123A6E70123A8D70123AAC70150
:1088800023AC670023AE17019387470223AE07FF8F
:1088900075B790419107910523AEC7FEE3EBD7FE74
:1088A000E3E4E7F6828039713EDA2ED232D436D64E
:1088B0003AD842DC46DE97B7FE1F9387E79C22CC6E
:1088C000804326CA06CEAA8409C41C4C99E322859B
:1088D000712D0C4454102686228536C6EF00F068B0
:1088E000F2406244D24421618280011197B7FE1F99
:1088F0009387879922CC804306CEAA8519C41C4C45
:1089000089E72AC622859D25B24510442285624406
:10891000F24005616F10A04A011126CA4AC806CE6E
:1089200022CC4EC652C4AA842E8901C51C4D91E3A7
:10893000352D9C4C804499E326850D2D97370000FA
:108940009387872D631CF402C0408357C400A18B1A
:10895000B1C71C48A1C7FD59294A1C4483450900D9
:10896000FD17B1E91CC463DE07062286A9452685EA
:10897000C12AFD576308F502294535A09737000045
:108980009387872B6314F4008044C1B797370000A6
:1089900093878726E31BF4FAC04445BFA28526854A
:1089A000852455D97D55F2406244D2444249B249AA
:1089B000224A056182801CC4050963D70700184C50
:1089C00063CBE700638945011C401387170018C07B
:1089D0002380B70059B7228626859D22E31F35F7ED
:1089E000D1B71C401387170018C029472380E70020
:1089F00061B797B7FE1F93872789AA8588436FF0D1
:108A0000BFF1411197B7FE1F9387078822C48043A7
:108A100006C61C5C9DEB6145EF00E07CB737CDAB33
:108A200008DC9387E7301CC1B7176DE693874723AF
:108A30005CC1B7E705009387C7EE1CC5AD47231699
:108A4000F5000547814718C95CC9105C3787954C0C
:108A5000B7F75158144A484A1307D7F29387D742B9
:108A6000B387F602B24022443305E5023E95B38750
:108A7000E60233B7E6029386170014CA2A9733B585
:108A8000F6003A9548CA0605058141018280357194
:108A90003ECBA6DA36C73AC942CD46CF97A7FE1FCE
:108AA0009387877E86DEA2DC844363DB0500930721
:108AB000B0089CC07D55F6506654D6540D61828036
:108AC00093078020231AF1002AC42ACC814799C138
:108AD0009387F5FF3EC83ECE7401FD572E84268550
:108AE0002C00231BF10036C2EF005019FD576355CF
:108AF000F5009307B0089CC05DDCA2472380070007
:108B00005DBFAA87850703C7F7FF6DFF3385A740C1
:108B10007D15828005C67D160147B307E500B38643
:108B2000E50083C7070083C606006396D700630489
:108B3000C7000507FDF33385D74082800145828059
:108B4000011122CC26CA4AC806CE4EC6AA842E8956
:108B5000328401C51C4D91E311299737000093879A
:108B6000A70B6319F406C0401C4C1CC48357C400F7
:108B7000A18BC9C31C48BDCF1C4808409379F90F8D
:108B80001379F90F1D8D5C486346F500A285268593
:108B9000752C2DE51C440505FD171CC41C401387CE
:108BA000170018C0238037015C486389A7008357EA
:108BB000C400858B81CBA9476316F900A285268561
:108BC00071240DEDF24062444A85D2444249B249D3
:108BD0000561828097370000938707066314F400CD
:108BE000804459B79737000093870701E31EF4F6D6
:108BF000C0449DBFA285268521203DDD7D59D9B782
:108C0000411197A7FE1F9387276826C2844322C479
:108C10004AC006C62A892E8489C49C4C99E32685BD
:108C2000B12697370000938727FF631CF402C040EA
:108C30000317C40093170701C18393F68700B5EEAD
:108C400093F607019DEEA5472320F900136707045B
:108C50002316E4007D55B24022449244024941016A
:108C6000828097370000938727FD6314F4008044C7
:108C7000C1B797370000938727F8E31BF4FAC04485
:108C800045BF918B8DC74C5889C9930744046384B1
:108C9000F5004A858523232A04028357C400232232
:108CA000040093F7B7FD2316F4001C481CC083573B
:108CB000C40093E787002316F4001C4881EF835714
:108CC000C4001307002093F707286385E700A285F7
:108CD0004A8595298357C40013F7170005C75C48D8
:108CE00023240400B307F0401CCC1C480145A5F721
:108CF0008317C40013F7070839DF93E70704231627
:108D0000F40089BF898B014791E3584818C4F1BF2B
:108D100083D7C500011122CC26CA06CE4AC84EC64A
:108D200013F78700AA842E8471EFD841634DE000C9
:108D3000B841634AE0000145F2406244D2444249EE
:108D4000B2490561828058547DD703A904009396E7
:108D5000370123A0040063DD060670488357C40072
:108D6000918B99C75C401D8E5C5899C33C401D8E09
:108D70005C540C50814626858297FD570357C400EA
:108D8000631DF5009440F54763E8D706B707402018
:108D90008507B3D7D700858BA5C31C4823220400C1
:108DA0001CC09317370163D80700FD576314F50003
:108DB0009C4091E368C84C5823A02401ADDD930783
:108DC00044046384F50026853521232A0402A5B7CF
:108DD0000C500146854626850297FD572A86E31FDB
:108DE000F5F69C40A5DF75476385E7005947639416
:108DF000E70423A0240181B7136707042316E400C6
:108E00007D551DBF83A90501E38709F203A905006C
:108E10008D8B23A0350133093941014791E3D849AE
:108E200018C4E35A20F11C540C50CA864E8626857D
:108E300082976349A0008357C40093E70704231671
:108E4000F4007DBFAA993309A940E1BF9C49A5C39D
:108E5000011122CC06CE2A8411C51C4D81E72EC6F5
:108E60003122B24597370000938707DB639CF500FA
:108E70004C408397C5009DC722856244F24005613E
:108E80006FF01FE997370000938707DB6394F500C5
:108E90000C44C5B797370000938707D6E39BF5FCD2
:108EA0004C44C1BFF24062440145056182800145E6
:108EB0008280411122C406C62A842316B5002317D6
:108EC000C5002320050023220500232405002322BA
:108ED000050623280500232A0500232C050021462A
:108EE00081451305C505EF809EE297170000938723
:108EF000C7F85CD097170000938727FB1CD49717FF
:108F00000000938767FF5CD49717000093872702C0
:108F100000D01CD8B2402244410182809705000055
:108F2000938505F3B1AA411126C2130680069384E6
:108F3000F5FFB384C4024AC02E8922C406C69385B5
:108F400044078D262A8401CD2320050023222501F4
:108F5000310508C4138684068145EF805EDB2285D7
:108F6000B240224492440249410182801C4DB5E73F
:108F7000411106C622C497070000938767FA1CD5E3
:108F8000973700009387C7D69C43232405042326E4
:108F90000504232805046314F50085471CCD2A84A5
:108FA000352848C022851D2808C42285052848C4C4
:108FB000484001469145EFF0DFEF08440546A545DE
:108FC000EFF03FEF48440946C945EFF09FEE854773
:108FD0001CCCB240224441018280828041119737EB
:108FE00000009387E7D026C284434AC006C69C4C43
:108FF00022C42A8981E72685EFF05FF793848404F1
:109000008044DC40FD1763D607009C40B9CF844004
:10901000C5BF0317C40039E7C177850723220406BB
:109020002320040023220400232404005CC42328FA
:109030000400232A0400232C040021468145130543
:10904000C405EF80DECC232A0402232C040223244F
:109050000404232604042285B24022449244024997
:10906000410182801304840671BF91454A85EFF067
:109070009FEB88C049FDB1472320F9000144E1BFBF
:10908000797122D44AD052CC56CA5AC85EC606D686
:1090900026D24ECE2A8AAE8A130485040149054B96
:1090A000FD5B09ECB25022544A8592540259F249B0
:1090B000624AD24A424BB24B4561828004448329C2
:1090C0004400FD1963D409000040E1BF83D7C40008
:1090D000637BFB008397E40063877701A685528555
:1090E000829A3369A90093848406E1BF1971A6DAD4
:1090F000AE848395E500A2DC86DE328463DC050065
:1091000083D7C40023A0060093F7070885E79307D9
:1091100000401DA0300836C6EF00F067B246E341BC
:1091200005FE7247BD67F98F7977BA9793B7170035
:109130009CC2F1BF930700041CC0F6506654D6547D
:1091400001450961828083D7C500011122CC06CE7A
:1091500026CA4AC8898B2E8489CF930774041CC001
:109160001CC885475CC8F2406244D244424905614C
:10917000828074003000AA84EFF05FF7A2452A894C
:1091800026850D2201ED8317C40013F7072061FF28
:10919000F19B93E727002316F400C1B7970700005F
:1091A000938707D89CD48357C40008C008C893E7A6
:1091B00007082316F400A2475CC8B24791CF831575
:1091C000E4002685EF00506001C98357C400F19B7D
:1091D00093E717002316F4008357C4003369F9009E
:1091E0002316240149B797A7FE1F9387E709AA858D
:1091F00088434DA8DDC583A7C5FF411122C406C61B
:1092000026C21384C5FF63D307003E94AA84EF00EF
:10921000306897A7FE1F9387A7109C4391EF2322E6
:10922000040097A7FE1F23AD870E2244B240268577
:10923000924441016F00F065637EF40014403307EF
:10924000D4006396E7009843DC43369718C05CC0AF
:10925000C9BFBA87D84319C3E37DE4FE944333867C
:10926000D700631F86001040B29694C33386D700A0
:10927000E31DC7FA10435843B29694C3D8C375B7D9
:109280006375C400B1479CC04DB71040B306C4001D
:109290006316D70014435843B29614C058C0C0C3D5
:1092A00069B78280011126CA93843500F19806CEF1
:1092B00022CC4AC84EC6A104B14763FBF404B144B2
:1092C00063EAB4042A89EF00B05C97A7FE1F938776
:1092D000270598433A8429E897A7FE1F93878704B8
:1092E0009C4389EB81454A85EF00D03597A7FE1F47
:1092F00023AAA702A6854A85EF00D034FD59631B37
:109300003507B1472320F9004A85EF00905829A07E
:10931000E3D804FAB1471CC10145F2406244D2448B
:109320004249B249056182801C40858F63C10704B0
:10933000AD4663F6F6001CC03E9404C001A85C4034
:109340006315870217A7FE1F232CF7FC4A85EF0041
:1093500050541305B4009307440061993307F54056
:109360004DDF3A94898F1CC04DBF5CC3C5B72287BF
:10937000404095B7130435007198E30085FCB305B0
:10938000A4404A85EF00102CE31935FB9DBF011165
:109390004AC803A9850022CC52C45AC006CE26CAA8
:1093A0004EC656C22E84328B368A63EE260983D788
:1093B000C50013F7074851C704408C495848AA8A8A
:1093C000B389B4408D44B384E4020947B3C4E402D2
:1093D000138716004E9763F3E400BA8493F70740AF
:1093E000D9C3A6855685EFF0FFEB2A890DE5B14775
:1093F00023A0FA008357C4007D5593E70704231682
:10940000F400F2406244D2444249B249224A924AAC
:10941000024B056182800C484E86EFF06FBD83578A
:10942000C40093F7F7B793E707082316F40023283F
:10943000240144C84E99B38434412320240104C438
:10944000528963732A01528908404A86DA85EF00FF
:10945000903F1C440145B38727411CC41C403E99E2
:109460002320240179BF26865685EF00B0422A8941
:109470005DFD0C485685EFF0FFD795BF83D7C5003B
:10948000717126D34AD14ECF06D722D552CD56CBB5
:109490005AC95EC762C566C393F70708AA892E89B1
:1094A000B284B9C39C49A9E39305000436C6EFF022
:1094B0007FDF2320A9002328A900B24615E1B14788
:1094C00023A0F9007D55BA502A549A540A59FA49F2
:1094D0006A4ADA4A4A4BBA4B2A4C9A4C4D6182800E
:1094E00093070004232AF90093070002A30CF1025A
:1094F0009307000302DA230DF10236CE930B5002DC
:10950000972A0000938A4A75054C294B2684834785
:10951000040099C3639D7709B30C9440638E0C00DB
:10952000E6862686CA854E85EFF07FE6FD57630402
:10953000F51AD256E69636DA83470400638D07188B
:10954000FD579304140002D002D63ED202D4A301E8
:10955000010682DC83C5040015465685EF00102DF8
:1095600013841400825731E513F7070109C7130765
:109570000002A301E10613F7870009C71307B00231
:10958000A301E10683C604001307A002638BE60271
:10959000B2572684814625460347040093051400EC
:1095A000130707FD6374E6068DC63ED61DA00504AD
:1095B000B9BF330555413315AC00C98F3ED0A284E5
:1095C00051BF724793064700184336CE63490702DE
:1095D0003AD6034704009307E002631FF7040347EA
:1095E00014009307A002631BF702F24709041387D4
:1095F00047009C433ACE63C107023ED235A83307E9
:10960000E04093E727003AD63ED0E1B7B38767033F
:1096100085462E84BA9749B7FD57C5B7050402D2CF
:10962000814681472546034704009305140013072C
:1096300007FD6378E606F1F2834504000D46172521
:1096400000001305E561EF00701E11CD97270000A3
:10965000938707611D8D93070004B397A7000255F8
:1096600005045D8D2AD083450400194617250000A6
:109670001305455F93041400230CB102EF00101B87
:1096800025C59777FEFF9387E79795E70257F2473F
:109690001377071009CF91073ECED257D2973EDA03
:1096A000B5B5B387670385462E84BA97ADBF9D07CE
:1096B000E19BA107D5B7780897060000938666CD91
:1096C0004A860C104E8597000000E7000000FD5709
:1096D0002A8AE314F5FC8357C9007D5593F70704E4
:1096E000E39307DE5255C5B37808970600009386CA
:1096F00046CA4A860C104E853129D1BF1C46FD173B
:109700001CC663DA0700184E63C5E700A9476394D7
:10971000F5006FF0EFC21C422E851387170018C2A8
:109720002380B7008280011122CC26CA4AC84EC6C7
:1097300052C406CE2A89AE893284B304D6007D5A3B
:1097400063149400014511A8834504004E864A85A0
:10975000EFF0DFFA0504E31545FFF2406244D2441E
:109760004249B249224A05618280357122CD26CB19
:109770004AC94EC706CF52C556C35AC1DEDEE2DC27
:10978000E6DAAA89AE843289368409C51C4D99E38C
:10979000EFF0CFFD9727000093870748639DF40CF7
:1097A00083A4490083D7C400A18BE5CB9C48F5C7AF
:1097B00093070002A304F1029307000302D22305DA
:1097C000F10222C6930B5002972A0000938ACA48DE
:1097D000054C294B4A848347040099C36392770F51
:1097E000B30C2441638E0C00E6864A86A6854E851E
:1097F000EFF07FF3FD576307F51E9256E69636D2DB
:10980000834704006380071EFD571309140002C834
:1098100002CE3ECA02CCA309010482D483450900CA
:1098200015465685EF00900013041900C24759E908
:1098300013F7070109C713070002A309E10413F78F
:10984000870009C71307B002A309E1048346090092
:109850001307A0026380E608F2474A848146254642
:109860000347040093051400130707FD6379E60A14
:10987000B5CA3ECE85A8972700009387E73B63953E
:10988000F40083A4890039BF972700009387C73667
:10989000E39AF4F083A4C90031B7A6854E85EFF0B2
:1098A0002FB619D57D55FA406A44DA444A49BA4977
:1098B0002A4A9A4A0A4BF65B665CD65C0D61828046
:1098C000050411BF330555413315AC00C98F3EC89F
:1098D0002289A9B7324793064700184336C6634921
:1098E00007023ACE034704009307E002631FF70420
:1098F000034714009307A002631BF702B247090451
:10990000138747009C433AC663C107023ECA35A885
:109910003307E04093E727003ACE3EC8E1B7B3876C
:10992000670385462E84BA9725BFFD57C5B7050442
:1099300002CA814681472546034704009305140067
:10994000130707FD6376E606F1F2834504000D4632
:10995000172500001305C530D12D11CD9727000024
:10996000938707301D8D93070004B397A7004245E6
:1099700005045D8D2AC8834504001946172500009B
:109980001305452E130914002304B10245253DC1DA
:109990009767FEFF9387076795E74247B2471377BC
:1099A000071009CF91073EC69257D2973ED21DB5F8
:1099B000B387670385462E84BA97BDBF9D07E19B99
:1099C000A107D5B7780097060000938606D62686AD
:1099D0000C084E8597000000E7000000FD572A8A1A
:1099E000E314F5FC83D7C40093F70704E39C07EA6C
:1099F000125555BD780097060000938606D326863B
:109A00000C084E85012AD9BF797156CA9C49BA8A79
:109A1000984522D426D24ECE52CC06D64AD05AC829
:109A20005EC6AA892E84B284368A63D3E700BA87D9
:109A30009CC00347340419C385079CC01C4093F79E
:109A4000070281C79C4089079CC003290400137941
:109A50006900631A0900130B9401FD5B5C44984094
:109A6000998F634CF9041C408346340493F7070232
:109A7000B336D000A5EB13063404D2854E85829A06
:109A8000FD576303F5041C4011469840998B5444DC
:109A900081446397C700B384E64063D304008144E4
:109AA0001C4418486354F700998FBE940149690417
:109AB0007D5B63982405014509A885465A86D285B1
:109AC0004E85829A631E75017D55B2502254925480
:109AD0000259F249624AD24A424BB24B45618280F6
:109AE0000509ADBF3307D40013060003A301C70463
:109AF0000347540493871600A2978906A381E704BD
:109B00009DBF85462286D2854E85829AE30E65FBEF
:109B1000050945B7797122D426D24AD04ECE06D651
:109B200052CC56CA5AC8B68983C685019307900697
:109B30003289AA842E8413863504638DF60263E28B
:109B4000D706930780056388F61863EDD700638115
:109B5000062293073004638EF60A930A2404230135
:109B6000D404C9A0930730066385F60A930740061C
:109B7000E395F6FE1C40084393F60708930545005D
:109B8000C5C61C410CC363D807001307D002B30736
:109B9000F040A301E404972600009386260D294790
:109BA0006DA8930700076384F61663E5D702930751
:109BB000E006638BF6189307F006E390F6FA0C4084
:109BC0001C4313F80508138547006307080608C3FC
:109BD0009C438DA893075007E383F6FE9307800705
:109BE000638BF61293073007E399F6F61C43D041D6
:109BF00081459386470014C383AA070056853D21FB
:109C000001C53305554148C05C401CC8A30104048C
:109C100071A81C43930A2404938647009C4314C3F1
:109C20002301F4048547D5B793F607041C410CC300
:109C3000B9DAC207C18781BF93F5050408C3C9D942
:109C400083D707001307F0066388E60E9726000007
:109C50009386C6012947A30104044C400CC463C584
:109C6000050008406D9908C099E3B28A91CDB28A87
:109C7000B3F5E702FD1AB69583C505002380BA0047
:109C8000B3D5E70263F0E70CA147631EF7001C4061
:109C9000858B91CB58401C4863C7E70093070003AE
:109CA000A38FFAFEFD1A3306564110C84E87CA86A6
:109CB0007000A2852685EFF03FD57D5A631E450BC7
:109CC0007D55B250225492540259F249624AD24A06
:109CD000424B45618280A382D5049726000093867B
:109CE000E6F80C40084313F805081C411105630D04
:109CF000080208C313F7150001C793E505020CC05D
:109D00004147B1FB0C4093F5F5FD0CC0A9B79C4150
:109D100093E707029CC193078007A302F4049726E8
:109D200000009386E6F575BF13F8050408C3E30346
:109D300008FCC207C1837DBF97260000938606F307
:109D4000214711BFAE872DB794411C43CC4913F86E
:109D50000608138547006306080008C39C438CC3AC
:109D600001A808C393F606049C43F5DA2390B700D4
:109D700023280400B28A1DBF14485686CA8526854A
:109D80008299E30F45F31C40898B8DE7B247484425
:109D9000E359F5F23E8535B785465686CA85268550
:109DA0008299E30F65F1050A5C443247998FE345D8
:109DB000FAFEE9BF014A930A94017D5BF5B70111F0
:109DC00022CC06CE2A8409C91C4D99E732C62EC47E
:109DD000EFF0CF993246A245972700009387C7E35B
:109DE0006316F60250401C46FD171CC663D00704DC
:109DF000184E63C7E70093F7F50F29476398E7020A
:109E000022856244F24005616FE09FD397270000EE
:109E1000938787E26314F6001044F1B79727000098
:109E2000938787DDE311F6FC504475BF1C4213F5A0
:109E3000F50F1387170018C22380B700F240624461
:109E400005618280411122C42A842E8597C7FE1F96
:109E500023A0072006C6EF805EDDFD576319F500DD
:109E600097C7FE1F9387C71E9C4391C31CC0B24077
:109E7000224441018280411122C42E848395E50051
:109E800006C6AD24634905007C48AA977CC8B24049
:109E90002244410182808357C4007D777D17F98F6A
:109EA0002316F400EDB783D7C500011122CC26CAD2
:109EB0004AC84EC606CE93F70710AA842E8432896C
:109EC000B68991C78395E5008946014635228357B7
:109ED000C4007D777D17F98F2316F4008315E40005
:109EE0006244F240CE864A86B24942492685D2442F
:109EF00005613DA8411122C42E848395E50006C664
:109F0000E528FD570357C400631BF500FD77FD17D7
:109F1000F98F2316F400B240224441018280856704
:109F2000D98F2316F40068C8FDB78395E50025A8EE
:109F3000411122C42A842E85B285368697C7FE1F1A
:109F400023A8071006C6EF80DECBFD576319F50086
:109F500097C7FE1F9387C70F9C4391C31CC0B24095
:109F6000224441018280411122C42A842E8597C750
:109F7000FE1F23AF070C06C6752AFD576319F500AF
:109F800097C7FE1F9387C70C9C4391C31CC0B24068
:109F9000224441018280411122C42A842E85B28547
:109FA00097C7FE1F23A6070A06C6692AFD5763192D
:109FB000F50097C7FE1F9387A7099C4391C31CC058
:109FC000B240224441018280411122C42A842E855C
:109FD00097C7FE1F23AE070606C6AD2AFD576319B5
:109FE000F50097C7FE1F9387A7069C4391C31CC02B
:109FF000B240224441018280411122C42A842E852C
:10A00000B285368697C7FE1F23A4070406C6992A81
:10A01000FD576319F50097C7FE1F938767039C439D
:10A0200091C31CC0B24022444101828093F5F50FD8
:10A030002A966314C5000145828083470500E38D9D
:10A04000B7FE0505FDB763F3A504B386C500637FBE
:10A05000D5029345F6FF8147FD176393F500828093
:10A060003387F600034807003387C7002A97230089
:10A070000701DDB73387F500834607003307F50096
:10A0800085072300D700E317F6FE82808147E5BFEE
:10A090008280828081E5B2856FF0CFA0011122CC51
:10A0A00006CE26CA4AC84EC6328401EEEFF08F941F
:10A0B0000149F24062444A85D2444249B2490561AD
:10A0C0008280AE84AA89A9282689E37485FEA285A8
:10A0D0004E85EFF02F9D2A8969DDA6852286EFE067
:10A0E0002FF1A6854E85EFF0EF90E1B7411122C424
:10A0F0002A842E85B285368697C7FE1F23AA07F4C9
:10A1000006C68D28FD576319F50097C7FE1F938774
:10A1100027F49C4391C31CC0B24022444101828079
:10A1200083A7C5FF1385C7FF63D50700AA959C4188
:10A130003E9582809307800517C7FE1F232AF7F0FC
:10A140007D5582809307800517C7FE1F2322F7F0F5
:10A150007D5582809307800517C7FE1F232AF7EEDF
:10A16000014582809307800517C7FE1F2322F7EE63
:10A170007D5582809307800517C7FE1F232AF7ECC1
:10A180007D558280696436340100000069643601BF
:10A19000AA88FEFFD288FEFFFA88FEFF1289FEFF22
:10A1A0002C89FEFF3C89FEFF6489FEFF8C89FEFF3F
:10A1B000A489FEFFBE89FEFFFE00657870657269A6
:10A1C0006D656E74616C0000626C656465732E630E
:10A1D0006F6D00004D6F64656C204E756D62657229
:10A1E0000000000053657269616C204E756D6265F8
:10A1F000720000004A8FFEFF708FFEFF8A8FFEFF05
:10A20000A48FFEFFC28FFEFF73696D706C65507284
:10A210006F66696C655F57726974654174747243E7
:10A22000420000004150505F4442472025733E20C9
:10A230000000000073696D706C6550726F66696C28
:10A24000655F5772697465417474724342206C652E
:10A250006E3A20256400000043483539785F424C4F
:10A26000455F4C49425F56312E330000686561649A
:10A270002066696C65206572726F722E2E2E00004A
:10A280004C494220696E6974206572726F72206356
:10A290006F64653A202578202E2E2E0A00000000DB
:10A2A0002A20000062A0FEFF84A6FEFF6EA1FEFF32
:10A2B00062A2FEFF26A3FEFF22A4FEFF02A5FEFF70
:10A2C00084A6FEFF48A6FEFF84A6FEFF84A6FEFF2E
:10A2D00084A6FEFF84A6FEFF84A6FEFF84A6FEFFE2
:10A2E00084A6FEFF84A6FEFF84A6FEFF84A6FEFFD2
:10A2F00084A6FEFF84A6FEFF84A6FEFF84A6FEFFC2
:10A3000084A6FEFF84A6FEFF84A6FEFF84A6FEFFB1
:10A3100084A6FEFF84A6FEFF84A6FEFF84A6FEFFA1
:10A3200084A6FEFF529FFEFFC6A0FEFF02A1FEFF15
:10A33000A6A1FEFF96A2FEFF66A3FEFF46A4FEFFB7
:10A3400042A5FEFF92A5FEFFE0A7FEFFCCA8FEFF00
:10A3500032A9FEFFEAADFEFFE4A9FEFF88AAFEFFD8
:10A3600012ABFEFFB6ABFEFF2EACFEFF98ACFEFFBD
:10A37000F8ACFEFFEAADFEFFEAADFEFFEAADFEFF80
:10A38000EAADFEFF9CADFEFF556E61626C65207309
:10A39000657420617070206B657900006C636F617B
:10A3A0006C20617070206B65792061646465640065
:10A3B0006C636F616C20617070206B6579206269DD
:10A3C0006E6465640000000053656C66205072691D
:10A3D000766973696F6E696E6720286572722025D1
:10A3E0006429000044656C657465206E6F646520A7
:10A3F0006661696C6564200044656C657465206CF9
:10A400006F63616C206E6F646500000044656C656D
:10A4100074652073746F726564206E6F6465206963
:10A420006E666F20636F6D706C6574650000000070
:10A4300041736B20737461747573206E6F64652053
:10A440006661696C656420004F54412075706461D9
:10A450007465206E6F6465206661696C65642000B8
:10A4600053657420737562206E6F64652066616940
:10A470006C65642000000000434D443A20257800BC
:10A48000507269766973696F6E696E6720696E666E
:10A490006F2064617461206572722100736574209D
:10A4A000697620307825782C20666C6167202564D9
:10A4B0002000000061736B20697620307825782CAD
:10A4C00020666C6167202564200000005072697668
:10A4D0006973696F6E696E6720646174612065726B
:10A4E00072210000434D445F44454C4554455F4E46
:10A4F0004F4445202578200064656C6574652066AE
:10A5000061696C656420256400000000434D445F70
:10A5100041534B5F5354415455532025782000003C
:10A5200061736B5F737461747573206661696C65C8
:10A530006420256400000000434D445F5452414EA6
:10A540005346455220257820000000007472616E49
:10A5500073666572206661696C656420256400001D
:10A56000434D445F494D4147455F494E464F202585
:10A5700078200000696D61676520696E666F2066EE
:10A5800061696C656420256400000000434D445FF0
:10A59000555044415445206C656E3A2025640000B6
:10A5A000757064617465206661696C6564202564FA
:10A5B00000000000766572696679206661696C65E5
:10A5C0006420256400000000656E64206661696C8B
:10A5D0006564202564000000434D445F5345545F8B
:10A5E00053554220257820007365742073756220CE
:10A5F0006661696C65642025640000006C6F6361AE
:10A600006C20726573657420646174612065727278
:10A61000210000004C6F63616C206D6573682072CF
:10A62000657365740000000044656C657465206E98
:10A630006F6465206461746120657272210000009E
:10A64000726563656976652064656C657465206311
:10A650006D642C2073656E642061636B20616E6491
:10A660002073746172742064656C657465206E6F0C
:10A6700064652064656C61790000000073656E6438
:10A680002061636B206661696C656420256400004D
:10A6900073656E6420746F20616C6C206E6F6465EE
:10A6A00020746F206C6574207468656D2064656C1F
:10A6B0006574652073746F72656420696E666F20BF
:10A6C0000000000044656C657465206E6F64652051
:10A6D00061636B2064617461206572722100000007
:10A6E00044656C657465206E6F646520636F6D7082
:10A6F0006C6574650000000044656C657465206ECF
:10A700006F646520696E666F206461746120657294
:10A710007221000061736B2073746174757320641F
:10A7200061746120657272210000000061736B200A
:10A7300073746174757320636F6D706C65746500FC
:10A740007472616E736665722064617461206572F3
:10A750007221000052656365697665207472616ECE
:10A760007320646174612C206C656E3A202564004E
:10A770007472616E73666572207265636569766571
:10A78000206461746120657272210000696D6167E7
:10A790006520696E666F2064617461206572722144
:10A7A00000000000696D61676520696E666F206159
:10A7B000636B206661696C6564202564000000009D
:10A7C000696D61676520696E666F2061636B2064E7
:10A7D000617461206572722100000000757064610F
:10A7E000746520646174612065727221000000004C
:10A7F0004941505F50524F4D3A2025303878206CF7
:10A80000656E3A2564200D0A000000004941505F42
:10A8100050524F4D20657272200D000075706461BA
:10A8200074652061636B206661696C6564202564D2
:10A83000000000007570646174652061636B2064C2
:10A840006174612065727221000000007665726992
:10A8500066792064617461206572722100000000D5
:10A860004941505F5645524946593A20253038787B
:10A87000206C656E3A2564200D0A00004941505F46
:10A8800056455249465920657272200D000000005D
:10A890007665726966792061636B206661696C65B3
:10A8A0006420256400000000766572696679206185
:10A8B000636B206461746120657272210000000086
:10A8C000656E64206461746120657272210000000D
:10A8D0004941505F454E44200D00000073657420CF
:10A8E00073756220646174612065727221000000DA
:10A8F000736574207375622061636B206661696C97
:10A9000065642025640000007365742073756220FF
:10A9100061636B20646174612065727221000000C4
:10A92000496E76616C696420434D4420000000004C
:10A930006C636F616C207375622061646472206166
:10A9400064646564000000006C636F616C20737563
:10A950006220616464722064656C657465640000E3
:10A960006170705F70726F765F6174746E5F6F6E2E
:10A97000000000006170705F70726F765F617474C8
:10A980006E5F6F66660000006C696E6B5F6F70656E
:10A990006E0000006C696E6B5F636C6F7365000026
:10A9A00070726F765F636F6D706C65746500000028
:10A9B00070726F765F726573657400006366675FBF
:10A9C0006C6F63616C5F6E65745F696E666F0000CB
:10A9D0006366675F7372765F7273705F68616E64DF
:10A9E0006C6572006366675F636C695F7273705F4A
:10A9F00068616E646C65720076656E646F725F6D1F
:10AA00006F64656C5F7372765F7273705F68616E9E
:10AA1000646C657200000000626C656D6573685F50
:10AA20006F6E5F73796E63004170705F50726F6319
:10AA30006573734576656E74000000004170705F49
:10AA40007472616E735F6D6F64656C5F726576655D
:10AA500069766564000000004170705F706572691E
:10AA600070686572616C5F726576656976656400B1
:10AA70004D6573685F53656E645F44617461000087
:10AA8000D70700000000000001000000902E002009
:10AA9000384200200000000000000000000000001C
:10AAA00000000000000000000000000000000000A6
:10AAB0000000000000000000000000000000000096
:10AAC0000000000048380000DC3D0000163E000099
:10AAD00000000000CE3800006170705F70726F7609
:10AAE0005F6174746E5F6F66660000006170705F16
:10AAF00070726F765F6174746E5F6F6E000000003D
:10AB00004D4553485F4C49425F56312E3700000097
:10AB1000556E61626C652073657420636F6E666943
:10AB20006775726174696F6E20286572723A256468
:10AB300029000000496E697469616C697A696E6701
:10AB4000206D657368206661696C65642028657294
:10AB50007220256429000000426C7565746F6F7463
:10AB60006820696E697469616C697A6564000000C7
:10AB70004D657368206E6574776F726B20726573B4
:10AB8000746F7265642066726F6D20666C617368A5
:10AB9000000000004164766572746973696E672015
:10ABA00064697361626C6564202870726F76697382
:10ABB000696F6E6564202B20706F776572207361FA
:10ABC00076696E67206D6F64652900004164766563
:10ABD00072746973696E6720656E61626C6564206A
:10ABE000284445425547206D6F6465206163746950
:10ABF000766529004D65736820696E697469616CBA
:10AC0000697A6564000000006F70636F64652030CE
:10AC100078253034780000004F70636F6465203011
:10AC200078253034782C2074696D656F7574000058
:10AC30007761726E696E67206F70636F6465203034
:10AC40007825303278000000417070204B65792003
:10AC5000416464656400000056656E646F72204D47
:10AC60006F64656C2042696E6465640056656E644D
:10AC70006F72204D6F64656C2053756273637269E7
:10AC80007074696F6E20536574000000556E6B6EB2
:10AC90006F77206F70636F6465203078253032786D
:10ACA00000000000000000000000000000000000A4
:10ACB000000000002E3700005C37000073656E64F2
:10ACC000206661696C6564202564000072656173AB
:10ACD0006F6E2025780000007373737373737300B5
:10ACE00073737373737373256473737373000000EA
:10ACF00057616974696E6720666F72207072697639
:10AD00006973696F6E696E67206461746100000029
:10AD10000023456789ABCDEF0023456789ABCDEFB5
:10AD200054696D656F7574206F70636F6465203052
:10AD300078253032780000006C656E2025642C2068
:10AD400064617461203078253032782066726F6DCE
:10AD500020307825303478004465627567206D6F47
:10AD60006465206C6F616465642066726F6D206637
:10AD70006C6173683A2025640A00000044656275BE
:10AD800067206D6F6465207573696E672064656602
:10AD900061756C743A2025640A00000025752C2525
:10ADA000752C25752C25750D0A0000006D657368DE
:10ADB0003A2000004E6F204D6573680D00000000C2
:10ADC0007461726765745F64657620253034580D50
:10ADD0000A000000436F6E666967204761746577FB
:10ADE00061790D00434D445F484541443A30782530
:10ADF0003034580D0A00000053746F705F41647660
:10AE0000720000004465627567206D6F6465207391
:10AE10006176656420746F20666C6173683A2025E2
:10AE2000640A00006D657368206865616420666966
:10AE30006C65206572726F722E2E2E0044570000D2
:10AE4000605700001E5700001A570000030400104E
:10AE5000000000000A14016000010605140103DD72
:10AE600008020200C00002003C003C000200020494
:10AE700001041E0002000000500000002C01000030
:10AE800064000A0000000000D6BE898E0310220074
:10AE900076656E646F725F6D6F64656C5F737276FA
:10AEA0005F7265736574000076656E646F725F6DC6
:10AEB0006573736167655F7372765F636F6E6669F2
:10AEC000726D000076656E646F725F6D657373619D
:10AED00067655F7372765F61636B000076656E64B1
:10AEE0006F725F6D6573736167655F7372765F73B1
:10AEF000656E645F7472616E73000000696E645FFA
:10AF000073746172740000006164765F696E645FDF
:10AF100073656E64000000006164765F7372765F33
:10AF20007472616E735F73656E6400004E554C4CB5
:10AF30002062756600000000556E61626C652073CA
:10AF4000656E64206D6F64656C206D6573736167F9
:10AF50006520286572723A2564290000556E616289
:10AF60006C652073656E6420696E646963617465E5
:10AF700020286572723A2564290000007372633AD2
:10AF800020307825303478206473743A2030782566
:10AF9000303478207469642030782530327820721B
:10AFA0007373693A20256400746964203078253011
:10AFB00032782000236D6573682D6F6E6F66662092
:10AFC0005354415455533A2073656E642073746131
:10AFD000747573206661696C65643A2025640000AD
:10AFE0004E6F20656E6F75676820737061636521B1
:10AFF000000000004E6F20617661696C61626C65D3
:10B0000020436F6E66696775726174696F6E204365
:10B010006C69656E7420636F6E74657874210000CE
:10B02000416E6F746865722073796E6368726F6EBB
:10B030006F7573206F7065726174696F6E207065D3
:10B040006E64696E67000000D707CF000000000043
:10B05000A6590000D707CC0000000000DC5A000011
:10B06000D707CD0000000000405F00000000000096
:10B07000000000000000000028B3FEFF36B3FEFF12
:10B0800024B4FEFF66B3FEFF1AB4FEFF92B4FEFFC7
:10B09000574D345F25303458000000006D795F6EE5
:10B0A00065745F616464723A25640000526573746C
:10B0B000617274206164766572746973696E672069
:10B0C000284445425547206D6F6465290000000003
:10B0D0005265737461727420616476657274697309
:10B0E000696E6720286E6F742070726F766973695D
:10B0F0006F6E65642900000053746F702061647680
:10B100006572746973696E672028616C7265616429
:10B11000792070726F766973696F6E6564290000BB
:10B120005065726970686572616C5F496E69740020
:10B130004E6F7469667920455252200055706461E3
:10B140007465202578202D20496E74202578200AEA
:10B15000000000004552522E2E000000496E697416
:10B1600069616C697A65642E2E000000446973631E
:10B170006F6E6E65637465642E2E20526561736F09
:10B180006E3A25780A00000041647665727469732E
:10B19000696E672E2E000000436F6E6E65637469E2
:10B1A0006F6E206D61782E2E2E000000436F6E6E44
:10B1B000202578202D20496E74202578200A000053
:10B1C000436F6E6E65637465642E2E00436F6E6E02
:10B1D0006563746564204164766572746973696E31
:10B1E000672E2E0057616974696E6720666F722042
:10B1F0006164766572746973696E672E2E00000053
:10B200004572726F722E2E004572726F722E2E254D
:10B21000780A000044495341424C45440000000074
:10B22000454E41424C4544005265762043484152C8
:10B23000310000005265762043484152332E2E00E3
:10B240004465627567206D6F64652025730D0A0083
:10B250004164766572746973696E6720656E6162B8
:10B260006C65640D000000005175657279204D65B4
:10B2700073682041646472202D2050726F76697368
:10B28000696F6E65643A25642C20416464723A30BB
:10B2900078253034580D0A005175657279204D6556
:10B2A0007368204B6579202D2050726F7669736921
:10B2B0006F6E65643A25640D0A000000266C00007C
:10B2C000C0700000DB2A0000DC2A00000200000041
:10B2D000D4B2010027180000DD2A0000DE2A000099
:10B2E00002000000E8B2010028180000292A2B24DF
:10B2F0004D4553485F4C49425F56312E373600006A
:10B3000000000000F8810000E08100000000000063
:10B3100018B30100000000003287000054870000CD
:10B320006287000000000000000000008A8B00001F
:10B3300000000000020000000F000000B8930000B1
:10B340000B80000001000000949300000E800000BC
:10B350000100000070930000118000000100000057
:10B360004C930000148000000100000028930000AE
:10B370002880000002000000D092000044800000FD
:10B38000030000009492000003800000040000000D
:10B39000E89300003E800000070000006E9200006D
:10B3A000198000000C000000FA9100001F800000CE
:10B3B00007000000D69100003C800000090000005A
:10B3C00026910000060000000A000000B89000006E
:10B3D0002E8000000500000066900000258000001F
:10B3E00001000000309000004A80000000000000D2
:10B3F000049000004880000004000000BA8F0000A4
:10B400001780000004000000728F00004C800000D4
:10B4100005000000BE8E00004E8000000700000006
:10B42000068E00000280000003000000648D000012
:10B430002A80000005000000B08C00002C80000075
:10B4400007000000F88B0000000000000000000072
:10B45000000000000000000000000000EA9E000064
:10B460000000000008800000010000006EA600003F
:10B4700000000000130000009CBE0000010000005E
:10B480001300000014BE0000008000000300000054
:10B4900080BF000001800000020000000CBC000022
:10B4A000098000000000000054B100000A80000084
:10B4B00001000000C8B000000C8000000000000087
:10B4C00026B300000D80000001000000A0B20000C3
:10B4D0001280000000000000F8B10000138000009E
:10B4E0000100000010B200002380000000000000F6
:10B4F0001EAF00002480000001000000AEAE00007E
:10B50000268000000000000058B0000027800000E6
:10B5100002000000AAAF0000188000000400000034
:10B52000EEA50000030000000B00000010B70000B3
:10B530001A8000001800000012B600001B800000F6
:10B540000600000020A4000020800000140000007D
:10B550005CA900001C8000000600000048A3000059
:10B5600021800000140000001CA800001E800000C4
:10B570000600000002BA0000228000001400000053
:10B5800012B900001D8000000400000064B8000033
:10B590002980000004000000D29D00002B800000E4
:10B5A00006000000989C000040800000120000008F
:10B5B000AA9B00004580000012000000CA9A00000B
:10B5C0004180000002000000C2C000004280000074
:10B5D0000000000068BB0000468000000200000080
:10B5E000909500004780000003000000FE990000D5
:10B5F0003D800000060000003EA200003F800000E9
:10B600000600000026B500004B800000040000008A
:10B610000AA100004D800000060000000AA1000001
:10B620004980000000000000089900000F80000021
:10B6300000000000E2940000108000000100000003
:10B6400042A000002D80000002000000569800007B
:10B6500015800000020000004A95000016800000DE
:10B660000300000078970000388000000000000010
:10B67000CE9600003980000009000000D0AA00002A
:10B680003A80000000000000DAAC00003B800000BF
:10B6900005000000F2AC0000000000000000000007
:10B6A0000000000088AA0000000000006964313238
:10B6B00038010000736D6B3200000000736D6B3356
:10B6C00000000000736D6B34000000007072636B4B
:10B6D0000000000076746164000000000091E372D5
:10B6E0000796E4750E9FED7C0998EA7B1C8DFF6E32
:10B6F0001B8AF8691283F1601584F66738A9DB4A62
:10B700003FAEDC4D36A7D54431A0D24324B5C75651
:10B7100023B2C0512ABBC9582DBCCE5F70E1930241
:10B7200077E694057EEF9D0C79E89A0B6CFD8F1EF1
:10B730006BFA881962F3811065F4861748D9AB3A21
:10B740004FDEAC3D46D7A53441D0A23354C5B72611
:10B7500053C2B0215ACBB9285DCCBE2FE071039201
:10B76000E7760495EE7F0D9CE9780A9BFC6D1F8EB1
:10B77000FB6A1889F2631180F5641687D8493BAAE1
:10B78000DF4E3CADD64735A4D14032A3C45527B6D1
:10B79000C35220B1CA5B29B8CD5C2EBF900173E2C1
:10B7A000970674E59E0F7DEC99087AEB8C1D6FFE71
:10B7B0008B1A68F9821361F0851466F7A8394BDAA1
:10B7C000AF3E4CDDA63745D4A13042D3B42557C691
:10B7D000B32250C1BA2B59C8BD2C5ECF0000000067
:10B7E00000000000B6E100000000000005000000BD
:10B7F0000300000078E200000400000003000000E5
:10B800007AE10000378000000100000042E2000001
:10B8100007800000010000000EE2000000000000B0
:10B820000000000000000000000000000000000018
:10B830007EE50000000000003180000002000000F2
:10B840003CE500002F80000002000000ECE4000056
:10B8500030800000020000000CE400003280000094
:10B8600003000000A4E40000338000000300000097
:10B87000D4E300003480000000000000C8E30000B2
:10B880003580000001000000B0E3000036800000B9
:10B8900001000000E0E20000048000000000000061
:10B8A0005EE300000580000001000000FEE60000ED
:10B8B0000680000001000000E6E600000000000035
:10B8C0000000000000000000000000006EEB00001F
:10B8D000FAEA0000000000006E6B626B00000000DE
:10B8E0006E6B696B000000002F4E6F64652F25782A
:10B8F0000000000000070E091C1B1215383F3631EE
:10B9000024232A2D2F566E642F25782F25730000AF
:10B910002F5369672F25782F2573000064617461A8
:10B9200000000000F0B901007E070100F4B9010039
:10B93000E2070100F8B90100B0060100FCB90100FE
:10B94000680D010000BA0100A80C010008BA01004E
:10B95000F80B010010BA01002E04010018BA010012
:10B96000640601001CBA0100C41A010020BA0100DB
:10B97000AE1A010024BA0100760B010028BA0100BA
:10B98000020B01000025010000000000E02301007F
:10B99000000000002F4170704B65792F2578000062
:10B9A0002F4E65744B65792F257800002F4E6574F6
:10B9B000000000002F4956002F5365710000000061
:10B9C0002F484250756200002F4366670000000058
:10B9D0002F56612F2578000062696E640000000018
:10B9E00073756200707562002F52504C2F257800DD
:10B9F0004E657400495600005365710052504C006A
:10BA00004E65744B657900004170704B657900009C
:10BA10004842507562000000436667005369670042
:10BA2000566E6400566100004E6F646500000000B1
:10BA3000010204081000000001020408F82B0100B4
:10BA4000000000000A00000064000000E80300009D
:10BA500010270000A086010040420F008096980049
:10BA600000E1F5056A440100010300008A4001007D
:10BA7000010000003E39010001000000D83501003E
:10BA8000000000007072736B000000007072736E33
:10BA9000000000007072646B000000004230010082
:10BAA00001000000D84101000B0000004E410100E0
:10BAB000050000004C3E0100400000001E3E010059
:10BAC00000000000EA3D0100100000007E3B010084
:10BAD00010000000203A0100210000004A46010049
:10BAE000000000006A450100010000006C540100E4
:10BAF0005E54010000010202030303030404040472
:10BB000004040404050505050505050505050505E9
:10BB100005050505060606060606060606060606C9
:10BB200006060606060606060606060606060606B5
:10BB30000606060607070707070707070707070799
:10BB40000707070707070707070707070707070785
:10BB50000707070707070707070707070707070775
:10BB60000707070707070707070707070707070765
:10BB70000707070708080808080808080808080849
:10BB80000808080808080808080808080808080835
:10BB90000808080808080808080808080808080825
:10BBA0000808080808080808080808080808080815
:10BBB0000808080808080808080808080808080805
:10BBC00008080808080808080808080808080808F5
:10BBD00008080808080808080808080808080808E5
:10BBE00008080808080808080808080808080808D5
:10BBF0000808080800000000000000000000000025
:10BC00000000000000000000000000000000000034
:10BC10000000000000000000000000000000000024
:10BC20000000000000000000000000000000000014
:10BC30000000000000000000000000000000000004
:10BC400000000000000000000000000000000000F4
:10BC500000000000232D302B20000000686C4C00F9
:10BC60006566674546470000303132333435363734
:10BC700038394142434445460000000030313233F8
:10BC80003435363738396162636465660000000018
:10BC900076312E3000000000262A000076312E304A
:10BCA00000000000272A0000292A00000A180000CE
:10BCB00002000000ACBC010076312E300000000014
:10BCC000282A0000E0FF000002000000C4BC0100C0
:10BCD000E1FF0000E2FF0000E3FF0000E4FF0000DE
:10BCE000E5FF0000A45C0000065A0000EC310020D3
:10BCF000020000000CE0040001000000B0BC0100E4
:10BD00000200000012E00400010000005632002092
:10BD100002000000A8BC010001000000C8A1010051
:10BD20000200000012E00400010000005432002074
:10BD30000200000098BC01000100000090BC01005E
:10BD40000200000012E00400010000005532002053
:10BD500002000000A4BC0100010000009CBC010026
:10BD60000200000012E00400010000005F32002029
:10BD700002000000C0BC010001000000B8BC0100CE
:10BD8000C02C0000000000000000000002000000C5
:10BD90000CE0040001000000C8BC0100020000002B
:10BDA00012E00400010000006032002002000000E8
:10BDB000D0BC01000300000024330020020000007A
:10BDC00016E0040001000000A02D00200200000089
:10BDD00012E00400010000006132002002000000B7
:10BDE000D4BC0100010000009832002002000000D5
:10BDF00016E0040001000000B42D00200200000045
:10BE000012E0040001000000623200200200000085
:10BE1000D8BC0100020000001C3400200200000019
:10BE200016E0040001000000C82D00200200000000
:10BE300012E0040001000000633200200200000054
:10BE4000DCBC0100000000003434002002000000CF
:10BE500018E00400030000009C32002002000000F3
:10BE600016E0040001000000DC2D002002000000AC
:10BE700012E0040001000000643200200200000013
:10BE8000E0BC010004000000A0320020020000001D
:10BE900016E0040001000000F02D0020AC2E000090
:10BEA0009C2F0000000000004368617261637465AC
:10BEB0007269737469632031000000004368617225
:10BEC00061637465726973746963203200000000F5
:10BED0004368617261637465726973746963203366
:10BEE0000000000043686172616374657269737475
:10BEF0006963203400000000436861726163746507
:10BF00007269737469632035000000005442002098
:10BF100000000C0054420020000000006A3D0000B8
:10BF20000000000000000000000000000000000011
:10BF30000000000000000000000000000000000001
:10BF40000000000000000000000000008A37000030
:10BF500003010201000003000000000000000000D7
:10BF600000000000000000000000000000000000D1
:10BF700000000000000000000000000000000000C1
:10BF800000000000000000000000000000000000B1
:10BF9000000000000000000000000000030100009D
:10BFA000F82E00208C2F0020000000000000000070
:10BFB0000000000000000000042E0020000000002F
:10BFC0000000000000000000000000000000000071
:10BFD0000000000000000000000000000000000061
:10BFE000A4AC010000000000000000000000000000
:10BFF0000000000000000000000000000000000041
:10C000000000000000000000000000006C32002072
:10C010002C42002064B4010054B40100402E0020E2
:10C020000100000000000000000000006832002055
:10C03000204200200000000000000000102E002020
:10C040000200000000000000A02E0020703200203E
:10C050004842002038B8010028B80100D42E002042
:10C06000604200200000410060420020002345673C
:10C0700089ABCDEF0023456789ABCDEF0000000011
:10C080000000000000000000FF00000000000000B1
:10C09000B04900000000D7070000000000000000C9
:10C0A00074320020B442002048B0010000000000BB
:10C0B000742F0020000000000000000000000000BD
:10C0C0000000000000000000000000000000000070
:10C0D000D85900200000000000000000000000000F
:10C0E0000000000000000000000000000000000050
:10C0F000F45900207C630000546100008462000059
:10C100000201060302E0FF05FFD707000000000060
:10C11000574D345F30303030000000000000000028
:10C120000909574D345F3030303005120600640085
:10C13000020A000410041000020000000CE00400D9
:10C1400001000000CCB201000200000012E0040077
:10C15000010000002B30002002000000C4B20100EA
:10C1600002000000000000000200000012E00400D5
:10C17000010000002C30002002000000C8B20100C5
:10C1800000000000000000000200000018E00400B1
:10C1900003000000285A0020020000000CE0040008
:10C1A00001000000E0B201000200000012E0040003
:10C1B000010000002D30002002000000D8B2010074
:10C1C00002000000000000000200000012E0040075
:10C1D000010000002E30002002000000DCB201004F
:10C1E00000000000000000000200000018E0040051
:10C1F00003000000385A002000000000000000008A
:10C200000000000055555500D0DA00000000000085
:10C21000000000000000000008A80100000000006D
:10C22000CE180100A404010000000000000000007E
:10C23000000000001C2D0100FF0000003431002030
:10C240003431002008200001FFFFFFFFFFFFFFFF48
:10C25000FFFFFFFF000000000000000000000000E2
:10C2600001000000FFFFFFFF512563FCC2CAB9F3C4
:10C27000849E17A7ADFAE6BCFFFFFFFFFFFFFFFF9D
:10C2800000000000FFFFFFFF96C298D84539A1F4D7
:10C29000A033EB2D817D0377F240A463E5E6BCF883
:10C2A00047422CE1F2D1176BF551BF376840B6CB4E
:10C2B000CE5E316B5733CE2B169E0F7C4AEBE78E4A
:10C2C0009B7F1AFEE242E34F4B60D2273E3CCE3BBF
:10C2D000F6B053CCB0061D65BC86987655BDEBB361
:10C2E000E7933AAAD835C65AEE71010036710100BB
:10C2F000466F01000000000014BC010034BC0100C6
:10C30000F4BB01000000000000000000000000007D
:10C31000000000000000000000000000000000001D
:10C32000000000000000000000000000000000000D
:10C3300000000000000000000000000000000000FD
:10C3400000000000000000000000000000000000ED
:10C350000000000000000000506000200202020007
:10C3600001D70700001001020A02081002000000B5
:10C37000FFFF0000FFFF0000FFFF0000FFFFFFFFC7
:10C380008000000016680000FF000000EC31002073
:08C39000010203040500000096
:020000040004F6
:10D000006F00C076000000000000000090000020CB
:10D010008C020020A9BDF9F590000020000000005E
:10D0200000000000900000209000002000000000A0
:10D030000000000090000020000000009000002090
:10D0400000000000900000209000002090000020D0
:10D050009000002090000020900000209000002010
:10D0600000000000900000209000002090000020B0
:10D0700090000020900000209000002090000020F0
:10D0800090000020900000209000002090000020E0
:10D090009000002001A0011113078008F3370780DA
:10D0A00093F787083EC201000100B71700409305BF
:10D0B00070052380B704130680FA2380C70401009B
:10D0C000010083C6B70493F6F60DA385D704238029
:10D0D00007049246F3A6068001000100937605023C
:10D0E000D5CEF336078093F6860836C401000100DA
:10D0F0002380B7042380C70401000100B706140091
:10D100007D89558D88C70100010001000100238041
:10D110000704A246F3A606800100010073370780CA
:10D12000137787083AC6010001002380B7042380E3
:10D13000C7040100010001000100372700409306E9
:10D140001005A303D78023800704B247F3A7078005
:10D150000100010093078008F3B7078093F7870861
:10D160003ECE01000100B717004013077005238071
:10D17000E704130780FA2380E7040100010003C7D6
:10D18000B70413670708A385E70423800704F24761
:10D19000F3A70780010001000561828093760504F2
:10D1A000BDC6F336078093F6860836C80100010035
:10D1B0002380B7042380C70401000100B7061400D0
:10D1C000938606047D89558D88C701000100010002
:10D1D000010023800704C246F3A606800100010077
:10D1E00073370780137787083ACA0100010023804C
:10D1F000B7042380C70401000100372700409306CD
:10D200002005A303D78023800704D24781B7733753
:10D210000780137787083ACC010001002380B70408
:10D220002380C7040100010098471367070C98C7C3
:10D2300023800704E24719BF011181460146814559
:10D24000114506CE7D2A93078008F3B7078093F730
:10D2500087083EC601000100B7170040130770059C
:10D260002380E704130780FA2380E704010001000C
:10D2700003C76704136717002383E70423800704A9
:10D28000B247F3A7078001000100F24005618280E8
:10D2900041118146014681451145A52213078008A9
:10D2A000F337078093F787083EC401000100B717E2
:10D2B0000040130670052380C704930680FA23807C
:10D2C000D70401000100FD552396B702238007040F
:10D2D000A245F3A50580010001007337078013778D
:10D2E00087083AC6010001002380C7042380D704C1
:10D2F0000100010003C76704136717002383E704D5
:10D3000023800704B247F3A707800100010001A0B2
:10D31000BD473305F50201007D1575FD8280411181
:10D3200022C426C206C6AA84014463179400B240F0
:10D33000224492444101828005041305803E420448
:10D34000C13F4180DDB72303048015472303E480F8
:10D3500001002302A480828083076480E3CE07FE5D
:10D3600023030480828083076480E3CE07FE0345A5
:10D370004480828083076480E3CE07FE2302A4807A
:10D380008280411126C44AC24EC006C61377F50BEF
:10D39000AD47AA892E8995446306F700194565377C
:10D3A000653F8D444E854537FD59FD146398340122
:10D3B000B240A244124982494101828013550901B9
:10D3C0001375F50F453F2209CDB7011126CC06CEC6
:10D3D000B704080051371545BD37713769372AC67C
:10D3E000A53F32459377150089EB1365150013753A
:10D3F000F50FF240E24405618280FD14E9FC01452D
:10D40000CDBF397126DC4ADA4ED852D656D45AD21C
:10D410005ED006DE62CE66CCB7E700E07D5783AA19
:10D42000070022C603AA470023A0E71823A2E71893
:10D43000B7170040130770052380E704130780FA2D
:10D440002380E70483C74704930B75FFB684E20784
:10D4500093FBFB0F8546AA892E8B32893724004027
:10D46000E187015763FA76016308D50089461307FF
:10D4700000026313D5000157D98F93F7F70FB71C3C
:10D4800000402382FC0411472303E4801305F00FBE
:10D490005D3D094CD135636D7C11B7050700DA9508
:10D4A00037870700795563F2E504B3879500636E0B
:10D4B000F702370B0800A94733EB65016399F906BA
:10D4C00089E48144513D26850DA0DA850945553D05
:10D4D00005090345F9FFFD14050B693D81C49377E8
:10D4E000FB0FFDF7DD3569FD7D55B71700401307CC
:10D4F00070052380E704130780FA2380E70403C73D
:10D500004704418B2382E704F250B7E700E023A0F1
:10D51000571123A24711E25432445259C259325A88
:10D52000A25A125B825B724CE24C21618280A54759
:10D530006395F90685691309F00FB3069900B37472
:10D540002B01B6941349F9FFB3749900856B3379B5
:10D550006901416B9387F9FFB3F7270199E363FCF6
:10D56000340193D94900C147E3E637FF99BF056904
:10D57000C1697D19D9B71305800D63886901130549
:10D5800000026384790113051008CA85DD3B353D2F
:10D5900021DD4E99B3843441D9B7DA852D45D53391
:10D5A000CA94E30099F205097D3BA30FA9FED5BFFC
:10D5B0009387F9FF93F7F70F6361FC0C83C71C0493
:10D5C00013073008631FF70437070800636BEB0489
:10D5D000B3079B00B706100063F5D704334BEB008D
:10D5E00089476393F9068980D549E38C04ECDA8591
:10D5F0000945413B11090327C9FF91472320E480D6
:10D6000003076480E34E07FE23033481FD17EDFB1F
:10D61000FD14110B81C49377FB0FE9FF7D3371F586
:10D62000E1B5B717004003C75704B70708001377E1
:10D63000070219E3B78707007955E378FBEA330758
:10D640009B00E3FFE7F855B58547E382F9F2DA85F9
:10D650002D45053B9389F4FFE38504E6293393F7D1
:10D66000390091EB832604800327090093074900C2
:10D67000E39AE6E43E89CE84F1BFB5476396F900AC
:10D680001305900BC93135BDB1471305B00AE38BC3
:10D69000F9FE99476391F904B7050800B365BB002B
:10D6A0002D45C53181448D4BA1497539639674016F
:10D6B000832704802320F9008504E39834FF83271F
:10D6C000048013172B01635507002312F900D5BB03
:10D6D0002322F900FDB39D476399F90281451305A3
:10D6E000B0044531BD442320090023220900FD591F
:10D6F0009D3993F77400CA9703C70700FD14398D4D
:10D700002380A700E39634FF6DBBA1476392F90421
:10D710006D398144630D0B008D479304C00363088A
:10D72000FB009304000563048B019304400413750C
:10D73000C507E30895D819453931393905452131EF
:10D7400026850D3909453D314931E31C05D669BBB4
:10D7500091476399F90013056006F536F53E130508
:10D7600090090DB7E38F09D4F154A9BB9731FB1F82
:10D770009381C17F1791FB1F1301C188170500001A
:10D78000130585889735FB1F9385C5871736FB1FC3
:10D790001306C6FD63FAC5008322050023A05500C9
:10D7A00011059105E3EAC5FE170500001305857311
:10D7B0009735FB1F938585FB1386818063FAC5002F
:10D7C0008322050023A0550011059105E3EAC5FE5B
:10D7D00013858180938581816377B50023200500BF
:10D7E0001105E36DB5FEFD42739002BC8D4273904E
:10D7F0004280B72200009382828873900230973271
:10D80000FB1F9382228093E2320073905230970282
:10D8100000009382622B73901234730020300D0647
:10D82000719A81473307F5006393C70082801443E0
:10D830003387F500910714C3F5B7914763EEB7023C
:10D8400017070000130787628A05BA959C41BA97AB
:10D850008287B717004003A7470B1345F5FF698F71
:10D8600023AAE70A03A7070B698F23A8E70A03A7E0
:10D87000070A798D23A0A70A8280B717004083A6E4
:10D88000470B1347F5FFF98E23AAD70A83A6070B88
:10D89000558D23A8A70A83A6070A758F23A0E70A38
:10D8A0008280B717004003A7470B498F23AAE70AD6
:10D8B00003A7070B1345F5FF45BFB717004083A625
:10D8C000470B1347F5FF758F23AAE70A03A7070A3B
:10D8D000598D4DB7B717004003A7470B498FEDB7D8
:10D8E000B71700408847420541819377050491EBC3
:10D8F0009377F5013755E801130505803345F502A7
:10D9000082809377050C130700046397E7009377F1
:10D91000F50137459C1CCDB72165130505D08280E4
:10D92000411122C406C62A84653F2947B307E50290
:10D93000B2408D83B3D7870222449507B3D7E7025D
:10D9400037370040C207C1832316F7404101828068
:10D95000716541111305052006C6D937B737004058
:10D96000130770F82381E7400D47A381E7401307B1
:10D970000004A380E74005472387E740B240410108
:10D980008280411122C491462A84138681809D653C
:10D990002D4506C69730FB1FE780A0A6B7F7070006
:10D9A00003C70701A5476313F70001A09306001002
:10D9B00001469D6525459730FB1FE78080A42384A1
:10D9C00081802244B2409146138681809D6529451D
:10D9D00041011733FB1F6700C3A2130101BF2326B8
:10D9E00011402324814023229140232021411737D5
:10D9F000FB1F0347A7D78D476310F706B7660200E2
:10DA00000146856505459730FB1FE780809F377489
:10DA1000020037A9FDFFB7D4040022851306004099
:10DA20008A85F53BB3052401930600400A86094523
:10DA3000130404409730FB1FE780A09CE31F94FC75
:10DA400005458137B76602000146B77502000545F6
:10DA50009730FB1FE780E09A856782978320C1405B
:10DA600003248140832441400329014013010141E3
:10DA700082800111914670009D652D4506CE97303C
:10DA8000FB1FE78000980347C10089469307F7FF13
:10DA900093F7F70F63E2F6029737FB1F2388E7CC73
:10DAA0009735FB1F83C585CC170500001305453D41
:10DAB0008528F2400561828085471737FB1F2307C1
:10DAC000F7CAF9BF41111305800406C69720FB1F52
:10DAD000E780605C371700408327870A1305002022
:10DAE0008D4593E707202324F70A813B953551376D
:10DAF000ED35B24001454101828081473737004012
:10DB0000A14663C3B70082800346B740E38EC6FEDA
:10DB10003306F5000346060085072304C740D5B742
:10DB20003571CAD813094108A6DAD2D4DAD02EC387
:10DB300086DEA2DCCED6D6D2DECEE2CCE6CAEAC8FB
:10DB4000AA8432C536C73AC93ECB42CD46CF4AC475
:10DB50008145014A170B0000130B4B3683870400E5
:10DB600085E789C5C205C1815285413FF65066549B
:10DB7000D6544659B659265A965A065BF64B664C09
:10DB8000D64C464D0D618280130750026389E70031
:10DB900063140A00268A814585058504C1B791C5AD
:10DBA000C2055285C181913F014A81471307B002E6
:10DBB0009305D002130500031308000293083002F6
:10DBC0008386140013861400638EE6026341D70235
:10DBD000638D0603638E1603138706FD1377F70F15
:10DBE000A54563EDE5060147254529481DA863873E
:10DBF000B600E393A6FE93E7170019A093E7070189
:10DC0000B2847DBF93E74700E5BF93E78700CDBFB0
:10DC100093E70702F5B73307070305062E971307A7
:10DC200007FD83050600938605FD93F6F60FE37462
:10DC3000D5FE830506009306E002639AD50C8305A2
:10DC40001600254593041600938605FD93F6F60FFE
:10DC5000636FD50881462545294805A89305A0028C
:10DC60007D57E398B6FC03270900138624001109A9
:10DC7000E35107FC3307E04093E707015DBFB3863C
:10DC800006038504AE96938606FD838504001386FD
:10DC900005FD1376F60FE374C5FE038604009305B5
:10DCA00080066308B6001376F6FD9305C00463137F
:10DCB000B60085040386040093058005630CB60452
:10DCC00093058007630AB604930750026307F600C2
:10DCD000854548002302F1000D3583870400A9CF54
:10DCE000854548002302F100093D81457DB51305B6
:10DCF000A0028146E393A5FA832609009304260037
:10DD00001306490063D306008146328979B7B2848D
:10DD1000FD5661B793E7070413F607045A8809E62E
:10DD2000170800001308081793FA070163880A0010
:10DD3000F99B9305000201A8FD1445BF13F61700D7
:10DD4000930500037DD6A302B1002303010093FBDA
:10DD500007020326090063830B00791741E61306C7
:10DD600000032306C1008549368C63D336014E8CEF
:10DD7000C58B330487418DE7A28C130D00026341EC
:10DD800090099307F4FF228763530400014733840B
:10DD9000E7408307610089C7854513056100B13BF2
:10DDA00063820B0293070003854513057100A303EB
:10DDB000F100A13393078007854513057100A30384
:10DDC000F100253B639D0A00A28A63435005930737
:10DDD000F4FF22876353040001473384E740930A2A
:10DDE0000003A1A06C0081491375F600429503451C
:10DDF0000500118285092380A500850575F6ADB75C
:10DE0000854513057100A303A101FD1CFD3185BFEC
:10DE1000854513055100D531FD1A45BF85451305CC
:10DE20007100A30351017D1CC939E3C989FFFD5A63
:10DE3000FD196398590193090002634F800011098D
:10DE40006DB57C00CE9783C707008545130571002B
:10DE5000A303F1005D31E9BF854513057100A303FC
:10DE600031017D145939D1BFEAF9FFFF12FAFFFFE2
:10DE70003AFAFFFF52FAFFFF6CFAFFFF496D616744
:10DE80006520466C616720253032780A000000006A
:10DE90003031323334353637383961626364656620
:10DEA0006768696A6B6C6D6E6F707172737475768A
:10DEB0007778797A000000003031323334353637E4
:10DEC00038394142434445464748494A4B4C4D4EF8
:10DED0004F505152535455565758595A000000004C
:08DEE000FF000000000000003B
:10E000006F00E2110000000000180118002801282C
:10E0100002280328002901290229032904290529A6
:10E02000062907290829002A012A022A032A042A84
:10E03000052AA62A78E8060056FD0400F002002012
:10E0400076030020C00200208E0200201C02002067
:10E050005EFF0400A6FF04004C010500D803050084
:10E06000C6040500B4FB040072FA040034FB04008B
:10E07000C4FA0400B60A05000C05002034FF0400B1
:10E0800082070500CC9F0600C4A106003CA2060042
:10E09000F66106002A62060056180600960D060074
:10E0A000A6990600B80705004669060004AA0500FF
:10E0B00092AA0500EAAA050046130500921305007E
:10E0C000FC1105002C660500E6600500C26F050026
:10E0D000927305003E7705001A530500B8520500FB
:10E0E000A0560500665305008E5205001253050028
:10E0F00040520500EA53050042540500F253050062
:10E10000F6530500905405004A5405007C54050060
:10E110009459050098590500E6530500EE53050093
:10E120008E540500965905003E550500065B050016
:10E130008685050004860500428605009068050076
:10E14000A8680500E4680500F24C0500104E0500C3
:10E15000864E05001C320500C22C05000843050050
:10E16000402D05006C3E0500C0C9060040C20600F7
:10E170001CC7060022DD060008DC060094DF06004E
:10E1800084DF06008CDF0600CCDF06005AB40600F0
:10E19000000000000000000000000000000000007F
:10E1A0003CE0060004DA06009AD9060000000000F0
:10E1B000000000000000000000000000000000005F
:10E1C00092830600B0710600367506000E730600D5
:10E1D000647D06004E9A0600000000008EB4060022
:10E1E000440C050066630600266906001E6A0600E8
:10E1F0000000000000000000000000008C6C050022
:10E20000C4820600000000000000000000000000C2
:10E21000607106001C0700203E640600B8DF06009F
:10E22000000000000000000088DF06006403050015
:10E23000E2690500C0DF0600688406003685060036
:10E24000B085060062C70600BCDF0600C4DF06001A
:10E25000220D0600C8DF060026110020EC10002069
:10E2600000000000000000000000000000000000AE
:10E27000000000000000000000000000000000009E
:10E280006373B60082801C419105110523AEF5FE33
:10E29000C5BFB72700203727002093878780130743
:10E2A00047D86373F700828023A007009107D5BF8A
:10E2B0004111B7E700E022C480433707200006C6BB
:10E2C000798C23A0E7180F10000011C199E5B7E77A
:10E2D00000E023A08710014545A893073500C20739
:10E2E000C183F19BC207C183130740036366F70232
:10E2F000372700200325079337270020832687929E
:10E300006391A602372700200327079C69D3C20721
:10E31000DD8D0545029765BF372700200325C7928D
:10E32000E1BF035765002DE7035745006362F70619
:10E33000B72600203306F7402148938686936378FA
:10E34000C8028328050003D86600138687001D8F46
:10E350002A9661172312E6002320160123130600D4
:10E3600010C12312F500130788FF2393E60023133F
:10E37000B50083D566002105B387F5402393F600E9
:10E38000B7E700E023A08710B24022444101828019
:10E390000841BDB7B7E700E003A807003707200032
:10E3A00023A0E7183378E8000F10000001E523A050
:10E3B00007118280B727002003AE0793B7270020FC
:10E3C00003A387928146F28763FC670A83A807004C
:10E3D000636BF50A63E9A80A138787006362E50A9D
:10E3E00003D66700216705076319E600372600207A
:10E3F0000347068905072308E6883726002013050A
:10E40000869383D5470003576500239307001306BF
:10E4100086932E97420741832313E5006387C70342
:10E42000372500200325C5926301F50203D5660058
:10E4300009ED83D7460023A016012107BE95A1054B
:10E440002392B6002313E600B6879843630A670257
:10E45000B726002083A6C6926304D70283566700BE
:10E4600085E283D64700835547001843A106AE9640
:10E470002392D70098C383576600A1072313F600A1
:10E48000B7E700E02DB7BE86C6873DBFB7E700E01F
:10E490009843B706200023A0D718758F0F100000EF
:10E4A00001C599C1814711E6B7E700E023A0E71055
:10E4B0008280B386F50003C80600B306F500850721
:10E4C00023800601E317F6FEC5B737E700E01C43DB
:10E4D000B70620002320D718F58F0F10000019C1B0
:10E4E00091C111E637E700E02320F7108280910503
:10E4F00003A7C5FF11057D16232EE5FEDDB737E71F
:10E5000000E01C43B70620002320D718F58F0F101A
:10E51000000001C53307C50011E637E700E02320FE
:10E52000F71082800505A30FB5FEE31DE5FEF5B7E4
:10E53000B7E700E09843B706200023A0D718758FEF
:10E540000F1000008147B306F5008386060099E6A8
:10E55000B7E600E023A0E6103E8582808507E5B798
:10E5600037E700E01C43B70620002320D718F58FBB
:10E570000F10000001C599C1014711EA37E700E01B
:10E580002320F710054582800507E309E6FE3308DE
:10E59000E500B386E5000348080083C60600E305EE
:10E5A000D8FE37E700E02320F7100145828037E7E7
:10E5B00000E01C43B70620002320D718F58F0F106A
:10E5C00000001307F6FFBA952A966317C50037E7D0
:10E5D00000E02320F7108280FD1503C71500050514
:10E5E000A30FE5FEDDB737E700E01C43B7062000C8
:10E5F0002320D718F58F0F10000001C53307C50081
:10E6000019E637E700E02320F71001458280050571
:10E610008346F5FFE397B6FEE31BE5FE37E700E030
:10E620002320F71005458280797126D2B724002077
:10E6300022D403A4C49806D64AD04ECE52CC56CA91
:10E640005AC85EC662C44DC8372A00203729002048
:10E65000B7290020814BB72A002037CBC901130A04
:10E660000A99130989939389C99D8357240099EFC7
:10E670005C44639A0B0023A6F498032CC400228503
:10E68000113B6284B9A823A6FB00C5BF83A74A98A3
:10E6900082971C443307F5406376F50003A74900D1
:10E6A0001D8F2A979306FB3763ECE60623280900A3
:10E6B0008355240003450400970005E0E78060B11E
:10E6C0005C405844B1C70C4403A64900AE97BE86CF
:10E6D00063E4B70063E4C700B386C74014C4A28BE9
:10E6E0003A8441F4B727002093878793984B894653
:10E6F00063FCE604791798CBB25022549254025925
:10E70000F249624AD24A424BB24B224C4561828066
:10E7100063950B0023A6E4988DB723A6EB00B1BF49
:10E7200003274A0219CB63EDA7003385A74083274F
:10E7300009016374F5002328A900A28B404455B752
:10E7400003A74900BA97D5B723A8070075B7B7271D
:10E75000002003A7479D411122C406C63E8411C371
:10E760000297B727002083C7279893F7F70F99E3FD
:10E77000232A049CB24022444101828001114EC6EA
:10E78000B729002083A7499606CE22CC26CA4AC8BC
:10E7900052C456C281C7829723A20996B72400208B
:10E7A000938744C883C7570037240020938444C804
:10E7B000858B1304449681CF83C774001947631671
:10E7C000F70EA3820400EF0030615C4482971C4482
:10E7D00091C3829737240020372900209307849320
:10E7E0000327899803C61700130A849383478493E9
:10E7F00093961700BA9683D60600F9C2834784938E
:10E8000063E8C70C83A74996230C0492639407120C
:10E81000B727002083A74798638E0710B7270020EB
:10E8200083A7079E2328FA00013583C7B4006393AA
:10E83000071083C7940081CF83C7740093F7F70F45
:10E8400099E7A3840400976006E0E780E007B72714
:10E85000002083A7479BF9CF83270A01E1CF83C715
:10E86000740015476368F70CB7270020938707CD1E
:10E8700083C7C700918BDDEFB727002083C7279898
:10E8800093F7F70FC5EB83461A000326899863CCEC
:10E89000D70A6244F240D2444249B249224A924ADB
:10E8A0000561170305E0670043F183C774001D4746
:10E8B000E31FF7F0A3820400EF0010521C4839B7A1
:10E8C000850793F7F70F230CF492E3E1C7F23DB706
:10E8D00086073E978355070023100700034584935E
:10E8E000B727002083A7079613172500B72A002013
:10E8F000BA979C4323900A98829783D70A98034734
:10E90000849393C7F7FF7D8D93171700032789988A
:10E910003E97835707005D8D2310A700834784939C
:10E9200081C78507230CF4920347849383471A0019
:10E93000E37AF7ECF2406244D2444249B249224AB7
:10E94000924A056182801397170032970357070098
:10E9500075F385072DBF37C700408326C720B7074B
:10E96000FCFFFD17F58F2326F72001000100B727D4
:10E97000002093878793C84F832787262326D72095
:10E980006A0593C7F7FF99835D8D8280B7270020C2
:10E9900003A3079F6303030002831305F00F828024
:10E9A0000327851163000712411122C406C683475D
:10E9B000C5008345E5042A8493F7C70F2306F500B5
:10E9C000834697000356C70013958601618563F15E
:10E9D000C508635A05060345870093F6F607A304A6
:10E9E000D700054693E627006314C50093E6170099
:10E9F0002306D4005C4389075CC3A30AB400032543
:10EA000004112E864C430905513483278411034693
:10EA10005401D44303D7C700B296118FD4C32396B1
:10EA2000E7008947A30DF400B727002003476403DC
:10EA300083C7279A6378F7048347C40093E70701E5
:10EA40002306F40081A093E717002306F40075B7AE
:10EA50009376F60F635D050203458700854513E64F
:10EA600027006314B50013E617002306C400A30AA9
:10EA7000D400A30407008547A30DF4008327841165
:10EA80009C43DDF3B240224401454101828093E77B
:10EA900017002306F400A30AD400A30407000325EB
:10EAA00004114C430905DD328327841103465401C8
:10EAB000D44303D7C700B296118FD4C32396E7007F
:10EAC0008D475DBF05458280B727002083A7C7C655
:10EAD000411122C406C6858B2A84DDEB41651305EE
:10EAE00025F5972006E0E78040E05DC18347A5005B
:10EAF0002315F50083270412B5E72320A41223224F
:10EB0000A41285472311F4042320050083476401E0
:10EB100054412316F5000347D4002304E5000547BC
:10EB2000A304E50037270020032787CA13851702AF
:10EB300015811C437D151375F50F9CC25C43DCC227
:10EB40001C479CC65C47DCC61C4B9CCA5C4BDCCAA1
:10EB50001C4F9CCE5C4FDCCE19CD9386060213076A
:10EB60000702C1BF8327441288C38357240423228A
:10EB7000A412850741BFB7270020938787B403D726
:10EB8000870005072394E700B240224441018280B8
:10EB90008347C40023090400054593C747002306A3
:10EBA000F400DDB78347850193F7E70FDDEB83477B
:10EBB0009501C5EB034625018346C50009CA3727E1
:10EBC0000020834565030347379A63E7E50013F7A1
:10EBD000060149CB014709C6C18A0357E51881C61A
:10EBE0008356251936973DCFB727002003D5479E7A
:10EBF0001307C71237460F00B335A702411113069A
:10EC00000624814622C426C206C67D543305A702C7
:10EC100097D006E0E780E07EB727002083C7779A89
:10EC2000B384A700B727002003A787BD8327070960
:10EC300063F387003E84184375FBB727002083A742
:10EC40004798829781476364A400B307A440B24009
:10EC50002244B3B7970093C7170092443E85410101
:10EC6000828081473E858280B727002003A7C7CADC
:10EC70003C5BFDFF010001008280011122CC4AC8EB
:10EC80004EC606CE26CA52C456C25AC00347B50065
:10EC900085472A842E8983290509631AF71E83571D
:10ECA0000508035BC503372A00209306CA9D83DA53
:10ECB0008600130ACA9D63F4671B834605016390AF
:10ECC000E61A03278511631C07180327450A6318F2
:10ECD00007188346F5001D476393E6180355A503FF
:10ECE000330BFB409307204E33056503832444090F
:10ECF00037460F008146130606243305F502B72771
:10ED0000002083C7679AB3549502B3B5AA02BE9494
:10ED1000C204C180231394083385AA0297D006E069
:10ED2000E780206EB307350133B5A7002E953E87E7
:10ED300083264A0019E163E4D7003387D740B384C0
:10ED40005403B7460F009387F623938606242320A7
:10ED5000E900A697B3D7D702DA97636CF70E1D8F39
:10ED60002320E900B729002083A7499883240900BC
:10ED7000829763E1A4123385A4406350050C83A7F6
:10ED80004998372B0020130BCB9D8297032709004E
:10ED90006368E510198D8357E40303578B008E07D2
:10EDA000B387E7021307003293870719B3D7E70247
:10EDB00063EDA70E374A0F00930AFA23130A0A24B9
:10EDC0008357040485072310F4048347041499E34C
:10EDD0002285512A2285971006E0E78000D87DE140
:10EDE000832604098327C40803274B00B6973E8572
:10EDF00063E4D70063E4E7003385E7408347F40129
:10EE0000835464082328A4088507A30FF4008357BC
:10EE10008B00B384F402D694B3D444036363950C9B
:10EE2000B304954083A7499823209900829763EE05
:10EE3000A40A3385A440E34505F8B727002083C71B
:10EE4000779A63E2A708B727002023A087BE014571
:10EE50009DA883264A00B387F6403E9711B7835496
:10EE6000640837470F009307F723B3845403BE9415
:10EE700093070724B3D7F40263E7F900B387F94097
:10EE80002320F900C5B503274A00BA99C5BF23A0BE
:10EE90003501C9BDB727002083A7079EBE94E1BDF9
:10EEA00083274B00998F3E95FDB5A145228597108C
:10EEB00006E0E780A0C3A305A402B727002083A72C
:10EEC000079C81EF7D55F2406244D2444249B249E9
:10EED000224A924A024B05618280894515458297F4
:10EEE000D5B7B3049740AA9435BF83274B00BE948F
:10EEF00089B72DC901116C0022CC06CE2A84B53BFE
:10EF000029CDFD576305F502372700201307079920
:10EF10005453B2479DC62547637FF700D9173EC6B5
:10EF2000B2450345940297F004E0E7808041F24047
:10EF3000624405618280372700200327079EBA9725
:10EF4000F1BF0347770163E4E700998FC9BFB72694
:10EF5000002083A6069EB697CDBF971006E0E780F7
:10EF6000404DF1B78280797126D206D622D44AD09C
:10EF70004ECE52CC56CA5AC85EC683475503034488
:10EF80007513AA843E941374F40F9307400263F63A
:10EF900087001304B4FD1374F40F03AA841383AA27
:10EFA000C413A38B841222865285D68597D006E09F
:10EFB000E7806042058915E503CBD41201498149F8
:10EFC000337B6403930B50024A865285D68597D0D3
:10EFD00006E0E7804040058915C563916903137415
:10EFE000F90F238B8412B250225492540259F249E1
:10EFF000624AD24A424BB24B456182808509E2099E
:10F0000093D989410509E31179FDE1BF832785097A
:10F0100003560504797193D60701BD8EC206C182DD
:10F02000358E1357764093575640898B058B5D8FED
:10F0300093573640918B5D8F93571640A18B5D8F10
:10F0400093171600C18B5D8F9317360093F7070255
:10F050005D8F931756009355860093F707041E069D
:10F060005D8F1376F60F518F93D7554013D63540E9
:10F07000118A898BD18F13D67540D18F13D6154045
:10F08000218AD18F13961500418AD18F13963500AE
:10F0900013760602D18F13965500137606049E054B
:10F0A000D18F93F5F50FCD8FA20745465D8F3307BE
:10F0B000C70222D42A8426D252CC56CA032A8413E9
:10F0C000832AC4135AC806D63697420741839357FA
:10F0D0007740135557400989858BC98F13553740A1
:10F0E0001189C98F135517402189C98F131517002E
:10F0F0004189C98F1315370013750502C98F131580
:10F10000570093558700137505041E07C98F1377A1
:10F11000F70FD98F13D5354013D755401189098B77
:10F12000498F13D57540498F13D515402189498FD3
:10F13000139515004189498F139535001375050204
:10F14000498F13955500137505049E05498F93F556
:10F15000F50F4D8F2207D98FB387C7024AD04ECE05
:10F160005EC662C4B697C207C18313D7774013D572
:10F1700057400989058B498F13D537401189498F2D
:10F1800013D517402189498F139517004189498F5D
:10F190001395370013750502498F1395570093D5C2
:10F1A0008700137505049E07498F93F7F70FD98FD2
:10F1B00013D5354013D755401189098B498F13D585
:10F1C0007540498F13D515402189498F1395150036
:10F1D0004189498F1395350013750502498F1395A1
:10F1E0005500137505049E05498F93F5F50F4D8F56
:10F1F0002207D98FB387C702130650025285D685DE
:10F20000B697BD8E93940601C18033F6C402137B7A
:10F21000F60F97D006E0E780001C05890DED8347C7
:10F22000D41201498149B3849702130C5002C18062
:10F230004A865285D68597D006E0E780C0190589B1
:10F24000937BF90F11C563863403850993F9F90F90
:10F250000509E31F89FD230B6413B2502254925415
:10F260000259F249624AD24A424BB24B224C4561A2
:10F2700082805E8BCDB70111B727002022CC03A47A
:10F2800087C026CA4AC84EC606CEAA8413092500DE
:10F29000854915C083C7140003473400858B630478
:10F2A000F700405CFDB71946930544004A85EFF02E
:10F2B0002FABE31835FF2285F2406244D244424925
:10F2C000B249056182804111B727002022C403A4FE
:10F2D00087C026C24AC006C693042500054901E836
:10F2E0002285B24022449244024941018280A6858F
:10F2F0001305A402974006E0E780C08DE30225FFD6
:10F30000405CF1BF0111B727002022CC03A407C045
:10F3100026CA06CE2AC42EC6854419E40145F24009
:10F320006244D24405618280834791000347140000
:10F33000858B6304F7000044CDB719469305A100FF
:10F3400013052400EFF0CFA1E31795FE0545C1BFDB
:10F35000EFF0EFBF73000000000000009712000004
:10F36000938262890383020023800200630F0300FB
:10F37000F32510342EC0970500009385A5FD7390EA
:10F380001534EF00A0477300203086DCEF00004703
:10F39000E65082800000B726002003A706C80111AE
:10F3A0004AC81C5F4EC606CE998322CC26CA858BDE
:10F3B0003689B7290020ADCF9307000637240020F7
:10F3C0001CDF930744C883C7670013070008930432
:10F3D00044C86319F70083A7C9C79C4393F7070480
:10F3E0002383F400834744C893F7070489CFB727E2
:10F3F000002083A747988297C8CC834744C893F7D7
:10F40000F70B2302F4C883C7440093F707048DE386
:10F410008547A382F400B727002083A7C7CA370710
:10F42000020098C7130700FC2382E4009848F8D331
:10F43000032709C81C5F9183858B95C31C5F93E7E5
:10F4400007011CDFB727002083A7C7CA054723A2EF
:10F450000706B7270020938747C82382E70083A7C2
:10F46000C9C7D8430583058B19C7D843759BD8C333
:10F47000D843799BD8C3F2406244D2444249B2494E
:10F4800005618280093F730020309317D50063DF48
:10F490000700B727002083A7C7CA7D57B8D7B7276B
:10F4A000002093878793D84F0507D8CF937785009F
:10F4B00099CFB7270020938747C803C72700136752
:10F4C00017002381E700130700F82382E7009377F2
:10F4D000150099CBB7270020938747C803C71700AB
:10F4E00013671700A380E700937765008DC7137734
:10F4F0004500B727002059CF03C747C81367170037
:10F500002382E7C8B727002003A707C85C57F19BF1
:10F5100093E717005CD79317F50063D20702B7276C
:10F520000020138787B483460707938787B4C18A6F
:10F53000BDCA8347070793E707022308F706931717
:10F54000E50063D60702B7270020938747C803C7A3
:10F550004700620761876355070005472382E7007C
:10F56000B727002083A7C7CA3707020098C7931799
:10F57000C50063D00702B7270020938787B403C76D
:10F580001707058B29C303C7170713672700A3882D
:10F59000E7068280938747C803C7370013671700C1
:10F5A000A381E70085B703C7070789463D8B63083A
:10F5B000D70003C707078D463D8BE312D7F81147E5
:10F5C0002388E706ADBF03C71707118B79D303C79D
:10F5D00017071367870065BFB7270020B7260020ED
:10F5E00003A6C7CA938746C803C746C8058B11C779
:10F5F00023820700A3820700828003C71700058BC0
:10F6000065FB785275F303C75700EDB73727002025
:10F61000032807C8832788039583858BC1E311C618
:10F6200083270803BD832300F60085CA832707C804
:10F63000985B4607935767016356070093E707C037
:10F64000C207C18303970600C207C18709C7BA97DB
:10F650000947B3C7E7022390F6009DCD8345150007
:10F6600085CDB7270020938747C883C767001387D6
:10F670009500894593F7070485C33A9583470500AC
:10F680000547994593F6F7066398E600E207E18798
:10F69000814563D30700B9452E8582808545EDBF3E
:10F6A000411126C206C622C44AC0B724002035ED47
:10F6B00083A6C4CAAE87F8527DFF372900201309FC
:10F6C00049C82301090037F400E03E85832704D1AF
:10F6D000B285ED9B2328F4D0832704D193E78702DA
:10F6E0002328F4D073005010975006E0E780E00A1A
:10F6F000B727002083A707C8B70680009843558F17
:10F7000098C3D857719BD8D783A7C4CAA30209004E
:10F71000A3000900094798C3832704D193E7870012
:10F720002328F4D07300501005A08D476314F5040E
:10F73000B727002083A707C8B70680009843558FD6
:10F7400098C3D857719BD8D783A6C4CAB7270020BF
:10F75000938747C803C72700058B19E703C73700FE
:10F76000058B51CB23820700B240224492440249C8
:10F77000410182808547E319F5FCB7F700E003A754
:10F7800007D16D9B23A8E7D003A707D11367870292
:10F7900023A8E7D07300501003A7C4CA8177FD17D0
:10F7A0005447F58F5CC70F10000003A7C4CAB70702
:10F7B0000200130600F81CC7B7270020938747C82C
:10F7C0002382C700B727002083A707C89C439D83D7
:10F7D000858B639FA700930760197CD354C737F7C5
:10F7E00000E0832707D193E787002328F7D01DBFC8
:10F7F0009307E01BDDB7F85231FFBDB7B7270020F4
:10F8000083A7C7CA8847D847798D09C988C7B7274A
:10F81000002003A3878963030300028382803727C4
:10F820000020B7260020138606CB130707CD834799
:10F83000D7008345B601484AAE97FD8BB355F50016
:10F84000A300F600A306F700858995E90347170191
:10F85000814613080002B3F7E7020147B355E500FC
:10F8600085899378F70F89C96395D700A30016019E
:10F870008280850693F6F60F0507E31107FF828065
:10F88000B727002083A74798011122CC26CA52C46B
:10F8900006CE4AC84EC68297B7240020938704CD6F
:10F8A0008047014A6301A406938404CD63668506FC
:10F8B000018D37270020930707CB83C7A701135477
:10F8C0005500137AF501130907CB636BF402B729CE
:10F8D00000209389C99DA1378346A90103A884000C
:10F8E00083A54900139756004297158C3A866364A6
:10F8F00007016364B7003306B74090C4E37DD4FCCE
:10F900001604336A4401F24062445285D2444249AB
:10F91000B249224A05618280B727002083A7079E4B
:10F9200033848740229571B7B727002003A7C7CA41
:10F930008967938707F47CD3B727002083A707D074
:10F9400083A60709139656006358060083A6070985
:10F9500013966600634406007453FDF28280000033
:10F96000B72700203727002083A707930327879214
:10F9700001456313F700828083D6670081E683D652
:10F98000470036959C43F5B7B727002083A5079914
:10F990003727002093870799138605222328C792CB
:10F9A00003D74700938785FFB72600204111BA97F8
:10F9B000056523A4F69206C61D05935637006374A9
:10F9C000E500930600203307D600372500202326C4
:10F9D000E59223A0E522E1162312D60023130600A8
:10F9E0001CC3998FE1172312F700231307008D3FE3
:10F9F000B240B7270020239FA79241018280B727FA
:10FA00000020B726002083A7079303A686922A87A3
:10FA1000B305B5406314F6003A8529A8938687009C
:10FA20009C43E369D7FEE377F7FE2E85E3E4D5FE3A
:10FA3000E3F2F5FE828023AC05FE1C4191E7010054
:10FA400001000CC18280BA8703A787FF6DFF23AC3A
:10FA5000B7FE8280184183A785FF6319B7001CC1D8
:10FA6000FD5723AC05FE238FF5FE8280232CF6FE86
:10FA7000C5BF411122C437E400E026C20440370765
:10FA8000200006C6F98C2320E4180F10000009E9B5
:10FA9000232094101545B2402244924441018280B3
:10FAA0000347E5FF9307F00F6306F7002320941048
:10FAB0001145D5B79700FB1FE7800067014523205C
:10FAC0009410D1BF411126C2B7E400E04AC003A997
:10FAD0000400B707200006C622C43379F90023A02A
:10FAE000F4180F10000009E923A02411B2402244A9
:10FAF00092440249410182809565938505D0C98D64
:10FB00002A842105C2054205C18141819700FB1F5E
:10FB1000E780405301CDFD572320050023128500C7
:10FB20002303F50023A024112105C9B723A0241124
:10FB300001456DBF0111B7E700E04AC803A90700FE
:10FB40004EC63707200006CE22CC26CAAA893379B2
:10FB5000E90023A0E7180F10000037250020032438
:10FB600045938144014619E499E8A1654E85EF006B
:10FB7000B00631A88347E4FF6397370395C8A6858D
:10FB800013054593C13D75D0A1654E85C92EF24040
:10FB90006244B7E700E023A0271126854249D244FA
:10FBA000B2490561828091E02286032484FF65BF0B
:10FBB000A284E5BF41114AC037E900E022C4032412
:10FBC00009003707200006C626C2798C2320E918D1
:10FBD0000F10000089E523208910154515A0B727CF
:10FBE000002083C79793AA842E8563F5F400894784
:10FBF00063EE9700BD3DB7E700E023A087100D45F9
:10FC0000B2402244924402494101828083A785FF89
:10FC100099E703C7E5FF9307F00F6308F700913DED
:10FC2000B7E700E023A087104DBF37250020238FC2
:10FC300095FE130545930135A16526850D260145E1
:10FC40002320891075BFB727002023AA079282803E
:10FC5000B727002083A7C79899E33E85828003D702
:10FC600027006316B70003C70700E308A7FEDC47B9
:10FC7000E5B7B9CD011106CE22CC26CA8147C146CF
:10FC800033D7F540058B21C312053E953147330527
:10FC9000E502372700208324079D05443314F40030
:10FCA0002EC642044180AA949C40C8408297B24527
:10FCB00023A0040023A20400A18DF2406244D24498
:10FCC0002E85056182808507E39CD7FA0144EDB754
:10FCD0002E858280BDCD797122D406D626D24AD017
:10FCE0004ECE01444147B3D78540858BB1CF120535
:10FCF000314722953305E502B727002003A9079D68
:10FD00008544B3948400C204C180BE892A99032724
:10FD1000090011C7032549002EC60297B245314795
:10FD20003304E40283A7099D3E941C4489E7232001
:10FD3000090023220900B2502254A58D0259925481
:10FD4000F2492E85456182800504E31EE4F8814472
:10FD5000DDB72E8582804111B7E700E026C28443DB
:10FD60003707200006C622C4F98C23A0E7180F101D
:10FD70000000B727002083A7079B37140020130437
:10FD8000847D91C782971C403E9508C031A0B7275B
:10FD9000002083A74798FDF70840B74703009387E3
:10FDA000D73F3305F502B7A72600938737ECB2405B
:10FDB0003E9508C02244B7E700E023A09710924484
:10FDC000410182800111B7E700E022CC80434AC89C
:10FDD0003707200006CE26CA2A892E86798C23A0D2
:10FDE000E7180F100000131506019305F004418178
:10FDF00032C69700FB1FE780E024AA8419C532466B
:10FE0000CA859700FB1FE780A041B7E700E023A069
:10FE10008710F240624426854249D24405618280BF
:10FE20007971B7E700E022D480433708200006D676
:10FE300026D24AD04ECE52CC56CA5AC85EC662C4EA
:10FE40003374040123A007190F10000005E123A05B
:10FE500087100945B250225492540259F249624A1D
:10FE6000D24A424BB24B224C45618280B7270020D8
:10FE700083A74798BA8A368AB28B2E8BAA89829733
:10FE8000B727002003A7079D3E898144B146C1479B
:10FE9000338CD40233068701104241E6C165938555
:10FEA00005F041459700FB1FE780C01919EDB72702
:10FEB000002083A7079C81C7814511458297B7E73A
:10FEC00000E023A087102D4571B7B727002003A7B6
:10FED000C79821E723A6A798230005008327099D3B
:10FEE00005473317970023260500232475012311A6
:10FEF000E50023225501E29723A0370123A26701E1
:10FF000023A4570163040A0023009A00B7E700E026
:10FF100023A0871001453DBF3E875C47F5FF48C7DA
:10FF200065BF8504E396F4F6B7E700E023A08710E9
:10FF300021450DB7B727002083A7879D411122C413
:10FF400006C6372400201304849389C782975C482F
:10FF50003E9548C84848B240224441018280B7E7F4
:10FF600000E09843B706200023A0D718758F0F1024
:10FF70000000B726002083C696936372D502372609
:10FF800000209316150003258698369583560500A4
:10FF9000D58D2310B50023A0E7100145828023A052
:10FFA000E7100D458280B7E700E09843B7062000D0
:10FFB00023A0D718758F0F100000B726002083C626
:10FFC00096936374D50237260020931615000325F7
:10FFD000869893C5F5FF369583560500F58D231059
:10FFE000B50023A0E7100145828023A0E7100D454E
:10FFF0008280011137E700E026CA0443B7062000DB
:020000040005F5
:1000000006CE22CC4AC84EC652C4F58C2320D7183F
:100010000F100000130705FF1377F70FFD4763E28A
:10002000E70AB146B306D502B727002003A7079D0C
:1000300036971C43D9C71359450005443D893315EC
:10004000A400131405014180AE894A85A2850931B7
:100050002A8A39C9A2854A85B937B727002083A7DC
:100060004798372900201309C99D82978357890033
:100070002A848146B385370313060064B3B7370378
:1000800013850532B335B500BE95EFE04110B307D7
:1000900085003E878326490063E4A70063E4D70018
:1000A0003387D7402324EA00B7E700E023A0971066
:1000B0000145F2406244D2444249B249224A0561B4
:1000C0008280B7E700E023A097100945DDB7011152
:1000D000B7E700E026CA84433707200006CE22CCCB
:1000E0004AC84EC6F98C23A0E7180F100000BD4780
:1000F00063E8A70431473307E502B727002083A749
:10010000079DBA979C438DCF05443314A400420445
:1001100041802E890145A285253EAA8911C5A28567
:100120000145513523A42901B7E700E023A097102A
:100130000145F2406244D2444249B249056182809D
:10014000B7E700E023A097100945E5B779714AD0D9
:1001500037E900E026D283240900B707200006D63D
:1001600022D44ECE52CC56CA5AC85EC6FD8C23202D
:10017000F9180F100000B727002083C79793637802
:10018000F500B727002083AB479863970B00B7E7CC
:1001900000E023A0971099A0B72900209389C99D5A
:1001A000AE8A03AB490083D58900B74736FE9387F3
:1001B00007C83E9BB387C5022A84328A8146B3B5FD
:1001C000C50213850732B337F50013060064BE95E8
:1001D000EFD0F17B6370AB02232099100145B25040
:1001E000225492540259F249624AD24A424BB24BCB
:1001F00045618280829B83D589002A891306006429
:10020000B38745038146B3B5450313850732B3373A
:10021000F500BE95EFD0B177B30725013E8903A75E
:10022000490063E4A70063E4E7003389E740D6852B
:100230002285393C09C923242501B7E700E023A022
:100240009710054569BF936504F0C205C18141451A
:100250009700FB1FE78000DF11E9B727002083A785
:10026000079C95D7A2851145829715B7372700209F
:100270008327C79895E32326A7988547232605005B
:10028000232425012311550123008500A300F50037
:10029000232205005DB7BA87D84775FFC8C7F1BFED
:1002A0007971B7E700E026D284433707200006D6ED
:1002B00022D44AD04ECE52CC56CA5AC85EC662C468
:1002C00066C26AC0F98C23A0E7180F1000002DC188
:1002D0004144B689B28A2E8A2A89B14C372B002034
:1002E000054D130C0003B30B940303270B9D5E977E
:1002F0001C43A5E39375F400B315BD0013554440AA
:10030000C2055686C1811375F50F893539C183271A
:100310000B9DDE9723A0270123A2470163840900D8
:1003200023808900B7E700E023A09710014521A0B2
:1003300023A097100945B250225492540259F24911
:10034000624AD24A424BB24B224C924C024D45611A
:1003500082800504E31984F9B7E700E023A0971031
:100360002145D1BF0111B7E700E026CA844322CC62
:100370004AC84EC63707200006CE2A84AE89328985
:10038000F98C23A0E7180F100000C9332285CE8511
:10039000C1302A8405C5B727002083D5479E1306A0
:1003A00000648146B3872503B3B52503138507325F
:1003B000B337F500BE95EFD0915D48C013351400FA
:1003C000F2406244B7E700E023A097104249D244CC
:1003D000B2490E05056182800111B7E700E04AC805
:1003E00003A9070022CC4EC63707200006CE26CA36
:1003F000AA892E843379E90023A0E7180F100000A2
:10040000EFF01F85AA8419C123110500A2854E852E
:10041000593EB727002083C7879363993701B727D1
:10042000002003D70798598C23908798B7E700E0FE
:1004300023A02711014591E01945F2406244D244BE
:100440004249B2490561828001114AC837E900E09A
:1004500022CC03240900B707200006CE26CA4EC6C8
:100460007D8C2320F9180F1000009307F00263E63B
:10047000A704B147B304F502B729002083A7099D5B
:10048000A6979C439DCB9377F5008545B395F500E2
:10049000C205C1811181893783A7099D0145A697AE
:1004A00023A0070023A2070023208910F240624402
:1004B000D2444249B24905618280B7E700E023A0F7
:1004C00087100945E5B74111B7E700E026C284432C
:1004D00006C622C437072000F98C23A0E7180F10A6
:1004E0000000EFF0EFF619E90145B2402244B7E70A
:1004F00000E023A09710924441018280B72700209A
:1005000083A7479800458297B72700209387C79D08
:100510006368A402D843B74636FE938606C83305FF
:10052000A4403697E372E5FC13070064B335E50297
:1005300003D6870081463305E502EFD0514575B7F4
:10054000D8433A94C1BF411122C426C237240020A7
:10055000B72400201307C49D938484939448584380
:10056000B727002006C683A747981304C49D63924B
:10057000E60882975440B74736FE938707C8B69778
:100580003387A7003A856364F7006364D7003305B7
:10059000D740B7240020938744C8DC53938444C8D1
:1005A00099CBB727002083A607D03707CDFF7D174B
:1005B0009C46F98F9CC611E14840B727002083A7CD
:1005C000479B829719E5DC5085C3EF60215CEF50B3
:1005D000B15ADC5091CBB727002003A707D0B7064C
:1005E00033001C47D58F1CC7B240224492444101BE
:1005F0008280829794485840B387A6003E8563E482
:10060000D700E3E8E7F83385E74061B74111B72742
:10061000002006C623ACA79C0295B240B727002055
:1006200023A8A794014541018280994763E9B70057
:10063000B72700208A0593874796BE9588C1828098
:10064000B727002023AAA79C11C5B727002005477C
:100650002381E7988280B727002023A60798B72731
:10066000002023AC079CB727002023A2079837253A
:100670000020B72700204111238107987146B72732
:10068000002081451305459606C623AA079C22C46F
:1006900026C2372400209700FB1FE78080BF130588
:1006A00084931306800281459700FB1FE78060BE9C
:1006B000EFF08FADB72700209387079903C5C703D5
:1006C00083C7D7031304849385453E958D4733052F
:1006D000F5029947B724002039051375F50F23015A
:1006E000A4003305F502130505249700FB1FE780DE
:1006F000609523A8A49C49C10346240099478145DD
:100700003306F602130606249700FB1FE78060B845
:1007100083A7049D03472400B72400209387072460
:100720000A0723A0F496BA97372700202324F798C6
:10073000EFF06FD1A5218347140083A604963706F6
:100740000500139727003697130646CD10C313876D
:1007500017001377F70F0A073706050036971306B9
:1007600026C710C313873700890793F7F70F8A0747
:10077000A300E400B69790C3B240224492444101E2
:10078000828037270020130787938347170083460B
:10079000270063F0D702B726002083A606961386AB
:1007A0001700A300C70013972700369708C33E859C
:1007B00082809307F00FE5BF1C41638C07104177DF
:1007C0007D8FB706002089476316D7100357450071
:1007D00063020710411126C21946AA849305F00F3F
:1007E000610506C622C49700FB1FE78000B90547D4
:1007F0008D47630AE50C9C4491C7D858994761C757
:10080000985C71C33724002013060004814513054A
:1008100004999700FB1FE780C0A713060004A68574
:10082000130504999700FB1FE780809F93070499A5
:1008300003D7C70009E7130700102396E70003C793
:10084000E70001E705472387E70003D7070101E732
:100850006D472398E70003C7F70001E71547A38713
:10086000E70003C7270101E705472389E70003C71E
:10087000370109E703C7F700A389E70003C757015A
:1008800001CB937637000983238ED702A38EE7022C
:1008900003C7470101E75547238AE70003C76401FF
:1008A00009E71307C003238BE7009C5791C7829782
:1008B000B72700202390A794B72700207D57A38255
:1008C000E7D6513B8147B240224492443E854101E4
:1008D000828089473E85828001114AC837290020DD
:1008E0008327C99D06CE22CC26CA52C456C24EC604
:1008F0008297130A0064B33545031309C99D835ACF
:1009000089008146568633054503EFD05108B72745
:10091000002013878793004FAA8401456306940241
:100920009389879333858440636E9400032549003F
:1009300056868146B335AA023305AA02EFD03105A7
:10094000018D269523AC9900F2406244D24442497D
:10095000B249224A924A05618280011122CC2E843A
:10096000B7E506000A8541469385C55D06CEEFD002
:10097000913B180806043A94B7270020035504FF5A
:1009800083D7679EF2406244AA9737450F0013054C
:1009900005243355F50205618280B727002083D7EF
:1009A000679E51471D45637CF70279471945637877
:1009B000F7021307200315456373F7021307B0040A
:1009C0001145637EF700130740060D456379F70074
:1009D0001307600909456374F70013B5B70F8280E8
:1009E000011122CC06CE2A842EC6EFF0CFB6B24536
:1009F000F240818D33A5A502229562441375F50F4F
:100A000005618280011122CC06CE2A842EC6EFF029
:100A10008FB4B245F240818D33A5A5022295624480
:100A20004205418105618280011122CC06CE2A84D3
:100A30002EC6EFF04FB2B245F240818D33B5A5021C
:100A40002295624405618280B727002013870799A9
:100A500018572DC3411122C426C24AC006C61389A5
:100A600007990297B72700201387879303578700BA
:100A70002A84938487930DCBBA876373A700AA87D0
:100A8000C207C183BA866373E400A286C206C1822C
:100A9000958F5147635AF7008327C90291C3829704
:100AA000EF50F17723948400B240224492440249EB
:100AB0004101828082800111B727002022CC372497
:100AC000002023A8079E93070499DC5706CE26CA68
:100AD000AA851304049981C72AC68297B245C9C161
:100AE0009C410545ADCBDC41BDC783D78500A5C77B
:100AF00083D7A500ADC3B72400201385C49D5146FC
:100B00009384C49D97F0FA1FE780807123860400C8
:100B1000B727002083A6C79D372700202322D79818
:100B2000034774011DE39387C79D03D5870093078F
:100B3000805737460F003305F50213060624814619
:100B40008145EFD0C164A30BA40037150500130540
:100B5000858D6D3C0145F2406244D244056182803E
:100B6000B7270020938787933707002023AE07001D
:100B70001307676EB727002023AEE79C3787320044
:100B80009387C79DFD56130727A1D4C398C7238613
:100B90000700B7C7004023A4D7269DBF011122CC70
:100BA0003724002093070499884706CE26CA4AC8EE
:100BB00001E90545F2406244D24442490561828020
:100BC000130404995C58F5D7185C65D77000854507
:100BD00082971844B247E30EF7FC0355C40093050F
:100BE000E004B724002097F0FA1FE780A0451387A0
:100BF000849308D3938484934DDD0356C4009305F6
:100C0000F00F014997F0FA1FE780A0688347E400DE
:100C10009050634DF900328597F0FA1FE780C0507D
:100C2000014523A0040223A2040269B78355C4002E
:100C30000844185CB3872503898105093E9508C2DD
:100C40000297E9B701114EC6B72900209387099989
:100C50009C4726CA4AC852C406CE22CC56C25AC0A5
:100C60002A8AAE843289638D071E9389099903A766
:100C70004903630407121307F01F6362A7123724A6
:100C8000002013078493832A070213048493639A32
:100C90000A0803D5C9009565938515E097F0FA1FFA
:100CA000E780403A08D02A866DC983D5C90083A75A
:100CB000490303A589008981829783A78900832A34
:100CC00004025CD089476316FA08C1476397F40CA5
:100CD00083D5C9009147938505FCB3C5F5028A0504
:100CE000D69503C725009307A0056314F70A83D799
:100CF00005006390470B4A852686910597F0FA1FF9
:100D0000E78000521C505685639357130145F2400B
:100D10006244D2444249B249224A924A024B056196
:100D200082805850E380E7FA03D5C9009565938522
:100D300025E097F0FA1FE780E030AA8A39CD83D505
:100D4000C9002A8683A7490303A589008981829760
:100D500095BF8D47631BFA00C1476390F40483D5A8
:100D6000C900938545FDF199A5BF91476318FA0025
:100D70006395440383D5C900A115F5B79307001007
:100D8000631DFA00A14763EA970083D5C900C11526
:100D9000D9BF1C5056856390570D29458DBF9D6A5C
:100DA000637C5509930A05E01947B3CAEA0203D7E1
:100DB000C900372B0020B38AEA02BE9A93078B93AF
:100DC000DC53130B8B936395570103240B021DE037
:100DD00003D5C9009305E00497F0FA1FE780802649
:100DE0002A8445DD83D5C90083A749032A868981E2
:100DF0005685829791451307A00589819397250011
:100E0000A29783C627006393E60483D60700639CFA
:100E1000460385058A052686A2954A8597F0FA1F1E
:100E2000E780004083270B02E38287EE228597F05C
:100E3000FA1FE780602FD9BD21677917E36FA7F408
:100E4000B30A5541ADB783C5370045BF83270B02B1
:100E5000E38587F4228597F0FA1FE780E02C35BF01
:100E6000B727002083A587958DD991479306A005C4
:100E70008983139727002E9703462700E31FD6F098
:100E800003560700631C460185078A072686BE9520
:100E90004A8597F0FA1FE780A0388DBD8347370059
:100EA000C1BFB727002093870799984729C3985F48
:100EB0001DCF8546631DD502411122C43724002071
:100EC00013048493105006C619CE83D5C70048502A
:100ED00089810297085097F0FA1FE780E0242320C9
:100EE000040223220402B240224441018280828013
:100EF000011122CC372400209307049956C283AAFB
:100F0000870026CA4AC84EC606CE52C42A89AE8475
:100F1000B28913040499638C0A1C1C5C99EB294563
:100F2000F2406244D2444249B249224A924A05619F
:100F300082805C58EDD79307F01F63E8A70C372A2F
:100F4000002093078A939C53130A8A93B9C70844D5
:100F500083274A02639FA70489476317F906C1479D
:100F6000E39FF4FA0355C4009147130505FC33458C
:100F7000F5029317250003250A022686CE853E95A5
:100F80009307A0052301F50023102501110597F013
:100F9000FA1FE780E028014561B70355C4009305B7
:100FA000E00497F0FA1FE780E0092320AA0245F148
:100FB000BDB78355C4005C5803260A028981829715
:100FC0001C442322FA0249BF8D47631CF900C14724
:100FD000E397F4F40355C400130545FD9377C5FF6B
:100FE00059BF91476318F900E39B24F30355C400EC
:100FF0002115EDB793070010E313F9F2A147E3E0E1
:1010000097F20355C4004115D1BF9D676378F5067B
:10101000930705E01947B3C7E7020357C400372A0F
:101020000020B387E702BE9A93078A939C53130A62
:101030008A93A1CF83274A026395570703250A02A3
:1010400091461308A0059305F00F93D72600139738
:1010500027002A97034627006316060783580700D0
:1010600003463700639C2805B306D64063C6960442
:1010700085078A072686CE853E9511BF2167791799
:10108000E36FA7E8B307F54049BF0355C4009305D4
:10109000E00497F0FA1FE780E0FA2320AA0259F94A
:1010A000BDBD8355C4005C5803260A02898156855C
:1010B000829723225A0359B72310B70093160601CB
:1010C000C18261B70356C400B3859600910513062B
:1010D00006FCE3F6C5E413863400719A1106B29655
:1010E0002301070123102701A301D70051B7372A95
:1010F000002093078A939C53130A8A93A9C303255C
:101100000A0291461308A0059305F00F93D7260015
:10111000139727002A970346270063140605835870
:1011200007000346370063982801B306D640E3D191
:1011300096F42310B70093160601C182C1BF034580
:10114000E4008357C4009305E0043305F50242052B
:10115000418197F0FA1FE780E0EE2320AA0245F1D3
:101160007DBB0356C4008345E400B385C5023386C6
:1011700096001106E3E5C5DAB9BF0145828083C751
:1011800005002300F50083D72500A300F50083D7D1
:101190002500A1832301F50083C74500A301F500C5
:1011A00011458280B727002023A60780B72700209B
:1011B00023A40780828029C1411126C206C622C409
:1011C000AA8401458DC52E84B7E5060022854146D7
:1011D0009385C55E97F0FA1FE780800483C70400FB
:1011E00005452306F40083C71400A306F400B240AB
:1011F000224492444101828001458280011122CC27
:1012000026CA06CE0947AA8432846381E504414692
:101210008147639BC500638FE6006397B6000DA806
:1012200041478147638EE600F2406244D2443E85E6
:10123000056182808A852285BD3F41468A8519A83D
:101240008A85953F41468A85228531A0E39AB6FC7E
:101250002E86A285268597F0FA1FE780A009AA8727
:10126000E1B7B727002023A4A7808280B7270020FA
:1012700023A6A7808280011122CC0354650006CEEC
:1012800026CA4AC84EC641C083298500AE842A8832
:1012900003C9090081471317890161876355070254
:1012A000B147054563FA87045114420403552800E9
:1012B000418033878900A2864E868545EFA0900C39
:1012C000B337A00085077D141355690042040589D2
:1012D0001379F90341802380F400A380A4002381C3
:1012E000240123928400014719C01387190098C470
:1012F00009476383E7000145F2406244D244424912
:10130000B249056182800545C5BFC167F917630A07
:10131000F502D94763F7B702011122CC2EC606CEDB
:101320002A84EF703055B2456368B5002285624467
:10133000F24005616F90E078F24062440545056136
:10134000828005458280C167F9176314F5006F70CC
:101350007052411106C6EF90806511E15D45B240C3
:101360004101828091476394F50283470500230081
:10137000F6008347250003471500A207D98F2311E4
:10138000F6008347350001452302F60082801145AF
:1013900082804111814522C426C206C6AA84052541
:1013A0002A8409E9B727002083A7878081C7F945E8
:1013B000268582972285B240224492444101828050
:1013C00039714ED656D25AD006DE22DC26DA4AD8F9
:1013D00052D4AA8A2E8BB28941EF36C6AD379145D9
:1013E000EF70105BAA844D492DC9B246054A23808F
:1013F00034010544630A0B00B68513851400029B73
:101400000505131405014180E20993D9894163D38D
:101410000902C1455685EF90C067654905E93386E5
:101420008400A2852685EFA000472A8905E13104C2
:101430004204418091472C085685231CF10026CE9A
:10144000231D8100EF8010702A8901C963070A00FB
:10145000268597F0FA1FE78020CDF25062544A8526
:10146000D2544259B259225A925A025B2161828067
:10147000BA84014AADBF011122CC26CA4AC84EC661
:1014800006CE2A893284B689253FAA840DE1B72782
:10149000002083A7C78081CF05476317E40003C4FA
:1014A000090005041374F40FA2854A858297F2405F
:1014B000624426854249D244B24905618280AE86A3
:1014C000B7150500014705469385E5176DB783D726
:1014D00005002300F50083D70500A183A300F500D4
:1014E0000945828083D705002300F50083D70500D6
:1014F000A183A300F50083D725002301F50083D73E
:101500002500A183A301F5001145828083D7050042
:101510002300F50083D70500A183A300F50083D73E
:1015200025002301F50083D72500A183A301F50041
:1015300083C755002302F50083C76500A302F500A9
:1015400003D58500190542054181828083D70500B6
:101550002300F50083D70500A183A300F50009450A
:10156000828083D705002300F50083D70500A1837F
:10157000A300F50083D725002301F50083D72500BC
:10158000A183A301F5001145828003D5450006051E
:1015900042054181828083D705002300F50083D76F
:1015A0000500A183A300F50003D525000905420528
:1015B0004181828083D705002300F50083D7050091
:1015C000A183A300F50083D725002301F50083D76D
:1015D0002500A183A301F50003D5450011054205AF
:1015E0004181828083C705002300F5000545828084
:1015F00083D70500411122C406C62300F50083D716
:1016000005002E841105A183A30EF5FE83D72500C6
:101610009505230FF5FE83D7D5FFA183A30FF5FE14
:1016200003C6F5FF97F0FA1FE78080BF034544002B
:10163000B24022441105410182808947639CF50034
:1016400083471500034705000145A207D98F2310E2
:10165000F60082801145828003D70500D94763FEDA
:10166000E702011122CC06CE2EC62A84EF7090200C
:10167000B24683D70600636DF50022856244F240CE
:10168000B7150500014709469385E54C05610DBB7B
:10169000F240624409450561828009458280914794
:1016A0009DC583460500FD15C2058547C18163922E
:1016B000F60213D725008D89914791E9914701CB17
:1016C00005052301D6002310E60048C281473E8568
:1016D000828009479147E39CE6FEC94733D7F5026C
:1016E000B3F5F502D1BFAE86B71505000147114627
:1016F0009385454EF1B193F7350091EB8981914780
:1017000089C52310B60048C281473E858280914733
:10171000EDBF03C745008947631AF702011122CCC8
:101720002A84C84506CEAE86014719C52EC69D45FA
:10173000EFE0EFACB2462A8722856244F240B7154B
:10174000050019469385C55005619DB909458280FC
:1017500099E1114582808347050005472311F60072
:10176000E379F7FEFD1593F5F50F33D7F502B3874F
:10177000E702E390F5FE050548C22310E6000145A7
:10178000828083C745000947AE866385E7004147ED
:101790006399E700B7150500014721469385055F6A
:1017A00005B1094582802310B60091E1014548C288
:1017B00001458280AE86B71505000147294693850D
:1017C000C554FDBE2310B60091E1014548C2014554
:1017D0008280AE86B71505000147314693852556B0
:1017E000C5B62310B60091E1014548C2014582808B
:1017F00003D74500854763FDE702011122CC2A8407
:10180000884106CE0DC12EC68545EFE04F9F2A8741
:1018100022856244B246F240B715050039469385E9
:10182000A558056171BEF240624409450561828098
:101830000945828091479DC5034705008D46914724
:1018400063F2E602FD15C205C181B3C6E5023308A5
:10185000D7026399050105052310D6002311E60080
:1018600048C281473E85828083C745000947AE86CE
:101870006385E70041476399E700B7150500014715
:1018800041469385055F2DBE09458280B335B00082
:10189000139525008280011122CC26CA06CE03C7EB
:1018A00085008547AA842E8449466310F702613C6F
:1018B0008357240049151306200963C8A700F24086
:1018C0006244D244094505618280034794008547FC
:1018D0006314F70013660604484011C58D4532C6EF
:1018E000EFE0EF913246A2866244F2402A872685D5
:1018F000D244B7150500938565590561D1B48D476C
:1019000063FFB7028347150003470500F115A207DF
:10191000D98F2310F6008347350003472500C20501
:10192000A207C181D98F2311F6002312B60089C501
:10193000110508C60145828023240600E5BF114534
:101940008280011122CC2A84884506CEAE8611C53C
:101950002EC69545EFE0AF8AB2462A8722856244BB
:10196000F240B715050059469385455B056189BC72
:10197000B335B000139525008280AE86B7150500FB
:10198000014761469385455E25BC8547114563F453
:10199000D7028347160083450600A207CD8F231088
:1019A000F7009387E6FF2311F70089476386F60067
:1019B000090650C30145828023220700E5BF014785
:1019C000814679468145EDBA83D705002300F500AD
:1019D00083D70500A183A300F5000945828083C752
:1019E000250005472300F50003D505006397E700B0
:1019F0000A050505420541818280C9473305F50284
:101A0000CDBF03D505000A0542054181828083D7F9
:101A100025002300F50003D5050083D725003305F5
:101A2000F502050542054181828003D505008280CB
:101A300003D50500828003D50500828083D7250069
:101A40002300F50003D5050083D725003305F502F3
:101A5000050542054181828083D705002300F500FA
:101A600083D70500A183A300F50083D725002301B8
:101A7000F50083D72500A183A301F50003D5450018
:101A8000110542054181828083D705002300F500BE
:101A900083D70500A183A300F50003D52500090520
:101AA00042054181828089471145639BF600834747
:101AB0001600834606000145A207D58F2310F700C4
:101AC000828003D70500D947AE8663F9E700B725C2
:101AD000050001470D469385859C71BA09458280B2
:101AE00011456393A602834716008346060001450D
:101AF000A207D58F2310F7008347360083462600C0
:101B0000A207D58F2311F700828083C725000547E0
:101B1000FD1793F7F70F6361F70483D705008DCFA7
:101B2000011122CC2A84C84106CE15C12EC6894592
:101B3000EFD0FFEC2A8722856244B246F240B725F7
:101B4000050015469385E59D05616FF0DF92F24033
:101B500062440945056182800945828095471145A7
:101B600063F9D706411122C426C24AC006C683477C
:101B70001600BA8403470600A2073284D98F239047
:101B8000F400834736000347260093054400A2076C
:101B9000D98F2391F40089472382F40009461385E5
:101BA0005400368997E0FA1FE78080679307A9FF02
:101BB0002394F4009947631BF90023A60400B24064
:101BC0002244924402490145410182801904C0C463
:101BD000FDB7828083D705008DCF011122CC2A84E6
:101BE000C84106CE15C12EC68545EFD05FE12A87D4
:101BF00022856244B246F240B72505001D46938512
:101C000025A005616FF03F87F240624409450561F8
:101C100082800945828099476395F604894741117E
:101C200006C62302F7008347160083460600B285E6
:101C3000A207D58F2310F70083473600834626007E
:101C400003464700A207D58F130557002311F7005D
:101C5000910597E0FA1FE780A05CB2400145410181
:101C60008280D14711456394F600C1474DBF828001
:101C700083D705008DCF011122CC2A84C84106CE1E
:101C800015C12EC68945EFD09FD72A872285624489
:101C9000B246F240B725050025469385E5A00561CB
:101CA0006FF06FFDF240624409450561828009458D
:101CB000828089471145639BF6008347160083465F
:101CC00006000145A207D58F2310F700828001117D
:101CD00022CC2A84C84106CEAE86014719C52EC63D
:101CE0008545EFD0DFD1B2462A8722856244F24093
:101CF000B72505002D469385A5A205616FF0AFF7C6
:101D000011456393A60283471600834606000145EA
:101D1000A207D58F2310F70083473600834626009D
:101D2000A207D58F2311F7008280011122CC2A84CB
:101D3000C84106CEAE8611C52EC68545EFD03FCC34
:101D4000B2462A8722856244F240B725050035460F
:101D5000938505A305616FF00FF293F71600114507
:101D600089EB89476387F60085822312D70010C369
:101D700001458280011122CC2A84C84106CE15C1BA
:101D80002EC68545EFD0BFC72A8722856244B2465A
:101D9000F240B72505003D46938565A305616FF0C8
:101DA0008FEDF240624409450561828083D70500CA
:101DB0008DCF011122CC2A84C84106CE15C12EC672
:101DC0008945EFD0DFC32A8722856244B246F240BC
:101DD000B725050045469385C5A305616FF0AFE9BA
:101DE000F240624409450561828009458280854749
:101DF00063FCD7022304A700A304B700834716009F
:101E000083450600A207CD8F2310F7009387E6FFD6
:101E10002311F70089476386F600090650C3014580
:101E2000828023220700E5BF114582800147814659
:101E30004D4681456FF02FE48D47114563FBD70276
:101E40008347160083450600A207CD8F2310F700B5
:101E50008347360083452600A207CD8F2311F70064
:101E60009387C6FF2312F7006386A600110610C7EA
:101E70000145828023240700E5BF011122CC2A847A
:101E8000884506CEAE8611C52EC69545EFD03FB724
:101E9000B2462A8722856244F240B72505005D4696
:101EA000938585A505616FF00FDD85471145639723
:101EB000F6008347060001452300F70082800147B2
:101EC0008146654681456FF00FDB011122CC2A84E3
:101ED000C84106CEAE86014719C52EC68D45EFD046
:101EE0001FB2B2462A8722856244F240B725050018
:101EF0006D46938585A805616FF08FCC011122CCCA
:101F00002A84C84106CEAE86014719C52EC68D4526
:101F1000EFD0FFAEB2462A8722856244F240B72551
:101F200005007546938585A805616FF06FC901119D
:101F300006CE2EC6EF80D02301C9B245F24003552C
:101F4000250005616FC0102EF24049450561828071
:101F5000B7270020A38C0782B7270020238C078295
:101F6000B727002023A00782B727002023A20782DB
:101F7000B727002023A40782B727002023A60782C3
:101F8000B727002023AE0780B727002023AC0780A7
:101F9000B7270020239A07A013064038938747A14C
:101FA0002391C70271761307400B130606B82391DD
:101FB000E7002392C70211671D46930600059305AB
:101FC000000A1305007D2392E7002393C7024147CF
:101FD0000546130810F82395E7002396E700239998
:101FE000E700239AE700239BE700239CE700239464
:101FF000E7022393B7002394B7002397D7002398D1
:10200000D700239DA700239E0700239F070023904E
:1020100007022395C7022396070323970702930815
:10202000F007239807022392E7042393E704239FF2
:10203000E7042390E7062391E7062392E706239916
:1020400017031307C01C239AC702239BC702239CB4
:102050000702239D0702239E0702239F0702239066
:1020600007042391C70423940704239507042396A8
:10207000C7042397D7042398D7042399A704239A46
:102080000704239B0704239C0704239DD704239E56
:10209000D7042393A70623940706239507062396C0
:1020A00007062397B7062398B70623990706239AAE
:1020B000E7067D57239B0706239007092391E7082E
:1020C0008280011126CAAA84214522CC06CE2E8404
:1020D00032C636C43AC2EFD0FF9E1DC9A24612478F
:1020E0003246930700FD2300F5009947A3009500B1
:1020F0002301F5002303D500A303E5002312C50047
:10210000AA8522856244F240D24405616FD09FAA1D
:10211000F2406244D24405618280B727002023A4A4
:10212000A7828280B727002023A6A7828280011180
:1021300022CC4AC806CE26CA2A890144B3048900A3
:102140006368B400F2406244D2444249056182802F
:102150002EC6EFD05FC093170501C183A183B2459E
:102160002380F4009307140093F7F70F850463F9B5
:10217000B700CA9709042380A7001374F40F7DBF2A
:102180003E847DBF411122C4372400201304449FA4
:1021900003556400C16706C6FD17630FF500B72736
:1021A000002003C687B3B725002093850583EF8001
:1021B000E05AFD572313F400B240224441018280CB
:1021C00009C925151375F50F1335850E134515002F
:1021D00082800145828023900500C9C6797122D48E
:1021E00026D24ECE52CC5AC806D64AD056CA5EC661
:1021F0003684328AAE892A8B814463F34407B3075D
:10220000940083C70700138914004209939A0701B9
:1022100093DA0A011359090163840A04CA976341D6
:10222000FA04B307240183CB07005E85513F0DC933
:102230009387FAFF2390F90063906B03130519004D
:102240002295B250225492540259F249624AD24A1B
:10225000424BB24B45618280D694C204C18071BFAB
:102260000145C5B701458280011122CC37240020E9
:1022700026CA4AC84EC69307449F06CE2E89D0CBA5
:102280008CCBC8C7AA8441469305F00F4A8597E0D6
:10229000FA1FE780800E85491304449F63193503B4
:1022A0000848C145693541469305F00F268597E0FA
:1022B000FA1FE780800C05496315250348446244F2
:1022C000F240D2444249B249C14505618DB541460B
:1022D00081454A8597E0FA1FE780200AE31535FD1E
:1022E000C1B741468145268597E0FA1FE780E0089F
:1022F000E30625FDF2406244D2444249B2490561F9
:102300008280411122C43724002026C24AC0AE84F4
:102310002A891306000281451305449F06C697E0EB
:10232000FA1FE78000F79307449FA3812701B7278F
:102330000020238E97B2EFC02071854719C18147D5
:102340004945230AF49EB240224492440249410185
:102350008280814781CD19C98547631BF50083C7FA
:10236000550093E707FCA382F50085473E858280F0
:1023700089476317F50083C7550093F7F703E5B75F
:102380000D478547E314E5FE03C755001377F703B0
:1023900013670704A382E500D1BF81478DC105C142
:1023A00003C755009306000C85471377070C630895
:1023B000D700930600048D476303D70089473E8505
:1023C0008280411122C4005D06C626C21DC8AA84AF
:1023D000085009C597E0FA1FE78000D5485009C5A5
:1023E00097E0FA1FE78040D4085409C597E0FA1F28
:1023F000E78080D3228597E0FA1FE780E0D223AC04
:102400000402B240224492444101828019E9B72774
:10241000002083C7679F91C73725002013050581DA
:102420008280372500201305C5A08280B7270020B1
:1024300003C5679F8280B727002003A507A082807D
:10244000B727002003A547A08280B727002083A7D5
:1024500087A088438280B72700209387479FD44B6B
:102460009842050798C203C537009307F00F63052C
:10247000F50091656FD0BFAE8280011122CC06CEEF
:102480002E8432C6EF80605F9147B2456310F5023B
:10249000B727002083A7C78295C303A30700630F54
:1024A000030022856244F24005610283B7270020C1
:1024B00083A7478281C703A34700D5B7F240624490
:1024C000054505618280011122CC2A84035545000F
:1024D00006CE26CA4AC84EC6EF8040383DC92A8972
:1024E000834405008349C500E93D4A85EF80101803
:1024F00003554400EF80A053372900201309898336
:1025000083470900B9CB639A9704B727002083C596
:1025100097832685293C19E12300090003554400CF
:10252000EF80A0559147631FF500B72700209387E0
:10253000479F8356440003D767006395E6007D57A5
:102540002393E700F2406244D2444249B249056114
:10255000828081499304F00F45B79307F00FE38F12
:10256000F4FA8346640003564400034524004E8772
:10257000A685813E65B779715EC6AA8B2E8552CC41
:1025800056CA5AC806D622D426D24AD04ECEAE8AD1
:10259000328B368AEF80802C7DC1045D2A89E5C0AC
:1025A0009C50614599C3130540039C5481C7510554
:1025B0004205418163050A00710542054181DC50F5
:1025C00081C75D0542054181EFD0CFCF2A8445C93F
:1025D0006146814597E0FA1FE780A0CBB72700202E
:1025E00083C947A46394090083490900930700FD48
:1025F0002300F400A947A30074012301F40023037E
:1026000064018C50231254011305840191C908C43C
:102610007146930A440397E0FA1FE78060C056852D
:102620008C5491C948C45146930A450197E0FA1F5A
:10263000E78000BF5685630C0A0008C87146D28542
:10264000930AC50197E0FA1FE78080BD5685CC50FC
:1026500099C548C85D4697E0FA1FE78060BCA2852F
:102660004E85EFD02FD52254B2509254F249624A8F
:10267000D24A424BB24B4A850259456199B3B25096
:10268000225492540259F249624AD24A424BB24B06
:102690004561828001114EC6AA892E854AC806CEA0
:1026A00022CC26CA2E89EF80601B21C9B7270020C3
:1026B00083C447A499E0834405001945EFD08FC037
:1026C0002A8405CD8145194697E0FA1FE78060BC52
:1026D000930700FD2300F400B947A3003401230150
:1026E000F40023122401A2856244F2404249B24917
:1026F0002685D24405616FD0EFCBF2406244D244CC
:102700004249B2490561828039715ECEAA8B2E851D
:1027100026DA4ED652D456D25AD006DE22DC4AD819
:10272000AE84328BB68A3A8ABE8942C6EF800013E5
:1027300021CD2A894145EFD0EFB82A8431C54146E1
:10274000814597E0FA1FE780C0B4B727002003C592
:1027500047A419E103450900930700FD2300F40095
:10276000BD472301F400B247A30074012312940073
:1027700023046401A304540123054401A305340187
:102780005CC4A285EFD00FC3F2506254D2544259B8
:10279000B259225A925A025BF24B216182807971BE
:1027A00026D2AA8439454AD04ECE06D622D42EC689
:1027B000B2893689EFD00FB121C1B2459307000D20
:1027C0002310F500B1472A842312B5002301F50038
:1027D000CE851905194697E0FA1FE78060A4230605
:1027E0002401A2852254B2500259F24913F5F40F84
:1027F000925445616FD00FBCB2502254925402598A
:10280000F24945618280411126C2B7240020938499
:10281000449F03C7340006C622C44AC09307F00F82
:10282000630CF7042A893945EFD0CFA92A8429C53A
:10283000930700FDB72500202300F500A300250124
:10284000230105009385C5A00D05194697E0FA1FE1
:10285000E780009D83D78400A28503C5340023153B
:10286000F40083C714002306F4002244B2409244CB
:10287000024941016FD00FB4B24022449244024950
:102880004101828001115AC02A8B314526CA4EC6A9
:1028900052C456C206CE22CC4AC8AE84B28A368A08
:1028A000BA89EFD02FA23DCD2A842685EF70107B08
:1028B00011C50347C500A1476314F704B7270020DB
:1028C00003C9779F930700FD2300F4009D47A300F1
:1028D00064012301F40023129400231354012314F0
:1028E000440123153401A2856244F240D244B24926
:1028F000224A924A024B4A85424905616FD08FAB0A
:10290000B727002003C9D7B3E31E0BFAB72700206F
:1029100083A7878D9C47DDD7CE865286D6852685B0
:1029200082974DB7F2406244D2444249B249224AAA
:10293000924A024B05618280011122CC2A842145F2
:1029400006CE2EC6EFD00F9821C1B245930700FDE9
:102950002300F500C5472301F50083C73500A30117
:10296000F50083D745002312F50083C765002303D4
:10297000F50083C77500AA85A303F500228562448C
:10298000F24005616FD00FA3F2406244056182807E
:10299000397162CC2A8C594526DA4AD84ED652D49F
:1029A00056D25AD05ECE06DE22DCAE8432C636C4A3
:1029B000BA8B3E8BC28A468A83590104034941047B
:1029C000EFD04F9025C93246930700FDA246230061
:1029D000F5009547A301C500A30085012301F5007B
:1029E0002A8419461105A9C2B68597E0FA1FE78027
:1029F000208323066401230A24012315740123176D
:102A000054012318440123193401A2856254F25061
:102A10004259B259225A925A025BF24B624C2685B5
:102A2000D25421616FD00F99814597E0FA1FE7805A
:102A30004086C1B7F2506254D2544259B259225A18
:102A4000925A025BF24B624C21618280411122C496
:102A5000372400201304449F8347240006C626C25F
:102A60008DCBB7240020AA8519461385048197D001
:102A7000FA1FE780E07A0345240093850481EFF094
:102A80005F8D2244B24013850481924441016FB0AE
:102A9000707CB24022449244014541018280411140
:102AA00026C2B72400209387449F06C622C44AC08A
:102AB00003C737009307F00F9384449F6304F70420
:102AC0002A892945EFD00F802A840DCD930700FD78
:102AD0002300F500A147A30025012301F50083C7CA
:102AE0002400B725002093850581A301F500194630
:102AF000110597D0FA1FE780A07203C53400A285A4
:102B0000EFD04F8B03C724008D476311F702B7271F
:102B1000002083A7878299CB03A387006308030063
:102B20002244B2409244024941010283B24022440D
:102B30009244024941018280797122D406D626D27C
:102B40004AD04ECE52CC56CA09445DCD2A8903558F
:102B50000500AE895144EF707050AA8455C53727DF
:102B60000020930787B383C747008546BA8AFD17BD
:102B700093F7F70F494463F9F6080347C500A147E7
:102B80006314F700639209089C5C4544B5EF9165B6
:102B9000938545711305C00297D0FA1FE780804ADC
:102BA00088DC2A8A4D442DC11306C002814597D086
:102BB000FA1FE780006E8357090093064A003685A6
:102BC0002311FA0071469305490036C697D0FA1FC3
:102BD000E780006589472300FA0003C5C400B246B8
:102BE0000356090083C58AB3611513351500EF80BC
:102BF000506D2A8463860900CE852685EF80A05615
:102C000001C42685EFF0EFFB2285B2502254925486
:102C10000259F249624AD24A45618280B7270020B0
:102C200083C7C7B30547FD1793F7F70F6378F70816
:102C3000894751C6011122CC26CA4AC84EC652C481
:102C400006CEAA89368AB2842E89EF7030412A8452
:102C5000D14729C9485509C597D0FA1FE780C04C0C
:102C6000F1452685EFD00F9648D4CD4705CD834654
:102C7000C40021478147639FE600630D0A000347B4
:102C8000A5010356050193062501AA854E85EF800F
:102C90002055AA8703474400630F090013676700A4
:102CA0002302E400F2406244D2444249B249224A3B
:102CB0003E850561828013674700DDB7C9473E85C1
:102CC00082809307000463EBA700B7270020938757
:102CD00047A106053E9503550500828041657D1597
:102CE0008280011122CC2A842E8526CA06CEAE848B
:102CF000EF70D0361DCDB7470F009387F7230945F6
:102D000063E4870281450A85414697D0FA1FE78030
:102D10004058A685231081000A8541802301810047
:102D2000A3010100EF809045F2406244D244056166
:102D300082804945D5BFB7270020238DA7B2828066
:102D40006F805052797152CC2A8A328522D426D291
:102D50004AD04ECE56CA5AC85EC606D662C4AE8B9C
:102D6000B28A368BBA843E89C2894684EF70102FAE
:102D700015C92A8C63140A0213774B008347450058
:102D800015CF93E727012302FC008DEC631C090299
:102D9000639A090205E8ED9B2302FC00832B8C0358
:102DA000639F0B06B250225492540259F249624A70
:102DB000D24A424BB24B224C45618280F59B93E74D
:102DC0000701D1B793E747002302FC0001CC1C4860
:102DD0004146A2852324FC0213058C0197D0FA1FDB
:102DE000E780004463910B02D5D80325CC0209C5C6
:102DF00097D0FA1FE7804033F1452685EFC09FFC4E
:102E00002326AC0261BFE30B09F80325CC0209C5F8
:102E100097D0FA1FE7804031F1454A85C5B79DC478
:102E200083A70B0299EB916593853571714597D016
:102E3000FA1FE780202123A0AB0203A50B0219C5CE
:102E40007146A68597D0FA1FE780803D6388090206
:102E500083A74B0299EB9165938525715D4597D0CA
:102E6000FA1FE780201E23A2AB0203A54B0219C55F
:102E70005D46CE8597D0FA1FE780803A1DC483A7B0
:102E80008B0299EB916593851571514597D0FA1F87
:102E9000E780401B23A4AB0203A58B0219C5514652
:102EA000A28597D0FA1FE780A0372254B2509254DF
:102EB000F249B24B224CCA865A860259424BD685F9
:102EC0005285D24A624A45616FF0EFEA011126CA83
:102ED00052C406CE22CC4AC84EC62A8AAE84EF70AF
:102EE000F01725C5AA893945EFC0DFBD2A8431CD49
:102EF000B727002003C947A46314090003C90900C8
:102F00009307000D2310F400AD472301F4009385CF
:102F1000690013053400194697D0FA1FE780403046
:102F200093F71400858085882306F400A306940097
:102F300023154401A2856244F240D244B249224A98
:102F40004A85424905616FC0FFC6F2406244D244DF
:102F50004249B249224A0561828001114EC652C4DB
:102F600056C206CE22CC26CA4AC8AA8A2E8AB2895E
:102F7000EF70D00E2DCD2A891305C002EFC09FB48B
:102F80002A8435C5B727002083C447A499E0834429
:102F900009009307000D2310F400E9472301F40012
:102FA0009305690013053400194697D0FA1FE7808E
:102FB0002027D285231554011305C400414697D01C
:102FC000FA1FE780E025CE851305C401414697D05E
:102FD000FA1FE780E024A2856244F2404249B249E8
:102FE000224A924A2685D24405616FC0BFBCF24096
:102FF0006244D2444249B249224A924A05618280DF
:10300000411122C43724002013048481084006C6DD
:1030100019C597D0FA1FE780201123200400B24081
:10302000224441018280011106CE22CC26CA4AC820
:103030002EC6EF70B00239CDB245B727002003C9C4
:1030400047A40CD5AA84631409000349050041452F
:10305000EFC05FA72A841DCD9307000D2310F50054
:10306000A5472301F50083C754009385640011052B
:10307000A30FF5FE194697D0FA1FE780601A9C54FB
:10308000A285F2405CC46244D2444A85424905614B
:103090006FC05FB2F2406244D2444249056182800F
:1030A0001D71A2CC86CE2A842EC6EF70207B05CD62
:1030B0008346C5001147AA8749456392E6029C5F93
:1030C000B24599C383C56701B7D605002308B1008F
:1030D0009386A6A7100889452285EF70907FF64059
:1030E0006644256182805145DDBFB727002083C734
:1030F000C7B30547FD1793F7F70F637AF7048947BE
:1031000021CA411122C426C24AC006C6B2842E89F1
:10311000EF70C0742A84D14705C56308090083474E
:10312000450093E727002302F5004146A6851305D5
:10313000840197D0FA1FE780A00E9C481CD48147D9
:10314000B2402244924402493E8541018280C947EF
:103150003E858280797122D406D62A842EC6EF70ED
:10316000E06F01CDB2452285230EB1006C08EF70EF
:10317000107CB2502254456182805145DDBF6F7092
:103180009004C1671387E7FF6395E502B727002026
:1031900083A7478291EB494582804945B24022444A
:1031A000924402494101828003A30700E30503FE24
:1031B0000283411122C426C24AC006C6FD172A89CD
:1031C0002E84B284639AF502B727002083A7478232
:1031D00091CF9C4381CF829711E9B7270020238CA0
:1031E0002783B7270020A38C97824DBFA6854A85E9
:1031F000EFE0FFD345F5D5B72E85EF70206651DDA2
:10320000834705000D45E39B27F922852244B24000
:103210000249A685924441016FB0D0009307000493
:1032200063E2A7064111C16722C406C626C2FD1784
:103230002A8409456382F502C547AE846313F4020C
:103240002E85EFB0B00537250020130545A10604F3
:103250002A94231094000145B24022449244410133
:1032600082809307A0036316F4002E85EFB0407CA4
:10327000D9BF9307B003E318F4FC13F5F50FEFB0D3
:10328000607BD1B709458280011106CE2AC6EFE0E6
:103290003FCCEF10C01CEFA0910EB7270020938702
:1032A000479F130700F02391E70023820700B72709
:1032B00000203245138787B3FD562301D700F24023
:1032C000238CA7B2954505616F50F06659719397AD
:1032D0000501A6D286D6A2D4CAD0CECED2CCD6CA2A
:1032E000DAC8DEC6E2C4E6C2EAC06EDEC187AE84DA
:1032F00063D3075237240020034584B337290020C5
:10330000372A0020EFC01F83AA8C22CCB72A0020C6
:10331000B72B00201304499F372C002063930C0225
:103320002165258DB650265496540659F649664AAD
:10333000D64A464BB64B264C964C064DF25D65611F
:10334000828083C70C001307200A639CE70083492F
:10335000340003D52C00C1656686FD15EFF0EF91B2
:103360009DA26247130787B38349270013071009FB
:103370006398E71683C71C001547639FE7006685BF
:10338000EFF06F946685EFC0CFEEE24703C587B3D9
:10339000EFC04FFAAA8C59B73947639BE71603D59C
:1033A0004C008567A5076316F50483A58C0003CB45
:1033B0000500631D0B00850591C9372500201946BE
:1033C0001305C5A097D0FA1FE78080E50347499F02
:1033D00085476317F71063080B00230A099E5A8577
:1033E000EFF06FC245B78947230AF99EEFB04066F8
:1033F00051BF896713872700631CE50403AB8C006A
:1034000063000B0E83470B0089EF83472B000347B4
:103410001B00A207D98F2314F40083473B00A300AD
:10342000F4000347499F8947631CF70A83470B0051
:1034300091C7230A099E03450B005DB7834514001D
:10344000035584008D47230AF99EEF50D051E5B70C
:1034500095076319F50083A78C0003C50700EFF0FB
:103460000FE40DB7F9771387A7FF2A974207418327
:10347000914663F1E6049387A7FCAA97C207C1832C
:1034800071476371F70289671387B7006310E5041A
:1034900083A70A82E38807EE9C43E685E38407EE70
:1034A000829715A0370700181307F770B357F70076
:1034B000858BA9CB83278A82E38607EC9C43E38331
:1034C00007EC66858297E31F05EA19A81387C700F2
:1034D0006311E50283A78C0083C70700E38407EA32
:1034E0009307F00FE380F9EAE6854E85EFC08FEC95
:1034F00069BDB9076318F50083274C82E38407E8A8
:10350000DC4361BF896793871704E303F5F8C9BFFC
:103510003D476399E70403D54C0089671387D700BB
:10352000E30CE5FC13879701E308E5FCCD07E319FD
:10353000F5FA03576400C167FD17631DF700832781
:103540004C82E38107E4DC43E38E07E20965E6850C
:103550004D05B9B7B727002083A7C782E38407E2E8
:103560009C43DDB71307E003E39CE7F683C72C0019
:1035700005476398E70E83C76C0037270020930D3B
:103580008781E1E783A70D00D5CF03CB0700A149D1
:1035900003C57C00138D8C00EA85EFE01FE083C734
:1035A0004C01A383AC0083D80C0103D8EC0003D7F3
:1035B0004C002A8603C53C003EC283D72C01EA8614
:1035C000DA853EC0CE87EFF0AFBC83C73C0095E7FD
:1035D000DD4783D80C0103D8EC0083C67C0083D57B
:1035E0004C003EC283D72C016A873EC0CE87054679
:1035F0005A85EF70805FA381AC0083A70D0081C75F
:103600001145EFF0FF9F138B8B8303450B00E30BFA
:1036100005D6B727002083C59783EFE05F91E303CA
:1036200005D683C63C0093071003638AF60003D6D1
:103630004C0083450B004E873685EFE09FA8238C16
:103640000B8289B3034B340099B783278A82034BDB
:103650003400914995DFDC4385DF81450145829740
:1036600005BF29476398E70A83C76C003727002006
:10367000930D8781A5EF83A70D00B5C703CB070086
:10368000A14903C57C0093868C0093772500BDCBB0
:1036900013761500138E4C0183C70C0283D8CC011E
:1036A00003D8AC0103D74C0003C53C003EC283D70E
:1036B000EC01DA8572CE3EC0CE87EFF06FAD83C7E6
:1036C0003C00724E9DFBDD4783D8CC0103D8AC0192
:1036D00083C67C0083D54C003EC283D7EC01728741
:1036E0003EC0CE8729B7034B340059BF83278A8257
:1036F000034B34009149D1D7DC43C1D78145014503
:10370000829741B7B68536CEEFE03FC9F2462A86AA
:10371000368E59B70947639CE70083A70A82E38383
:1037200007C6DC43E38007C666858297A1B92D47AB
:103730006398E70083A70A82E38607C49C47DDB746
:103740000D476397E70066868D4503D54C0039B178
:1037500019476395E7069305610213051031EFA041
:10376000A14A2C1013052031EFA0014A03D66C00AA
:103770008357810203D54C0063E8C70083D68C00D1
:103780000357610263F7E60093050002EFB00030D3
:10379000D5BE6374E6002393EC0063F4D700239452
:1037A000FC0003D7CC0083D6AC0003D68C0083D5B5
:1037B0006C0001488147EFB0202DE9B61D47E38139
:1037C000E7D231476395E7006686B145BDBF35470F
:1037D0006398E70083A70A82E38607BADC4799B7B4
:1037E0004947639DE70083278A82E38B07CEDC434A
:1037F000E38807CE814505458297DDB14D47E391CA
:10380000E7CE83278A82E38D07CCDC43E38A07CCAB
:10381000E6850945D5B793F7150089CFB72700206E
:1038200083A7078289C7DC4399C30145829713C5E3
:103830001400CDBC93F7250091CFB727002083A7B4
:10384000878291C7DC4381C781450545829713C5AF
:103850002400C9BC93F745000145E38507ACB727B1
:10386000002083A7C781372400201304449F91CFF1
:1038700085472302F400B727002083A7878291C7DA
:10388000DC4381C781450545829748442C10EF7081
:10389000507B2810EFF08F9BB727002083D767A3BA
:1038A00081CF130600643386C702B727002003C503
:1038B00087B39145EFC09F8913C54400A5B441115A
:1038C00022C4372400200325C48106C619C597D019
:1038D000FA1FE7806085232E0480B2402244410114
:1038E00082805971A2D4372400208327C48186D6D0
:1038F000A6D2CAD0CECED2CCD6CADAC80545638D00
:10390000070C9305F1041305F041EF807113930543
:10391000F1041305F041EF80B112B727002093871F
:10392000479F83C727000347F104B337F00011C353
:1039300089070327C4813EDE03453700930547000E
:10394000EFE03FA10327C4812ADC0D458345270012
:103950002EDAEFF00FB72AD81145EFF08FB6032417
:10396000C4812AD665450347A400034BB4003AD46A
:10397000EFF02FB5AA846945EFF0AFB42A897145FD
:10398000EFF02FB4AA896D45EFF0AFB32A8A7545E1
:10399000EFF02FB3AA8A7945EFF0AFB2E204625894
:1039A000F2572257B2564256D2551375F50F93FA75
:1039B000FA0F137AFA0F93F9F90F1379F90FE184DB
:1039C0002ACC56CA52C84EC64AC426C25AC0930808
:1039D00044000545EFB0400DB650265496540659A4
:1039E000F649664AD64A464B65618280011122CC6F
:1039F00006CE26CA8D472E846315F50603C735000B
:103A0000B7240020E94703D545009384449F6316FB
:103A1000F70083D764006382A706EF60306409C5AE
:103A2000835764002317F5000357A40083568400CE
:103A3000035664008355440003453400EFE09FE4DF
:103A40000357440083D764006309F7008547F240B9
:103A50006244D2443E8505618280FD572393F40081
:103A6000F5B78967CD07631DF50083C7250031478A
:103A70006385E7004547E39BE7FCEFE0AFF0F9B76C
:103A8000B1476319F500B727002003C5D7B3EFE0AE
:103A9000BFEA6DBF41677D178147E31AE5FA83C628
:103AA00055004947E395E6FA83C5450003552400D0
:103AB000300023140100EF60B04649BF411122C419
:103AC000372400208347A48326C206C64AC01307B2
:103AD000E00FAE846386E7041307F00F1304A4839A
:103AE0006387E7021145EFB0FFFD15C1930700FDA5
:103AF0002300F50089472301F5008547A3009500C1
:103B0000A301F500AA8503450400EFC0AF8AF95769
:103B10002300F400B24022449244024941018280D1
:103B20002A891145EFB01FFA75D5930700FD2300D0
:103B3000F50089472301F500A3009500A3012501A5
:103B40002244B7270020B24092440249AA8503C507
:103B5000B78341016FC00F8679714AD037290020A1
:103B60008327C98122D406D626D24ECE52CC56CA3D
:103B70004544D5EFB7240020938784B383C747001B
:103B80004944958BCDC7B72700202E8A9165A38D18
:103B9000A782AA8993857571314597C0FA1FE7807E
:103BA000604A232EA9804D4459C123003501A3004A
:103BB00005002946D285090597C0FA1FE7804066AF
:103BC0008327C981914603C7270063EDE60835EBDB
:103BD0004D472381E70003C72700136707012381AF
:103BE000E700930571001305F041EF80616583479D
:103BF0007100F1EBB727002003C7679F8D4763145F
:103C0000F70CEFE05F832C00EF70B0432800EFE08B
:103C1000FFE34545EFF0EF8A014411C91306006444
:103C20003306C50203C584B39145EFC02FD2228568
:103C3000B250225492540259F249624AD24A456122
:103C4000828085466314D700754761B7894663143F
:103C5000D7004947BDBF8D466314D700414795BF84
:103C6000554785BF9546CA8A630ED70099466316A5
:103C7000D70009472381E70031A01D466314C7021E
:103C8000238107006545EFF0CF839307F007E30A30
:103C9000F5F403A7CA818347270093E707042301AC
:103CA000F70081B721466314C7000547E1B72546F1
:103CB0006315C7002381D700F1B7A9460544E3186F
:103CC000D7F6114745BF31392A8435D1CD3E85B766
:103CD000011126CAB724002083A7C48122CC06CEB6
:103CE0004AC84944B1C783C707000D446392A7047B
:103CF00037290020034589B38945EFC0EFED03451F
:103D000089B3B72700209145239E0782EFC0CFECEF
:103D100083A7C48101478146A38087001306F10071
:103D2000854785450145A307F100EFA0505B2A8434
:103D30002285F2406244D2444249056182800111E9
:103D400006CE22CC26CA4AC88547631EF50637240C
:103D500000201304C48383570400A9CB3727002015
:103D60000347879F21E71307B003636CF702B7246B
:103D7000002003C584B38945EFC00FE60356040055
:103D80009307006403C584B33306F6028945EFC088
:103D9000EFBB23100400F2406244D2444249056163
:103DA0008280938747FC2310F400F5B7B7270020E3
:103DB00083A7C781EDD36244F240D244424903C590
:103DC0000700056131B7B724002083A7C481E1D77C
:103DD00037270020130987B383474900918BC5DF3C
:103DE00089476313F5062D452EC6EFB0BFCD2A8453
:103DF0005DD1B245930700FD2300F500E547A30020
:103E000005002301F50083C7350015051946230F6A
:103E1000F5FE83C745009505A30FF5FE97C0FA1F71
:103E2000E7800040034559009307F00F6316F50043
:103E300083A7C48103C50700A2856244F240D2442F
:103E4000424905616FB01FD7034587B38945EFC06D
:103E5000AFD86244F240D2444249B7270020239EA3
:103E6000078205616FF0BFA549458280B727002012
:103E700083C7C7B3958B638F07129307C01C63FC7E
:103E8000C70009458280F2406244D2444249B249A7
:103E9000094505618280B727002083A7C781638B0E
:103EA0000710B72700209387A78303C807001307CD
:103EB000E00F6311E810011122CC4AC806CE26CAD1
:103EC0004EC62380A700130586004205368932843A
:103ED0004181ADC991659385657197C0FA1FE780EF
:103EE0006016AA894DD1B724002003A54484938489
:103EF000448409C597C0FA1FE78000231385890011
:103F000023A0A9002286814523A0340197C0FA1F6F
:103F1000E78020389C402286CA85884397C0FA1FD4
:103F2000E78000309C40A286F240239287006244E2
:103F3000D2444249B249984305468D45054505613D
:103F40006FA0703991659385557197C0FA1FE7800E
:103F5000600FAA890DD9B724002003A5C4849384D7
:103F6000C48409C597C0FA1FE780001C1385890027
:103F700023A0A9002286814523A0340197C0FA1FFF
:103F8000E78020319C402286CA85884397C0FA1F6B
:103F9000E78000299C40A286F24023928700624479
:103FA000D2444249B249984305468D4505450561CD
:103FB0006FA0B032494582809307C01C63FCA70004
:103FC000094582800945F2406244D2444249B249DF
:103FD0000561828045CD011122CC2A8421054EC67F
:103FE0004205AE8991659385657141814AC806CEC7
:103FF00026CA97C0FA1FE780E0042A8961D5B72452
:10400000002003A544849384448409C597C0FA1F03
:10401000E7808011130589002320A90022868145AD
:1040200023A0240197C0FA1FE780A0269C40228687
:10403000CE85884397C0FA1FE780801E9C4023925C
:104040008700B727002083A7C7818DCFB72700201F
:1040500083C7C7B3958B8DCBB727002083A7478431
:1040600099CF984383D647006244F240D2444249F4
:10407000B24905468D45054505616FA0D02501472C
:104080008146DDB7014581B7494535BFB7270020D7
:1040900083A7C78195C7B727002083C7C7B3958B70
:1040A00095C3B727002083A7478481CB984383D645
:1040B000470005468D450545C9B701478146D5BF2F
:1040C00001458280494582809307C01C63FCA7009C
:1040D000094582800945F2406244D2444249B249CE
:1040E0000561828045CD011122CC2A8421054EC66E
:1040F0004205AE8991659385557141814AC806CEC6
:1041000026CA97C0FA1FE780E0F32A8961D5B72451
:10411000002003A5C4849384C48409C597C0FA1FF2
:10412000E7808000130589002320A90022868145AD
:1041300023A0240197C0FA1FE780A0159C40228687
:10414000CE85884397C0FA1FE780800D9C4023925C
:104150008700B727002083A7C7818DCFB72700200E
:1041600083C7C7B3958B8DCBB727002083A7C784A0
:1041700099CF984383D647006244F240D2444249E3
:10418000B24905468D45054505616FA010150147EB
:104190008146DDB7014581B7494535BFB7270020C6
:1041A00083A7C78195C7B727002083C7C7B3958B5F
:1041B00095C3B727002083A7C78481CB984383D6B4
:1041C000470005468D450545C9B701478146D5BF1E
:1041D00001458280494582809307C01C63F4A70093
:1041E00009458280797122D44ECE06D626D24AD095
:1041F000AE892A842DC1210591654205938575718B
:10420000418197C0FA1FE780E0E32A8909456306E8
:104210000908B724002003A584849384848409C5F5
:1042200097C0FA1FE78040F0130589002320A900FA
:104230002286814523A0240197C0FA1FE7806005EC
:104240009C402286CE85884397C0FA1FE78040FDB8
:104250009C4023928700B727002083A7C781014590
:104260008DCFB727002083C7C7B34945958B95C726
:104270006C001305D030EF903119B247014593F728
:10428000070F81CFB727002083A787848D45054579
:10429000944303D64700EFA0D004B2502254925466
:1042A0000259F24945618280B727002083A74784DD
:1042B00091CF03D647008C43411106C697C0FA1F21
:1042C000E78000F6B24001454101828009458280C5
:1042D000B727002083A747848DC7B727002003A7EF
:1042E000C784894705C3035647000C43411106C6DE
:1042F00097C0FA1FE780C0F2B24081473E85410176
:10430000828089473E858280797106D622D426D262
:104310004AD04ECE52CC8D4763FCA7008944B250A0
:104320002254268502599254F249624A456182809C
:10433000372900200347499FC144E312F7FE930742
:10434000F5FF9309499F93F7F70F8546AE842A84BA
:1043500003CA29001309499F63EAF6068DE19945CE
:104360002800EFD0DFDCB729002003C589B39145D1
:1043700023018900EFC04F8635E481444DB71946CB
:104380008145280097C0FA1FE780A0F019462C004D
:10439000268597C0FA1FE780E0F549F11946930595
:1043A000F00F280097C0FA1FE780A0EE19462C00F6
:1043B000268597C0FA1FE780E0F32DF11946A68500
:1043C000280097C0FA1FE780A0E571BFE31DE5F85C
:1043D00003A5C9002C00EF70C046AA8449D52381EB
:1043E000490135BF2800EFE06FE6AA840DED930583
:1043F00071001305F041EF70B16483447100B5FCA6
:104400008D47E31CF4F64545EFE0BF8B3DD5B7770C
:104410001800938707A03306F50203C589B39145B9
:10442000EFB05FF4EDBD23014901D5BDB7270020F2
:1044300083C7C7B3918B8DC3372500204111130566
:10444000058406C6EFD01FCEB240B72700207D57A7
:10445000239DE79E4101828001456FD0BFCCB727E5
:1044600000207D57A38DE782B72700207957238D41
:10447000E782B7270020238C07A8B7270020239EB8
:104480000782B727002023A20784B727002023A68E
:104490000784B727002023A4078437470500B727E0
:1044A00000209387078E1307876798C33747050057
:1044B0001307E7D3D8C3374705001307278E98C7DC
:1044C000B7470500372700209387C79E2320F7842E
:1044D0008280411126C2B724002083A7C48106C66A
:1044E00022C48DCF2A840D45EFB0CFDDAA8505C14A
:1044F000930700FD2300F5008D47A30085002301ED
:10450000F50083A7C48103C50700EFB0AFEA19C463
:104510002244B240924441016FF06FBAB24022444B
:10452000924441018280797152CC372A002083273E
:10453000CA814AD006D622D426D24ECE56CA0149C6
:10454000B1C703C91700B72400208547AA899384FF
:10455000449F6307F90483C74400054985EB0D4573
:10456000EFB04FD6AA8505C1930700FD2300F500E3
:104570009147A30035012301F5008327CA8103C5B4
:104580000700EFB02FE3EFF08FB30549B25022548C
:104590004A8592540259F249624AD24A4561828060
:1045A000B727002083A74784D28A85E30145EFE03F
:1045B0004FF12A8601CAB727002003C587B3894572
:1045C000EFB0DFB883A7CA8181A8944303D6470020
:1045D0009305E1000545EFD01FC069D98347050069
:1045E000858BE9D70545EFE0CFED9307B0032A842B
:1045F00063F0A704B727002003C587B35D661306E1
:1046000006708945EFB01FD6B7270020130444FC7D
:10461000239E87828327CA810947A380E70083C737
:10462000440081C72382040095B74E855D35B9BF2C
:10463000130600643306C502B5BF411122C42A84A3
:104640000D4506C6EFB00FC805C5930700FD230052
:10465000F500CD472301F500A30085002244B727CC
:104660000020B240AA8503C5B78341016FB08FD443
:10467000B24022444101828083564500011189677E
:1046800006CE22CC26CA138667002A876399C60005
:104690001C47014583C50700EFF04FC23DA81386B4
:1046A00087006397C6001C47054583C50700EDB723
:1046B000138697006395C602B727002083A7C7819A
:1046C000014595C71847034507006311050E0547C7
:1046D000A380E7000545EFA02038054509A813860B
:1046E000A700639BC6001C4703C507002D3DF24091
:1046F0006244D2440561828013866703E38AC6F868
:1047000013867703E381C6FA138687036392C60A8A
:104710001C45372400201307E00F83C4070083479C
:10472000A4831304A483638EE7021307F00F638648
:10473000E7021145EFB00FB9AA8505C1930700FD47
:104740002300F5008947A30095002301F500A3018C
:10475000050003450400EFB0EFC5F9572300F4004E
:10476000ADBFB727002003A7C7813E84014541D3D1
:104770008DEC85447D4523059100EFE08FD4231611
:10478000A10013050002EFE0CFD38327C481A30566
:10479000A1001307B100A380970074001306A100C5
:1047A00085450545EFA0A0330DBF26851D3335B7E0
:1047B00013869703E389C6F21386E7036397C6005F
:1047C0001C45094583C50700C1BD9387F703014513
:1047D000E39FF6F01C4703C5070005E96C001305CD
:1047E000D030EF906142B247414793F7070FE3861D
:1047F000E7EE9305B10013056031EF90E14003450A
:10480000B1008545EFA0202EC9BD053DF9B5B727FC
:10481000002083C7C7B3411106C6958B99CB3725B6
:1048200000201305058EEFD05F8F4D45B24041014A
:1048300082800145EFD07F8E0145CDBF03C70500C3
:10484000937625009377D70F99C2936727001318A3
:1048500085011358884113F7F7076354080013E7DD
:104860000708937685009377770F99C2936787003F
:104870001377050293F6F70D19C393E60702238019
:10488000D500634508009377A50281CB83470600D6
:1048900093E7C7002300F60082807DFD8347060072
:1048A000CD9BCDBF2D456319071403C805000947EB
:1048B0006310E814C84103471500034505002207AB
:1048C000498F42070D654187930825A0630B170B9D
:1048D000011122CC26CA4AC84EC606CEBE89B6846D
:1048E00032842E8963CEE800930705A0630DF7029A
:1048F000130515A06300A706239004000545B5A085
:10490000930745A06309F7086348F706130565AAEE
:10491000E314A7FE85472390F600DC4583C7070014
:104920002300F60091A0C84597C0FA1FE780809940
:10493000420541814E86637335012A862390C40067
:10494000420641828325C900228597C0FA1FE7806D
:10495000208D19A8DC4583D707002390060123008A
:10496000F600A183A300F6000145F2406244D24460
:104970004249B2490561828099472390F600194661
:10498000D1B785472390F600DC45014583C7070072
:104990002300F6008280DC45A9CB21472390E60066
:1049A00003D707002300E60003D707002183A300F5
:1049B000E60003D727002301E60003D72700218361
:1049C000A301E60003D747002302E60003D7470010
:1049D0002183A302E60003D767002303E60083D701
:1049E0006700A183A303F60041B723900600ADBF83
:1049F0002390060005458280828083C80500894790
:104A00006394F816DC41797122D406D626D24AD0B6
:104A10004ECE52CC56CA03C8170083C707002E8457
:104A200022083368F80042088D6713580841138341
:104A300027A0630C68102A8A3A89B684B285634C31
:104A40000301138707A0630BE802938717A0630194
:104A5000F80A854711A8138737A06303E80C13876A
:104A600067AA8D47E317E8FEB250225492540259C8
:104A7000F249624AD24A3E8545618280484432C644
:104A800097C0FA1FE7800084420541819D47E36D8E
:104A900025FDB72A0020938A2A8583C70A00B30917
:104AA0009900B24563D43701B5477DBF4844268697
:104AB000C2094A9597B0FA1FE780807603C60A00BC
:104AC000484493D9090105063306364181454E9580
:104AD00097B0FA1FE780E07BB727002083A74785C0
:104AE00099E3814751B79C438145E5DF52853DA05D
:104AF000AD47E31B09F6E39916FB8347160083468F
:104B000006005844A207D58F2310F700B7270020CE
:104B100083A74785F9D79C438545E1D78297D1B7CD
:104B2000AD47E31309F49947E390F6F84844194672
:104B300097B0FA1FE780C06EB727002083A747858C
:104B4000CDD39C43D9DF8D4555B7AD4711FF854780
:104B5000E39CF6F40347060093070008E3E6E6F05B
:104B6000DC452380E700B5BF85473E858280B727B7
:104B7000002023AA0784B7270020A3890784B7272A
:104B8000002023890784B7150020B707A00093856C
:104B9000457E938707059CC1B707E803DCC137F65C
:104BA0000600B71700209387076F1306C6C1D0C34E
:104BB000B71E002037F606000947938EFE7D1306C8
:104BC00006BF371E00202380EE00130ECE7DD0C717
:104BD00023AED70137230020B71800203718002054
:104BE0003715002037F60600B7FE06008546130687
:104BF00006C02300EE009388087E23AEC70313038C
:104C000003851308E87D1305D57D938E8EC037FE8E
:104C100006002380E8002380E7002388E700238044
:104C2000E7022388E7022380E7042300E8002384C7
:104C3000D70023950700D0CB238CD700239D0700F6
:104C400023A2D7032384D7022395070223A60702B2
:104C5000D0DB238CD702239D0702231003002300FF
:104C6000D500130E8EBF23A2C7052388E70423AE09
:104C700017052380E7062388E7062380E708B7F8AF
:104C8000060037F706001307C7BF938888C123A221
:104C9000E7082384D7042395070423A66704F0CBF1
:104CA000238CD704239D070423A217072384D70648
:104CB00023950706ECD7F0DB238CD706239D070648
:104CC00023AE07072384D7082395070823A6A70840
:104CD00037570500B7170020938707781307478ACF
:104CE00098C3375705001307A79FD8C323A407000D
:104CF0008280A54763ECA710B7E706009387C75FDC
:104D00000A053E951C41011122CC26CA06CE4AC88E
:104D1000B2842E8482879307800F63F9B7006145C0
:104D2000F2406244D2444249056182803719002032
:104D30009307096FC8571309096F09C997B0FA1F7C
:104D4000E780803EB72700202389078413061400DC
:104D5000916593850571328532C697B0FA1FE78059
:104D6000602E2326A90245DD3246814597B0FA1F01
:104D7000E78020520325C9022286A68597B0FA1F34
:104D8000E780004AB727002023898784014549BF6F
:104D90008947E396F5F803570600B72700202398C4
:104DA000E784EDB7A147E39CF5F6371500202146CF
:104DB000A6851305457E97B0FA1FE7806046F9B7D0
:104DC0008547E39EF5F4B71500209385056FD04D18
:104DD0009385850203C50400EFF05FA645BF8547B4
:104DE000E39FF5F2B71500209385056FD05D93859D
:104DF0008504CDB78547E394F5F203470600B7175E
:104E00000020A38EE77C59B7094519BF0945828068
:104E100005476302E5044111AA8706C62E8581CFA6
:104E200011476383E70425476388E7048947B24055
:104E30003E8541018280B717002083A5C77189474D
:104E4000FDD5B727002003C6278597B0FA1FE78056
:104E5000203D8147E9BFB727002083D707852390EE
:104E6000F50081473E858280B71500202146938555
:104E7000457EEF90416BF1BFB717002083C7D77D08
:104E80002380F500F9B7B72700209387378503C73C
:104E9000070015E305472380E700058909CDB7160C
:104EA000002037150020938606784146A545130556
:104EB000056F6F30406D01458280011106CE22CC16
:104EC0000546638CC50211460944639EC5023EC671
:104ED0003AC436C2EFD0EFC22A8492462247B24784
:104EE0001DE13E86BA853685EFD00FB8EFF03F92D0
:104EF000EFF0CFD3EF60F06F39A0EFD08FC02A84EE
:104F000019E1EFF0DF902285F24062440561828072
:104F100079714ECEAE896C0022D426D24AD006D604
:104F20002A89B284EF00707A2A840DE1CE854A8501
:104F3000EFC05F882A8419E93245B7160500268735
:104F40009386667A2D468145EF10C0122285B250B5
:104F5000225492540259F2494561828079714ECEB1
:104F6000AE896C0022D426D24AD006D62A89B284D1
:104F7000EF00B0752A840DE1CE854A85EFC0BF9160
:104F80002A8419E93245B726050026879386C68804
:104F90004D468145EF10000E2285B25022549254A6
:104FA0000259F24945618280397126DAAE844C009B
:104FB00022DC4AD84ED652D406DEAA893289368AF5
:104FC000EF00B0702A8431EDA6856303090283D710
:104FD00004002C002314F10083D724002315F100D2
:104FE000930720302316F100930780022307F10076
:104FF0004E85EFC00FF92A840DE55946A6851305A5
:10500000A1002304210197B0FA1FE7806021124517
:10501000B716050052879386067525462C00EF10BB
:1050200060052285F2506254D2544259B259225A34
:1050300021618280797126D2AE846C0022D44AD05C
:105040004ECE06D6AA893289EF0030682A840DE157
:10505000A6854E85EFC0EFF72A8419E93245B716C9
:1050600005004A879386467C3546A685EF1080006A
:105070002285B250225492540259F24945618280ED
:10508000BD47638CF50663E9B702A5476387F5065C
:1050900063EDB7009947638CF5049D47638FF50472
:1050A0009547638CF50401458280B5476387F50415
:1050B00063E1B704AD47F5B7DD47638EF50263EAF8
:1050C000B700C947638BF502D9476386F502C54728
:1050D000C9BFF5476383F50263E4B700ED47D1B775
:1050E00093072005638BF5009307200D5DBF4845AE
:1050F00082800841828008458280484182809307EF
:10510000F00F630EF506011126CAAA8413050002EA
:1051100022CC4AC84EC652C456C206CE3A89B68977
:10512000B28A2E8AEFA01F9A2A844D4515C893078C
:1051300000FB2300F400A3005401231144012302C7
:10514000340113058400614663050902CA8597B0DE
:10515000FA1FE780E00CA2852685EFA0BFA50145D8
:10516000F2406244D2444249B249224A924A05611D
:105170008280814597B0FA1FE780A011E9BF0945F9
:105180008280011122CC06CE2A842306B100A30618
:10519000C100EF50A06C15C18346C500B7270020A1
:1051A0002147938787B3639EE60003C567007800B5
:1051B0009306E0070146A2859937F24062440561F3
:1051C000828078009306E0070146A28503C5570058
:1051D000E5B7930700643306F6026FB06F8C05C91C
:1051E0000347050085469307270093F7F70F63F001
:1051F000F602411122C42A843A8506C6EFB0CFA434
:10520000FD572300F400B240224441018280828095
:10521000035705009307000B6313F702834745000C
:105220004947639CE7000347150185476399E700F9
:105230000355250085456F3090646D47C5BF82805A
:1052400001112314B1006C0022CC26CA4AC806CE34
:105250002A89B6842315C100EF0030472A840DE166
:105260002C004A85EFC02FC82A8419E93245B716A9
:10527000050026879386E66915462C00EF00905FAF
:105280002285F2406244D2444249056182807971AC
:10529000930720302314B1002315C1002316F10019
:1052A0002C0093078002014606D62307F100EFF099
:1052B000BFCFB25045618280C177797185073EC406
:1052C000894726D22316F100AE84930780024C0052
:1052D00022D44AD006D62A892307F100EF00F03EF7
:1052E0002A840DE12C004A85EFC00FD82A8419E9E1
:1052F0001245B726050026879386468345462C002F
:10530000EF0050572285B250225492540259456101
:105310008280B28605466FF03FC9797126D2AE848D
:105320006C0022D44AD04ECE06D6AA893289EF002C
:10533000D0392A840DE1A6854E85EFC0EFB12A84CD
:1053400019E93245B71605004A879386A6630D46CC
:10535000A685EF0030522285B25022549254025951
:10536000F249456182807971930720202314B100AE
:105370002315C1002316F1002C009307800201467B
:1053800006D62307F100EFF03FC2B250456182809C
:10539000011122CC06CE2A842EC632C436C2EF506A
:1053A000E04B0DCD0345C500B7270020A1469387EC
:1053B00087B312472246B245631CD50003C5670078
:1053C000B2862E86A2856244F24005616FF03FD31B
:1053D000B28603C557002E86A285F5B7F240624417
:1053E0000545056182806FF0BFB26FF07FB26FF04C
:1053F0007FC46FF03FC479714ECEAE896C0022D469
:1054000026D24AD006D62A89B284EF00102C2A84EC
:105410000DE1CE854A85EFC0AFBD2A8419E932453A
:10542000B716050026879386267E3D468145EF0008
:1054300070442285B250225492540259F249456177
:105440008280B28601466FF03FB6011122CC2E84D5
:105450006C0026CA06CEAA84EF003027DD47630A17
:10546000F500930710102314F400A2852685EFC0E1
:105470008FC2F2406244D2440561828023940500C9
:1054800083D7850099E36FF07FAD09458280FDB732
:10549000B727002003C7E788854763F9E7020111B2
:1054A00022CC2E846C0026CA06CEAA84EF00F021FE
:1054B00009E9930700102314F400A2852685EFC0A4
:1054C0008FBDF2406244D24405618280594582809A
:1054D000B727002023ACA7848280B727002023AE03
:1054E000A7848280011122CC26CA06CE2A84AE84EB
:1054F000EF50C036A6852285EFB03FE10DE9228549
:1055000023169100EF5080351DC18346C500B72793
:1055100000202147938787B36390E60203C56700A5
:1055200078009306F0070146A285EFF05FBDF240D8
:105530006244D2440561828003C55700D5B701118A
:1055400026CA06CEB68422CCDD4663E2B608D9462A
:1055500063FED50AA5466381D50A63EEB604954677
:10556000638CD50899466387D50A054441687D1840
:10557000631606093AC6EFB01FDD33068540324791
:1055800042064182420441803305C4004205BA8587
:10559000418132C6EF30D03FAA8749C181C432462B
:1055A0002390C400B30580406244F240D2443E855B
:1055B00005616FA0CFC4C5466380D504C9460D44BC
:1055C000E395D5FAC167FD17E31EF6FA65B7F54610
:1055D0006380D50463E4B600ED46D5B79306200595
:1055E0006388D5029306200DE391D5F8C167FD17B6
:1055F0000D446319F600BDBF09448DBF9306200D0D
:10560000E392D5F8310642064182ADBF15445DBF35
:105610000D444DBFC167FD171D447DB7F240624484
:10562000D24405618280011122CC26CA06CE03C66F
:1056300045002E841307000281469945AA8401374C
:105640002AC629CD8357040003464400930554001D
:105650002310F100835724002311F10089472312FE
:10566000F100930780022303F10097B0FA1FE7804F
:1056700020BB834744008A8526852314F100EFC0B0
:105680004F892A8411C5324597B0FA1FE780C0A917
:105690002285F2406244D244056182804D44CDBFF0
:1056A0005D7186C6A2C4A6C2CAC04EDE8947630623
:1056B000F600C14709446319F6040144B1C52E89B7
:1056C0004C0832C6B689AA84EF0030002A843246DC
:1056D00005EDC1778507CA851305D1013ECC230EA0
:1056E000C10097B0FA1FE780A0B32C082685253F9C
:1056F0002A8419E95245B71605004E879386666FCE
:105700001D462C08EF0010172285B640264496440B
:105710000649F25961618280797122D436844AD077
:105720004ECE52CCB2892E8A3A8981461307100296
:105730002286D94526D206D6AA8411352AC629C181
:105740002286CA85231481002312410123133101CB
:1057500097B0FA1FE780C0AC4C002685EFC06F9E63
:105760002A8411C5324597B0FA1FE780E09B228555
:10577000B250225492540259F249624A45618280E1
:105780004D44F5B7011122CC26CA06CE4AC8DD47E2
:105790002A84AE84638DF5028147035504006C00B2
:1057A0002306F100EFC06F9D0545638DA4080345F6
:1057B0008400B165938505B8EFA0BF83E547230159
:1057C000F400B7270500938707975CC09DA803479F
:1057D00055013149B2863306270318499C42329756
:1057E0001043E31BF6FA83D7460003564700E31540
:1057F000F6FA8C46084797B0FA1FE780A0AF49DD5C
:105800008347540103474401850793F7F70FA30A21
:10581000F40063FFE702B387270318480355040029
:10582000BA97984783D6470003D6270083D5070049
:10583000E5353DF103458400B165938505B8EFA0DA
:105840004FFB5945F2406244D2444249056182808F
:105850008347640199B7011122CC26CA06CEDD47E1
:105860002A84AE84639BF50603550500EFB0BFADF7
:105870000356C40183562401035744016D162A962A
:1058800042064182B307D640C207231EC400C1832B
:1058900063F0E7089305C5FF3308F740635BB80280
:1058A000BA96918EC206184C835504010355040024
:1058B000C1823E97953515E103458400B165938516
:1058C00005B8EFA00FF35945F2406244D244056198
:1058D00082806D1593160501F9B7814703550400C1
:1058E0006C002306F100EFC04F890545E38EA4FC50
:1058F00003458400B165938505B8EFA08FEFE547B8
:105900002301F400B7270500938707975CC065BFA4
:105910008547E9B7397126DAAE842C0022DC4AD8F3
:105920004ED606DE2A89B2894D232A8421ED4A8586
:10593000EFB07FA183D644006D1563C5A600931612
:105940000501C182984403D6240083D504004A850A
:10595000EFF09FDC2A841DE53146A6850808230662
:10596000010097B0FA1FE780A08B83D7240022455F
:10597000B72605004E879386E68F5D466C00231E92
:10598000F100CD2D2285F2506254D2544259B259C1
:105990002161828041B7BDBF797126D206D622D45B
:1059A0004AD04ECE52CC56CA5AC88944C5C159CEE7
:1059B0002E842A89BA8A368B328AEFB0DF98930513
:1059C00044008147711503D705006352A70A850774
:1059D00093F7F70FB105E318FAFE8A854A85F5219A
:1059E000AA842DE531453305AA029165938515708A
:1059F000CD4497A0FA1FE780E064AA8921C9314607
:105A00003306CA02A28597B0FA1FE7806081184466
:105A10008356440003562400835504004A85EFF062
:105A2000BFCFAA841DED0245B726050085475687DE
:105A30009386E68F5D464C002302F1004EC4230698
:105A40004101A3060100230761012D25B250225414
:105A5000268502599254F249624AD24A424B456124
:105A600082804E8597A0FA1FE780006CC5B7ED4491
:105A7000F1BF79714ECE37F60600AE89C16526D2E8
:105A80000147AA848946130646C2FD15054522D45E
:105A900006D64AD0EF10301A054431CD2A891307B3
:105AA000300281461146F5452685EFF05FA92AC6EA
:105AB000554431C18357A900CE8601462314F10015
:105AC00091472315F10085472300F500B2472C00CC
:105AD0002685A38007003247FD572301F700324790
:105AE000A301F700EF10F00A2A8411C5324597A0F0
:105AF000FA1FE78060632285B25022549254025903
:105B0000F24945618280411106C6EFF06FD719C591
:105B1000B240410117A3FA1F67000361B24041017F
:105B20008280011106CE2AC6EFB0CFE73245B727F3
:105B3000002023AC0784B727002023AE07849145BB
:105B4000B7270020A38CA7B2EF30E05EF2400561DA
:105B50006F20F0387971939705014AD006D622D488
:105B600026D2C187014963DE070AB727002003C593
:105B700097B32E89EF901FFC2A844DC1034705007F
:105B80009307000A6319F70885474C08A305F1003D
:105B9000EFB06FEEAA840DED834761017147637921
:105BA000F708138717FE1377F70F9306000263F8C1
:105BB000E608858BD5CBB727002083A78785994436
:105BC00081CB035524001306B1004C088297AA84A8
:105BD0008347B10099C7084409C597A0FA1FE78019
:105BE000A05495E05247B7070001938707F07D8FD7
:105BF000B707120093870710630FF700034761018F
:105C0000ED47631AF700035524008545EF30204720
:105C1000CD476388F4002285EF90BFE5A167334943
:105C2000F900B25022544A8592540259456182804B
:105C30003707301405073357F700058B3DDB37274F
:105C400000200327C78549D70347510151F3230695
:105C5000F10099472308F100035524006C00231735
:105C60000100EFB0DF85ADB7B727002083A7C78558
:105C70009DC3035524001306B1004C08829729D90F
:105C8000AA8483475101A9F7834761012308910042
:105C90002306F100D1B79944EDB7397122DC26DA39
:105CA00006DE4AD84ED652D456D25AD0A5472A84B8
:105CB000B2846399F5108347450203570600835A5F
:105CC000260085072302F5029307F7FFB387FA0240
:105CD0005442C207C183B69703C9170083C70700A0
:105CE0008346C50022093369F90085476390F602AF
:105CF00033075703231006008149014A130B35016E
:105D0000931A070193DA0A0163E15907C167FD1786
:105D10006302F90C83570401637EF90A05094209FD
:105D20008346C4001359090123172401054703556D
:105D300004009305E400639FE6002315F100930738
:105D400020302316F100930780022314210123073A
:105D5000F1002C00EFB0FFA203458400B1659385EC
:105D600005B8EFA00FA95945BDA083D62400DC409B
:105D700083452401ED1613865900C206C1823E9662
:105D80005A85EFB0AFC705C9630C3A01C84003D6C6
:105D90002400B3053501529597A0FA1FE7804048CB
:105DA00083D724003E9A83D70400420A135A0A017B
:105DB00085072390F40083D72400BE99C20993D9A4
:105DC000090199B703474600A9476310F7028347C3
:105DD000450281CF0145F2506254D2544259B25922
:105DE000225A925A025B2161828083462401130960
:105DF000340137F506004A8689451305C5C1EFB061
:105E0000EFBF19C10545C1BF8346240137F5060020
:105E10004A868945130505C2EFB04FBE65F5834636
:105E2000240137F506004A868945130545C1EFB0C0
:105E3000EFBC69F98346240137F506004A86894597
:105E4000130505C0EFB08FBB55FD03C74400BD4728
:105E5000E3EAE7FAA56793874712B3D7E700858B94
:105E6000D5D38347440285072302F40203D92400D3
:105E700071BDB727002003C607B4B727002003A7CA
:105E8000078681476315F600814636858280BA868B
:105E900013078702835587FDE389A5FE850793F7DE
:105EA000F70FCDB7011106CE2EC6E13701CD8347DE
:105EB000A500B245138717006396E50093F707F82E
:105EC0002305F500F24005618280011106CE2EC641
:105ED0004D3705C5B24591C188C183478500130779
:105EE000E00F5D456388E7001307F00F014563830A
:105EF000E7005945F240056182800945E5BF41113F
:105F000022C42A84210506C626C24AC0EFF02FAD5E
:105F100083472400A51793F7D70F91EB0347C400DD
:105F200085476310F7061C4881443149A9E3FD57B2
:105F300023010400A304F400230204021305C40097
:105F40002244B2409244024961468145410117A36F
:105F5000FA1F67000334B38724033E95084509C53B
:105F600097A0FA1FE780401C850493F4F40F834741
:105F700044010848E3E1F4FE97A0FA1FE780C01A45
:105F80007DB7084C75F965B7411122C4416406C656
:105F900026C29307E4FF630CF500AA8491EDD13D7E
:105FA00019E51305F4FFF13519C123109500B2402E
:105FB000224492444101828085476394F504EFF0C6
:105FC0005FEB2A846DD5FD572310F50083478400CD
:105FD0001307F00F6384E7021307E00F638BE700FA
:105FE000834624000345940001475146A685EFF0FF
:105FF0000F9122852937FD572304F400230504005F
:106000007DB78947E395F5FA8545EF40902845F13E
:106010002685EFF01FE62A8455F951BF39C9034799
:1060200085009307F00F6306F704011122CC06CE1A
:106030002A848346250083550500034595000147C2
:106040005D46EFF0CF8B03472400E1476319F7006B
:10605000035504006C0023060100EFB01F92F957AE
:106060002304F4002285EFF09FE9F24062440561C9
:10607000828082809307F00F6306F706011122CC1D
:1060800026CA2A844EC6AE84B689AA8593068500A0
:10609000376505004AC852C43A89328A1305C501DA
:1060A000794606CEEFF0EF92A304240123014401C8
:1060B0002322340185C01305C4006244F2404249E2
:1060C000B249224AA685D2446146056117A3FA1F48
:1060D00067000315F2406244D2444249B249224A61
:1060E000056182808280B72700202382A786828074
:1060F0009547639CF506834745028546850723023D
:10610000F50283570600584203462600FD17C207D2
:10611000C1836318D6048A07BA9703C7170083C7D9
:1061200007002207D98F0357E50063F9E7044111FF
:1061300006C622C485072316F5002A849305C500E8
:1061400003550500EFB02FDA03458400B165938550
:1061500005B8EF901FEAB2402244D9473E8541017D
:106160008280C946B387D70245BF83464600294788
:1061700085476396E6000347450211C381473E8584
:1061800082809D476392F506834745028356E5006A
:1061900085072302F502835706005842FD178A0738
:1061A0003E978347170003470700A207D98F01478F
:1061B00063F6D704411106C622C485072A84231634
:1061C000F5009305C50003550500EFF0CFC5034565
:1061D0008400B165938505B8EF90BFE1B2402244D9
:1061E00059473A854101828083464600A9470547C1
:1061F0006396F60003474502133717003A858280FD
:10620000411122C406C626C2B5472A84639BF50401
:1062100083474502B28485072302F5020355050032
:10622000EFB06F9283D704001307F5FF014563C5F4
:10623000E7020357E400035504009305C400BA972E
:106240002317F400EFB0EFD803458400B1659385C0
:1062500005B8EF901FDA5945B240224492444101FB
:106260008280034746009D470545E317F7FE034537
:10627000440213351500CDB7C547639EF506835715
:10628000060003572600FD17B387E70203474502C0
:1062900005072302E5025842C207C1833E978347A0
:1062A000370003472700A207D98F41677D17639501
:1062B000E70081473E858280138717002316E5009B
:1062C0000357E500E3F7E7FE411122C49305C5003B
:1062D0002A840355050006C6EFB00FD90345840094
:1062E000B165938505B8EF90DFD0B2402244D9471D
:1062F0003E85410182808346460029478547E39BCE
:10630000E6FA0347450255F775B7011122CC26CAB4
:106310004AC852C406CE4EC683C7250015472A8AEE
:10632000AE8432843689639DE7043686A28526854D
:10633000EFF01FDCAA8955E985476318F40A034783
:106340004900A9476301F70203C594004A878546BF
:106350000146D285EFE0BFDA19E585454A85EFE0D1
:106360003FD21334150083C6240003C594000147AF
:106370006946D285EFE0BFD82685EFF05FB851A01F
:106380001D476398E7003686A2852685EFF07FDFFC
:1063900055B725476398E7003686A2852685EFF036
:1063A000DF8F49BF35476398E7003686A28526858B
:1063B000EFF01FE541B745476398E7003686A285B1
:1063C0002685EFF07FEBBDB75D47639FE70003C70E
:1063D000C50085473686A2852685631DF702EFF046
:1063E0006FBA8547631BF5048549A5476317F40217
:1063F000835709009DE30544E38709F6D947E39DE8
:10640000F9F62285F2406244D2444249B249224A16
:1064100005618280EFF02FC4E9B703C594004A8775
:10642000A2860146D285EFE09FCD71F5A2854A850F
:10643000EFE01FC513341500C1B70544D9B7397152
:1064400022DC06DE26DA4AD84ED652D456D283D77C
:1064500005001944B1E783C925002A89328A938748
:1064600059FE93F7D70FAE84DDE7B727002083C628
:1064700047861307F00F938A478619446382E60222
:10648000F5476394F904EFF0DF9EAA8921C1034622
:10649000A5000DCE93178601E18763DD0700014457
:1064A0002285F2506254D2544259B259225A925A19
:1064B00021618280F5454A85EFE0BFCC83C7A90002
:1064C00093E707F82385F900D9BF814983D64400B3
:1064D000904483C5140003C504003800EFB0EFCA30
:1064E0002A845DFD83C6240003C50A0038000146E6
:1064F000CA85EFE0DFC02A8445F5B24799C323007F
:106500000A0083C724007547E39BE7F8E38909F88D
:106510002385F90071B7EFF0DF95AA8A49D1854745
:106520006391F90A83D5440088443000EFA09FE3CB
:106530002A843DF503C72A00C54763F2E70ADD4711
:106540006301F70CB727002003C59A0083C797B3F0
:10655000639CA70A014403C72A008D47631FF70401
:106560008357810003D7CA0063F4E7002396FA003B
:1065700083D5CA004A85EFE0FFF6B727002083D70E
:10658000079A6D47637BF70283D5CA005D47637640
:10659000B7021387350091056349F7001307B00F61
:1065A000BE856374F7009305B00F1166C20513062C
:1065B0000629C1814A85EF8060475685EFF03F94F8
:1065C000C5B5834725001144E39C37ED5C41E38961
:1065D00007EC83D5440088443000829791BFB727E9
:1065E00002009387072AB3D7E700858BA1DF03C694
:1065F00024003400D6854A85EFF03FD12300AA005D
:1066000045B583A70A01DDB783C6240038000146DB
:10661000CA85EFE0DFAE2A841DFD83C52400280073
:10662000EFE01FA605D923000A0035B7011122CCDF
:106630003724002006CE26CA4AC84EC652C4930943
:1066400084B303C589009307800291653305F50281
:1066500093856570372900209304098697A0FA1F57
:10666000E780409E03C68900930780028145330678
:10667000F60288C097A0FA1FE780A0C19C404D4554
:10668000A1C3930484B3130909860144130A800249
:10669000FD5983C78400636DF40237650500130557
:1066A000E543EFE0FFE237650500130545EAEFA09B
:1066B0005FBB37650500130585F8EF40A034014541
:1066C000F2406244D2444249B249224A0561828082
:1066D000B30744030325090061468145050413748B
:1066E000F40F3E95231035012301050023143501D5
:1066F0002305050023020502310597A0FA1FE78054
:1067000040B941BF01458280B727002083C617B436
:10671000814763E5D70001473A8582802E8791053E
:1067200003D6C5FFE30AA6FE8507E5B70DCD83476F
:1067300025000547890793F7F70F6376F7024111A4
:1067400022C406C62A848355050003453500014747
:10675000F9465D46EFE0BF9AF9572311F400B240C5
:106760002244410182808280B727002003C717B4EA
:10677000FD56814763E3E70082802310D5002301A3
:10678000050085071105FDB70145828037160020F9
:106790001306B67F930700022300F6003717002088
:1067A000FD57230DF77E37170020A306F77E371716
:1067B00000202306F77E8545B7170020239CB77E6F
:1067C000B727002023930786B727002023A8078632
:1067D000B727002023A00788B727002023AA078611
:1067E000B7160020B7F706009386067F938707C188
:1067F000DCC2B727002023840786B71700209387C1
:10680000C77809472380E6002380E7002388E70054
:106810002380E7022388E70237F70600130747C003
:10682000D4C7D8DBB7F606000D47238CE702938662
:1068300006C037270020D4CB0327C78637F50600CC
:10684000B7F606001305C5C1938646C2C8C32384A4
:10685000B70023950700238CB700239D0700D0CFF6
:10686000D4D3238407022395070223A60702239D7E
:106870000702D8DFB7170020377705009387C77C5A
:106880001307479423A00700D8C323A407008280DE
:10689000411106C6EFF05FE711C503452500B24080
:1068A000410182800145E5BF411122C426C24AC090
:1068B00006C6AA842E893284EFF01FE511E94165EE
:1068C000CA857D15EFF05FE4C54711C5231095001B
:1068D000230185008147B2402244924402493E850B
:1068E0004101828029E789483547639316050111E4
:1068F00006CE22CC26CA034716000346060093C7DD
:10690000F7FF2207598EF18F32C68DE7C4452A84DE
:10691000A685EFF0FFF732460147630FA6002285F8
:106920006244F240A685D24405616FF0FFF72D471F
:106930003A85828013070008F2406244D2443A85C7
:106940000561828083C8050009486395080303A890
:1069500045008347180003480800A207B3E7070172
:10696000C2070D68C18713082890639507018947FE
:106970006FF05FF705458280011122CC37140020AB
:106980001304D47E0347040006CE26CA4AC84EC666
:106990009307F00F6300F704AA892945B2842E8972
:1069A000EF904F9205C99307100B2310F5002302B7
:1069B0000500231135012313250123149500AA8511
:1069C000034504006244F240D2444249B2490561A1
:1069D0006F904F9EF2406244D2444249B2490561F1
:1069E00082804111B727002026C2AE8483A5C786C6
:1069F00022C406C62A84EFF0BFE9098909C92285A5
:106A00002244B240A685924441016FF08F86B24085
:106A100022449244054541018280411122C426C28C
:106A20004AC006C6AA84130445001309850B835780
:106A300004009DC3084409C59790FA1FE780C06E03
:106A400022853146814597A0FA1FE7808084310472
:106A5000231A04FEE31D24FDB2402244FD57239077
:106A6000F4000249924441018280B727002003C606
:106A700017B4B727002003A7878781476315F6005F
:106A8000814636858280BA861307870B835587F443
:106A9000E389A5FE850793F7F70FCDB7B727002049
:106AA00083A7078889CB03D747006314A7008847CB
:106AB00082809C43C5BF01458280411106C6F93FD3
:106AC00009C50845B240410182800145E5BF011179
:106AD00026CA9384450022CC4EC606CE4AC852C46C
:106AE00056C25AC0268781490144814681473D45A7
:106AF0000356070055CED9E20354470083572700B9
:106B0000B286A297C207C18385093107E392A9FE25
:106B100025C82E8991659385457022859790FA1F27
:106B2000E78040522A8B29CD814A014A8C4485C591
:106B300003D6440033054B019790FA1FE780406E5F
:106B400083D7440088443E9A420A135A0A01979018
:106B5000FA1FE780605D63890A003146814526851A
:106B60009790FA1FE780E072850AB104E3E03AFDEE
:106B70002326690123148900054521A0630DD60051
:106B80000145F2406244D2444249B249224A924A03
:106B9000024B0561828003562700E313F6FE03567D
:106BA00047003294B2974204C2074180C183A9BF13
:106BB0000545E37835FDA9BFB727002083A74787A0
:106BC00099E30145828098470357A7006315A70002
:106BD0001385470082809C43E5B7411106C6E93F13
:106BE00011C503550500B240410182800145E5BF52
:106BF000411106C6D13711C503452500B2404101F8
:106C000082804145E5BF411122C42A842E8506C6F3
:106C1000C537AA8505462285EF307047954763053D
:106C2000F500BD476313F5002145B2402244410100
:106C300082804111B727002022C406C603A44787DB
:106C400081469387478729C018440356A7001840F8
:106C50006317A60285CA98C22E8581C9214693056D
:106C600044009790FA1FE780A05B22859790FA1F57
:106C7000E780804B0145B240224441018280A286D8
:106C80003A84D1B798C3C9BF0545F5B73727002067
:106C900083270788014613070788A9C703D8470039
:106CA0009443631CA802011106CE22CC26CA0DCA49
:106CB00014C2AA843E852E849790FA1FE780C046AE
:106CC0002C002685EFF0FFF601E519C0B2471CC085
:106CD000F2406244D244056182803E86B68775BF29
:106CE00014C3C1BF05458280411122C42A8409050D
:106CF00006C6EFE0CFCEFD57A301F400B240224418
:106D000041018280B727002003C717B4B7270020AE
:106D100083A7C7872A86050781463E8583D7070054
:106D20006388C700850693076500E3E8E6FE014532
:106D30008280411122C4416406C626C29307E4FF43
:106D4000630EF500AA8485E1EFF0DFFB01E913058E
:106D5000F4FFEFF03FFB19C123109500B24022442D
:106D600092444101828085476394F504EFF09FF9D6
:106D70002A846DD5FD572310F5008347240013079F
:106D8000F00F6384E7021307E00F638AE70003450F
:106D900034000147F9465146A685EFE04FB62285FB
:106DA000EFF09FF4FD572301F400230204007DB7A8
:106DB0008947E395F5FA8545EF30B04D45F12685D5
:106DC000EFF05FF42A8455F951BF1D71A6CACEC6F3
:106DD00086CEA2CCCAC8D2C4D6C2DAC05EDEAE8429
:106DE00083C52500F947AA896397F504EFF09FF161
:106DF0002A8411ED01442285F6406644D644464972
:106E0000B649264A964A064BF25B25618280834743
:106E100025000547890793F7F70FE37DF7FC034546
:106E200035000147F9460146CE85EFE04FAD22859A
:106E3000EFF09FEBC1B703AB0400B70700019387E6
:106E400007F037071200B377FB0013070710B28A69
:106E50000149638AE7022EC6EFF0DFEA2A89B245CC
:106E60001DC10346450005C293178601E187E3C3B0
:106E700007F84E85EFE0EFB08347490093E707F846
:106E80002302F90085BF371A00200347AA7F930722
:106E9000F00F130AAA7F1944E30FF7F4E147E3EC7C
:106EA000B7F493D71500FD1713973700B7E706001F
:106EB00093874762BA9703A80700E30E08F283ABF3
:106EC0004700E38A0BF2420B135B0B0163050B00D7
:106ED000C947E392F5F283D64400904483C5140079
:106EE00003C50400380802982A84E31605F02C082C
:106EF0004E85829B2A8421C983C71400E39D07EE37
:106F000083C72400230AA10039472308F1006399AD
:106F1000E70262478347170003470700A207D98F9C
:106F20000C084E852319F100EFA06FD9E30405EC9E
:106F300014080546D9454E85EFE08FC52A8465BD06
:106F400083578101F1BF83C624009147E384F6EAA9
:106F500003450A0038080146CE85EFE04F9A2A849F
:106F6000E31B05E883C524002808EFE06F9119C1F1
:106F700023800A009840B7070001938707F07D8FB0
:106F8000B707120093870710E306F7E6E30409E664
:106F900083C724002302F900B9BD011106CE2EC615
:106FA000EFF05FD601CD83474500B2451387170048
:106FB0006396E50093F707F82302F500F2400561B8
:106FC0008280B727002003A7478719E3014615A849
:106FD0001C4703D8A700636B050183584700B3869D
:106FE00008016355D5008146639416011843F1BF2B
:106FF0003E86C10703D3A7FF6317A30099C123905F
:107000000501328582808506C206C182F1BF3971D1
:1070100052D42E8A4ED69305E101AA89528522DCEC
:107020004AD856D206DE26DA328936C63AC4BE8A35
:10703000EFF03FF9054435C5AA840355E101394411
:10704000EFF0DFA539CD03284500630C0804224783
:10705000B246D6874A86A6854E8502982A8431E1B3
:107060009307E00F638FFA0203C704008947631A8E
:10707000F702D8408347170003470700A207D98FBC
:10708000C2070D67C18713072790639CE7008347FA
:10709000190003460900D285A2075D8E4E85EFF0E8
:1070A000BF8D2285F2506254D2544259B259225AAD
:1070B000925A21618280797122D4035425004ECEE8
:1070C000AA89228556CA06D626D24AD052CC5AC898
:1070D0005EC662C4AE8AEFF05F9901E92285EFA037
:1070E0001FDE594429E90144B9A003C78900854737
:1070F000AA840144631AF702AA8513858900EFF078
:107100001F9D29CD03D7640083D68400D04483D546
:10711000440003D52900E147EFF07FEFD9472A84E7
:107120006318F50223A604002685EFF01F8F49C0DF
:10713000D947E30AF4FA2285B250225492540259F4
:10714000F249624AD24A424BB24B224C456182809C
:1071500061DD83D744002390FA00F9B71389440016
:10716000014AB94B594C3D4B83550900D5DDE147E8
:1071700063067A010357C90011C3D9470357290091
:10718000835649000326890003D52900EFF03FE824
:107190002A846319850123240900050A3109E315AE
:1071A0006AFD59B77DD9835709002390FA00F5B7D6
:1071B00003D529002DB701112317C1009307E00F54
:1071C0001306E1000147894606CEEFF05FE4F24086
:1071D00005618280797122D42A840355850026D2E4
:1071E000AE849305210106D64AD0EFF09FDD6308F7
:1071F000050E834785002AC693F707028DCF0355F6
:107200002101EFF09F8BAA87B24501ED83578400DF
:1072100039452390F400B2502254925402594561EA
:107220008280035524004946829711C58357840004
:107230002390F400CDB7035924004A85EFF0FF8274
:1072400011ED41657D15EFF05F8219E583578400EC
:1072500025452390F400C1B72310250113074500ED
:107260008147BD46035607002DE63147B387E70245
:10727000130984003146CA8591073E959790FA1FFD
:10728000E78000FA3146CA8548089790FA1FE780E0
:1072900020F90356C4000355240041478146DD45CB
:1072A000EFE0EFA92ACE19E58357840045452390E6
:1072B000F40095B70C480356C4009790FA1FE78076
:1072C00020F6035524004C08EFA03FBB29D55945B3
:1072D00099B785073107E397D7F8254581BF05455D
:1072E000B1B7797122D42A840355850026D2AE84A1
:1072F0009305E1014AD006D63289EFF09FCC51C503
:107300008347850093F70702A9E703471401930712
:10731000200519E3834744008356A4005044835555
:107320008400035524000147EFF07FCEAA8721E9AE
:107330008347140199E703552400EFA03FAFD947D5
:1073400011E18147B2502254925402593E85456161
:1073500082802AC60355E101EFF02FF6AA8705C9FE
:10736000B2450355240049468297AA8759DD035741
:1073700084002390E4000347140161F7E1B7594703
:10738000E317E5FE230009006DBF8547CDB7B94778
:10739000F9BF397122DC4AD84ED652D406DE26DA3D
:1073A000AA892E8A32C63689EFF0DF95094415C5C1
:1073B000834725001307E00FAA845D44638FE7002D
:1073C0001307F00F5944639AE700324605E2D2856D
:1073D0004E85EFA0BFB22A8415CD2285F2506254AB
:1073E000D2544259B259225A2161828003550A006F
:1073F0009305E101231F0100EFF0BFBC0355E1013C
:10740000EFF00FFFAA8505464E85EF3040482A84ED
:107410005DDDE1B79307F00FE301F9FC3765050087
:10742000938624007946A6851305C572EFD07FDACE
:10743000A38124015DB73971B727002026DA83A420
:10744000478752D45AD05ECE62CC06DE22DC4AD8C0
:107450004ED656D266CA2A8BAE8B328C368A99E0CB
:107460008149B9A0804483DC44000149835AA400C7
:10747000631499018440E5B78357A400A28963F897
:10748000670105094209135909014104D5B7E3EA27
:10749000FBFE630C0A00834504004840D2866286E6
:1074A0003AC6EF90BFD5324769DD19C323105701A3
:1074B000F25062544E85D2544259B259225A925ACD
:1074C000025BF24B624CD24C2161828003D70500F3
:1074D00083D62500854763E9E60439C7411183C691
:1074E000450026C237F506009384550022C426863F
:1074F0002E841305C5C1894506C6EF903FD0C1470C
:1075000011CD8346440083552400035504000147F0
:107510002686EFF05FF2814711E1A947B24022448D
:1075200092443E85410182803E8582802E860355AD
:10753000060083D52500854763E2A50205C1834681
:10754000460041110147150606C6EFF0DFEE814700
:1075500011E1A947B2403E85410182803E8582808B
:107560002E860355060083D52500854763E2A502D4
:1075700005C18346460041110147150606C6EFF0D6
:107580009FEB814711E1A947B2403E8541018280CE
:107590003E85828039714ED683D7250083D9050078
:1075A00006DE22DC26DA4AD852D456D25AD05ECE33
:1075B00062CC66CA6AC863E037198547638E0914CE
:1075C000416BAE8A2A8A2314010002C60144014994
:1075D0007D1B894B054CC94C054D83D52A000147BD
:1075E000814601464E8523130100EFF0DFE4AA84B3
:1075F0006300051209EC13072002930661005A8606
:1076000095455285EFD0BFF32A84630805120357CE
:10761000810083C7040045C70347A100630CA70787
:1076200041476385E7022C005285EFA00FCE09CDBC
:1076300034001546D9455285EFD09FD511C5324546
:107640009790FA1FE78040AE8147F9A083D7A40046
:107650004146130524002300F40083D7A400A1832E
:10766000A300F400CC409790FA1FE78060BB490468
:10767000835781008507C207C1832314F10063F992
:10768000270983D7A400638567098509C20993D9AF
:107690000901A1B7E39977F983D7A4000946130537
:1076A00024002300F40083D7A400A183A300F400E6
:1076B000CC409790FA1FE780A0B6110455BF22C6B0
:1076C0000359610003C7A4001305240063827703F4
:1076D00033599903230571012300E40083D7A400E3
:1076E0004146A183A300F400CC401379F90FA5BF54
:1076F000230581012300E40083D7A4001359290046
:107700001379F90FA183A300F4000946CC4055B7C3
:107710008357810089FBA947F2506254D2544259E1
:10772000B259225A925A025BF24B624CD24C424DF1
:107730003E85216182808547C5B7C547F1BFB72720
:10774000002003C7E788854763F3E706011122CCD1
:1077500026CA4AC806CE2A843289AE84EFF08FDA70
:1077600001C9034725009307E00F5D456308F70053
:10777000631C0900A6852285EFA02FF5F240624424
:10778000D24442490561828003D504009305E1009B
:1077900023170100EFF0FF820355E100EFF04FC522
:1077A000AA8505462285EF30800E69D5C1BF5945AF
:1077B000828013F7050201C7B2856FF0CFC4411173
:1077C00026C24AC006C622C413F98500AA846317DC
:1077D0000900139785016187635D0702328536844E
:1077E000EFF00FC1AA8505466313090001462685FF
:1077F000EF30E00901E90145B240224492440249D8
:107800004101828083479400E5DB83478400E5F7EC
:10781000E5B793F72500E5F30D45F9BF7971AE861D
:1078200022D42A8403D506009305E10106D636C684
:10783000EFF02FF909CD83458500B2460356E101EB
:107840002285EFF01FF7B250225445618280054532
:10785000DDBF13F7050201C7B2856FF0CFBA411142
:1078600022C426C206C693F485002A8491E41397A5
:1078700085016187635007023285EFF06FB7AA85F3
:10788000054691E0014622852244B24092444101DE
:107890006F20F07F93F72500014591E30D45B2403D
:1078A00022449244410182807971AE8622D42A8496
:1078B00003D506009305E10136C606D6EFF06FF05A
:1078C000B24601CD834585000356E1012285EFF0E4
:1078D0005FF8B2502254456182800545DDBF797161
:1078E00026D2AA840355A500C16722D44AD04ECE21
:1078F00006D623170100FD173284B6890149630DAE
:10790000F500050583C60400D04042051307E100D9
:107910004181EFF05FB22A8983C60400D04037F579
:10792000060089451305C5C1EF905F8D1DC503D4C1
:10793000A4002285EFF06FAA09C57D142A944204A1
:1079400041806384090023908900B25022544A8503
:1079500092540259F2494561828083C60400D040A6
:1079600037F506008945130505C2EF903F8961F19F
:1079700083C60400D04037F506008945130505C0CD
:10798000EF90DF8719C9E30609FA8357E100E39214
:1079900087FA0354A9007D145DB703D4A40055B73A
:1079A000397122DC26DA4AD84ED652D456D25AD071
:1079B00062CC06DE5ECEBE8983C785002A8AAE848D
:1079C000C18B328C36843A89C28A468B9DE783CB41
:1079D00004008947638BFB046285EFF02F8C1DC187
:1079E00083280500638008025A88D6874E87CA8696
:1079F0002286A6855285829839A03285EFF0EF8BDA
:107A0000AA8711ED3945F2506254D2544259B25905
:107A1000225A925A025BF24B624C216182802946C3
:107A2000A6855285829745D5F9BFD8408347170070
:107A300003470700A207D98FC2070D67C1879306C6
:107A400007906384D72263CEF60693062780638E61
:107A5000D70C63C1F60213070780E3CFE7F62D4585
:107A6000E39309FADC4403C60700CC432310C900A2
:107A7000228569A213073780E390E7F62D45E3944A
:107A800009F885472310F900DC44814583C70700C6
:107A90002300F40003D5A400050542054181EFF061
:107AA0004FD2835709006317051291072310F9007D
:107AB00011468145130514009780FA1FE780607D09
:107AC00029A2930627906383D71863CED712930613
:107AD0003790638CD71813074790E39FE7EE2D4547
:107AE000E39309F2DC441D472310E90003C70700B4
:107AF0002300E40003C71700A300E40003D7270016
:107B00002301E40003D727002183A301E40003C776
:107B100047002302E40003D76700A302E40083D7F1
:107B20006700A1832303F4004DA02D45E39D09ECDC
:107B3000DC446C0083C9170003C70700A209B3E93E
:107B4000E90011472310E90083C707004E85230091
:107B5000F400DC4483C71700A300F400EFF06FC605
:107B6000AA8435C50356C100C1659306E100FD1521
:107B70008329C500EFF0BFD619ED83C60400D040BD
:107B800037F506008945130505C2EF902FE701E59B
:107B9000FD572317F10003C7090089476310F70257
:107BA00083A549000946130544009780FA1FE78022
:107BB00020678357090089072310F9008357E100E4
:107BC0002301F400A183A301F40001452DBD231777
:107BD0003101EDB7034705008907BA972310F90073
:107BE0008357A500A300F4008357A500A1832301B8
:107BF000F400034605004C41130534009780FA1F3A
:107C0000E7800062D9B7C8449780FA1FE780806B8D
:107C100093170501C1832A871D45E3E637DF639982
:107C2000F90023100900CC4403560900CE9589B50C
:107C30004207B3863A01418363C7E600B387374101
:107C40002310F900CDB723105901F1BF2D45E39C56
:107C500009DACC445285EFE0BFC323107901230039
:107C6000A4002181A300A4008DB72D45E39D09D870
:107C7000DC442310790183C707002300F400DC44AF
:107C800083C71700A300F40089B71D71CAC82A89E9
:107C900003552500A2CCCEC6D2C4D6C2DAC05EDE61
:107CA00062DC66DA6ED686CEA6CA6AD8AE8AEF9055
:107CB0008FE9130CF5FF93170C01B72B0020C1833C
:107CC0002A8A814913840B8F3EC6372B0020B72C9C
:107CD0000020C16D8357C90063F6F9008357040083
:107CE00063CC87010355290093850B8FEFA08F8804
:107CF0002A8D15CD594D25A8832789001397190082
:107D00009305E101BA9783C4170083C70700A20453
:107D1000DD8C2685EFF0EFAAAA8515E923909A005D
:107D20004840054D09C59780FA1FE780E03FF640BF
:107D300066446A85D6444649B649264A964A064B61
:107D4000F25B625CD25C425DB25D2561828032484A
:107D50008348490083A60C870356E1010355290097
:107D6000814713076B86EFF0BFC32A8D13880C87FA
:107D700009C523909A00484075B75C4085E70355D4
:107D80002900514781461386FDFFBD45EFD02FFBEB
:107D9000B727002048C01388078709E523909A0079
:107DA000454D71B78357040003576B8693046B8668
:107DB0003E976347470113C7F7FF52972390E400AC
:107DC000484003D60400832508003E958509978026
:107DD000FA1FE780E0448357040003D70400C20978
:107DE00093D90901BA972310F400EDB5397122DC5B
:107DF0002A840355250006DE26DA4AD84ED652D408
:107E00005AD05ECE62CC66CA2E8B56D26AC8EF902C
:107E10008FD32A8A8346C4008355A4000355840067
:107E200078001306D400130CBAFF651AEFF0AFE028
:107E3000420A37290020AA898144135A0A01B72B24
:107E40000020B72C00201309098F6386090463D42E
:107E50008405938A0C878348440083A60A0003564E
:107E6000C100035524005288814713876B86CE8555
:107E7000138D6B86EFF0DFB215C5814A0356C10042
:107E80008355A4004E859306E100EFF05FA5AA8913
:107E9000639D0A065DF9E5E08357840029452310B8
:107EA000FB0089A083570D0003560401E317F6FC7D
:107EB00083A50A0048489780FA1FE780A04355DD54
:107EC00083274900A1E303552400416645478146C5
:107ED0007D169D45EFD0AFE605E583578400454507
:107EE0002310FB00F2506254D2544259B259225A24
:107EF000925A025BF24B624CD24C424D216182801D
:107F00002322A90083DAA90095BF83274900A697F9
:107F10002380570193871400139707018327490093
:107F2000418393DA8A00BA9723805701138724008C
:107F30008326490093873400420791044183C20796
:107F4000C204C183C180369711CD8356E10023005E
:107F5000D70003274900BA970357E1002183238004
:107F6000E700E5B5FD562300D70003274900BA977F
:107F70002380D7000DB703552400B7250020898042
:107F80002398958E9385058FEF90DFC421DD5945A9
:107F900091BF411122C406C693F705012A84328598
:107FA00085C3EFE0FFC4AA8505462285EF20300E89
:107FB00095476305F500BD47631DF502214515A8EA
:107FC00093F7450099CBEFE0BFC20546AA8522850D
:107FD0002244B24041016F20900B93F7050489C7FA
:107FE000EFE01FC10146DDB713F51500133515008D
:107FF0000605B24022444101828079714AD04ECEBA
:1080000052CC06D622D426D22A8AAE89014983D7F9
:1080100049006364F9000145A1A083A70900131476
:108020001900930414003387970003470700A297B1
:1080300003C5070022079305E100598DEFE07FF8A3
:1080400005E983A7090005453E9403470400238002
:10805000E70083A70900BE9403C70400A380E700DC
:10806000B250225492540259F249624A45618280C8
:10807000834585000356E1005285EFF09FF105C16D
:1080800083A709003E94034704002380E70083A7E9
:108090000900BE9403C70400A380E700D1B7050917
:1080A000420913590901A5B7011122CC2A8403D52D
:1080B00005009305E10006CEEFE0BFF001CD83455A
:1080C00085000356E1002285EFF0BFECF2406244E8
:1080D000056182800545DDBF1D71CAC82A89035527
:1080E000250086CEA2CCA6CAD2C4D6C2DAC05EDE35
:1080F00062DC66DA2E8ACEC66AD86ED6EF90AFA45E
:108100002AC68346C9008355A9000355890078080B
:108110001306D900EFF02FB2B247B7240020416B0D
:10812000938AA7FFC20AAA8B014493DA0A01372C6B
:108130000020B72C00209384048F7D1B63860B18CE
:108140000356C10183C58B0003552900EFF07FE47E
:10815000AA8D631605168348490083A60C8703562B
:10816000C101035529005688814713076C86DE85B7
:10817000EFF01F83AA8D93096C86138D0C87631013
:10818000051429C003D7090083D72400110763977A
:10819000E7003247A2976D1763CAE706B7250020AC
:1081A0009387058F03D72700035529009385058FF3
:1081B0003354E40223908700EF905FBFAA8D15C16E
:1081C000D94D05A003552900494781465A86C54522
:1081D000EFD0EFB6C8C015E583D7AB00C54D23106F
:1081E000FA00F64066446E85D6444649B649264AAA
:1081F000964A064BF25B625CD25C425DB25D2561E1
:10820000828083D7090091072391F400DC4003D7D3
:10821000AB009306E101A2972380E70093071400C7
:1082200013970701DC4041835E85BA9703D7AB0003
:1082300021832380E7000356C1018355A900EFF095
:108240000FEAD440130724000356E101420741839B
:1082500036972300C700D84093073400C207C18374
:10826000BA970357E101AA8B110421832380E70009
:10827000C8404204418003D6090083250D002295A1
:1082800063950B029780FA1FE78080F983D7090076
:108290003E9442044180E31304F083578900231085
:1082A000FA00E3900DF4A94D2DBF9780FA1FE780E7
:1082B00020F783D709003E944204418041B583D71B
:1082C000AB002310FA00C1BF814DF1B75D71A6C2AA
:1082D000CAC0AA840359850003552500A2C44EDEF6
:1082E00052DC5AD85ED662D466D286C656DA6AD0D6
:1082F0006ECE2E8BEF902F85930BD5FF7115131A31
:108300000501B72900200144135A0A01372C002027
:10831000B72C00209389098F6359741583C6C40054
:1083200083D5A4001307E1001386D4004A85EFF03B
:108330008F902A8D630B05120359A5008345850094
:108340000356E10003D52400EFF0BFC46314051207
:1083500083C8440083A60C870356E10003D524009C
:108360005288814713076C86EA85EFF06FE3930D1F
:108370006C8613880C87631F050E1DC883D70D00FC
:1083800003D729008907630CF706B7250020138758
:10839000058F8357270003D524009385058F335419
:1083A000F40223108700EF90BF8C15C5594525A016
:1083B00003D5240041664D4781467D16A545EFD083
:1083C0000F98B727002023A2A900138807871DE173
:1083D00023102B014545B640264496440649F259E0
:1083E000625AD25A425BB25B225C925C025DF24DF1
:1083F0006161828083D70D0089072391F90083D7BB
:108400000D00A29763D3770783A749000357AD00F8
:10841000930A2400A2972380E70005049317040120
:1084200003A44900C183C20A3E948357AD0083254B
:10843000080093DA0A01A1832300F40003A5490090
:1084400003D60D0056959780FA1FE78060DD03D4B0
:108450000D00C167FD17569442044180E30EF9EA0E
:10846000050942091359090145BD294519FC231085
:108470002B0195B76DDC11BF8357050081E7894754
:108480003E858280411126C2444122C406C64AC0AC
:1084900083C60400D0402A8437F5060089451305B9
:1084A000C5C1EF80BFD519C9834724002547E5170B
:1084B00093F7F70F6377F702E14729A883C6040013
:1084C000D04037F506008945130505C2EF801FD35C
:1084D00061FD8947B2402244924402493E854101F0
:1084E0008280371900208356897F85471309897F49
:1084F000F5D2035704003697C166E3CDE6FC9165DB
:108500009385257031459780FA1FE780A0B3AA8430
:10851000CD4769D1314681459780FA1FE78060D702
:10852000835704008355090001460147B386E500DF
:10853000C206C182636BF702AE97C207C18319C23C
:108540002310F90023A004002146A28513854400CE
:108550009780FA1FE780C0CCB72700209387478712
:10856000984311EF84C38147B5B7504013154700B6
:1085700005072A962315D60005464DBF3E871C43A6
:10858000F5FF04C381BF011106CE22CC26CA4AC81A
:1085900009E98944F240624426854249D244056192
:1085A00082802AC62A84280036892314B100230534
:1085B000C100EFF07FECAA8471FDE30D09FC835745
:1085C000A400E1DB91659385557031459780FA1FD2
:1085D000E78040A715C58357A40023200500232466
:1085E00025012312F500B7270020938707889843B9
:1085F00001E788C345B73E871C43F5FF08C359BF51
:10860000CD4449BFB72700209387878603C707005B
:1086100015E305472380E700058909CDB71600203B
:10862000371500209386C67C414691451305C578D1
:108630006FF07FF501458280B7170020A386A77EE3
:108640008280C167FD176315F5002E856FE0CF911D
:10865000411106C6EFE04F8B11C5FD572310F50001
:1086600023010500B2404101828001114AC806CEB3
:1086700022CC26CA85472A896393F5044A85EFE010
:10868000CFBE39E9C16437F606009385F4FF1307BE
:10869000E1008946130646C00545EFE0DFD92A848C
:1086A000FD140DC44C444A85EFF0BFF90356E100B8
:1086B00022858146A685EFF08FA22A84DDB78947FF
:1086C0006396F5008545EF20C03C4DD9F2406244E9
:1086D000D244424905618280EFE02FB465B70111B1
:1086E00026CAB7240020938484B322CC03C5940007
:1086F0003724002013048487B72700203727002061
:1087000006CE4AC84EC62320040023AE0786232681
:10871000078649C91389C7879307200C3305F502DB
:108720009165938515709309C786190542054181A6
:108730009780FA1FE780009103C694009307200CEE
:1087400081453306F60208C019069780FA1FE780B4
:1087500040B41C4003C7940081459386870B7D5528
:1087600063ECE5069306800BB306D7020146FD5580
:108770000507B6972320F900BE862390B600A38193
:10878000B6002381B6002382060005069906E3663B
:10879000E6FEF9562390D70099463307D702BA97D9
:1087A00023A0F900377505001305A5DCEFC0FFD243
:1087B000377505001305A5F9EF805FAB3775050028
:1087C000130525D3EF200024F2406244D2444249ED
:1087D000B2490145056182802394A6F41386C6F44C
:1087E00023100600232406003106E31BD6FE850570
:1087F0009386860BB5B7411106C622C42A84EFC002
:108800000FB7EFD0BFF8B71700202386877EB727B2
:10881000002003A5C786EFD03FF5B7170020238DB2
:10882000877E2244B240378505001305A5664101C5
:108830006F20401D93970501C18763D30734B71795
:10884000002003C5C77E797122D45AC806D626D225
:108850004AD04ECE52CC56CA2E8BEF70AFAD2A8482
:1088600029C9034705009307000B6311F704B724D8
:108870000020854793840487A304F1009C402315BE
:108880000100A9E7EF00007F91659385357097702F
:10889000FA1FE780207B88C015E98347910099C7BC
:1088A0008345440013058400EFD0EFA52285EF70C7
:1088B0004F9CB250225421653345AB00925402596B
:1088C000F249624AD24A424B45618280372A0020EF
:1088D0006146814513050A8F9780FA1FE780609BE8
:1088E00003494400894793040A8FD289930A0A8F67
:1088F0006314F906EF0000782390A40003552400C8
:1089000093050A8FEF90EF9B0357240083D7040051
:108910008356840011ED63E4F6002314F4008355BC
:1089200084003A85EFC01FBC2285EFC07F8EB5B7AB
:1089300063E4F6002314F40083578400D94593863A
:10894000098F0D463A852390FA00EFC07FA48D452C
:1089500061DD1385098FD1A09947631AF902930548
:10896000A1002285EFF08FC8AA845DDDD947639608
:10897000F40E0509035524001379F90FD9459386A0
:10898000098F4A86EFC0DFA0CA8559DDD9B7A14754
:108990006318F9009305A1002285EFF03F93E9B732
:1089A000A947631FF906035584006C00EFE06FE1EF
:1089B0002A89630D05140355240041669306E100DE
:1089C00055477D16AD45EFC09FB7C8C0AA8649C1BF
:1089D000834844000358E1000356C10003552400B6
:1089E000814713070A8FCA85EFE09FFBAA84631EA5
:1089F000050E0355240093050A8FEF904FAD0DD55A
:108A00000355240093060A8F2D46D945EFC05F9881
:108A1000E30C05F0AD4513050A8FEFD0CF8E29B7D3
:108A2000B147631BF90E035584006C00EFE06FD96A
:108A3000AA8469CD0355240041669306E100594795
:108A40007D16B545EFC0BFAF23A2AA00AA8629E9CB
:108A500083578400C5442315F10003471400D14710
:108A6000E304F7EC83474400035524009385098F02
:108A70002380FA008357A10023829A002391FA00F1
:108A8000EF80FFA3E30205EA035524009386098FD4
:108A90000546D945EFC0DF8FE30805E8854555BD9C
:108AA000834844000358E1008357A4000356C100E3
:108AB00003552400A68513070A8FEFE07FEEAA84F2
:108AC0000DE50355240093050A8FEF900FA6E30DE3
:108AD00005E403552400D94593060A8F3546EFC0B7
:108AE0003F8BB545E30205E4ADB5D9476393F40088
:108AF000814403A54A009770FA1FE780E062E3858E
:108B000004E2835784002315F10081BF835784005A
:108B100085442315F10091B7B9476318F90093050F
:108B2000A1002285EFF06F9681B5C1476318F90067
:108B30009305A1002285EFF02FDA3DB5C947631AEE
:108B4000F900130691009305A1002285EFE06FF96B
:108B500021BDD947631DF9009305A1002285EFE0EF
:108B60006FE7AA84E31405E0A304010075BBE147A5
:108B7000E31CF9DA9305A1002285EFE0CFD3EDB332
:108B800001458280EDC2011152C42E8A854522CC56
:108B90004EC656C206CE26CA4AC8AA8AB6893284AA
:108BA000EF10306FD1471DC5B727002037270020B1
:108BB00083C7C7888346D788814419E0B684BE86B8
:108BC000372700200327478893974400BA9763ED1F
:108BD000D400D547F2406244D2444249B249224AC5
:108BE000924A3E85056182803E89C10703D727FFEF
:108BF00009C7850493F4F40FD9BF25C09565938503
:108C000025C0130500029770FA1FE780A0432326B2
:108C1000A90061D113060002814593840404977072
:108C2000FA1FE7800067231199002300090023132E
:108C300059011DC437270020834794000326C7A984
:108C40002304F900118C8327C90011841180238E1D
:108C5000870023A029018147B5BF23260900F1B76A
:108C600023044901FDB785473E858280B727002050
:108C700083C5C788B727002003A747888147639526
:108C8000F50081463685828003562700BA8619C2D0
:108C9000E30AA6FE850793F7F70F4107CDB7B7277D
:108CA000002003C6C788B727002003A7478881474D
:108CB0006315F60081463685828083552700BA8683
:108CC00089C583454700E388A5FE850793F7F70F1D
:108CD0004107F9BFB727002083C5F788B7270020D1
:108CE00003A7C7A981476395F50081463685828031
:108CF00003560700BA8619C2E30AA6FE850793F752
:108D0000F70F4107CDB7B727002003C8D788B7278B
:108D1000002083A7478801476315E8008146368510
:108D2000828003D62700BE8619CA03D6670063185F
:108D3000A600D04709C603562600E302B6FE050783
:108D40001377F70FC107C9BF411122C4404526C29E
:108D500006C6AA8415C0484409C59770FA1FE78063
:108D6000A03C484809C59770FA1FE780E03B228580
:108D70009770FA1FE780403B2685414681459770F2
:108D8000FA1FE7800051B2402244FD57A384F4004B
:108D9000924441018280011122CC2A84035525008E
:108DA00006CE2EC6EF10F018324622858145EF0020
:108DB000B07222856244F24005616FF0FFF80DC584
:108DC00003572500411122C406C62A8411CBDD4574
:108DD000EF00707422852244B24041016FF0DFF64B
:108DE000B2402244410182808280411126C2B146B4
:108DF0009304C5FFB386D402B72700201387C7AA00
:108E000006C622C436978356A7006398B602484325
:108E10000DC51384C7AA9307F00F6306F6008347B6
:108E20000500639CC7009770FA1FE780E02FB147E9
:108E3000B387F402A29723A20700B24022449244CF
:108E400041018280411122C42E8426C24946AA844F
:108E50008145228506C69770FA1FE7808043A5C02A
:108E600083C7C40113974700B727002083A7C7A96A
:108E7000BA9703D707002310E40003D7270083D74E
:108E800067002311E400372700200357A788231227
:108E9000E40003D704002313E40003D724002314C1
:108EA000E40003D744002315E40003D7640023162D
:108EB000E40003D784002318F4002317E400B24031
:108EC0002244924441018280B727002083C5C7888D
:108ED000B727002003A8C7A9B727002003A6478803
:108EE000014781476394E5003E8582808346060002
:108EF00081CE544691CA83C6C6019206C2966315B6
:108F0000D500850793F7F70F05071377F70F41068D
:108F1000D1BF130600643386C50293069500AA8567
:108F2000379505001305E5DB6F708FB7411122C43B
:108F300006C62A8403459500EF700FD1FD57A304A0
:108F4000F400B240224441018280011122CC4AC87F
:108F50004EC652C456C25AC006CE26CA2A89AE8907
:108F60000144372A0020B72A00201D4B8347DA88A6
:108F70006365F40463990902B7290020372A0020A9
:108F8000930AF00F83C7C9886367F4061144A144AC
:108F90002285050442041306F00FCA854180EFF0D4
:108FA000DFE4E31794FEF2406244D2444249B249FE
:108FB000224A924A024B0561828083A74A88931411
:108FC0004400BE9483C704009DC383D764006390AC
:108FD00027036396690103D52400EF108075268569
:108FE0004E868145EF00504F2685EFF0FFD50504F2
:108FF0001374F40FA5BF83274A8893144400BE94CA
:1090000083C704009DC383C794006380570383D73D
:109010006400639C27012685EFF05FF12685D1452A
:10902000EF00704F2685EFF03FD205041374F40F64
:1090300091BF41677917630BE502411122C406C64F
:1090400085472A846399F50022852244B2408145F0
:1090500041016FF09FEF89476396F5008545EF105A
:1090600050237DD1B24022444101828082809D45BF
:109070006FF0BFEDB727002003D5A7888280B72700
:10908000002003C78788011106CE2317A1002316ED
:10909000B10085476318F70070009305E1000545AE
:1090A000EF509019F24005618280A947631CF604D5
:1090B00083C7150003C70500A207D98F2310F50049
:1090C00083C7350003C72500A207D98F2311F500F8
:1090D00083C7550003C74500A207D98F2312F500A7
:1090E00083C7750003C76500A207D98F2313F50056
:1090F00083C7950003C78500A207D98F2314F50005
:10910000014582800545828091476314F60283C73A
:10911000150003C70500A207D98F2310F50083C7E8
:10912000350003C72500A207D98F2311F50001459B
:109130008280054582809387C5FF93960701C1828F
:109140000D476360D7023147B387E7023727002016
:109150001307C7AABA972381A7002390B700014538
:109160008280094582809306402037270020AA8705
:1091700063F4A60093074020F1172315F788B7275B
:1091800000202387B788B72700202388B7888280EC
:109190001905956542054111938535C0418106C683
:1091A0009770FA1FE78000EA11C5B240E955410106
:1091B0006F60FF84B24041018280B727002023877F
:1091C0000788B72700207971054723840788B727C8
:1091D00000202384E7AA4ECEB7270020B72900201D
:1091E00022D426D24AD037240020B7240020A388D6
:1091F000078837290020B72700209389F98806D6E9
:1092000052CC2AC623060488A3860488239507889F
:109210002322098823800900EF1040593245B727DF
:109220000020130600032380A7AA3725002013057A
:10923000C5AA81459770FA1FE780A005372A00204C
:109240000345CAAD1304C4889384D488130949889C
:1092500015CD9565938545C012059770FA1FE78077
:1092600060DE37270020232EA7A80DC10346CAAD14
:109270009307CAAD83C717002380C9008145120632
:109280002380F4009770FA1FE780A000B727002022
:1092900003C507B483C704009565938555C03E9503
:1092A0001375F50F2300A40012059770FA1FE780CD
:1092B00060D92320A90049C5034604008145120650
:1092C0009770FA1FE780E0FC03270900834604003B
:1092D000814725077D56639EF604EF100072B14763
:1092E0003305F5029565938565C042054181977008
:1092F000FA1FE78020D5B727002023A2A7AA2A8437
:1093000001CDEF10806F31463306C50281452285BD
:109310009770FA1FE780E0F72254B2509254025936
:10932000F249624A379505001305250345616F1020
:10933000606D85072300C70093F7F70F410761BFF2
:10934000230004002380040049BF411193970501C5
:1093500026C206C622C44AC0C187AE8463D1070AAA
:1093600037290020034509AAEF60CFFC2A8429CDC4
:1093700003470500930700096315F7040347150029
:10938000CD47631CF706B72600200348250003C518
:10939000F699372700208347E78813066400814544
:1093A00081461307E788AA886318D80299C1230069
:1093B000F7008347070091C7034509AA8545EF6079
:1093C0001FBA2285EF60EFEA2165258DB240224465
:1093D000924402494101828083450600AE9793F58D
:1093E000F70F93F7F80F63F4A50093F7F50F8506D1
:1093F00093F6F60F0906854545BF012DD9B793F7BA
:1094000015000145E1D7EF00107009CDB727002006
:1094100083C7E78881CBB727002003C507AA854506
:10942000EF60FFB313C5140055B785462A8763FB69
:10943000C60483C7150003C60500A207D18F2310F9
:10944000F500639CD70083C7350083C62500A207BB
:10945000D58F2311F500014582808946014563942B
:10946000D70283C7350083C62500A207D58F2311F5
:10947000F70083C7550083C64500A207D58F231286
:10948000F70082800545828091476314F60283C706
:10949000150003C70500A207D98F2310F50083C765
:1094A000350003C72500A207D98F2311F500014518
:1094B00082800545828091476314F60283C71500B8
:1094C00003C70500A207D98F2310F50083C7350015
:1094D00003C72500A207D98F2311F500014582801B
:1094E00005458280A1476314F60483C7150003C7AE
:1094F0000500A207D98F2310F50083C7350003C7E5
:109500002500A207D98F2311F50083C7550003C793
:109510004500A207D98F2312F50083C7750003C742
:109520006500A207D98F2313F50001458280054508
:1095300082808947631CF60083C7150003C70500B6
:10954000A207D98F2310F50001458280054582804E
:109550008357260079714ECE06D622D426D24AD021
:109560001307F007AE896372F70209473AC423165E
:10957000F100300093F5F50FEF10801AB25022542D
:1095800092540259F2494561828003574600D946F8
:109590002A89328463F8E6008357660063F4F60094
:1095A0006379F70023140100300093F5F90F4A8521
:1095B000E1B70355060002C4EFF0CFF1AA8459C108
:1095C000EFF09F9083C784006369F5001146A246BF
:1095D000CE854A85EF10400A55B73400268693059C
:1095E000F00F4A85EFF00FDA75F1A24703578400B8
:1095F000DC472390E700035724002391E70003573B
:1096000044002392E700035764002393E70003D745
:1096100044002394E700DC4485CB93F4F90F2286C1
:10962000A6854A858297C167FD172A86E311F5FA58
:1096300022459947F9452300F50023029500EFF0F4
:109640005F8D2DBF094661B7014651B7A947631C1D
:10965000F60483C7150003C70500A207D98F23109E
:10966000F50083C7350003C72500A207D98F231152
:10967000F50083C7550003C74500A207D98F231201
:10968000F50083C7750003C76500A207D98F2313B0
:10969000F50083C7950003C78500A207D98F23145F
:1096A000F500014582800545828083C705002300BF
:1096B000F50083C71500A300F50083C7350003C775
:1096C0002500A207D98F2311F500828023220500EF
:1096D00003C7450089476304F7000545828083D6A8
:1096E00065000D47E37BD7FE9C45011106CE22CCD9
:1096F00026CA4AC84EC683C4170003C60700A20480
:10970000D18C138644006311D60403C4370083C789
:109710002700AE8922045D8C9307C4FFC207C18372
:109720002A89636FF70003A589002311990023108C
:109730008900F155EF60AFAC2322A900014531A0AB
:109740002285EFF0AFD265F10545F2406244D24484
:109750004249B24905618280397122DC2E848347F7
:1097600004004AD806DE26DA4ED619472A89B28581
:10977000639AE706034624002800EFF0FFD0AA848E
:1097800015E903558100EFF06FCEAA8983451400D7
:1097900015C937A705002E861307076534009D45B8
:1097A0004A85EF00D0424E850946814535234E85D6
:1097B000EFF08FD9F250625426854259D254B259F3
:1097C0002161828089472310F100835781000A8636
:1097D0002311F1008357A1002312F1004A85EF0005
:1097E0003074C9BF4947639DE7020356240028002F
:1097F000EFF05FCFAA845DFD372500201305C5AAD1
:109800008357C50099E3814475B703471400834625
:1098100004000345E5003C000146CA85912659BF76
:1098200051476390E702035624002800EFF0FF87BA
:10983000AA8449F18345140030004A85EFF05FD1D6
:1098400095BF59476393E706035624002800EFF0BD
:10985000BF8BAA8425F1835581004A85EFF0AFCAFA
:109860001DC958458356A10083570700B697C20704
:10987000C1832310F700C1DB5C47D1D7B727002095
:1098800083C7E788C9D3B727002003C507AA854542
:10989000EF60EFEC05B789473EC0835781000A8629
:1098A000834514002312F10015BF834514000A8676
:1098B00023100100EF00D066B9B75D71A6C256DA79
:1098C00086C6A2C4CAC04EDE52DCAA8A03C51500F1
:1098D000AE8432C6EFF0AFBCB24501ED8144B64074
:1098E0002644268506499644F259625AD25A616145
:1098F0008280230205002311050083C904008547E7
:109900002A84639AF90003C624002808EFF0FFB107
:10991000AA8405492DA09D476394F90403470500D7
:109920008D47E31DF7FA03C6240028080549EFF028
:109930009FB8AA8409E5054681452285712E2285B6
:10994000EFF0CFDE034584003C080147CE86268633
:10995000D6853924E30509F82285EFF0EFBE41B73B
:10996000CD47639DF900034705009147E318F7F6DB
:1099700003C624002808EFF0DFBB59BFD547E39F9B
:10998000F9F4034A05008947E31AFAF403C62400F0
:1099900028080549EFF09FCBAA8455F183570102AF
:1099A000BDE3035781011306F0035C44930607FCF3
:1099B000C206C182636CD6000356A101D94663F783
:1099C000C6008356C101D94563EFD5000355240075
:1099D0002391E7000549EF00D05503560102D285D7
:1099E0002285692CA9BF8355E1012391E7002392C9
:1099F000C7002390B7002393D70085472300F400C6
:109A0000014A0149D9BF014AC9BF7971AA8522D447
:109A100026D203542500AA84280806D6EFF01FCBCF
:109A2000F24599E535E985452285EFF04FE5C1A07E
:109A3000835781011547639BE7060357A1018D47B3
:109A400063FCE7046800EFF05FC60357E100DD4701
:109A500063FCE7008345D100B707170085071008AE
:109A600022853EC8EF00D04B8357E1000357A10188
:109A700091076305F7002285EFF06FDF8347C10090
:109A800072466C00858B1106228591CFEFF0FFE2C4
:109A900001C52285EFF0AFDD884451D59760FA1FEC
:109AA000E780806849B7EFF03FCBDDB711476389A6
:109AB000E7001387A7FF42074183854663EEE6026E
:109AC0003147F117B387E702372700201307C7AAEA
:109AD000BA9703D7070069D303C527003008A285CA
:109AE0000D205DF9035781019147E31EF7F2B25053
:109AF00022549254456182802C082285812E49FD92
:109B0000FDB701114AC82A89314526CA06CE22CCA2
:109B10002EC6B284EF501FFB31C1B2459307000A35
:109B20002310F5002311B5002A84214611058DC0AC
:109B3000A6859760FA1FE780A06EA2854A85EF6030
:109B40006F870145F2406244D244424905618280F8
:109B500081459760FA1FE780C073C5B70545DDB73B
:109B6000797126D2AA841305000206D622D42ECEFD
:109B700032CC36CA3AC83EC6EF50DFF431C962462D
:109B8000F2454247D246B2472A84130520FA230001
:109B9000A400A300C4002311B4002302E400A30224
:109BA000D40013058400614691CFBE859760FA1FEB
:109BB000E7800067A2852254B25026859254456101
:109BC0006F505FFF81459760FA1FE780806CDDB7BB
:109BD000B25022549254456182805845797122D402
:109BE00006D62A84AE8649C383572700231DF10079
:109BF00093072006639FF504B727002003D6A788A4
:109C0000835767006373F600B28713F6F70F835527
:109C10002701834707018D8F93F7F70F81E58907A8
:109C200093F7F70FB297FD17B3C7C702231EF100D2
:109C3000835724008355640003458400231CF100EE
:109C400001473C080146EFF0BFF1B2502254456194
:109C500082800347C701B727002083A7C7A912073F
:109C6000BA9783D76700D9B72EC619468145280809
:109C70009760FA1FE780E061B2465DBF797122D438
:109C800006D626D22A848DC1814701479306000655
:109C90002E868355640003458400EFF07FECB250BC
:109CA0002254925445618280B284280059469760BC
:109CB000FA1FE780005E2314910089E8835724008F
:109CC00048446C002315F100EFF0CF973C000147AA
:109CD00093060006014675BF797106D6814799ED56
:109CE0008357250058452316C1002314F1003C007A
:109CF00011C7835727002315F1003C002E8683559A
:109D0000650003458500014793060006EFF05FE517
:109D1000B25045618280411122C406C683470500C6
:109D200011472A846395E7022E8683556500034513
:109D3000850081470147CD46EFF09FE249468355B4
:109D400064002244B240154541016FF00F8A13F7B9
:109D5000B70F89466317D7000146EFF03FF251462F
:109D6000F9BF0D476398E7002244B2400146410124
:109D70006FF09FF6B24022444101828003D7050074
:109D8000B146B727002071173307D7029387C7AAB8
:109D9000BA97D84319EBD8412395A7000145D8C3FA
:109DA00003D725002394E70082805945828079718A
:109DB00022D4404526D24AD006D6AA842E8925C070
:109DC000484419C59760FA1FE7800036232604002F
:109DD0008357040083D5640003C584002315F10074
:109DE000835724000147930640062316F10083574A
:109DF00084004A862317F1001C483EC883D72400FC
:109E00002314F1003C00EFF0BFD5A30E240123285A
:109E10000400B250225492540259456182802800B5
:109E2000314681459760FA1FE780A04683D724001A
:109E300083D5640003C584002314F10001473C006E
:109E4000930640064A86EFF0BFD1E1B7797152CC54
:109E50002A8A03D5050026D206D622D44AD04ECE71
:109E600056CAAE84EFE09FE019E18547BDA84045A2
:109E7000AA8965DC83576500E39947FF835784000F
:109E8000638707128346C401B72A002003A7CAA923
:109E90009206FD173697C20703576700C183231444
:109EA000F4006316F70093053006EFF01FD35C480B
:109EB000A5EFC8400349150083470500220933690F
:109EC000F90083D7240013072900631AF702F95514
:109ED000EF50FFB2C8C02391240103C58900268634
:109EE000D285EFF01FC2814721E1B2502254925433
:109EF0000259F249624AD24A3E854561828095659F
:109F0000938515C04A859760FA1FE780A01348C85B
:109F1000C840231C2401F955EF507FAE83D724009D
:109F2000C8C0F9172391F400484859C503D6240046
:109F30008356A401835784013308D60063C0070900
:109F40000347C40183A7CAA995451207BA9783D7C7
:109F5000270063CF0705CC4036959760FA1FE7804E
:109F6000202C0357A40183D72400BA97C2070357B4
:109F70008401C183231DF400E399E7EE03D7290090
:109F800003C5890030002314E1005848D285231509
:109F9000F1003AC6EFF0FFB611C548489760FA1FC6
:109FA000E7808018232A0400232C04007DBD9945F6
:109FB0004E85EFE05FDE55BDA545DDBF9145CDBFC8
:109FC00003D725007DC3B727002083D6A788ED4798
:109FD00063EEE60C011122CC2E8426CAAA844840E6
:109FE000914506CEEF50BFA183572400AA862300D7
:109FF000F50083572400A183A300F50083570400D4
:10A000002301F50083570400A183A301F500035643
:10A010002400C167F9171106420641826396F404D1
:10A020002AC4314532C6EF50FFA9AA85CD471DC5C8
:10A03000930700F92300F5003246F957A246231191
:10A04000F50089472302F500B72700202313C50038
:10A0500014C503C507AAEF50FFB58147F24062441B
:10A06000D2443E850561828081452685EF40F028F7
:10A07000AA8711E9B726002003C7E68865D37D17B4
:10A080002387E688E1BF09476304E5021D476303B0
:10A09000E50249476302E5027D47E311E5FCB72687
:10A0A000002003C7E6888147D1BFED473E85828007
:10A0B000D1476DB791475DB789474DB701114AC880
:10A0C00031471309C5FF3307E902B727002026CA25
:10A0D0009384C7AA06CE22CCBA94D84029CB138445
:10A0E000C7AAB727002083C6E788854795CA2314E7
:10A0F000A10083D7840003D5A4002C003AC6231501
:10A10000F100EFF0FFEB11C5C8409760FA1FE78040
:10A11000A001B147B307F902A29723A20700854720
:10A12000F2406244D24442493E85056182808147C3
:10A13000C5BF797126D24445372700204AD083D73E
:10A1400064000359A78852CC06D622D44ECE56CAF4
:10A150002A8A63F327013E8903D724014209135950
:10A16000090183D7040141CB998F4A8463D5270124
:10A1700013940701418089452285EFF06F81AA89F8
:10A18000CD4A25C183D724002AC623158100231474
:10A19000F10083D7240185E383D7040193092500C7
:10A1A0002300F50083D70401A183A300F5006376A3
:10A1B000240503D4040183D72401CC4422864E8590
:10A1C000BE959760FA1FE780A00503556A002C0032
:10A1D000EFF01FDFAA8A15C54E859760FA1FE7804A
:10A1E000A0F4B2502254568592540259F249624A60
:10A1F000D24A4561828089078DBF7914420441802B
:10A200005DBF03D7240183D704003A94FD17C2072A
:10A21000420403D70401C18341802390F4002399B1
:10A2200084006377E400D5FFFD57A38EF40055BF8B
:10A2300081455285EFF0BFB76DB779714AD03729A4
:10A24000002052CC034A198922D456CA5AC85EC685
:10A2500062C406D626D24ECE5284B72A0020054BC1
:10A26000930BF00F372C002083A74A8893144400E7
:10A27000BE9483C90400639D6907DC44B5CBD8470D
:10A2800025CB03D7070029CBB727002083C7E78852
:10A2900099CF2685EFF0FFE9AA8515E9B7270020B9
:10A2A00083C7D78805046351F402A3088988B25094
:10A2B00022544E8592540259F249624AD24A424B84
:10A2C000B24B224C45618280A3080988CDB7268510
:10A2D000EFF0FFAD8149E1BF83C7D701639A7701F2
:10A2E000930520062685EFF05F8FDC44A38E0700E0
:10A2F0008347DC8805041374F40F6363F40001449E
:10A30000E31444F7C1BF4111154506C6EFF01FDB4A
:10A3100009C50545B240410182801945EFF01FDAB9
:10A320006DF91145EFF09FD96DF51D45EFF01FD97F
:10A330006DF1B727002083C7D788E9DFB24041011C
:10A340006FF0BFEF83D705000D47F117C207C18338
:10A350006365F706DC41B5C3411122C42E848545EF
:10A3600026C206C6AA84352739C926858925C1672C
:10A37000F9176381F40219ED8357240081CF8356C6
:10A38000040019476393E604372700200357A78882
:10A3900063FDE702B727002083C7E788A2852685EB
:10A3A00099C72244B240924441016FF07FC12244D8
:10A3B000B240924441016FF07F9C09458280514533
:10A3C000B24022449244410182806D45D5BF39712B
:10A3D00026DA4ED6AA84AE895D4589454AD806DE7E
:10A3E00022DC328936C63AC4EFE09FDA35C522470F
:10A3F0002A84014511C7B24613054400B685029769
:10A400009357850023003401A3002401A301F40025
:10A410009547231CF100B727002083C7E788230155
:10A42000A4001105231DA10022CE2C08268595C36A
:10A43000EFF01FB9AA8411C522859760FA1FE78043
:10A44000A0CEF250625426854259D254B2592161AD
:10A450008280EFF0BF92F9BFCD44E5B7797126D283
:10A460004AD052CC56CA06D6BA8A22D44ECE194702
:10A470002E89B284368A639DE50603552600094479
:10A48000EFE0CFFE2AC62DCD5C458359650083D70A
:10A4900027002390F400B247B726002015472380F9
:10A4A000570103C686AA2391E70013071600137706
:10A4B000F70F2384E6AA2382C70001E70547238418
:10A4C000E6AA5147631AE90015472391E400DC47E7
:10A4D00003D784002394E7005287A686CA854E8559
:10A4E000EFF0FFEE2A84324515C4EFE0FF8509A89E
:10A4F00042867400BE85AA89EFE0CFE82A8441DD58
:10A500002285B250225492540259F249624AD24AE8
:10A5100045618280F945EFE0DF9FDDB783D7050015
:10A520002300F50083D70500A183A300F50083D79E
:10A5300025002301F50083D72500A183A301F500A1
:10A540001145828083D705002300F50083D70500DD
:10A55000A183A300F50083D725002301F50083D74D
:10A560002500A183A301F50083D745002302F50050
:10A5700083D74500A183A302F50083D76500230399
:10A58000F50083D76500A183A303F50021458280F0
:10A5900083D705002300F50083D70500A183A3001E
:10A5A000F50083D725002301F50083D72500A1837B
:10A5B000A301F50083D745002302F50083D74500AA
:10A5C000A183A302F50083D765002303F50083D799
:10A5D0006500A183A303F50083D785002304F5005C
:10A5E00083D78500A183A304F5002945828003D782
:10A5F00005008546AA872300E50003D705002183CF
:10A60000A300E50003D70500631DD70003D725008D
:10A610002301E50003D725002183A301E5001145AF
:10A62000828009456315A70203D7250019452381B8
:10A63000E70003D725002183A381E70003D7450066
:10A640002382E70003D745002183A382E7008280AD
:10A6500083D705002300F50083D70500A183A3005D
:10A66000F50083D725002301F50083D72500A183BA
:10A67000A301F50011458280797126D24AD04ECED1
:10A68000B2842A89AE8929468145480022D406D65B
:10A6900036849760FA1FE780C0BF231691008DECC7
:10A6A000835724002312F100B727002083D7A788FF
:10A6B0002314F1005C448DC383C6C70137270020F3
:10A6C0000327C7A9920683D7870036970357270029
:10A6D0002315F1002313E10037A705004A8513076E
:10A6E0000759540013F6F90FD545EFF05FCE2A89CC
:10A6F00011C19DE085472300F400230204000146B8
:10A7000081452285EFF08FD7B25022544A8592546A
:10A710000259F249456182802285EFE0EFE2EDB710
:10A7200037A70500B2861307E75E2E8685456FF0D2
:10A730001FCA01112317A100B7A6050041657000CB
:10A7400001489307F00F0D479386C65199457D1533
:10A7500006CEEFF0BFD0F24005618280B7A60500BB
:10A76000B28701482E86114793864654C9456FF03B
:10A77000FFCE011122CC37240020130444AE26CA98
:10A780004AC84EC606CE2A89AE89930404031C40EB
:10A7900081C7CE854A8582971104E31A94FEF24060
:10A7A0006244D2444249B24905618280411137274F
:10A7B000002022C406C626C2130707998347C70391
:10A7C0000345D70337240020130484B3A304F40003
:10A7D000AA9793F7F70F2304F400A5CF1305C0033E
:10A7E0003385A702A5658505B72400209760FA1F69
:10A7F000E7804085034684009307C0038145330604
:10A80000F60223A0A4AE9760FA1FE78080A883A772
:10A8100004AE83468400014789077D566341D70211
:10A820002244B2409244372500201306000381459C
:10A83000130545AE41011763FA1F670083A52390F6
:10A84000C7002381070023A5070205079387C703D5
:10A85000F1B7B2402244924441018280B7270020E0
:10A8600003C607B4B727002003A707AE81476315C7
:10A87000F600814636858280BA861307C703835562
:10A8800067FCE389A5FE850793F7F70FCDB70111A4
:10A8900022CC2EC632C406CE2A84EFF03FFC2246DC
:10A8A000B24511E9C167F9176303F4005145F2405D
:10A8B00062440561828054558347450095C213F771
:10A8C000270141456314A700154575F2C18B3D452D
:10A8D000F9DF83C7A6010145E3FBB7FC3145C1BFE2
:10A8E000C18B0145E9F71545D9B7797126D24AD010
:10A8F000B7240020416922D44ECE52CC56CA5AC841
:10A9000006D6AA890144938484B3372A0020930A87
:10A91000C0037D19054B83C784006364F4000145BF
:10A9200035A8B307540303270AAEBA9703D7270005
:10A930006316270105041374F40FF1BF03C5570014
:10A94000300093856700EF1051311946CE852800FD
:10A950009760FA1FE780009AE31E65FDB25022540B
:10A9600092540259F249624AD24A424B456182806E
:10A97000B727002083C507B4C166B727002003A707
:10A9800007AEFD1681476395F5000146328582804A
:10A99000035827003A866306D80003480700E307F8
:10A9A000A8FE850793F7F70F1307C703E9BF411107
:10A9B00006C6EFF0BFEA11C503554501B24041019B
:10A9C00082800145E5BFB727002083C607B4B727BB
:10A9D000002003A707AE0145814711076393F600E6
:10A9E00082800346070001C605051375F50F85072C
:10A9F00093F7F70F1307C703D5B7B727002003C591
:10AA000007B4828037270020930647AE814713079B
:10AA100047AE31468C4291E58A07BA9788C3014513
:10AA2000828085079106E397C7FE4D4582804111DC
:10AA300006C622C4EFF09FE21DCD2A8403552500EF
:10AA40008545EFF01FD3485409C59750FA1FE7809A
:10AA5000A06D22851306C00381459760FA1FE78029
:10AA60004083FD572311F400230204000145B24046
:10AA70002244410182800945DDBF411106C6EFF045
:10AA8000FFDD11C50345C500B2404101828001458B
:10AA9000E5BFC167F9176304F502411122C406C678
:10AAA0002E84EFF0BFDBAA87014591C703C547009D
:10AAB000698C33358000B2402244410182800545D3
:10AAC0008280011106CE2EC6EFF05FD9854711C9ED
:10AAD00003574501B24585476305B700231AB50002
:10AAE0008147F2403E850561828031CD01114AC81F
:10AAF0004EC637290020C16922CC26CA52C456C28C
:10AB000006CE0144AA84130989B3372A0020930A88
:10AB1000C003FD1983478900634BF400F24062448F
:10AB2000D2444249B249224A924A056182803305A1
:10AB3000540383270AAE3E9583572500638337016C
:10AB400082940504C1BF8280B727002003C607B4E2
:10AB5000B727002083A707AEC166014589070147D3
:10AB6000FD1691456313E600828003D80700630950
:10AB7000D80003C8A7006315B80005051375F50FC5
:10AB800005071377F70F9387C703E9BFB72700209F
:10AB900003C607B4B727002083A607AE0147814745
:10ABA00091066310E602858393C7F7FFC207C1834E
:10ABB00005456364E50285473395A7004205418159
:10ABC000828083C5060081C583D5C602CD8F050767
:10ABD0001377F70F9386C603E9B793F61700E1FEE4
:10ABE000050585831375F50FE9B7797156CAAA8AE9
:10ABF0002E8526D24AD04ECE52CC5AC85EC662C4EA
:10AC000006D622D4AE84328B368CBA8B3E8AC28969
:10AC10004689EFF0BFC449E141657D15EFF01FC4DF
:10AC20002A84554531CC1946DE8513056400A302FC
:10AC300084019750FA1FE780A05E83570103231118
:10AC40009400230264012319F40083574103230075
:10AC5000540123260402231AF40023064401231777
:10AC6000340123182401EFF07FF22318A402232AD1
:10AC700004022685232C04028145EFF09FAF014595
:10AC8000B250225492540259F249624AD24A424B7B
:10AC9000B24B224C456182804545DDB7B727002085
:10ACA00083C607B4B727002003A707AE8147639583
:10ACB000F60041657D1582803A861307C7038355E8
:10ACC00047FF6395A500035526008280850793F70B
:10ACD000F70FF1BFB727002003C807B4B72700203C
:10ACE00083A607AE416601477D169548114363145C
:10ACF000E8000145828083D7260036856380C7043B
:10AD0000CC5A8DCD83C7350083C5250089CD938569
:10AD100097FD93F5F50FE37FB3FC9387D7FA93F78D
:10AD2000D70F89EF82809385F7FD93F5F50FE3F355
:10AD3000B8FC9387D7FA93F7D70FCDDF05071377C2
:10AD4000F70F9386C60365B7B727002083C507B4FE
:10AD50004166B727002003A707AE7D168147254827
:10AD60006394F50001458280835627003A85638C01
:10AD7000C600545B89CA83C636009386E6FD93F607
:10AD8000F60FE372D8FE850793F7F70F1307C70393
:10AD9000C1BF011122CC2A84494506CEEF707FF253
:10ADA00015C12AC62285EFF07FAB09CD6244B727D3
:10ADB0000020324683550503F24003C5B7B3056151
:10ADC0006F50CFB8F24062440561828039714ED62F
:10ADD00052D4AE892A8A93053005414526DA4AD8ED
:10ADE00056D206DE22DC32C63689BA8A9750FA1F5E
:10ADF000E7804025CD4431C92A848944638209040F
:10AE000032468145231AC10041469750FA1FE78018
:10AE100040485686CE8522859750FA1FE7804040ED
:10AE20002146630E0902CA8528089750FA1FE78059
:10AE3000203FA28650082C085285EF307043AA8428
:10AE400022859750FA1FE780202EF2506254268503
:10AE50004259D254B259225A925A21618280814574
:10AE600028089750FA1FE780C042E1B7411122C479
:10AE7000405926C206C6AA8429CC085409C5975051
:10AE8000FA1FE780602A285809C59750FA1FE78003
:10AE9000A029685809C59750FA1FE780E028285C68
:10AEA00009C59750FA1FE7802028685C09C59750AC
:10AEB000FA1FE78060270325040809C59750FA1F89
:10AEC000E780802622859750FA1FE780E02523AA95
:10AED00004022244B727002083D50403B2409244E1
:10AEE00003C5B7B341016F502FCF411126C206C62B
:10AEF00022C4AE84EFF09F9621C54C592A84A9C183
:10AF000083A8C50703A88507FC59B85983C66500FF
:10AF100003D6050083C525002685EF70BFE2228594
:10AF2000EFF0DFF4EFF05FE201CD2244B72700201D
:10AF3000B240924403C5B7B3854541016F502F829B
:10AF4000B2402244924441018280011122CC06CEBB
:10AF50002A842EC6EFF09F905C5991CF83D70700CB
:10AF6000B245639A870085476397F5006244F240D3
:10AF700005616FF0BFEFF2406244056182804111CC
:10AF800006C622C426C2EFF0FFD421C54059AA84C8
:10AF900029C0834724008DCBB727002083A787B122
:10AFA00089C7DC4399C322858297034734009307FE
:10AFB000F0026310F702224403D52400B240924409
:10AFC000814541016FF07FF2B727002083A747B189
:10AFD000C1BFB2402244924441018280411126C245
:10AFE0004AC006C622C4AA842E89EFF03F8731C129
:10AFF00040595DCC83570400639C970A8347340013
:10B0000013071002639CE70883472400D9C37C54CC
:10B010000327040883D7470105E713F717000DC37B
:10B02000185403574700058B01CF93072002A30153
:10B03000F400B24022449244024905454101828015
:10B0400013F7270009CB185403574700098B01C792
:10B0500093074002E9BF918B89CB1C5483D74700EB
:10B06000918B81C793076002D9B7B727002083A7C8
:10B0700087B1E1D3DC43D5DF2285829703473400D3
:10B080009307F0028145E316F7FA2685EFF0FFE516
:10B090004DB7B727002083A747B1E1BF1307A00230
:10B0A0006398E7006304090013092003CA85F1BF10
:10B0B000631C09002685EFF06FFA19C58347450028
:10B0C00093E707012302F500A6854A85EF708FDC20
:10B0D0008DB7797126D29947231DB100AA842E8598
:10B0E0008D4522D406D632C636C4231CF100EFE0CB
:10B0F0002F8A2ACE4D441DC13246A246AA853285EA
:10B1000082962A8419E52C082685EFF0AFA32A84BD
:10B1100011C572459750FA1FE78000012685EFF0B0
:10B120005FC72285B25022549254456182804111FA
:10B13000B7D6050022C42E862E84938606A689459E
:10B1400006C626C24AC02A89EFF0BFF8834504002C
:10B15000AA844A85EFF07FD9B2402244268502496D
:10B16000924441018280B727002083A747B195CB45
:10B170009C4385CB1D71A2CC86CE984110082A84B1
:10B180003AC8D84185453ACA829701C92306A10029
:10B19000035524006C00EFF09FF9F64066442561EA
:10B1A00082808280AE8715C5785505C78346070023
:10B1B0002380D50083461700A380D500834627014E
:10B1C0002381D50083468701584BA381D500D8C180
:10B1D0008280414681453E851753FA1F6700630B05
:10B1E000B727002083A787B191C703A38700630314
:10B1F000030002830945828037270020032787D078
:10B200001DC75843AA8705450DC703A50708411167
:10B2100006C6930605021306050C930505061305DD
:10B2200005040297B2401375F50F41018280054570
:10B23000828082804DC9357122CD2A840355050054
:10B2400026CB4AC94EC756C306CF52C55AC1DEDE09
:10B25000B68AB2892E89EFF06FE0AA8439C50C183E
:10B260002285EFF03FF483472400138A6400A9CBC2
:10B27000EF70CF9B2A8B014583CB5400EF700F9961
:10B28000AA840C100818EF10605F08542C10EF10FF
:10B29000805FD288268A56C05E88D2875A8714106B
:10B2A0003010CE854A85EF20B01AFA406A44DA445D
:10B2B0004A49BA492A4A9A4A0A4BF65B0D6182808A
:10B2C000EF70CF96AA8B014503CB5400EF700F941B
:10B2D0002ACE08540C10EF10605A2C100818EF10EA
:10B2E000805AF2484DBF8280C14709CD1455C147ED
:10B2F00091CA785501CB83C73600BD4663F4F6008A
:10B30000834787013E8582808947630905106387EB
:10B310000510411106C622C426C2834715002E849B
:10B320002380F50083472500A380F500834735007F
:10B330002381F50083474500A381F500834755002D
:10B34000858B9396870083D7450093F7F7EFD58FCA
:10B350002392F5008346550093F7F7DFA20693F694
:10B360000620DD8E2392D5000347550093F6F6BFE5
:10B37000220713770740558F2392E5008347550036
:10B38000FD769386F67F8D87858B758FAE07D98F77
:10B390002392F50083466500F99B858ADD8E239212
:10B3A000D500034765009377270013F7D6FF5D8F1D
:10B3B0002392E5008347650093F647009377B7FF34
:10B3C000D58F2392F50003476500DD9B4D45218B0A
:10B3D000D98F2392F500EF70DF8EAA845145EF706C
:10B3E0005F8E0347340093F4F40FC94763629702FA
:10B3F0001375F50F636EE500834604001147E147BE
:10B400006368D7008346140005476363D70081470C
:10B41000B240224492443E85410182803E85828032
:10B4200015C1AA8709458DC141112E8541469385D5
:10B43000170006C69750FA1FE78080DEB24001452C
:10B440004101828009458280828089471DC595C55A
:10B45000411106C603471500AE8719462380E50053
:10B4600093052500138517009750FA1FE78040DBEE
:10B47000B24081473E85410182803E85828015C170
:10B48000AA8709458DC141112E8541469385170034
:10B4900006C69750FA1FE780A0D8B2400145410187
:10B4A000828009458280828089471DC995C94111E2
:10B4B00006C60347250083461500AE872207558F31
:10B4C0002390E5002146930535001385270097500A
:10B4D000FA1FE780E0D4B24081473E854101828077
:10B4E0003E85828015C1AA8709458DC141112E85EF
:10B4F00041469385170006C69750FA1FE78040D251
:10B50000B24001454101828009458280828089479D
:10B5100019C991C903471500BD46E14763E5E60037
:10B520002380E50081473E85828015C1AA870945B1
:10B530008DC141112E8541469385170006C697504F
:10B54000FA1FE780E0CDB240014541018280094504
:10B550008280828015C1AA8709458DC141112E853F
:10B5600041469385170006C69750FA1FE78040CBE7
:10B57000B2400145410182800945828082801DC11F
:10B58000AA87094595C141112E85130600049385AC
:10B59000170006C69750FA1FE78080C8B2400145E1
:10B5A0004101828009458280828015C1AA870945B0
:10B5B0008DC141112E8541469385170006C69750CF
:10B5C000FA1FE780E0C5B24001454101828009458C
:10B5D000828082801D71A2CC2A84084586CEA6CAAC
:10B5E000230601008344050035479387F4FF93F752
:10B5F000F70F636AF70C37E706008A0713074768F7
:10B60000BA979C4382870C08EFF01FD0C94763129A
:10B61000F50299472306F100035524006C00EFF072
:10B620001FB1F6406644D644256182800C08EFF0D5
:10B630007FEB29C98347C100E5F303552400EFF0F0
:10B640004FF5C5B70C08EFF05FEEE5B70C08EFF06B
:10B650001FECC5B70C08EFF0BFDCE1BF0C08EFF042
:10B66000BFE4C1BF0C08EFF09FE1E1B70C08EFF0B9
:10B67000DFDDC1B70C08EFF0FFED65BF83471500B4
:10B680002308F10003552400EFF04F9DA1470DC1A1
:10B690000347C500631BF702B727002003A787B144
:10B6A0009D4719C7184309C71008A6850297AA879E
:10B6B0002306F10041B70C08EFF07FEC9DBF0C08AA
:10B6C000EFF0BFEEBDB79D47B1B7B727002003A786
:10B6D00047B1F9B7011122CC06CE26CA4AC84EC6D8
:10B6E00003470500930720092A84631CF712834748
:10B6F000150039476395E70A8356450009676107D6
:10B7000081476398E610B729002003A589B2CE844B
:10B71000630105100C4403C90500631F090083473A
:10B72000050085052146A9CF29059750FA1FE78016
:10B7300020AF83A784B2B5C34945EF40AFB82A8490
:10B740001DC5930710FC2300F500A300250183A568
:10B7500084B20905414689059750FA1FE78040AC3D
:10B7600083A784B2A28503C51700EF40AFC403A529
:10B7700084B29750FA1FE780209B23A404B231A81B
:10B7800009059750FA1FE780A0A9EF30202E054940
:10B790004DF183A789B22380270185479DA8130710
:10B7A000E003639EE708034725009547631FF70200
:10B7B00003554500EFF06FAC9147E310F5FEB72756
:10B7C000002083A747B1F1DB03A38700E30703FC55
:10B7D0000356E40003554400930564006244F240BC
:10B7E000D2444249B24905610283A147631EF70072
:10B7F00083456400035544006244F240D244424908
:10B80000B24905616FF08FFD930600038147E301A4
:10B81000D7FEF2406244D2444249B2493E850561B6
:10B8200082809306000A8147E315D7FEEFF09FDA86
:10B83000084425D59750FA1FE780008FB9BF81478C
:10B84000C9BF011126CA06CE22CC89441DCD95CD93
:10B85000AA842E8468008D45EF607F8D8347E100C8
:10B860002685228693F7F70393E707046C002307E6
:10B87000F100EF20E034AA8409E90D466C001305BD
:10B8800034009750FA1FE780A099F2406244268561
:10B89000D244056182805D714EDE86C6A2C4A6C216
:10B8A000CAC052DC56DA5AD85ED6894945CD5DCA3F
:10B8B000138B4500420B135B0B01AE8A2A8A93055A
:10B8C00030055A85B2849740FA1FE780A0772A8412
:10B8D000CD4949C9EF607FB72A895686D285935AE8
:10B8E0008900135A0901937BF90F1305440093FA59
:10B8F000FA0F137AFA0F135989019750FA1FE7804C
:10B9000040A4A301740123015401A30044012300B6
:10B910002401EF60FFB2AA85414608089750FA1F3C
:10B92000E78020A2214734005A86A2850808EF202C
:10B93000C04FAA891DE121462C0023807401A380F9
:10B94000540123814401A3812401138544009750AD
:10B95000FA1FE780009FEF601FB022859740FA1F13
:10B96000E780807CB64026444E8596440649F259CD
:10B97000625AD25A425BB25B6161828001114AC84D
:10B980002A892E8506CE22CC26CA2EC6EFE01FEDD0
:10B9900071C5405971C4834754000947B24593F6B5
:10B9A000B70F6387E60011471305E00F6392E708BE
:10B9B000835704000945639DB706930484004146FC
:10B9C000CA8526859750FA1FE78080854146CA853B
:10B9D000130584019750FA1FE780808403473400E1
:10B9E00085469307F7FE93F7F70F63E9F60413060E
:10B9F000C4033285C14532C6EF606FF33246930609
:10BA0000C402A6852285EFF0FF828347240089CBFC
:10BA100022856244F240D244424905616F10800D94
:10BA200003473400C947E305F7FEA301F4000145CD
:10BA3000F2406244D2444249056182809307100576
:10BA40000145E317F7FE83472400FDD322856244B6
:10BA5000F240D244424905616F1040100945C9BF08
:10BA60004945F9B729CD011126CA06CE22CCAA84B0
:10BA70000945A9C10D4628002E848D059740FA1F5F
:10BA8000E780007A8347A10070002C0093F7F7034A
:10BA900093E7070426852305F100EF20601219E9DA
:10BAA0000D46A28568009750FA1FE780A0847D1597
:10BAB0003335A000F2406244D244056182800945DA
:10BAC0008280011152C42A8A32854EC656C25AC09B
:10BAD00006CE22CC26CA4AC82E8BB28AB689EFE09F
:10BAE000FFD709ED8944F240624426854249D24499
:10BAF000B249224A924A024B056182805C592A89E6
:10BB0000C544F5F34D45EF70CF9B1374F50F5145C8
:10BB1000EF702F9BE38809FC83C78901E3E487FC6E
:10BB20001375F50FE360F5FC930530051305400828
:10BB30009740FA1FE7800051232AA9022A84CD44A6
:10BB40005DD11306400881459740FA1FE780607475
:10BB5000A3010400230144012302640123105401C2
:10BB60002326340723240402A30204008144E30CA7
:10BB70000AF62285EF001072AA8435D54A85EFF0C7
:10BB8000EFAE95B7397122DC06DE26DA4AD84ED6FA
:10BB900052D456D25AD05ECE62CC66CA0944630BE8
:10BBA000061063090710AA8B3A89368BB28A2E8C4D
:10BBB000EFE0DFCA2A8A5144630E050E9305300573
:10BBC00041459740FA1FE780E047AA894D447DC16F
:10BBD0008344190083472900A204C207BE94834707
:10BBE0000900BE9483473900E207BE9483278A0286
:10BBF00063E697007D5709446399E70A63070C00E1
:10BC000083474A000544898BCDC3930C4B002146E2
:10BC100081450A85C20C9740FA1FE780806793DC54
:10BC20000C019305300566859740FA1FE780804137
:10BC30002A8C4D443DC95A86D68511059740FA1F76
:10BC4000E78020701146CA8562859740FA1FE78019
:10BC5000406F414693058A014E859740FA1FE78061
:10BC6000406E21478A866686E2854E85EF20E01B7E
:10BC70002A841DE521468A8528009740FA1FE7801F
:10BC8000406C21469305490028009740FA1FE78041
:10BC900060668547631EF502A6855E85EF70AFB8C6
:10BCA00062859740FA1FE78020484E859740FA1F2B
:10BCB000E78080472285F2506254D2544259B259EB
:10BCC000225A925A025BF24B624CD24C2161828022
:10BCD0000544F9B779719397050122D406D626D287
:10BCE0004AD04ECEC1872E8463D50704B7240020E6
:10BCF000938484B303C53400EF30DFE32AC611CD4B
:10BD0000EFF05F9DB24519E503C524009307F00FDE
:10BD1000631EF5002E85EF30DFD52165218DB250F1
:10BD2000225492540259F24945618280EF309FE8D3
:10BD3000EDB793F7150091C7EFF06FA4134514000A
:10BD4000F9BFA1E10145E1BF850493F4F40FEFE0F1
:10BD5000DFCAE3F9A4FE33959900131905011359BD
:10BD60000901B3772401EDD34A85EFE03FF3C167C2
:10BD7000FD176305F500DD45EFF02F9733452401EE
:10BD800079BF85448549E1B7B727002023A407B2CE
:10BD9000B727002023AC07B037C70500B72700201E
:10BDA0001307873A23AA07B0B727002023A6E7B2D4
:10BDB00037C705009387C7B21307470BD8C337B7F8
:10BDC00005001307C7DC98C737D70500B727002041
:10BDD0001307273423AEE7B037D705009387C7B1E1
:10BDE0001307A7EAD8C337D705001307E71898C782
:10BDF0008280B727002083C7C7B3918B89C7B72735
:10BE000000209387C7B137270020232AF7B00145C8
:10BE10008280011106CE2AC6EFF01FF73245B72700
:10BE200000209945A38DA7B2EFD0EFB0F24037B50F
:10BE300005001305A5F405616FE0DFBC1C5581C743
:10BE4000A1473E858280011122CC26CA2A84AE8475
:10BE5000130500049305300506CE9740FA1FE780CE
:10BE6000601E08D46305051013060004A6859740DC
:10BE7000FA1FE780E03A78548347270193F687005A
:10BE8000638E0610145483C62600A18A63880610A8
:10BE900083270408E9EF9305300513050010974048
:10BEA000FA1FE780201A2320A4088D4771C1A3023E
:10BEB0000400785483C714008346170081EF81EE95
:10BEC00083C72400918BDDEB83472701918BDDE74E
:10BED000854711A889C62147A302E40099C7834773
:10BEE000540093E70701A302F4006C5483C72501B3
:10BEF000858B91CF1C54054783C727008D8B639892
:10BF0000E7008347640093E717002303F4008327C7
:10BF1000040899C78347640093E787002303F4006C
:10BF20008347540005476398E70C93048400414617
:10BF3000814526859740FA1FE780A0354146814517
:10BF4000130584019740FA1FE780A0341306C40349
:10BF50003285C14532C6EF608F9D83270408324683
:10BF6000BDC72285EF00903F9307000525CDA1476F
:10BF7000F2406244D2443E850561828083C704005A
:10BF8000834607001547B387E70237E70600130724
:10BF9000876DBA97B69783C70700B1B783C61400F9
:10BFA00091C68346170099C2E14735BF83C6240076
:10BFB000D58F918B91DF83C7040083460700154717
:10BFC000B387E70237E706001307C76BD9B72285A7
:10BFD0009306C402A685EFF0EFA52285EF0090310D
:10BFE00059F5C14703550400A301F4008145EF60F2
:10BFF000FFED8147B5BF13F7870149C3C18B930498
:10C0000084004146A9CB890526859740FA1FE78021
:10C01000202141468145130584019740FA1FE7809E
:10C020004027834764001306C403328593E7470023
:10C030002303F400C14532C6EF606F8F83270408E5
:10C0400032468DC32285EF0070319307200505F13C
:10C05000A301F40079BF814526859740FA1FE78048
:10C06000402345BF9306C402A6852285EFF08F9C2E
:10C070002285EF003028CD4761DDD5BD09478545D4
:10C080006388E70093F7D70F11476397E700894567
:10C0900003550400EF609FE38347640093E7470084
:10C0A0002303F4008327040881C7930710054DB7C5
:10C0B000C54779BF8347250063830726797122D45A
:10C0C00006D626D24AD083473500130750052A8466
:10C0D000639FE706034975001306C503C1459357DF
:10C0E0003900AA97328583C4870032C6EF602F8457
:10C0F000B727002083A787D0A9C79C47B9C30325CA
:10C10000040893767900B3D6D4403246858A9305E5
:10C110000504180893E606081305050882971375A9
:10C12000F50F05E141460C081305C4029740FA1FBC
:10C13000E780000F2285EF00F01B93076005A30145
:10C14000F400B25022549254025945618280130780
:10C1500010026395E7021C550327050883D74700A3
:10C1600069EB13F7071071C7785503574701137729
:10C17000071061C393077002A301F40083473400E2
:10C1800013077002639FE70C3C5885E39305300565
:10C1900071459740FA1FE780E0EA28D819C5714633
:10C1A00081459740FA1FE780C00E2458B9C883C75D
:10C1B000A40191E72285EFF02F93238DA400285846
:10C1C000814541469740FA1FE780A00C28583D471B
:10C1D0008345A5019387F5FF93F7F70F6364F70095
:10C1E000EF50FFF4EF303FB73C58A1452398A7002C
:10C1F00013852701EF50BFF32C5803550400EF00BF
:10C20000D0409307800203550400A301F400EFE03F
:10C21000EFE4414611C58357E50013D617003E965B
:10C22000B727002003C5B7B306068545EF301FF2D8
:10C2300009BF13F7072011CB785403574701137731
:10C24000072001C79307900205BF93F707409DD7CA
:10C250007C5483D7470193F707408DD39307B002EF
:10C2600021BF13078002639BE7023C5889CB83D52B
:10C2700007010355040013862701EF00903E1C546C
:10C2800083D7470013F707202DC37854035747017E
:10C290001377072039CB93079002B5B713079002A5
:10C2A000639CE700EF602F99AA8503550400EF0017
:10C2B000503A9307A00281BF1307A0026393E704DB
:10C2C000EF60CF96AA85854701456384F5008145D7
:10C2D00005452EC6EF608F932A86B24503550400AC
:10C2E000EF00B0331C5483D7470093F707408DC746
:10C2F0007C5483D7470193F7074099CF9307B00247
:10C3000019B71307B0026399E700EF606F93AA852E
:10C3100003550400EF0070389307F0020DB58280DA
:10C32000411122C4405926C206C67C54AA8483D730
:10C33000470113F7071019C718540357470013771D
:10C3400007101DE313F7072019C7185403574700B8
:10C350001377072011EB93F707408DCF1C5483D739
:10C36000470093F707409DC793071002A301F4000D
:10C370002285EFF03FD4034734009307F0026310A7
:10C38000F702224403D52400B24092448145410182
:10C390006FE0BFB59307F002A301F400DDB7B24030
:10C3A0002244924441018280397122DC405926DACC
:10C3B0004AD84ED606DEAA89AE843289630F043C81
:10C3C00003552500835704006384A700A14429A0D6
:10C3D0008347240091EB9D44F250625426854259D4
:10C3E000D254B259216182809387E5FF93F7F70F0A
:10C3F0002D47E362F7FE37E706008A071307476F0A
:10C40000BA979C438287B2852285EFF03FA3AA8426
:10C41000E1B74146CA851305C4049740FA1FE78077
:10C4200020E022851127AA8411C1A144834734004A
:10C43000130740056397E70093079005A301F400F5
:10C4400061BF130760056395E7009307A005FDB77B
:10C45000D147EDB79309C4054E854146CA8597403B
:10C46000FA1FE780E0DB0325040855C98347340041
:10C47000130790056399E700228591279307E0054C
:10C48000A301F40059A81307A0056394E7088347A4
:10C49000740013D737002297834687009D8BB3D64D
:10C4A000F640B727002083A787D0858A93E606F851
:10C4B00093F6F60F81DF9C4791DB9305050818087A
:10C4C0004E861305050482979374F50FE39004F0EC
:10C4D00041460C081305C4049740FA1FE78080E129
:10C4E000834774004D47850793F7F70FA303F400C4
:10C4F0006377F7002285E1259307E00581B7B72729
:10C50000002003C5B7B38545EF307FA593075005DD
:10C5100035B71307C005E381E7F6814475BD1309FC
:10C5200084004E86CA8522851408EFE0BFD04146BC
:10C530009305C40408089740FA1FE780A0DBE30DC9
:10C5400005E88A861306C403CE854A85EF10900459
:10C550000DE12285EFE05FD9B72700202A8783A766
:10C5600047B303550400814601468A858297AA8411
:10C5700011C1A14493072002D1B583450600EFE025
:10C58000DF9661BF0347340093072002E315F7E409
:10C590007C5889EB9305300571459740FA1FE78079
:10C5A00060AA68D86858E30805E24146CA85974002
:10C5B000FA1FE780E0C664582285EFE0FFD2238DA2
:10C5C000A400930730026DBD034734009307300287
:10C5D000E313F7E0835706006858214693052900C6
:10C5E0002318F50049059740FA1FE78060C37C5483
:10C5F00083D7470113F7270035CB1854035747005B
:10C60000098B2DC793074002A5BD0347340093074C
:10C610004002E312F7DC3C5C81EB85455D459740C9
:10C62000FA1FE78020A228DC285CE30805EE834798
:10C6300009004146CA85230BF5009740FA1FE780A1
:10C6400020BE930750022DBD0347340093075002CC
:10C65000E313F7D8285C1946930519004105974064
:10C66000FA1FE780E0BB7C5483D74701918B9DCFB5
:10C670001C5483D74700918B95CB9307600209B573
:10C680007C5C89EB9305300551459740FA1FE780A4
:10C69000609B68DC685CE30B05D24146CA85974025
:10C6A000FA1FE780E0B77C5C7D5798CB4E85EFF0B2
:10C6B0003FC7A5B50325040813060004CA85130562
:10C6C00005049740FA1FE780A0B52285EFE0DFB2AE
:10C6D00083473400130700056395E700930740057F
:10C6E00045B313071005639CE700B727002003C577
:10C6F000B7B38545EF30BF869307500551B3130795
:10C700002005E39CE7E0B727002083A787D0E38FCD
:10C7100007CA9C47E38C07CA832504089304840056
:10C72000180893850508814626862E85829703552D
:10C7300004001008A685EF605F829307B00589B3F7
:10C74000034734009307E005E317F7C8832504087F
:10C7500041464A859740FA1FE780C0B9AD44E30DD2
:10C7600005C6032504084146CA859740FA1FE7809D
:10C7700020AB2285EFE05FB7B72700202A8783A789
:10C7800047B32C5803550400814601468297AA847A
:10C7900011C1A1449307100255B1AD47E39FF5D6EF
:10C7A00083460600835525001306650003450500F2
:10C7B000EF50FFFE9DB3894761C2DDCD2300A60087
:10C7C00083C70500A300F60083C715002301F60008
:10C7D00083C72500A301F60083C73500A302060026
:10C7E0002302F60083D74500A183858BA302F600C0
:10C7F00003D745001377072009C793E72700A30253
:10C80000F60083D7450093F7074099C78347560042
:10C8100093E74700A302F60083D74500139747012B
:10C82000635807008347560093E78700A302F6008A
:10C830002303060083C74500858B2303F60003D737
:10C840004500098B09C793E727002303F60083D728
:10C850004500918B99C78347660093E74700230300
:10C86000F60003D745008147218B19C703476600AF
:10C87000136787002303E6003E8582802E86AA8503
:10C8800005456FF05FF32E86AA8509456FF0BFF26C
:10C8900089478DC505C5411106C6AE870D47AA85D6
:10C8A0002380E7001385170041469740FA1FE78071
:10C8B0002097B24081473E85410182803E8582803B
:10C8C00089478DC505C5411106C6AE871147AA85A2
:10C8D0002380E7001385170041469740FA1FE78041
:10C8E0002094B24081473E85410182803E8582800E
:10C8F00089478DC505C5411106C6AE871947AA856A
:10C900002380E7001385170041469740FA1FE78010
:10C910002091B24081473E85410182803E858280E0
:10C9200089479DCD15CD411106C61D472380E500E1
:10C9300003570500AE872146A380E5000357050095
:10C9400021832381E5009305250013853700974057
:10C95000FA1FE780E08CB24081473E85410182802A
:10C960003E85828089478DC505C5411106C6AE87C3
:10C970002147AA852380E700138517004146974089
:10C98000FA1FE780E089B24081473E8541018280FD
:10C990003E858280894795C90DC9411106C6254744
:10C9A0002380E50003470500AE871946A380E50014
:10C9B00093051500138527009740FA1FE7804086EE
:10C9C000B24081473E85410182803E858280894711
:10C9D0008DC505C5411106C6AE872947AA852380A6
:10C9E000E7001385170041469740FA1FE780408310
:10C9F000B24081473E85410182803E8582808947E1
:10CA000095C50DC5411106C6AE873147AA8523805D
:10CA1000E70013851700130600049740FA1FE7800C
:10CA20002080B24081473E85410182803E858280E0
:10CA300089478DC505C5411106C6AE873547AA850C
:10CA40002380E7001385170041469730FA1FE780DF
:10CA5000207DB24081473E85410182803E858280B3
:10CA6000894791C909C995472380F5008347050087
:10CA7000A380F50081473E858280894791C909C915
:10CA8000AD472380F50083470500A380F50081476B
:10CA90003E85828015C55D718A8586C6A2C42A84BA
:10CAA000EFE04FF003550400B7D605000A869386E1
:10CAB000C6879D45EFE0EFE1B64026446161828084
:10CAC0000545828015C55D718A8586C6A2C42A8403
:10CAD000EFE04FED03550400B7D605000A869386B4
:10CAE00066889D45EFE0EFDEB640264461618280B6
:10CAF000054582805D71A2C49305C5022A84414622
:10CB00000A8586C69730FA1FE780807103550400B6
:10CB1000B7D605000A8693860689C545EFE06FDB28
:10CB2000B6402644616182805D71A2C49305C5034D
:10CB30002A8441460A8586C69730FA1FE780406EF0
:10CB400003550400B7D605000A869386068CC545B2
:10CB5000EFE02FD8B640264461618280B7270020DD
:10CB600083A787D0B1CB9C435D71A2C486C62A84BB
:10CB70001305E00F95CF032504089305050C130555
:10CB80000508829783250408130600040A85938507
:10CB900005089730FA1FE780A06803550400B7D650
:10CBA00005009386E69F0A8693051004EFE06FD296
:10CBB000B6402644616182801305E00F82803171A6
:10CBC00022DD2A840355050026DB06DF4AD94ED72D
:10CBD00052D556D35AD15ECF62CDEFD03FC83C5824
:10CBE000AA8489EB9305300571459730FA1FE780D9
:10CBF000604528D82858CD470DC9714681459730E2
:10CC0000FA1FE7800069032904072285EFE0CFEDD2
:10CC1000230DA9008347240037290020638A0712C7
:10CC2000832789D085E39307E00FFA506A54DA54DA
:10CC30004A59BA592A5A9A5A0A5BFA4B6A4C3E85A3
:10CC40002961828083AB0701E38F0BFC032B04086F
:10CC5000EF50CFFD2A8C0145EF504FFB83C75400A6
:10CC60003858130B0B029309C403130AC405938AA3
:10CC700064003AC0B337F0002A879308010456884D
:10CC8000B33680015286CE855A85829B1C5403C7D9
:10CC900027002307E10203C71700A306E10283C7A9
:10CCA00007002306F102832789D0B5DF03AB4701D4
:10CCB000E30B0BF683C75400B337F0003ECEEF50C2
:10CCC000EFF6AA8B0145EF506FF403270408F247F3
:10CCD0002AC03AC2B338700156887810930684008F
:10CCE0004E86D2858800029B7C5403C7270123050A
:10CCF000E10203C71700A304E10283C7070023046E
:10CD0000F102832789D003A94701EF502FF22A8B24
:10CD10000145EF50AFEF83C854009C082A883EC2FB
:10CD2000B3381001B337600138109306840152867E
:10CD3000CE8556C08800029903550400B7D6050079
:10CD4000938606A39008C545EFE0AFB8AA87F1BD6A
:10CD500083C65400832789D0032B0408B336D00040
:10CD600083AB070136CEEF506FEC2A8C0145EF50B4
:10CD7000EFE93C58F246130B0B02130AC405930962
:10CD8000C403938A64002A88930801044E86D285DE
:10CD90003EC05687B33780015A85829B1C54130BC3
:10CDA000010303C727002307E10203C71700A306F7
:10CDB000E10283C707002306F102832789D083ABF2
:10CDC000470183C75400B337F0003ECEEF500FE663
:10CDD0002A8C0145EF508FE3F2472AC0B338800117
:10CDE00056887810930684004E86D2855AC28800F1
:10CDF000829B8325040841465A859730FA1FE780B5
:10CE0000604FAD47E31205EE0DB5B7D605002E868F
:10CE10009386068FC5456FE0CFAB5D71B287A2C424
:10CE20002300B1002A84BE8513051100194686C669
:10CE30009730FA1FE780C03EB7D605000A862285E4
:10CE400093864699A145EFE0CFA8B640264461619C
:10CE50008280B7D605002E8693864696C5456FE03C
:10CE60004FA75D71B287A2C42310B1002A84BE858A
:10CE700013052100214686C69730FA1FE780403A05
:10CE8000B7D605000A86228593860692AD45EFE067
:10CE90004FA4B640264461618280B7D605002E8635
:10CEA0009386E69CC5456FE0CFA2797122D406D661
:10CEB00026D283473500130730052A846384E708A8
:10CEC000130750056396E7089307A005A301F50033
:10CED00083477500C14513D737002A9783468700DB
:10CEE0009D8B1305C503B3D6F640858A93E606F8F5
:10CEF00093F6F60F36C6EF508FA3B246B727002041
:10CF000083A787D09DCB9C478DCB032504081808A9
:10CF10001306C403930505041305050882971375CA
:10CF2000F50F01ED1305C40241460C089730FA1FB6
:10CF3000E780002F2285EFF0FFBBB25022549254BD
:10CF40004561828093079005A301F50081467DB776
:10CF5000130710026396E7027C550327050883D761
:10CF600047016316070E13F717006302070E1855E3
:10CF700003574700058B61CF93072002A301F400FC
:10CF80008347340013072002639DE70E3C5889EB6A
:10CF90009305300571459730FA1FE780A00A28D81D
:10CFA0002458C9C02285EFE02FB4238DA40028584F
:10CFB000814541469730FA1FE780A02D28583D470C
:10CFC0008345A5019387F5FF93F7F70F636DF7028C
:10CFD000B727002083C737D1D5C34146814508080C
:10CFE0009730FA1FE780E02AB7250020194693857D
:10CFF000C5A008089730FA1FE780802230580C0837
:10D000002E85EF90401FEF201FD53C58A145239857
:10D01000A70013852701EF508F912C58035504006A
:10D02000EFF0BFDE9307300203550400A301F400C4
:10D03000EFD0DF82414619C10356E500B727002033
:10D0400003C5B7B306068545EF304F90FDB513F71E
:10D05000270009CB185403574700098B01C79307D2
:10D06000400229BF918BE38D07F01C5483D7470002
:10D07000918BE38707F09307600209B7EF502F8B7E
:10D0800059B713073002639AE7023C5889CB83D51E
:10D0900007010355040013862701EFF09FDC7C5441
:10D0A00083D7470113F7270021CF185403574700B0
:10D0B000098B39C79307400285BF13074002639C61
:10D0C000E700EF504FB7AA8503550400EFF07FD873
:10D0D0009307500291BF130750026390E704EF508B
:10D0E000EFB40DE9814505452EC6EF502FB22A86D3
:10D0F000B24503550400EFF05FD27C5483D747015B
:10D10000918B9DC71C5483D74700918B95C3930780
:10D11000600219BF85450145C1BF130760026399CD
:10D12000E700EF50EFB1AA8503550400EFF0FFD6FA
:10D130007C540327040883D7470119EF13F707101E
:10D1400001CF1854035747001377071011C79307EF
:10D150007002A301F400D5B313F7072011CB1854C4
:10D16000035747001377072001C793079002D5B7ED
:10D1700093F7074091CB1C5483D7470093F70740A0
:10D1800081C79307B002F1B79307F002D9B739719D
:10D1900022DC26DA4ED652D406DE4AD8AE89328A4E
:10D1A000AA84EFD0AFEB4059414681450A859730BC
:10D1B000FA1FE780000E25C803590400631599067D
:10D1C0000347340093071002631FF7028327040804
:10D1D00099CF2C58A9C94A85EF10900A0545F250FD
:10D1E0006254D2544259B259225A216182808A86AD
:10D1F0001306C4059305C40313058400EF0090399A
:10D200001DE18A85C9BF2C5899CD83D70501639C40
:10D2100047012146C9054E859730FA1FE780800DEA
:10D2200019C12C584DBF2685EFD04FE32A84054500
:10D230005DD44C54A1C983D70501639547052146A8
:10D24000C9054E859730FA1FE780C00A8547631BE2
:10D25000F502B727002083C7378091C74C5483C796
:10D26000B501639BA70CBD452685EF10E07BB72772
:10D27000002083A7079C0145BDD31D4589458297A2
:10D280000145B1BFB727002003C747D1B729002008
:10D2900093890999058B3E8931C3B727002003473D
:10D2A000540083C7C7D0631BF702B7250020194677
:10D2B0009385D5D0130564009730FA1FE78080036B
:10D2C0008547631DF50083A7090381C791451D4567
:10D2D0008297BD452685EF10207509B737270020B6
:10D2E000034737D183A7090331CB034749D1098BC2
:10D2F00009CB81C795451D4582972685EF1080781B
:10D30000F1BD81C78D451D4582974146814508087D
:10D310009730FA1FE780E0F7B7250020194693857C
:10D32000C5A008089730FA1FE78080EF0C082E850B
:10D330000A86EF80506C8A85268579BD8545C5FFB4
:10D340006DBF797122D440594AD04ECE52CC06D608
:10D3500026D2AA892E8A3289630D046A03552500D4
:10D3600083570400638CA700A144B2502254268541
:10D3700002599254F249624A4561828083442400F2
:10D3800099C09D44DDB79387F5FF93F7F70F3147B9
:10D39000E369F7FE37E706008A0713074772BA9773
:10D3A0009C4382871C54E9F3930530051305000460
:10D3B0009730FA1FE78000C908D45DD503470900FC
:10D3C000914763F4E7008D444DB703471900854743
:10D3D000E3EBE7FE13060004CA859730FA1FE780E7
:10D3E00020E40C547054A3020400D4415C4A858AA2
:10D3F000FD8E83574601F99BD58F231AF600D8413D
:10D40000544AF59B0583058B8582F98E8606DD8E51
:10D41000231AD600DC41584AED9A8983858B09830B
:10D420007D8F0A07558F231AE600D4415C4A5D9B25
:10D430008D82858A8D83F58F8E07D98F231AF6000A
:10D44000D841544A93F7F7EF2183058BA182F98ED7
:10D45000A206DD8E231AD600DC41584AA583858BAF
:10D4600025837D8F9317970013F7F6DF5D8F231ABF
:10D47000E600D4415C4AA982858AA983F58F9396F8
:10D48000A7009377F7BFD58F231AF600D441584AE7
:10D49000AD82858A2D83758FFD769386F67F2E0764
:10D4A000F58FD98F231AF600834726010325040838
:10D4B000A18B6387071083C72500A18B63820710A8
:10D4C000E31405EA93053005130500109730FA1FA1
:10D4D000E78040B72320A408E30705EE7C54A302AD
:10D4E00004000347190083C6170089EA45C3834730
:10D4F000540093E70701A302F40029A0A147A30267
:10D50000F40075F72285EFF0EFDB6C5483C725013B
:10D51000858B81CF1C5483C727008D8B99C7834788
:10D52000640093E717002303F4008327040899C7D6
:10D530008347640093E787002303F4008347540084
:10D5400005476393E70C41468145130584009730F6
:10D55000FA1FE78000D441468145130584019730C6
:10D56000FA1FE78000D3C1451305C403EF403FBC59
:10D57000032704089307000511E3C147035504007E
:10D58000A301F4008145EF507F94C5B303C7270181
:10D59000118B19E703472900118B19E38547A1BFB8
:10D5A00083C70700154783460900B387E70237E7BB
:10D5B00006001307876DBA97B69783C7070025BF84
:10D5C00019C59730FA1FE78020B6232004087C5441
:10D5D00003C7170011C70347190019C3E14721BF4B
:10D5E00003C72701118B09E703472900118B5DD77A
:10D5F00083C70700154783460900B387E70237E76B
:10D6000006001307C76B45BF13F7870131CFC18BE6
:10D61000130584004146A9C389059730FA1FE780A6
:10D6200020C041468145130584019730FA1FE780E9
:10D6300040C683476400C1451305C40393E7470010
:10D640002303F400EF40BFAE8327040881CF930784
:10D650002005A301F40011BB81459730FA1FE78034
:10D6600040C3C1B7CD47F5B7094789456386E70091
:10D6700011476398E700854503550400EF501F8567
:10D6800021A01947E389E7FE8347640093E7470039
:10D690002303F4008327040881C79307100555BFAF
:10D6A000C54745BF4146CA851305C4049730FA1FD4
:10D6B000E78000B78347340013076005639CE700E9
:10D6C000B727002003C5B7B38545EF205F899307CF
:10D6D000500541B745476383E7029306C40213062A
:10D6E000C403930584002285EFD0DFB42285EFF0D8
:10D6F0006FC0AA8411C1A144D147A1BFC94791BF3E
:10D700009309C4054E854146CA859730FA1FE780C4
:10D7100020B10325040861CD834734001307900529
:10D720006398E7002285EFF02FC09307E00515B757
:10D730001307A005639EE706B727002083A787D0BD
:10D74000E38107C403A88700E30D08C28347740080
:10D75000930505084E8613D7370022978346870026
:10D760009D8B0A87B3D6F640858A93E60608130593
:10D770000504029841468A851305C4049730FA1FB0
:10D78000E78040B711E1D2842285EFF0EFB98347FB
:10D790007400CD461307E005850793F7F70FA30341
:10D7A000F40063E4F60013076005A301E40075BE0E
:10D7B0001307C005E39BE7BAB727002083A787D0EC
:10D7C000E38107BC9C47E38E07BA9305050813095C
:10D7D00084000A8781464A862E8582970355040075
:10D7E0000A86CA85EF506FF79307B0059DB58A8604
:10D7F0004E86930584002285EFD0DFA34146930532
:10D80000C4040A859730FA1FE780C0AE8547D284EA
:10D81000E31DF5B42285EFF02FB1AA84E31605B419
:10D82000930710023DB50347340093077002E31AD3
:10D83000F7B47C5889EB9305300571459730FA1F92
:10D84000E780408068D86858E30D05B2CA85414634
:10D850009730FA1FE780C09C032944072285EFD048
:10D86000BFA8230DA90093078002E5B30347340046
:10D8700093078002E317F7B08357060068582146E4
:10D88000930529002318F50049059730FA1FE78012
:10D8900020997C5483D7470113F7072025CF1854CC
:10D8A000035747001377072035C79307900255B3F6
:10D8B0000347340093079002E315F7AC3C5C89EB17
:10D8C000930530055D459720FA1FE780A07728DC97
:10D8D000285CE30805AA4146CA859730FA1FE7800D
:10D8E00020949307A002B5B3034734009307A00226
:10D8F000E319F7A883470600285C19469305190029
:10D90000230BF50041059730FA1FE78060917C54A6
:10D9100083D7470193F70740B1C71C5483D747000B
:10D9200093F70740A1C39307B00225B30347340020
:10D930009307B002E317F7A47C5C89EB93053005ED
:10D9400051459720FA1FE780E06F68DC685CE30DC3
:10D9500005A04146CA859730FA1FE780608C7C5C41
:10D960007D5798CB03D529008145EFD00FD8F5BA64
:10D97000034734009307F004E3F8E79E0325040807
:10D98000E304059E13060004CA85130505049730B9
:10D99000FA1FE780E0882285EFF04F9CAA84228559
:10D9A000EFD09F858347340013070005639FE7008E
:10D9B000B727002003D6E90003C5B7B3854506069F
:10D9C000EF20CFF89307300569B113071005639571
:10D9D000E70093076005B5B913072005E397E798BB
:10D9E0009307C005BDB1034734009307E005E31D6D
:10D9F000F796032504084146CA859730FA1FE78049
:10DA000020822285EFF0AF9BAA8419BD83450600D2
:10DA1000A9BF85478144E39AF594032846008347CC
:10DA2000360003472600834616008355250003462B
:10DA300006000145EF405FCD0DBA8147C14633076F
:10DA4000F500B388F5000347070083C808003308D2
:10DA5000F6008507334717012300E800E391D7FE5E
:10DA600082800147BD471308F00F3306F500834657
:10DA70000600B388F500FD178606558F2380E80061
:10DA80000347060093F7F70F1D83E39007FF82809B
:10DA90008147930800F8414893F6F70F3387F50064
:10DAA00063FCC600B306F50083C606002300D7005A
:10DAB0008507E39307FF82806395C6002300170163
:10DAC000C5BF23000700EDB701114AC856C22E8911
:10DAD000AA8A93053005414506CE22CC26CA4EC6F9
:10DAE00052C4328A9720FA1FE780C055AA84930552
:10DAF000300541459720FA1FE780C0542A84CD495C
:10DB0000A5C431CD414681459720FA1FE780607852
:10DB10002686A2855685EF80006EAA8929E1838733
:10DB2000040063D30706A2852685EFF09FF3B7E5CF
:10DB300006004A86938585752285EFF01FF08307DE
:10DB4000090063D80704A2854A85EFF09FF1B7E585
:10DB500006005286938585752285EFF01FEE268597
:10DB60009720FA1FE780405C11C422859720FA1F96
:10DB7000E780805BF24062444E85D2444249B2491C
:10DB8000224A924A05618280CA852685EFF07FEDA0
:10DB90007DB7D2854A85EFF0DFECD1B781474146AA
:10DBA000B306F5003387F5000347070003C80600F6
:10DBB0008507334707012380E600E393C7FE828091
:10DBC000011126CA4EC6AE84AA89930530051305F5
:10DBD00000034AC806CE22CC32899720FA1FE7807C
:10DBE00060462DC51306000381452A849720FA1F3D
:10DBF000E780206A4146CE8522859720FA1FE7807C
:10DC00004074A6850D461305D4019720FA1FE780BE
:10DC1000407313060402930504012285EF80A05D82
:10DC2000AA840D469305D4024A859720FA1FE780FF
:10DC3000407122859720FA1FE780004FF24062442E
:10DC400026854249D244B24905618280CD44FDB760
:10DC50005D714EDE62D4AE892A8C930530051305C2
:10DC60000003A6C2CAC052DC56DA5AD85ED686C6AF
:10DC7000A2C4B28B368BBA84BE8A4289468A972068
:10DC8000FA1FE780203C6305051013060003814559
:10DC90002A849720FA1FE780C05F4146E2852285EB
:10DCA0009720FA1FE780E069414681450A85972061
:10DCB000FA1FE780005E1D46DE850A859720FA1F61
:10DCC000E78020681D46DA85130571009720FA1F4A
:10DCD000E780206733392001B33490004146814505
:10DCE000080823072101A30791009720FA1FE78066
:10DCF000405A1946D68548089720FA1FE780606485
:10DD00001946D2851305A1019720FA1FE7806063A9
:10DD1000930404014146CE8526859720FA1FE780AB
:10DD200040628A852685EFF07FE7930904024E86DC
:10DD3000A6852285EF80204C2A890DE94146CE85B3
:10DD400026859720FA1FE780A04D0C082685EFF066
:10DD5000FFE44E86A6852285EF80E0492A89464564
:10DD60004146CE859720FA1FE780A05D2285972047
:10DD7000FA1FE780603BB64026444A859644064930
:10DD8000F259625AD25A425BB25B225C6161828074
:10DD90004D49D5B7011126CA52C4AA842E8A13054B
:10DDA0000003930530054AC84EC606CE22CC328900
:10DDB000B6899720FA1FE780E02835C52A84A68512
:10DDC00041469720FA1FE780C0579304040121467B
:10DDD000D28526859720FA1FE780A056CA8521465E
:10DDE000130584019720FA1FE780A0551309040248
:10DDF000A6854A862285EF800040AA844146CA85CE
:10DE00004E859720FA1FE780C05322859720FA1F7E
:10DE1000E7808031F240624426854249D244B249CB
:10DE2000224A05618280CD44F5B739715AD05ECE61
:10DE30002A8BAE8B41459305300506DE26DA52D497
:10DE400056D262CC66CA6AC8368C328DBA8C22DC55
:10DE50004AD84ED69720FA1FE780C01EAA8A93059B
:10DE6000300541459720FA1FE780C01D2A8ACD441E
:10DE7000638E0A0859C52A86D6855A85EFF0DFC415
:10DE8000AA8441E19305300541459720FA1FE780B8
:10DE9000601B2A899305300541459720FA1FE780CA
:10DEA000601AAA89630A090E6306050E1304FD00B1
:10DEB00011841376FD0049C07D144204418035EE83
:10DEC000131544004E86D6855E95EFF01FB7414688
:10DED00081454A859720FA1FE780A03B014D9317A3
:10DEE0000D01C18363F48708BDC04A859720FA1FDE
:10DEF000E7808023638709004E859720FA1FE7801B
:10DF0000A02256859720FA1FE780002263070A00A7
:10DF100052859720FA1FE7802021F250625426850F
:10DF20004259D254B259225A925A025BF24B624C75
:10DF3000D24C424D216182800144131544008A85F0
:10DF40005E95EFF0FFB44E86D2850A85BDBF93156E
:10DF50004D000A86DE954A85EFF03FAE4A868A85F7
:10DF60005A85EF804029AA84050D95BFBDFC0A861D
:10DF7000CE854A85EFF07FAC4A868A855A85EF8048
:10DF80008027AA846686CA8562859720FA1FE78063
:10DF90002029A1BFCD4491BFCD44A9BF397162CC26
:10DFA0002A8C594526DA4AD84ED652D456D25AD05F
:10DFB0005ECE06DE22DCAE8B328BB68A3AC63E8A55
:10DFC000C289468983440104EF10DFAF49C19167DC
:10DFD000938717E92310F50085472301F5002A846C
:10DFE00032472105630C0C0493071003A301F400CE
:10DFF000194681459720FA1FE780A0292303640171
:10E00000A3035401230A940023127401231744012B
:10E010002318340123192401A285B7270020625454
:10E02000F250D2544259B259225A925A025BF24BE0
:10E03000624C03C587B321616F10DFB7A3010400F1
:10E040001946BA859720FA1FE780801D45BFF25018
:10E050006254D2544259B259225A925A025BF24B3C
:10E06000624C21618280011122CC2A84314506CE86
:10E070002EC632C436C23AC0EF10DFA429C1916760
:10E08000938717E92310F500B245224692460247CE
:10E090008D472301F500A30185006244B7270020C6
:10E0A0002312B5002313C5002314D5002315E50062
:10E0B000F240AA8503C587B305616F10BFAFF24078
:10E0C00062440561828001114AC82A89394526CAFD
:10E0D00006CE22CC2EC6B284EF10DF9E31C1B245EF
:10E0E0009167938727E92310F50091472301F500F5
:10E0F000A30125012312B5002A84A685190521460E
:10E100009720FA1FE780C011A285B727002062443C
:10E11000F240D244424903C587B305616F109FA9FD
:10E12000F2406244D24442490561828001114AC8EA
:10E130002A89414526CA06CE22CC2EC6B284EF10CB
:10E140007F9829C19167B245938727E92310F5008D
:10E1500095472A842301F50023122501214619053C
:10E160009720FA1FE780C00BA28523179400B727DA
:10E1700000206244F240D244424903C5B7B305616E
:10E180006F105FA3F2406244D2444249056182802D
:10E19000011122CC2A84394506CE2EC632C436C29D
:10E1A0003AC0EF103F9229C19167938717E9231076
:10E1B000F500B24522469246024799472301F500F1
:10E1C00023128500B727002062442313B5002314CF
:10E1D000C5002315D5002316E500F240AA8503C526
:10E1E00087B305616F101F9DF24062440561828014
:10E1F000797122D406D62A842EC632C436C23AC0D9
:10E20000EFC0CFE51DC1B245224692460247231C0E
:10E21000B100231DC1002C081306F00F2285231E18
:10E22000D100231FE100EFC06FD3B25022544561EB
:10E230008280011122CC2A84394506CE2EC632C4F2
:10E2400036C23AC0EF101F8829C19167938717E93A
:10E250002310F500B2452246924602479D4723010E
:10E26000F50023128500B727002062442313B50070
:10E270002314C5002315D5002316E500F240AA8516
:10E2800003C587B305616F10FF92F24062440561D8
:10E2900082805D712AC613052002CAC04EDE52DCA0
:10E2A00056DA5AD85ED662D466D26AD086C6A2C47E
:10E2B000A6C26ECE2E8CB28B368B3AC43E8DC28CEB
:10E2C000C68A035A01058359410503498105EF10A8
:10E2D0006FFF69C591663243938616E9A9472A8480
:10E2E0002310D5002301F500930DE40021059304CC
:10E2F00044012247630D030693071003A301F400B2
:10E30000194681459720FA1FE780A0F819468145F4
:10E310006E859720FA1FE780C0F71946814526854C
:10E320009720FA1FE780E0F623037401A30364013A
:10E330002300240323128401231D5401231E4401BE
:10E34000231F3401A285B72700202644B6409644F7
:10E350000649F259625AD25A425BB25B225C925C25
:10E36000025DF24D03C587B361616F10BF84BA854A
:10E37000A301040019469720FA1FE78060EAEA85A6
:10E380006E8519469720FA1FE78080E91946E685D1
:10E3900026859720FA1FE780A0E879B7B640264483
:10E3A00096440649F259625AD25A425BB25B225CE9
:10E3B000925C025DF24D61618280011122CC2A845F
:10E3C000214506CE2EC632C436C2EF10AFEF15CDB2
:10E3D000224692469167938717E92310F500B245CC
:10E3E000B1472301F500A30185002303C500A30362
:10E3F000D5006244B72700202312B500F240AA8559
:10E4000003C587B305616F10EFFAF24062440561FE
:10E41000828041110D4506C6EF10CFEA0DC5930766
:10E4200010F92300F5009307E003A300F500C547AA
:10E430002301F500B7270020B240AA8503C587B3A2
:10E4400041016F102FF7B24041018280011122CCAF
:10E450002A84294506CE2EC632C436C2EF108FE676
:10E4600015CDB24592469167938717E92310F500C1
:10E470002246C9472301F5002302B500A301850008
:10E480002304D5006244B72700202313C500F240BF
:10E49000AA8503C587B305616F10CFF1F2406244CE
:10E4A0000561828001114AC82A892D4526CA06CEF7
:10E4B00022CC2EC6B284EF10EFE029C5B2459307F7
:10E4C00010F92300F5009307E003A300F500CD4702
:10E4D0002301F500A30125012302B5002A84A685A6
:10E4E000150519469720FA1FE78080D3A285B72724
:10E4F00000206244F240D244424903C587B305611B
:10E500006F104FEBF2406244D24442490561828071
:10E51000011122CC2A84214506CE2EC6EF108FDAB7
:10E5200005C9B2459167938717E92310F500D147D4
:10E530002301F5002303B50023128500B72700202F
:10E540006244F240AA8503C587B305616F108FE668
:10E55000F240624405618280011122CC2A84214567
:10E5600006CE2EC632C4EF10EFD51DC52246B245E9
:10E57000930710592310F500230185002303C500DC
:10E580006244B72700202312B500F240AA8503C5D4
:10E5900087B305616F100FE2F2406244056182802B
:10E5A000011122CC2A84214506CE2EC632C4EF109A
:10E5B0006FD11DC922469167938727E92310F50083
:10E5C000B245A1472301F50023038500A303C5003D
:10E5D0006244B72700202312B500F240AA8503C584
:10E5E000B7B305616F100FDDF240624405618280B0
:10E5F000011122CC2A84314506CE2EC632C436C241
:10E600003AC0EF102FCC15CD22468567B245924611
:10E610000247938717C92310F500230185002303C0
:10E62000C5006244B72700202312B5002314D5008B
:10E630002315E500F240AA8503C587B305616F1075
:10E640006FD7F240624405618280011126CAAE8410
:10E650004AC82A891385C40006CE22CC32C6EF10E0
:10E660006FC61DCD8567938717E9B2452310F50066
:10E6700023019500231225012A84310508C426862A
:10E680009720FA1FE780C0B9A285B727002062440F
:10E69000F240D244424903C587B305616F108FD160
:10E6A000F2406244D244424905618280011122CC89
:10E6B0002A84194506CE2EC6EF10CFC005C985673E
:10E6C000938717F92310F500B2458547A301F5009C
:10E6D000230185006244B72700202312B500F240D1
:10E6E000AA8503C587B305616F10CFCCF2406244A1
:10E6F00005618280411122C42A840D4506C6EF10AF
:10E700006FBC05C5930710F92300F500E947A30086
:10E71000F500230185002244B7270020B240AA85D6
:10E7200003C587B341016F10EFC8B24022444101D5
:10E730008280011122CC2A84214506CE2EC6EF10FC
:10E740006FB80DC99167938727E92310F500B2458B
:10E75000930700032301F500230385006244B727D4
:10E7600000202312B500F240AA8503C5B7B30561A6
:10E770006F104FC4F240624405618280011121454F
:10E7800006CE2EC632C4EF10EFB305C98567B24579
:10E790002246938707392310F50085472301F500AA
:10E7A000B72700202312B5002313C500F240AA8525
:10E7B00003C507AA05616F10EFBFF24005618280B3
:10E7C000397122DC1304F5FF4AD852D456D25ECEFA
:10E7D000420406DE26DA4ED65AD0894B2A8A32897E
:10E7E000B68A418063967515B72B002083C70B89C5
:10E7F0005E8B89448DCF83C9160083C70600914480
:10E80000A209B3E9F900B727002083D7079AF517C3
:10E8100063DFF9009307C6FF639DF90831452EC6F3
:10E82000EF104FAA2A84B24519ED9304F00FF2506D
:10E83000625426854259D254B259225A925A025BE6
:10E84000F24B216182804209135909012302B5006C
:10E8500023132501930700F91509A1652310F5007D
:10E860002311450185054A859710FA1FE780807DB1
:10E8700008C415C983C70B899385EAFF135629007D
:10E88000FD172388FB889720FA1FE780409D1C44D2
:10E89000A28589071CC4B727002003C507AAEF106B
:10E8A0006FB1814469B722859720FA1FE780C0873E
:10E8B000ADBF9307D6FFE3CAF9F6B1473304F402BC
:10E8C000B724002083A744AAA29703C7A70019C7AB
:10E8D000884309C59720FA1FE78000851385490002
:10E8E000A16542058505418103AA44AA9710FA1F34
:10E8F000E780407583A744AA229A2320AA00A29702
:10E90000884305D505472385E70083470B894A8659
:10E91000D685FD172308FB889720FA1FE7804090D3
:10E9200083A744AA3E94231324012312340195BFE4
:10E930008547E39CF5EEB1473304F402372B002002
:10E9400083274BAADA89A29703D76700884345CB70
:10E9500083D74700B306C700910763C2D70A3A9529
:10E96000D6859720FA1FE780A08B03274BAA814406
:10E97000229783576700CA97C207C1832313F70002
:10E98000035747001107E394E7EA3145EF108F93EF
:10E99000AA8521C1930700F92310F50083274BAA0C
:10E9A0002302750123114501A29703D767009C43F9
:10E9B0002313E5001CC5B727002003C507AAEF10E5
:10E9C0006F9F83274BAA3E94231304002305040062
:10E9D000B9BD83274BAAA297884311C99710FA1F84
:10E9E000E780807483274BAAA29723A0070083A700
:10E9F00049AA3E9423130400230504005DB511C900
:10EA00009710FA1FE780407283A749AAA29723A014
:10EA1000070083A749AA85443E94231304002305D5
:10EA2000040031B56FA0B0136FA0F0146FA0903D3B
:10EA30000545828005458280411106C6EFA0F0138E
:10EA4000B2400145410182806FA070166FA09018FE
:10EA50006FA0D01B6FA0F01D6FA0F01F6FA0F02162
:10EA60006FA0F0236FA0F0256FA090276FA09029D2
:10EA70008347160003460600A2075D8E6FA0D02ACA
:10EA80006FA0102C6FA0D02E6FA090316FA07034AB
:10EA90006FA0703A6FA0903C6FA0B03E6FA0D040C6
:10EAA0006FA0F0426FA0104503430100030E410028
:10EAB000834E8100034FC100834F01018342410116
:10EAC000834381017EC816CA1ECC7AC676C472C240
:10EAD0001AC06FA030446FA030496FA0504B6FA098
:10EAE000704D0545828005458280054582806FC056
:10EAF000E05105458280054582806FC00058B7E629
:10EB000006008147938686761308F00F3387F60058
:10EB1000034607001317060141836364E50063138E
:10EB20000601828003D605006365C7002390E500D7
:10EB30008280850793F7F70FD1BF411193970501A5
:10EB400022C406C626C2C1872E8463D50702EF0001
:10EB50007FFEAA8409CD83470500054793C70708B0
:10EB60006364F700EF5030342685EF009FF0216595
:10EB7000218D21A893F7150091CFB727002083A7F7
:10EB8000C7BA91C3829713451400B24022449244FD
:10EB90004101828093F7250091CBB727002083A7FE
:10EBA00007BB91C3829713452400C5B793F785002F
:10EBB00099CBB727002083A7C7BBFC5791C3829787
:10EBC00013458400D9B793F7450099CBB7270020A8
:10EBD00083A7C7BBBC5791C382971345440075B741
:10EBE00093F7050281CFB727002083A707BD83A72E
:10EBF000070991C382971345040241BF93F70501AA
:10EC000081CFB727002083A707BD83A7C70891C37B
:10EC100082971345040195BF939725010145E3D6DB
:10EC200007F6B7270020938787B483C6770003C60B
:10EC3000670083C5570003C54700EFA0704409650E
:10EC400005BF411126C2B7240020B72700201306B4
:10EC50000012814522C42A84138584B406C623A6E3
:10EC600007C64AC09710FA1FE780A0620145EF204F
:10EC7000400B0145EF202012B7270020A38D87927B
:10EC8000B707D707138484B4B1075CC8B7C70C0CA7
:10EC9000938717131CCCB7C7D707938717135CCC80
:10ECA000F177938717132310F40281477D47232EB2
:10ECB000F40C8327840C232CE40C5D671307F71FE7
:10ECC00037290020D98F130909992324F40C23280C
:10ECD000F40C8347E9000327C40CA30C0402A30A25
:10ECE000F40AA30EF40AF977FD17231FF40E23107C
:10ECF000F410FD472301F41093073030231DF40274
:10ED0000231EF402232AE40CEF103FC99307C01C12
:10ED10002319F4068357490003570901A301A400EE
:10ED2000A983A30EF4069306B00F938784B463F40B
:10ED3000E6001307B00F93150701C1811386E500A4
:10ED400093163600C206C1822395E7022397E70295
:10ED50002396D7022398D7026D45938484B463F336
:10ED6000A5006D472391E40293058014368763F470
:10ED7000B600130780142392E7022394E7020547A5
:10ED8000A38FE702370703001307C71CB8C3370771
:10ED900016000E061307079023A207042393C70249
:10EDA000D8DBEF703055EF30B02FEF70600B22449E
:10EDB000B2409244024941016F50D067397122DC60
:10EDC0003704400026DA4ED6AE84AA899305E4FFC4
:10EDD000054506DE4AD8EF103FC5498C13170401DC
:10EDE000418321839317840013590401D98F23167B
:10EDF00001001379F90F10088A854E852317F10059
:10EE0000A306210102C002C202C402C802CA02CC87
:10EE100002CEEF70403E8347E1010347D101A38159
:10EE20008400A2074207BA970347F1012180238299
:10EE30008400BA97F25062542380F40013D78700FD
:10EE4000C183A3822401A380E4002381F4004259FA
:10EE5000D254B25921618280B72500203725002085
:10EE6000011119469385859A130585C206CE22CCD9
:10EE700026CA4AC891644EC69710FA1FE780403AE6
:10EE80009385F4FF0145EF10FFB72A84FD55014536
:10EE9000EF109FB9A287FD147D5933F79700B36631
:10EEA000E500D5CA631425016307970A37240020BB
:10EEB000130784B42308F70EA18393E707FC916935
:10EEC000C1642326A70EA308F70E130484B4FD190A
:10EED000FD14CE850145EF10FFB22A89FD5501458D
:10EEE000EF109FB4B3672501EDD7FD576314F5000C
:10EEF000E30139FF93570501230AF40E9357850167
:10EF0000A30AF40E8317040E2319A40E230B240F57
:10EF10004205135989001379F9034185A30B240F86
:10EF2000658DE58F6312F5020317440F8317240ED6
:10EF3000658FE58F631AF7000317640F8317440E7C
:10EF4000658FE58FE307F7F8F2406244D244424907
:10EF5000B24905618280A6850145EF10BFAA2A84C7
:10EF6000FD550145EF105FACA28705BF411126C2D8
:10EF7000B724002006C622C44AC0938784B403C7BE
:10EF8000E70383C7F703636AF70001442285B240B1
:10EF9000224492440249410182802A89930510202B
:10EFA000130580079710FA1FE780C0092A8471DDD6
:10EFB000130680078145938484B49710FA1FE78075
:10EFC000402D63150900C1572302F400BC48A1EF8E
:10EFD000E0C4A0C8E0C8232004008547238FF402C2
:10EFE0008547A302F400930700F9A303F400B727B1
:10EFF0000020938747C89853DC5338C47CC4FD571E
:10F000002309F400B727002003C5479A2302A4066A
:10F01000EF70004583472406A308A40093E7370058
:10F020002301F406A5B7FC4880C3E0C823200400F0
:10F0300083C7E40385075DB78347A501411122C457
:10F0400006C69907A306F5003C4511472306E500CF
:10F050002380E7003C450347D5002A84A380E700CE
:10F0600083471503858B91E7034705038947631998
:10F07000F70038448347070093E707042300F700AD
:10F08000284493052403194609059710FA1FE780C1
:10F09000201928440356A4010C5421059710FA1F87
:10F0A000E7800018930730F9A303F400B24022442C
:10F0B0004101828041114AC037290020930789B459
:10F0C00083A7C70A06C622C426C299E3054515AA26
:10F0D000AA84130989B4EF70C05D8327C90A829797
:10F0E000EF30C0572A847DD19C50EC442324F5088E
:10F0F00003C774009307A009631BF710854723001B
:10F10000F51483C7F4052303F514A303F51483C78B
:10F11000F50003C705010148A2074207BA9703C7D4
:10F12000E5001546F905BA9703C735FF13058413A3
:10F130006207BA97232CF40883C755FF03C765FFFE
:10F14000A2074207BA9703C745FFBA97232EF408D0
:10F1500083C775FFA30BF40283C795FF03C785FF21
:10F16000A207D98F231CF40283C7B5FF03C7A5FFED
:10F17000A207D98F231DF40283C7D5FF03C7C5FF9C
:10F18000A207D98F231EF40283C7F5FF03C7E5FF4B
:10F19000232E0413A207D98F231FF4028147232CA7
:10F1A000F4129710FA1FE780A007F844834737024C
:10F1B000FD8BA30AF40203473702ED1793F7F70F0D
:10F1C00015832308E4022D476368F7028357A403DD
:10F1D00005679306A7C7E917C207C18363EEF60068
:10F1E0008356C4039307301F63E8D7008357E403B3
:10F1F000130707C8637EF70203558400EF3080626F
:10F200000145B24022449244024941018280832751
:10F21000090D13971701E35C07EEBC4403C7070011
:10F2200083C70500F98F9583858B2300F514C5B539
:10F230008327090B228582978327890D0355840034
:10F24000294693F7072091E3054693050008EF5000
:10F25000005F8327090D13971701635907000355B2
:10F260008400514693050008EF50605D8327C90470
:10F27000BC4B13974700E35B07E403C54400A38935
:10F280000400494693050008EF50605B81B5B7273D
:10F29000002083C797B4411122C406C626C24AC0C3
:10F2A0002A848DEB0347C40085476316F70E834716
:10F2B000940303471404858B631DF70C19469305CB
:10F2C00024041305A4039710FA1FE780A002B334A7
:10F2D000A00091A883471504CDC783477504130781
:10F2E000000493F7070C639EE708485521C51309EE
:10F2F0002404CA851305A502EF5080668547AA84B9
:10F30000631AF502485489472300F4048347350003
:10F310001946CA8593E72700A300F4045105971006
:10F32000FA1FE780E0EFB24022442685024992446A
:10F33000410182800347C40085476304F704834783
:10F34000C405918B9DEF8347840385EF1305040467
:10F350009720FA1FE78060D048D405C5894723006D
:10F36000F4048347350019469305240493E72700E6
:10F37000A300F40451059710FA1FE78060EA854462
:10F380005DB783478403898B91DF5C5483C7170083
:10F3900091FB814449BF8347C405918B89FB834717
:10F3A000940013F717000DC38346F4000D47639DC7
:10F3B000E60028406C402244B24092440249410198
:10F3C0001723FA1F670043CD898BD5DB0347F40071
:10F3D0009547E316F7FAF1BF4111B727002022C481
:10F3E00006C6938787B423880706930710F9A303FB
:10F3F000F500B727002003A487C60DC0B72700205B
:10F4000003C5B7938545EF100F8C9307102733057D
:10F41000F50222832244B24041010283B2402244D9
:10F42000410182808347650199C7034765006314E2
:10F43000F7006FF07FFA0347550111CF834665004F
:10F440006382E6022303E500B727002003C5B793D4
:10F4500089456F00DFB0F1DF0347650079FB2303C7
:10F46000F500DDB7F9D7E5BF6C45314783C7150017
:10F4700093F7F7032307F5006386E7009307000877
:10F480003E85828083C705000D47BD8BA307F5002D
:10F49000E396E7FE41114AC01309250322C4194629
:10F4A0002A84A1054A8506C626C29710FA1FE7805E
:10F4B00060E491470DC56C4413052404194683C7C5
:10F4C000050089059987858BA300F4049710FA1F1E
:10F4D000E78000D52285EFF09FDB09E9A147B24024
:10F4E0002244924402493E85410182801305000472
:10F4F00083040401EF30EFFC62056185E3C0A4FEE4
:10F5000024449D472306F4002380F400854723818B
:10F51000F400A381F4001946CA85138544009710AE
:10F52000FA1FE780E0CF83C7240003C734009907A0
:10F5300093F7F70F136787002381F400A381E4009A
:10F540003844BA9703578406A381E70083C7240091
:10F5500038448346D4053E97835784069206A18398
:10F56000BD8BD58F2302F70003C72400814709070D
:10F570001377F70F2381E4000356A4018346C405E3
:10F5800001CA93F70604DDEFF957998F93F7F70F48
:10F5900093F6060495C203C6340034441366060489
:10F5A000A381C400369783461401A301D70003C783
:10F5B000240005072381E4000356A401014719CE66
:10F5C00063EEC70083C7240028440C548D073E9582
:10F5D0009710FA1FE780C0C40347A40183C6240024
:10F5E00093F7F60385073E97A306E4002381D40032
:10F5F00083471403858B91E7034704038947631905
:10F60000F70038448347070093E707042300F70017
:10F610003C448345D400A380B7000345F405930719
:10F6200090F9A303F400EF6010700346D400834503
:10F63000F4050D459720FA1FE780C0DFEF706007E3
:10F64000814771BDF55791B76C451307200283C7F9
:10F65000150093F7F7032307F5006399E7164111A7
:10F6600022C406C626C24AC083C7050015472A849D
:10F67000BD8BA307F500639CE7021946A10513059E
:10F6800025039710FA1FE780E0C69147630905122A
:10F690006C4419461305240483C70500890599871E
:10F6A000858BA300F4049710FA1FE78060B72285CA
:10F6B000EFF0FFBDA14763040510372700201309B1
:10F6C000C79D835789009304003293870719B3D4E9
:10F6D00097028327C79D829783264900B307950029
:10F6E0003E8763E4A70063E4D7003387D740244410
:10F6F000A1472306F40018D02380F4008547238116
:10F70000F400A381F40019469305240313854400F3
:10F710009710FA1FE780C0B083C7240099072381A0
:10F72000F40083C7340093E72700A381F4008347E4
:10F73000140481CB38448347070093E707F823007C
:10F74000F7001946930524041385A4009710FA1FA7
:10F75000E78000AD83C72400990793F7F70F13F7ED
:10F76000F7030507A306E4002381F400834714038D
:10F77000858B91E70347040389476319F7003844F1
:10F780008347070093E707042300F7003C448345C1
:10F79000D400A380B7000345F4059307A0F9A303A1
:10F7A000F400EF6050580346D4008345F4050D453E
:10F7B0009720FA1FE78000C8EF60B06F8147B24022
:10F7C0002244924402493E85410182809307000809
:10F7D0003E85828041114AC0372900200326C9CACC
:10F7E00022C426C206C6930780077CD2B727002012
:10F7F00083A707C8B70533002A84D857719B1367BE
:10F800001700D8D798431377F7CF98C39843137747
:10F81000F7CF1367072098C337270020032707D0A7
:10F820001447CD8E14C7B70603009386862534CAC5
:10F830005457F59A54D70347E5059376F70798434D
:10F84000137707F8558F98C324459D472306F50085
:10F8500085462380F400A38104002381D4008347DC
:10F86000B5050D476385E7001947639BE71E85478C
:10F87000A381F400194693052403138544009710CF
:10F88000FA1FE780E09983C7240099072381F400D9
:10F890000347B40599476316F70483C734001385FB
:10F8A000A40093E72700A381F40083471403898B06
:10F8B000638507164C5483C72501638007161946D4
:10F8C000D1059710FA1FE780A095384483470700B9
:10F8D00093E707F82300F70083C7240099072381E3
:10F8E000F40083C7340003C7240093E78700A38193
:10F8F000F4003C44BA9703578406A381E70083C70A
:10F90000240038448346D4053E97835784069206E4
:10F91000A183BD8BD58F2302F70003C72400814745
:10F9200009071377F70F2381E40003568401834608
:10F93000C40509CA93F7060463930710F957998F12
:10F9400093F7F70F93F6060495C203C634003444C8
:10F9500013660604A381C400369783461401A301ED
:10F96000D70003C7240005072381E4000356840160
:10F9700069EA014703C624008347A4059376F6038A
:10F98000850636979A07D18FA306E4002381F400F9
:10F9900083471403858B91E7034704038947631961
:10F9A000F70038448347070093E707042300F70074
:10F9B0003C440347D400A380E700930760F9A30306
:10F9C000F40038448327C9CAB8DFB727002083C7AB
:10F9D000879E81EB37050600814513054560EF00E2
:10F9E000DFC4B72700200327C9CA938747C8A3816C
:10F9F0000700238207005C43014593E717005CC3BF
:10FA00000346D4008345F4052244B240924402499F
:10FA100041011723FA1F6700E3A18347940381CBB9
:10FA200038448347070093E707F82300F700194697
:10FA30009305A4039700FA1FE780807E71BDF557F8
:10FA4000FDBDE3E8C7F283C7240028444C508D076E
:10FA50003E959700FA1FE780A07C0347840119BFF9
:10FA60001387E7FF1377D70F631307109305250359
:10FA7000A381D4001946138544009700FA1FE7803C
:10FA8000207A83C7240003C734001146990793F7EF
:10FA9000F70F136787002381F400A381E400384443
:10FAA000BA9703578406A381E70083C7240038442C
:10FAB0008346D4053E97835784069206A183BD8B67
:10FAC000D58F2302F70003C7240081470907137766
:10FAD000F70F2381E4008345B4058346C405639989
:10FAE000C50093F70604D1E3F957998F93F7F70F01
:10FAF00093F6060495C283C6340093E60604A381F8
:10FB0000D4003444369783461401A301D70003C7B9
:10FB1000240005072381E4000346B405914601470C
:10FB20006313D6020356840119CE63EEC70083C760
:10FB3000240028444C508D073E959700FA1FE7801B
:10FB4000206E034784010346B4059146B727002081
:10FB5000938787B46313D61883C6070793F6060FF7
:10FB600093E656002388D70631B5F557BDBF93F706
:10FB7000B70F0547E39FE7DEA381F4009305250354
:10FB80001946138544009700FA1FE780606983C710
:10FB9000240099072381F40083C7340093E72700EA
:10FBA000A381F4008347940381CB38448347070043
:10FBB00093E707F82300F700834714031385A40095
:10FBC000898BE5CB4C5483C72501E5C71946D10580
:10FBD0009700FA1FE780C06438448347070093E723
:10FBE00007F82300F70083C7240003C73400054645
:10FBF000990793F7F70F136787002381F400A38118
:10FC0000E4003844BA9703578406A381E70083C70A
:10FC1000240038448346D4053E97835784069206D1
:10FC2000A183BD8BD58F2302F70003C72400814732
:10FC300009071377F70F2381E4008345B405834652
:10FC4000C4056399C50093F70604D1E7F957998F66
:10FC500093F7F70F93F6060495C283C6340093E634
:10FC60000604A381D4003444369783461401A301CB
:10FC7000D70003C7240005072381E4000346B40529
:10FC8000854601476313D6020356840119CE63EEFD
:10FC9000C70083C7240028444C508D073E95970029
:10FCA000FA1FE780E057034784010346B405854601
:10FCB00071BD8347940381CB38448347070093E7A2
:10FCC00007F82300F70019469305A4039700FA1FCD
:10FCD000E780005509BFF5579DBF83C6070793F618
:10FCE000060F93E66600BDBD01115AC0372B0020F8
:10FCF00056C2930A8BB483A7CA0906CE22CC26CA61
:10FD00004AC84EC652C4639F07502A840945EF6013
:10FD1000B022372900200326C9CA93078007372A53
:10FD200000207CD283270AC8B7290020B7053300FA
:10FD3000D857130B8BB4719B13671700D8D7984310
:10FD40001377F7CF98C398431377F7CF136707203C
:10FD500098C303A709D01447CD8E14C7B706030074
:10FD60009386862534CA5457F59A54D703476400BE
:10FD70009376F7079843137707F8558F98C383470F
:10FD8000A4003844BD8B2306F4002300F7001D4770
:10FD900024446392E73A8547A38104002381F40059
:10FDA0008345B4058D46639DD522035784016313B3
:10FDB0000714A381F4001946930524031385440016
:10FDC0009700FA1FE780C04583C72400990793F77F
:10FDD000F70F2381F4000347C4051377070415C305
:10FDE00003C7340013670704A381E4003844BA97BB
:10FDF00003471401A381E70083C7240085072381FB
:10FE0000F40023080B0683C624008347A40513F7D8
:10FE1000F60305079A07D58FA306E4002381F400B3
:10FE2000930740F9A303F40083471403858B91E7FC
:10FE30000347040389476319F700384483470700E1
:10FE400093E707042300F7003C440347D400370638
:10FE500000827D16A380E7000325C9CA5C4193E7B1
:10FE600017005CC18305440683260AC893F7F5038F
:10FE700013979701DC56F18FD98FDCD69307A00337
:10FE800063D4B73603A709D0370600077C4FD18F5C
:10FE90007CCFB7C7898E938767ED9CC6B75755004F
:10FEA00093875755DCC2B7270020938747C8094777
:10FEB000A383E700A3810700238207003C44834417
:10FEC000040681453CDD3705060013054560EF005B
:10FED000CFF50346D4006244F2404249B249224A77
:10FEE000924A024BA685D244014505611713FA1FB9
:10FEF00067004354A147A381F400835784062382FB
:10FF0000F400835784060347D4053444A1831207C1
:10FF1000BD8BD98FA382F60003C6240005470906CE
:10FF20001376F60F2381C40083C70A078326C9CA44
:10FF30006318F708034744019307E6008E07231868
:10FF4000F4069387C708B387E702F9450945238874
:10FF5000AA06416588C6938707FBC207C1839387BA
:10FF60007716B3C7B70213970701B387B702418368
:10FF70008607BCD283C7340093E70701A381F4004E
:10FF80003C443E968347E40593E70704A301F6004B
:10FF900083C624003C44B6972382E70083C624002E
:10FFA0003C4421837D8BB6978346F4059606558F96
:10FFB000A382E70083C724008D072381F400A1B545
:10FFC000B852F94705833357F702BC52E85285838C
:10FFD000FD8BAA97FCD22388BA064207418359BFFA
:10FFE00019476399E50A035784014DE7A381F4009B
:10FFF000138544001946930524039700FA1FE780F0
:020000040006F4
:10000000202283C724001385A40099072381F400CC
:1000100083C7340093E72700A381F40083471403C8
:10002000898BB9C74C5483C72501B9C31946D1057B
:100030009700FA1FE780C01E38448347070093E704
:1000400007F82300F70083C72400990793F7F70FF9
:100050002381F4000347C40513770704E30307DA99
:1000600083C63400384493E60604A381D40041B328
:100070008347940381CB38448347070093E707F80D
:100080002300F70019469305A4039700FA1FE780A1
:10009000201955BFA147A381F4008357840623820A
:1000A000F400835784060347D4053044A183120724
:1000B000BD8BD98FA302F60003C6240005470906AD
:1000C0001376F60F2381C40083C70A078325C9CAA4
:1000D0006313F704034744019307F6008E072318C0
:1000E000F4069387C708B387E702F94609452388D2
:1000F000AA06416588C5938707FBC207C18393871A
:100100007716B3C7D70213970701B387D702418386
:100110008607BCD185B5B851F94705833357F70237
:10012000BC51E8518583FD8BAA97FCD12388DA0660
:100130004207418381B50547639CE708B147A306A1
:10014000F40083471403898BADC34C5483C7250146
:10015000A9CF1946D105138584009700FA1FE780BF
:10016000200C38448347070093E707F82300F70083
:10017000284419469305240309059700FA1FE780D0
:10018000200A83270B0D13971701635D0700834730
:10019000A400B98B81EB38448347070093E707023B
:1001A0002300F700930720F9B5B98347940399C753
:1001B00083C7040093E707F82380F4002844194616
:1001C0009305A40321059700FA1FE78060054DB74A
:1001D000035684014C50138584009307660093F7FF
:1001E000F703A306F400C5B71307200283A709D0BD
:1001F000635CB700F84F370600F97D16718F37063C
:100200000005518FF8CF71B1370700F91306F7FFDA
:10021000F84F6948718F37060003E344B8FE37068C
:100220000001C5B7F2406244D2444249B249224A71
:10023000924A024B05618280B727002041119387C3
:1002400087B422C4A04F06C6054783468400639046
:10025000E60283C7070711476315F7002285EFF011
:10026000AF9722852244B24041016FF0FFA7B24010
:10027000224441018280B727002083A787B999E3F0
:100280003E85828003C74700E30CA7FE9C43C5BFA1
:10029000011106CE22CC26CA4AC84EC6EFF0BFFDD9
:1002A00011E90149F24062444A85D2444249B249C7
:1002B0000561828083471503B72900202A8493842F
:1002C00089B489EFB72500201946938585C21305A7
:1002D00024039700FA1FE780A0F4A5A80547639CB4
:1002E000E70083C724004949D5DFB7250020194618
:1002F0009385E5C2E9BF5C55A1EB834785032308DD
:10030000050291EB0347140385472308F40289474C
:10031000E319F7FC45BF130585039710FA1FE78023
:10032000C0CE48D415C1EF40606A4C5483C7A500C5
:1003300081CF89472308F4021946B1051305240328
:100340009700FA1FE780C0ED034704038947E31BCA
:10035000F7FA83C714009DCB8347840385CB83477B
:10036000F403130700041305840393F7070C639247
:10037000E70E9710FA1FE78040CE48D45C5499C727
:1003800083C7270181C78947230CF40203498400EE
:10039000E31909F085472304F400A302F400B7270A
:1003A000002083C7779A238409B48349A4009394D7
:1003B00007012319F40613F7F9009947C18063F682
:1003C000E70403578401B726002003C5E6C8931746
:1003D000370037460F00AA971305A00F3357A7021F
:1003E0009387970E13060624814691042607BA9731
:1003F000372700200355479EB3A5A7023305F50212
:10040000EFD0F058AA94231994068357A406231614
:100410000406A9C7034524019307F00F6307F500FD
:10042000EF008F82FD572309F4000356A4069306BC
:100430002401120637150600A2851305E5C8EFF062
:100440003EE6B727002003C5B7938545EFF03EB1E0
:1004500091BD9710FA1FE78040BB05B78547E3922F
:10046000F9FE034524019307F00F6307F500EFF051
:10047000BEFDFD572309F40005669306240113060B
:1004800006804DBF411122C42A84094506C626C2F2
:10049000EF60802AEF60E021228523040400A3039B
:1004A0000400A3020400B7240020EFE0FFF29384CD
:1004B000849303C534008545EFF01EF203C5340074
:1004C0008945EFF07EF1034524019307F00F6307A0
:1004D000F500EFF07EF7FD572309F400B240224407
:1004E0009244410182806C45411106C622C426C255
:1004F0004AC083C715007D4793F7F7032307F5002C
:10050000E91793F7F70F637BF70093040008B240F5
:1005100022442685024992444101828083C7050016
:10052000BD8BA307F500F51793F7D70FF9FF2A84C2
:100530001946A105130525039700FA1FE78080DB04
:10054000914471D56C4485472300F40483C70500AA
:10055000194689059987858BA300F40413052404A3
:100560009700FA1FE780C0CB2285EFE05FD2854776
:100570002A89E31CF5F80347F4009547631EF70248
:10058000EF00F054B727002083C7C79C6376F502BD
:100590008347C400E36BF9F6B727002083A7479889
:1005A0008144829708D02285EFE0DFB0E31125F780
:1005B0002285EFF03FEDA1BF8347C40081C71947F3
:1005C000E395E7F41305000483040401EF206FEFC3
:1005D00062056185E3CBA4F22285EFE0FFA58345A8
:1005E000D400034504068144EF50F0730346D40061
:1005F000834504060D459710FA1FE780A0E3EF60DE
:10060000400B31B779714AD037290020930789B45C
:1006100022D4A04F26D252CC56CA37EA0600B724BD
:100620000020B72A00204ECE5AC806D6130989B436
:10063000130A0A78938444C8B7290020938A0A9938
:10064000130B0401834774002D479387E70693F744
:10065000F70F6363F7188A07D2979C438287114785
:1006600083470907E31EF7FE2285EFF0AF96D9BF57
:100670000146930550020145EF5070751306500274
:10068000814505459710FA1FE780C0DA83C734001B
:10069000858BBDCB684481465A868145A381040081
:1006A0009710FA1FE780C0CF01E52285EFF0BFE386
:1006B0000347740093073009E306F7F8EF50707FA3
:1006C0002285EFE03FD6B250225492540259F249AB
:1006D000624AD24A424B4561828083C72400858B9F
:1006E00085C38347C4002381040005476375F70071
:1006F0001947E395E7FC9307B0F9A303F40099B712
:1007000083A7C9CAFC539DFF2382040045BF83C74A
:100710002400858B638C072E23810400EF507079B1
:10072000B724002083A7048A85CFDC4395CB894773
:100730002302F10083471404130561001946A30244
:10074000F10083470401930524042306F100970078
:10075000FA1FE780E0AC83A7048A4800DC43829755
:100760008347340689CF83451404034544001306A8
:100770002404EFA0D02583473406898BB1F322856A
:10078000EFE09FC589B70345F40501469305500284
:10079000EF50F0638345F4051306500205459710AA
:1007A000FA1FE78020C983C73400858B638507263D
:1007B000684481465A868145A38104009710FA1F38
:1007C000E78000BE01E52285EFE01FE803477400E3
:1007D0009307A009E308F7E6EF50B06D4DB7034566
:1007E000F405014693055002EF50705E8345F40511
:1007F0001306500205459710FA1FE780A0C383C770
:100800003400858B63890720684481465A86814578
:10081000A38104009710FA1FE78080B801E52285C4
:10082000EFE09FC4034774009307900965B783C73F
:100830002400858B638C071C23810400EF507067B4
:100840008347090709476307F700834709070D47EF
:100850006315F70283A6C9CA03570407BC521307DE
:10086000C712858363FBE700930750F9A303F400E5
:10087000BC528583E39807DC19B7034754018347CB
:1008800064011DCF834664006300D71C6387F600B4
:100890002303E4002285EFF02FC583C7740093F78C
:1008A000F70FE39107DA8347090709476307F70062
:1008B000834709070D47E314F7EC930750F935BD5B
:1008C000E9DF0347640071FB2303F400E1B783C74A
:1008D0002400858B638C071223810400834709075A
:1008E0001547BD8B639BE700EF00701E83C7CA03EB
:1008F000E374F5EE9307D0F909B583470907194763
:10090000BD8BE39BE7EC9307C0F9C5BB83C724000D
:10091000858BE38907D223810400834709071547A4
:10092000BD8BE389E7FC834709071947BD8BE38C3F
:10093000E7FCEF50105841BB83C73400858B8DC74F
:10094000EF503057B727002003A707C83C57ED9B4F
:100950003CD7238504003717004083578701C6071B
:10096000C583231CF70021BD83A7C9CAFC53E39BA1
:1009700007CCEF501054B727002003A707C83C57F7
:10098000ED9B3CD723850400371700408357870130
:10099000C607C583231CF70023820400CDB383C799
:1009A0002400858BA5C7228523810400EFE0DFA208
:1009B000B724002083A7048A85CFDC4395CB8947E1
:1009C0002302F10083471404130561001946A302B2
:1009D000F10083470401930524042306F1009700E6
:1009E000FA1FE780E08383A7048A4800DC438297EC
:1009F00083473406858BE38807CC8345140403457D
:100A0000440013062404EFA0807C75B983A7C9CAEB
:100A1000FC53E39907C2238204007DBBB727002063
:100A2000938747C803C72700058B01CF23810700A1
:100A3000EF5030482285EFE0EFE72285EFF09FA4EA
:100A400059B12382070049BBE38907E4B5BD4111D1
:100A500026C2B7240020938784B422C4E04706C688
:100A60004AC063000422034784008547631BF720C4
:100A7000B7270020938747C803C777009546638749
:100A8000E60083C777000D47631EF7002244B727AF
:100A90000020B2409244024903C5B7938545410105
:100AA0006FF0EECB8356C4011307006483C784B490
:100AB0003347D702138984B4850793F7F70F232CA4
:100AC00089042384F4B463C6E700EFF0FEF72384BF
:100AD00004B40347A4009D476318F70483475406F2
:100AE0008DCF8356C40663E7F6028345440093071F
:100AF0003004A309F4001305300493F6F60F014601
:100B0000EFA0A06C22852244B240924402494101E8
:100B10006FF05F9785062316D406930530020545CE
:100B2000EFF01EEC230FA40485472308F9060347C2
:100B300044018D476315F70AEFF0EEA10D8901ED31
:100B4000930770022303F40093075002A30AF400F2
:100B50009307600231A88547631CF506930760027E
:100B60002303F40093075002A30AF40093077002D2
:100B7000230BF4000347A400B727002083C4B793D6
:100B800085476314F70E0356C40185452685EFF0AB
:100B9000EEDB83471403898BEDC383478403F1CFD6
:100BA0004C54E1CD83C7A500E9CB89472308F40263
:100BB0001946B1051305240397F0F91FE780406635
:100BC00022852244B2409244024941016FF0CF9104
:100BD000930750022303F4009307700285BF8946F0
:100BE0008347B4006319D70213F7170011CF130717
:100BF00050022303E400898B81CF93076002A30A8C
:100C0000F400230B0400BDB7930760022303F40034
:100C100093077002EDB79DC313F7170001CB93073D
:100C200050022303F400A30A0400E1BF898B81C7AB
:100C300093076002FDB793077002E5B7834754013D
:100C4000130740026365F7009307500201A8850768
:100C500093F7F70F13077002E368F7FEA30AF40097
:100C6000834754012303F40069BFB9450545EFF0FC
:100C70003ED70356C4012A9609BF85472308F402CC
:100C800081B7B2402244924402494101828001115D
:100C900022CCFD5706CE2309F5008357A5062A84EA
:100CA00085C78346C506834545009307C003A3094E
:100CB000F50001461305C003EFA0205122856244D0
:100CC000F24005616FF00FFC8347A5000547BD8B1F
:100CD0006386E7008347C505918BEDD3B7270020D6
:100CE00083A707C293F7072085C302C402C202C0CC
:100CF00081480148814701478146054681451305E2
:100D0000C003EFA0A04A5DBF02C0814801488147EF
:100D100001478146054681451305C003EFA0E04623
:100D200071BFB727002023A4A7C68280B727002061
:100D300083C7B793411106C689EB37F50500130544
:100D4000A5B3EFF01EA4EFD0DFEFB727002037F7F1
:100D50000500938787B41307C7F6F8CF3707060057
:100D600013070729B8D3371706001307E7A4F8D3EA
:100D7000B2403707060013078723B8D741018280A6
:100D800011C98327050A93E707082320F50AFD57B1
:100D90002303F5028280B727002023A8A7C68280FC
:100DA000B727002083A707B99C5799E33E85828027
:100DB00003D78701E30CA7FE93878705FDB70111D1
:100DC00022CC06CE2A84034565029307F00F2E86B7
:100DD0006309F5002EC6EFF02EE73246FD572303D8
:100DE000F4028347A402035784049306640293E742
:100DF00007062305F40283570404A285F240BA973C
:100E00002313F404624437150600130505D8056161
:100E10006FF00EC9011122CC06CE2A84034575025B
:100E20009307F00F2E866309F5002EC6EFF0CEE192
:100E30003246FD57A303F40293067402A28562446E
:100E4000F24037250600130545BF05616FF04EC51A
:100E5000011122CC06CE2A84034585029307F00FA8
:100E60002E866309F5002EC6EFF00EDE3246FD57E2
:100E70002304F40293068402A2856244F2403725DB
:100E800006001305E5C105616FF08EC1B72700208C
:100E9000938787B483D5270203D6E70203D70703D6
:100EA00083D66702B7074801ED072322F5182324EC
:100EB000F5182310B518231EC516231FE516231198
:100EC000D5186D48AE876373B800ED479395070159
:100ED0002318F5186D48C181B2876373C800ED47C8
:100EE0002316F51813068014B6876374D60093078B
:100EF00080142319F51893068014BA8763F4E6006A
:100F0000930780142317F5182307B504828003473D
:100F10006514894683572519631ED70283568514A5
:100F2000938787E899C6B3C7E702938757FD2147A0
:100F300031A02147B3C7E702938757FDB3C7E70244
:100F400003570519C207C18363F3E7003E872307F0
:100F5000E504828085466316D7009387C7FB114757
:100F6000F1BF938707FBE1B78357C5170357851870
:100F7000411106C663F3E7003E87931807018357C4
:100F8000A5180357E51793D808016373F700BA87CC
:100F900013980701835645188357051813580801FD
:100FA00063F3D700BE86035725188357651813933C
:100FB0000601135303016373F700BA878346751460
:100FC000C2070947C183639AE6000566130606A9AE
:100FD00042876370C802328729A803270510931639
:100FE000470163CC06000566130686844287E364E6
:100FF00006FF1318070113580801834665140947B3
:10100000639EE6060357A5039306204E3307D702D7
:1010100093F6F80F9A061386F63C9386C64F634400
:1010200006019306C812158F63D3E7003E87420777
:1010300005664183130606A9BA876373C700B287A2
:10104000C207C1830356C51813F7F80F9376F30F41
:101050006316E6040356E5186312060503560519E0
:10106000631ED60203562519631AF602230E0506DF
:10107000EFF0FFE90945B2404101828003270510E6
:1010800093164701E3C006FC056613068684BE85F9
:101090006373F600B2859397050165B70546230E85
:1010A000C5062316E518231705192318D518231983
:1010B000F518EFF0DFE501457DBF0357251883578D
:1010C0006518411106C66373F700BA8703466514B5
:1010D0001397070189464183631BD606856693866D
:1010E00006A96373D700B687139707014183835717
:1010F00025196387E70085472319E518230EF506B0
:101100000357E5178357A5186373F700BA8703469B
:10111000751413970701894641836317D6048566C2
:10112000938606A96373D700B68713970701418397
:101130008357E5186387E70085472317E518230ED3
:10114000F506EFF0DFDCB2400145410182808567A2
:1011500013868784E37DE6F883260510938707804E
:10116000F58FD1F7328761B7856713868784E3717E
:10117000E6FC8326051093870780F58FD5FB328721
:1011800045BF0357A50495470356E503B307F70288
:101190008356A50393D537406355B600118F931737
:1011A0003700B3C7D702C207C1832314F504828076
:1011B000832745110D469306F00F03C707000D8BDB
:1011C000A306E5006314C70083C62700A30BD50060
:1011D00003C70700418B2309E50083C71700230BD2
:1011E000F50082808347C500CD9B2306F5008280F1
:1011F000832745110347C50083C70700935637402F
:101200008987B58F858B99C7134787002306E5002B
:101210000145828005458280832745110347C5002B
:1012200083C70700935627408D87B58F858B99E735
:10123000134747002306E50001458280054582806B
:101240008327450E85072322F50E91E78327850E18
:1012500085072324F50E8327850E93F7070891C78A
:1012600085472322F50E2324050E8347A50293F715
:10127000070491CF8357050403578504BA972313B6
:10128000F5048327450A93F7F7BF2322F50A8280E6
:101290008327C50E85072326F50E91E78327050FC3
:1012A00085072328F50E8327050F93F7070891C7B5
:1012B00085472326F50E2328050E8347A50213F73D
:1012C000070409C793E707022305F5028280B727C1
:1012D000002083A787BD0145054791E3828083C62F
:1012E000B7006393E60005059C43C5BF411122C4C6
:1012F00026C22A8491450145B724002006C693845E
:1013000084B4EFF0EEED03D7840A231BA4048547D1
:1013100063FDE704035524198357E4183727002099
:1013200037460F00AA970355479E938787571306A2
:101330000624B3A5A70281463305F502EFC0306548
:10134000835704040357E4058355840583A80409DF
:101350001D8F3307B7028327040905461383F5FF62
:10136000130E80023E9763676600B24022449244A7
:10137000410182803308C603C687FD563A9881E74B
:10138000231BC404DDB76314F4001C40F5DB83AEFB
:10139000C7086398BE0083A60709B306D840B3F612
:1013A000B60263E4A6009C43D9BF09066DBF411194
:1013B00026C2B7240020938484B403D7840A06C6C7
:1013C00022C4854763F3E7042A848357E51803554D
:1013D00025193727002037460F00AA970355479E47
:1013E0009387875713060624B3A5A70281463305C2
:1013F000F502EFC0D0590346540583A80409854679
:101400007D161303800263E7C600B2402244924473
:10141000410182803387660283270409FD553E9788
:10142000C68781E7231BD404CDB76314F4001C40A6
:10143000F5DB03AEC7080328C408631A0E0103A82E
:101440000709B305E84063640701B305074163E496
:10145000A5009C43F9B785067DB7B7270020938781
:1014600087B483D6870A05476371D70E411122C41A
:1014700003A4070906C626C2A28789EB09EC230E3E
:101480000500B240224492444101828003C7D70143
:101490006DFB9C43DDB76314A40000406DD083470F
:1014A000B400D5E30327C4088327C508630DF708F4
:1014B0000347C50193070008AA84631DF7048357F7
:1014C000A403194693050008231AF506231BF50605
:1014D0008357C403231DF5048357E403231EF50437
:1014E00003558500EF30A0358547A38EF40083C7F0
:1014F000C40193F7F707238EF400130584062244F2
:10150000B240924431469305F00F410117F3F91FA1
:10151000670023D88357A503194693050008231AAB
:10152000F406231BF4068357C503231DF4048357D5
:10153000E50303558400231EF404EF30403089474F
:10154000A30EF4005DBF004015BF230E050082808E
:10155000B7270020938787B483D6870A411126C214
:1015600006C622C40547AA846372D71A03278510CA
:10157000098B630D071883A70709BE85ADED03D658
:10158000041901447D581306260205862D067D5553
:10159000A5EB630D04108347B4000357A403D5EBF8
:1015A0008947231CE404A30AF40403570406835761
:1015B00004042285BA97C1071D8B998F231FF40459
:1015C0008357C403231DF4048357E403231EF40448
:1015D000EFF0DFD18327440A93E717002322F40AB0
:1015E0008547230AF4008D47A30EF400B24022443D
:1015F00092444101828003C7D5016DFB8C41BDBF80
:1016000098436394970051D7BA8783A6070903A725
:10161000040963E2E6023387E64083A6C40863F464
:10162000E6003377D7026376A7003A856373C70075
:10163000BE859C43B1BF158F83A6C70863F4E6003F
:101640003377D702E37707FF3A88E374C7FE3E8417
:10165000CDB783D7A403B3F7E702C9FB9D469947EB
:1016600063F5E600935717008D070567231AF40604
:10167000130707C88A076353F700BA87231BF406CA
:101680008357C403035584005D46231DF404835728
:10169000E40393050008231EF404C947A30EF400D5
:1016A0002244B240924441016F306019A5C103D772
:1016B000A40383D7A503B3F7E702A9EB8387C4018B
:1016C00063D607049D46994763F5E60093571700D4
:1016D0008D070567239AF406130707C88A07635323
:1016E000F700BA87239BF40683D7C40303D584008D
:1016F0005D46239DF40483D7E40393050008239EED
:10170000F404CD47A38EF400EF306013238E040061
:10171000F1BDB7270020B726002023AA07C693866D
:10172000C69DB727002003D6860023A007BE835797
:101730006508AA8503270509B387C70237460F0046
:101740001305F62313060624AA97B3D7C702372634
:1017500000200346769A3E96636EC7003306C74064
:1017600003A7C5083715002093869502130525C8E1
:101770006FE00EEBDC423E97D5B7B727002003A7FA
:1017800007C701114AC806CE22CC26CA4EC62A89EE
:1017900059C7BE89B727002003D707BF8547631005
:1017A000F708B72400209387C49D83D7870003548C
:1017B0006908032505099384C49D3304F402B747DF
:1017C0000F001387F723938707243A943354F402C6
:1017D000636B8506B727002083A7479833048540AD
:1017E00082976365A406098C635304000144B727FC
:1017F000002003C5779A83A909C70581637B850407
:10180000098C37450F0013050524B335A40203D610
:10181000840081463305A402EFC0701782999307B4
:1018200000FB2307F9008347990262448545F24093
:10183000D2444249B249B395F500C205C181014580
:1018400005616FE0CEF1DC403E9569B7DC403E9427
:1018500059BF0145E1B7411106C6EF00306019C913
:1018600083278511014581E7B240410182809C4375
:101870000505D5BF7D55CDBFB7270020938787B419
:1018800003A7C709411122C426C206C62A84AE8412
:101890006314A70023AE07088327041281CB0355E6
:1018A0008400014693050008EF20707983574404B3
:1018B00081CB035584004D4693051008EF20307806
:1018C00003558400154693051008EF205077B24069
:1018D000230A9404230504002308040022449244AC
:1018E0000145410182808347A50063830730835708
:1018F0000508411122C406C626C285072310F50833
:101900008347F500230C05002A8413F7270005E719
:1019100003570504954763E4E700014501A89305D3
:10192000E003EFF07FF5A305A4020945B24022448D
:1019300092444101828013F7070239CF93F7F7FDF4
:10194000A307F5008327050A0347B500A305050291
:1019500093E747002320F50A8547631FF702835763
:10196000A5031306204E03274509B387C702B3D743
:10197000E702372700208346679A0347750393865B
:1019800006053307C702B697C207C1832312F508BD
:101990008607BA972311F50883471401858BF5C78D
:1019A0008357E40503570404639FE7208357C40368
:1019B0008355C405034584022310F4068347540568
:1019C000231FB4029205A30BF40283576405F91593
:1019D000B7240020231CF4028357A4059384C49DDC
:1019E000231EF402EFE0EEE00347B40023100408E6
:1019F0008357840383568405631C071803D7840028
:101A0000CC40B387E7021307003293870719B3D797
:101A1000E70203270409D1073E973A866364F7007B
:101A20006364B7003306B7408347D4012328C40852
:101A3000231DD40281C72285EFF07F9703D784004E
:101A40008357A4039306003223110402B387E702ED
:101A500033D6D702B3F7D7029306204E2326C40805
:101A6000B387D702B3C7E7022310F40283570404F5
:101A70002312F4028347F40093E70702A307F4005C
:101A800083471401F99BA308F40083471401898B51
:101A9000B9C70357E41283570404B306F7401396FB
:101AA000060163470612631CF7028147014893044D
:101AB0008413232CF412232E041315469305841249
:101AC000268597E0F91FE780A0752685EF00905ED8
:101AD00083471401A306A412F59BA308F4008347CF
:101AE000140113F7070125C78356C41403570404D0
:101AF0003386E6409315060163CC050C6399E60432
:101B0000BD9BA308F4008347A41491C7898BF9CB2C
:101B100085472303F4148347B41491C7898BF1C715
:101B20008547A303F4142285EFF02FD98347C40718
:101B300099C78327040A93E707102320F40A832711
:101B4000040AA305040293E707202320F40A83472D
:101B5000A40293F70704E38207DC03576404835766
:101B60000404E31CF7DA034704019307A004631598
:101B7000F70085472308F40083278410C18BE38E88
:101B800007D88327440A93E707402322F40A71B356
:101B900085CB03D78400CC40B307F702130700328C
:101BA00093870719B3D7E702032704093E973A86BC
:101BB0006364F7006364B7003306B7402328C408A2
:101BC000231DD402A5BD998F13970701E35F07EA90
:101BD000930580022285EFF03FCAA305A4021305F6
:101BE0008002A9B3230304143DB7A303041425BF43
:101BF0000545828005C541119305200222C406C611
:101C00002A84EFF07FC7FD57A305A4022308040030
:101C1000A303F402B24022444101828082800DC9B4
:101C2000411122C406C68347F5002A849305E003C8
:101C3000898B91C3A145EFF03FC4FD57A305A402D2
:101C4000230804002304F402B240224441018280AC
:101C500082808327050A411122C406C626C24AC0D3
:101C60002A846380073613F7270019CBF59B2320BE
:101C7000F50A03558500194693050008EF20303C0E
:101C80008327040A13F747004DC7ED9B2320F40A6E
:101C90008347A40293F7070491CF83278410C18B55
:101CA00099C78327440A93E707402322F40A228531
:101CB000EFF02FCD0347B400854703464401835618
:101CC00024066319F74A8357A4031307204EB387EA
:101CD000E70203274409B3D7E70237270020034769
:101CE000679A13070705BA97C207C1830347B4026F
:101CF0002312F40886072311F4089307000819C378
:101D000093070004230EF40019E68347A40293E727
:101D100017002305F40281EA035584000D4693055C
:101D20000008EF20D03123110406230A0400A30E7B
:101D300004008327040A13F787000DC303558400AA
:101D4000DD9B2320F40A154693050008EF20302F71
:101D50008347A40293E747002305F4028327040A7C
:101D600013F7070139C7BD9B2320F40A8347D40426
:101D700003558400214689C7A30604041306000303
:101D800093051008EF20B02B8347C40489CF832725
:101D90008410C18B89CB8355A40422859205C2058A
:101DA000C181EFF0CF818347A40293E71700230599
:101DB000F4028327040A13F7070415CB0347F4043E
:101DC00093F7F7FB2320F40AA14763FBE70083475F
:101DD000B40099E78327440A93E707012322F40A12
:101DE00003558400314693051008EF2050258327C2
:101DF000040A13F7070245CB8346B40093F7F7FDB7
:101E00002320F40A0327C4108327841099EA137748
:101E1000070801CB0327440A37064000518F2322CD
:101E2000E40A93F7070263820738ADE28357E417A9
:101E30000357E4186304F702834674140947639058
:101E4000E6360567130707A9637AF7008327440A74
:101E5000056713070780D98F2322F40A83572418B4
:101E6000035724196304F702834664140947639BEC
:101E7000E6320567130707A9637AF7008327440A48
:101E8000056713070780D98F2322F40A03558400BE
:101E9000114693050008EF20901A8347A40293E7A8
:101EA00017002305F4028327040A13F7071005C758
:101EB0000355840093F7F7EF2320F40A230E04065A
:101EC0001D4693050008EF2090178347A40293E76F
:101ED00017002305F4028327040A13F7070809CF24
:101EE0000355840093F7F7F72320F40A13067005CF
:101EF00093051008EF20B0148327040A13F7072076
:101F00001DC793F7F7DF2320F40A2285230F04006F
:101F1000EFE0FFFF03558400314693050008EF20F2
:101F200010128347A40293E717002305F4028327C6
:101F3000040A139727016357070079777D17F98FF4
:101F40002320F40A8327040A13970701635A07041E
:101F5000B727002003C5B7B483450403EFE0FE9F15
:101F60008357A4031307204E232AA408B387E7024C
:101F700037270020B3D7A7020345679A61777D17FB
:101F800013050505AA972312F4088347A40293E7D3
:101F900017002305F4028327040AF98F2320F40A8B
:101FA0008327040A858B91CF8347A4028345440588
:101FB000228593E717002305F402EFF0FF8BA305BA
:101FC000A4028347A400B9C38327041299CF83478F
:101FD000A40181EF03558400014693050008EF201A
:101FE000100601E58547230DF4008357440499CF7B
:101FF0008347140381EF035584004D469305100871
:10200000EF20F00301E58547A308F4028347A4020B
:10201000E1CB918B91CF03460401C165938505A067
:102020002285EFE03FDF8347A402ED9B2305F40206
:102030008347A402858B8DC3034574029307F00F79
:102040006307F500EFE04EC0FD57A303F40283479A
:10205000A402F99B2305F4028347A402898B91CF44
:102060008355E403034584029205F915EFD07EF809
:102070008347A402F59B2305F4028347A402A18BA6
:1020800085C38355E4030D4622859205F915C205E3
:10209000C181EFE03FD88347A402DD9B2305F40212
:1020A0008347A40213F7070101CF0345640293F7A6
:1020B000F7F82305F402EFE02EB9FD572303F402ED
:1020C0008347A40213F7070201CF8355A4040345F5
:1020D000640293F7F7FD2305F4029205EFD07EF139
:1020E0008347C40193F7070C89CB0347B4008547A6
:1020F00022856313F70CEFF0AFC583570404ADC717
:1021000013074006B3F7E702A5E3B727002083A72C
:10211000C7C6B7240020938484B4898BB1C3372900
:10212000002013090999032709031DCB83D7040154
:1021300083D524012545C207DD8D02978327090336
:1021400083D5E40029458297832709038315240357
:102150002D458297832709038305440331458297E0
:102160002397040023A80400B24022449244024969
:102170004101828093070004230EF40019E683478F
:10218000A40293E717002305F402E39006BA03556F
:1021900084000D4693050008EF20606A79B61307A6
:1021A00080145DB113078014C1B98327440A7D7779
:1021B0001307F77FF98FC9B9EFF02FAA3DBF0111BF
:1021C0004EC6B7290020938789B422CC03A487097F
:1021D0004AC8372900209307C99D83D7870026CA9C
:1021E000835464080325040906CEB384F402B74778
:1021F0000F001387F7239387072452C456C25AC08F
:10220000938989B41309C99DBA94B3D4F402636F56
:102210009502372A002083274A98B3049540829775
:1022200063EAA402898C63CB040283570404A30FDE
:10223000040085072310F4048347041463900712F5
:10224000228597F0F91FE78040AB31AA8327490028
:102250003E95C1B783274900BE94E9B783274A98C2
:102260008297032784086366E50A198D8357E40380
:10227000035789008E07B387E7021307003293875D
:102280000719B3D7E70263EBA708B74A0F00138B10
:10229000FA23938A0A248357040485072310F4043D
:1022A0008347041491E7228597F0F91FE780E0A4A3
:1022B0002285EFF04FE36318052483260409832762
:1022C000C40803274900B6973E8563E4D70063E45A
:1022D000E7003385E7408347F401835464082328EB
:1022E000A4088507A30FF40083578900B384F40280
:1022F000DA94B3D45403636B9504B30495408327F5
:102300004A98829763E8A4043385A440E34505F81E
:1023100029BF83274900998F3E9589BFA145228512
:10232000EFF08FD5A305A402B727002003A3079CD5
:10233000630B031C6244F240D2444249B249224A30
:10234000924A024B8945154505610283B3049740C3
:10235000AA9475B783274900BE947DB7228597F06C
:10236000F91FE780E0A32285EFF0EFD7631D051882
:102370000355890083576408B7460F001386F62378
:10238000B387A7029386062403270409230B0402BC
:10239000832A4900B297B3D7D7026360F718B3070F
:1023A000F7408326C4082324F408014BB387E600D2
:1023B000BE8463E4D70063E45701B3845741835775
:1023C000040223289408B1CB835604040357440223
:1023D00037460F002312D4023387E640B387E70263
:1023E000035724021306062481468145BA97C20783
:1023F000C1833385A7022311F402EFB0505911CDE8
:102400002695B3349500AE94AA8763149B00636449
:102410005501B30755412328F40883274A9882972A
:10242000AA8483274A988297E30D95FE83274A98CA
:1024300083248408829763E7A40E3385A44063074E
:10244000050E035A890083576408B7440F001387A9
:10245000F423B387470393840424BA97B3D797022E
:10246000372700200347779ABA9763E1A70CB33563
:102470009502035924025286814633059502EFB036
:102480001051B30AA9003305490337460F0013065C
:10249000062481468145EFB0904F05C1B3379502C0
:1024A00052868146B385B4023385A402BE95EFB04F
:1024B000104E3305A9402311A4023545EF40C02733
:1024C00023AC89080347B4008547631DF7009307D1
:1024D00000FD2307F400B727002003A587C7814527
:1024E000EFE0AE94B7270020938747C81547A38332
:1024F000E700B727002083A7C7CA37071000860A5E
:1025000098C723A85707F2406244D2444249B249CF
:10251000224A924A024B05618280B3065701B38773
:10252000F64041B583274900BE9401BF23AC09089A
:102530008347940285456244F240D2444249B249FD
:10254000224A924A024BB395F500C205C18101456A
:1025500005616FD0DEA0411122C406C62A848327FC
:102560008411CDEB83270412E1EB0325041109C587
:1025700097E0F91FE78040BB034574029307F00F13
:102580006304F500EFD05EEC034564029307F00F9F
:102590006304F500EFD05EEB034584029307F00F70
:1025A0006304F500EFD05EEA034594029307F00F51
:1025B0006307F500EFD05EE9FD57A304F40203556D
:1025C00084008D24B7270020938787B403D7870A18
:1025D00015EF37270020232A07C6372700200327B7
:1025E000079E23A2E70AB727002083A7879999CFE0
:1025F0003724002013048493085009C997E0F91F79
:10260000E78080B22320040223220402B240224445
:1026100041018280C84309C597E0F91FE780C0B037
:102620008327841103D7A700136707F02395E700DA
:102630009C43232CF41025B7C84309C597E0F91F24
:10264000E78080AE8327041203D7A700136707F043
:102650002395E7009C432320F41229B7B7270020D5
:1026600083A787BD99E33E85828003D78700E30C6B
:10267000A7FE9C43C5BFB727002083A787BE372787
:102680000020C1668345F799FD16014703D6A700D0
:102690006309A6006307D6000507C107E3D8E5FE76
:1026A00081473E858280411122C4372400201304D3
:1026B00084B48327040A06C626C2A1EBB7240020EF
:1026C0000355E4029384049983C7F40013051502AB
:1026D00015858507160592073E95420541819305AC
:1026E000B02097E0F91FE780E09505C183C6F400AC
:1026F0002320A40A81471387160012072A9713067E
:1027000040F5930520F563D7F600B2402244924489
:102710004101828099EB2315B50058C18507C20796
:10272000A3040500C1834105F9BF2315C500232279
:102730000500EDB74111930530261305801906C633
:1027400022C426C297E0F91FE780C08F13068019C4
:1027500081452A8497E0F91FE780A0B3014505CCA5
:10276000B7240020938784B483A60709938484B494
:1027700095CA36878547035687006304F6061843D3
:102780007DFB2314F400B9E3228597E0F91FE7806D
:10279000A09903558400B2402244924441018280B2
:1027A0003687D1BF85472314F40023A8840823AAC1
:1027B00084082394F40AEFF01FEF83A7440923A0B1
:1027C00007002305040023070400E1B783A7440999
:1027D00080C383D7840A23AA840885072394F40A34
:1027E000E9BF138717009317070113160701C18369
:1027F000E35806FA814771B7B7270020138787B4DB
:102800000325070A411122C406C6138487B409C5EB
:1028100097E0F91FE78040912320040AB240224448
:1028200041018280411122C437240020930784B4DF
:1028300083A6070906C60147B687130484B4B1CB43
:1028400003D68700631BA60405EB98422328E408FF
:102850003E8597E0F91FE780208D8327440923A058
:1028600007008357840A9DE3EFF01FF9232804082B
:10287000B240224441018280832644096395F600D8
:10288000232AE408F1B7944314C3D9B7FD172314DE
:10289000F40A8357840AE9FFC1BF3E879C4345B7CA
:1028A0003725002071468145130585BD17E3F91FC3
:1028B0006700239E83471500034725008346450094
:1028C000A2074207BA9703470500FD8A0548BA9751
:1028D000034735009305000201456207BA97014797
:1028E0003316E8007D8E01C605051375F50F050743
:1028F000E318B7FE8147214633D7F640058B01C761
:1029000005051375F50F8507E398C7FE8280011151
:1029100052C656C4032A8513832AC51322CC26CA5D
:102920004AC806CE2A84A30B0512A30605128144C9
:102930001309500226865285D685EFB0900205898C
:1029400011C58347D4128507A306F4128504E393C7
:1029500024FFF2406244D2444249324AA24A05610D
:102960008280834665010D47AA876384E60005459A
:1029700082800327451103464700A305C50203478C
:1029800037006316D7020347B50075F30347050107
:10299000930600026307D7009306300201456317D0
:1029A000D700130760022388E70001458280BD46F7
:1029B0006310D7020347050193060004014513770E
:1029C000B70FE315D7FE130750042388E700828072
:1029D000B946631AD7008346050113070003E3983D
:1029E000E6F80547C9B7D1466317D7008346050106
:1029F00013070005EDB7D9466318D70283460501D2
:102A000013075005E395E6F60327050A1367072029
:102A10002320E50A05472308E50003C717011367CC
:102A200007F8A388E70051B7E946631BD700834640
:102A3000050113075006E39CE6F21307A006A5B7AD
:102A4000FD46631BD700834605011307A007E390EB
:102A5000E6F2130710F881BF93063002E319D7F0AE
:102A60008346050113075008E393E6F00547230862
:102A7000E5000347A502136717002305E50271BFB0
:102A8000832705110947A30AE50095C32381E700C1
:102A900003474505A381E7008347A50293E7870025
:102AA0002305F502F1472308F500014582801D4505
:102AB00082808547A30AF5008327051191CB15472E
:102AC0002381E7009307B0022308F50001458280C7
:102AD000054582808547A30AF5008327051191CB20
:102AE00019472381E7009307D0022308F500014529
:102AF0008280054582808947A30AF5008327051156
:102B000081CF1D472381E700832705110347D502A5
:102B10000145A381E7008280054582808547A30A9D
:102B2000F5008327051191CB2D472381E7009307FB
:102B300070032308F5000145828005458280032744
:102B400005119947A30AF500B1472301F700B727FC
:102B50000020938787B483D64701A301D70083C69B
:102B600067012302D70083D66701A182A302D700A1
:102B700083C687012303D70083C79701A303F70008
:102B80008347E50213F7070409CF9307A00323083F
:102B9000F5008347E50293F7F7072307F5020145A0
:102BA0008280858BFDD78327050AA30505022307AD
:102BB000050293E707042320F50AE1BF8947A30A2A
:102BC000F5008327051181CF35472381E70083274F
:102BD00005110347B5020145A381E7008280054541
:102BE00082808D47A30AF5008327051191CF4547C1
:102BF0002381E7000347C502A381E7000347B5022D
:102C000001452382E7008280054582808547A30A2B
:102C1000F5008327051185C349472381E700930702
:102C2000A0042308F5008347A50293E74700230586
:102C3000F50201458280054582808547A30AF5009B
:102C40008327051191C74D472381E7000145828005
:102C50000545828083270511D9C32547A30AE500CE
:102C600051472381E7000347C5178355E51785665C
:102C7000A381E7000347D51793868684035625185A
:102C80002382E70003470518A383E70003471518CD
:102C90002384E7002E8763F3B6003687420741831B
:102CA000A382E700856621832383E70093868684D9
:102CB000328763F3C600368742074183A384E70067
:102CC00021832385E7008347A50293E74700230577
:102CD000F502930700052308F500014582800545AC
:102CE0008280032705118D47A30AF500D9472301E8
:102CF000F70083464514A301D70083475514918AF2
:102D00002302F70003572519B1C69306F034814713
:102D100063FDE600930787E80357851415CB858785
:102D2000938757FD8D87C207C1830357051963F346
:102D3000E7003E878347A5022307E50493E74700A2
:102D40002305F502930750052308F500014582800D
:102D50008D87F9B7858B99C7930707FB2147B3C7C1
:102D6000E702D1B79307C7FB1147D5BF032705116A
:102D70008D47A30AF500DD472301F700834745147B
:102D8000A301F700834655142302D7000347B51467
:102D9000F98F93F6470003572519B1C69306F0340F
:102DA000814763FDE600930787E80357851415CB39
:102DB0008587938757FD8D87C207C1830357051900
:102DC00063F3E7003E87930780052308F5008347F8
:102DD000A5022307E50493E747002305F502014513
:102DE00082808D87F9B7858B99C7930707FB2147A9
:102DF000B3C7E702D1B79307C7FB1147D5BF8326F7
:102E000005118D47A30AF500E5472381F6008347A6
:102E10007514034665140547B317F7003317C70049
:102E2000D98FA381F600834715142382F6008347C8
:102E3000A50293E747002305F50293070006230840
:102E4000F50001458280411126C28324051106C682
:102E500022C4B547A30AF500A9C091472A8423815B
:102E6000F4009305051721461385340097D0F91F08
:102E7000E780003B1385B40011469305841797D073
:102E8000F91FE780E039930720022308F400014589
:102E9000B24022449244410182800545D5BF832738
:102EA0000511A1C7411122C406C62547A30AE500A2
:102EB0002381E7002A84032505119305840F214609
:102EC0000D0597D0F91FE780A0358327040AA305D5
:102ED0000402014593E707022320F40A85472308EB
:102EE000F400B24022444101828005458280A5471A
:102EF000A30AF50083270511A9C3411122C406C600
:102F000039472381E7002A84032505119305840F9F
:102F100021460D0597D0F91FE78080308347A40232
:102F2000014593E747002305F402930700032308B4
:102F3000F400B24022444101828005458280E1478D
:102F4000A30AF50083270511D9CF411122C406C673
:102F50003D472381E700034745072A8493058506FB
:102F6000A381E7000347550731462382E700034763
:102F70006507A382E7000357650721832383E700E2
:102F80000347A505A383E7000357A50521832384F1
:102F9000E7000347C505A384E7000347D50523855C
:102FA000E70003574506A385E70003476506238628
:102FB000E700035765061385E7002183A386E70032
:102FC00097D0F91FE780C0258347A402014593E706
:102FD00047002305F402930700042308F400B240DD
:102FE00022444101828005458280E147A30AF50021
:102FF00083270511C9CB411122C406C6414723814D
:10300000E700034745072A8493058506A381E70067
:103010000347550731462382E70003476507A3822C
:10302000E7000357650721832383E7000347A505CE
:10303000A383E7000357A50521832384E700034703
:10304000C505A384E7000347D5052385E70003579B
:103050004506A385E700034765062386E700035777
:1030600065061385E7002183A386E70097D0F91F43
:10307000E780001B930740042308F400B240224479
:10308000014541018280054582808325451141111A
:1030900026C206C622C483C7450003C7350005689B
:1030A000A207D98F1387A7FF420741839306A8C7BA
:1030B000F94463E2E60C03C7650083C655001308B4
:1030C00008C82207558FF9446367E80A6365F70A61
:1030D00003C6850083C675002206558E9306301FF1
:1030E00063EBC60883C6A50083C89500A206B3E6B5
:1030F00016016362D808130816003308F802939883
:103100003600635A180783C8B5001398080113588E
:10311000080163840800636007078358A50381449E
:10312000639D1701631BF7008358C5036397C800AD
:103130008354E503958C93B41400231DC504231A0E
:10314000F506231BE506231ED5042312050783C7B6
:10315000D50003C7C5002A84A207D98F2313F5061B
:103160003146B9051305850697D0F91FE780400B56
:103170009147A30EF400B2402244268592444101B7
:103180008280832745111303000E03C6470003C73F
:1031900037002206598E130756FE420741836367A4
:1031A000E30683C6670003C757001168A206D98EDD
:1031B000138786EB42074183130888146368E80489
:1031C00003C7870083C87700220733671701930876
:1031D00057FEC20893D80801636A130383C8970097
:1031E00083C7A700A207B3E71701938887EBC2083C
:1031F00093D80801636C18012312C5182313D5183E
:103200002314E5182315F5186FD01FD605458280C5
:103210008346B5000547AA8705456395E60C83C636
:10322000670131470545639FE60A03A747118346B7
:103230003700A38AD7048346570003464700A206F7
:10324000D18E239BD7048345770083466700A20570
:10325000D58D239CB704034697008346870022063A
:10326000558E239DC7048346B7000345A700A206D9
:10327000C98E239ED7040345C7000347D700220702
:10328000498F03D5A703239FE7040147631BB500BC
:1032900083D5C7036397C50003D7E703158F13379B
:1032A00017002391E70603C7070193060004630490
:1032B000D702930640046315D70005472388E7002B
:1032C00003C717019546A38ED700136717F8A38885
:1032D000E7000145828003C7A70213671700238513
:1032E000E702E1BF8280034765018947631DF7005C
:1032F0008327451183C73700230AF504F5472308C0
:10330000F500014582801D4582808347B5002A87EC
:10331000D9EB83466501B54705456397F6088346B3
:103320000701930700026391F608832747110145BF
:1033300083C6570003C64700A2064206B29603C6DC
:103340006700B29603C637006206B2962320D70CF8
:1033500083C6970003C68700A2064206B29603C63C
:10336000A700B29603C677006206B296232ED70A4C
:1033700083C6C70003C6D700A2064206B29603C69C
:10338000B70083C7E700B296E207B6972320F70E8F
:103390008347170193E78700A308F70093073002DC
:1033A0002308F7008280054582808347B5009DE3AE
:1033B000034765018547631DF70083460501130731
:1033C00030026397E6009307C0022308F5008147A7
:1033D0003E8582808547EDBF834665010547AA8704
:1033E0000545639CE60203C707019306B002631A12
:1033F000D7001307E0022388E700A38507020145F1
:1034000082809306D00205456319D7001307E002B6
:10341000A38507022388E700DDB7828003476501A3
:103420008947631EF704E947A305F5028327451181
:10343000394783C737006392E702034705019307C3
:103440000003631EF7028327050A93E70702232080
:10345000F50A85472308F50049A83D476393E7022D
:103460008327851003470501F59B2324F510930757
:1034700000046316F700930760042308F500014574
:10348000828049476391E704034705019307A0043D
:10349000E317F7FE85472308F5008347A50293E766
:1034A00017002305F5028347150193E707F8A308E2
:1034B000F50083270510C18BF9F383278510BD9B89
:1034C0002324F5106DBF51476398E70203470501B8
:1034D00093070005E315F7FA85472308F5008327CE
:1034E000050A93E707102320F50A8347150193E7A0
:1034F00007F8A308F50061B75947639DE700034744
:10350000050193075005E31CF7F68327050A93E7A7
:10351000072035BF6947639FE7000347050193070D
:103520005006E31EF7F48327050A05671307078093
:10353000D98F31BF7147E384E7F47547639CE70097
:103540000347050193075007E31BF7F28327050A9A
:103550002167F9BF13073002E393E7F20347050140
:1035600093075008E31DF7F085472308F5008347CC
:10357000A50293E717002305F50285BF0347B500B1
:1035800085476311F70203476501631BF700034793
:1035900005016317F700930760032308F5008147CF
:1035A0003E8582808547EDBF834665010547AA8732
:1035B00005456393E60603C7070193067003631589
:1035C000D70203C7A702238607049376070499C688
:1035D0001377F7FB136707012385E70213078003BF
:1035E0002388E70001458280930650030545631553
:1035F000D702130780032388E70003C7A7022386A7
:10360000070401459376070481CA1377F7FB136714
:1036100007012385E702828082800347650199477D
:10362000631EF7080327451183473700A307F504F6
:103630008347570083464700A207D58F2318F50418
:1036400083477700834667001307A003A207D58F3F
:10365000834605012319F5048347E5026395E604D3
:10366000858B99CB8327050AA3050502230705024D
:1036700093E707042320F50A8347A50293E7170081
:103680002305F50285472308F5008347150193E7D5
:1036900007F8A308F5008347E50293F7F7FB230734
:1036A000F50201458280E207E187E3D007FE832728
:1036B000450A93E707042322F50AC1BF0545828026
:1036C0000347650189476304F70005458280832726
:1036D00045111307000483C73700A305F50283478C
:1036E000050193F6B70F6397E6009307500423088C
:1036F000F50025A0130750056393E7028327050A09
:1037000093E707202320F50A85472308F500834720
:10371000150193E707F8A308F50001458280130718
:1037200050066395E7009307A006D1B7130750082A
:10373000639CE70085472308F5008347A50293E7CC
:1037400017002305F502E1B70347B5003DFF130756
:1037500000026386E700130730026395E7009307D2
:10376000600271B71307A007E391E7F6930710F81B
:10377000BDBF834665010547AA8705456394E604F6
:1037800003A787100545418B15CF03C707016318B1
:10379000A7001307B0042388E700014582801306C1
:1037A000A004631AC70003C7A7022388D7001367C2
:1037B00017002385E70203A7870A1367070423A4DA
:1037C000E70AE1BF8280834665010547AA87054570
:1037D0006393E60283C607011307A0040545639CB3
:1037E000E60003C7A7022388A70001451367170057
:1037F0002385E70282808280034765018D47631F2E
:10380000F718834715018D8B91EB834605012147FE
:10381000938706FC93F7F70F6361F702D9472306F6
:10382000F5029307A002A305F5028327850A93E713
:1038300027002324F50A014582808347B50003262B
:10384000451163900714930750056398F600D94714
:103850002306F50293073002F9B7B72700209387B4
:1038600087B48345460003C7A70383C7B7038348CC
:1038700065146D8F2305E51403463600F18F054668
:10388000A305F514331616016314C70023050514A8
:10389000034875148545B39505016394B700A305E6
:1038A00005140347A5148347B5145DCFD9CB937591
:1038B0002700B1C113F627001DCE93072020231542
:1038C000F5140347A5148547B39717016314F70050
:1038D000230505140347B5148547B39707016314FF
:1038E000F700A305051485476398F608930760055C
:1038F0002308F50089B71376470001CA13F3470080
:1039000063050300930740405DBF058B19C713F79C
:10391000170001C7930710105DB7094781E51147EC
:1039200011E205472305E51413F7270009C7894766
:10393000A305F51479B7918B99C39147D5BF8547F6
:10394000C5BFB3570741858B81C72305B51495BF04
:103950009377270089C789472305F5149DB7118BF5
:1039600091477DFB8547CDBFA9DF33D71741058B35
:1039700045DFA305C514B1B78327850A93E7071070
:103980004DBD85476397F60083474600A305F514B0
:10399000B1BF8327850A93E7072061BD0545828073
:1039A000834665010D47AA8705456394E61483C6DF
:1039B0000701130750050545639DE61203C7B700CD
:1039C0006319071283C6471403C7571403A6471188
:1039D00033F5E6008345460019ED6396B6000345CE
:1039E0003600630AE5002395071413077005238842
:1039F000E70001458280ED8E2385D714034636000B
:103A000003C86714718F0546A385E71433160601B2
:103A10006394C6002385071403C577148545B395C1
:103A2000A5006314B700A385071483C6A71403C7B2
:103A3000B714C5CA41C793F526009DC91376270060
:103A400005CA130720202395E71483C6A71405474A
:103A5000331707016394E6002385071483C6B71460
:103A600005473317A700E392E6F8A3850714B5BF0F
:103A700013F6460001CA93784700638508001307D0
:103A80004040D1B7858A99C69376170081C613073F
:103A9000101055BF894681E5914611E28546238580
:103AA000D7149376270089C60947A385E71471BF09
:103AB000118B19C31147D5BF0547C5BF33D7A640E2
:103AC000058B01C72385B71449B713F7260009C72B
:103AD00009472385E71495BF918A1147FDFA0547E9
:103AE000CDBF25D7B3560741858AC5DEA385C71448
:103AF000A9BF82808346B5000547AA870545639F15
:103B0000E60683C66701154705456399E60603C7C0
:103B10000701930650056306D70093068005631FCF
:103B2000D70403C7A70283A547111367170023858E
:103B3000E70203C645001147636EC70083C6350020
:103B4000636AD7001307F6FF1385F6FF718F758D33
:103B5000498F11C705472388E7000145828003C7C5
:103B6000650003C555002385C7142207498F239696
:103B7000E714A385D7141307A005F1BF82808347FC
:103B8000B50095E3834665010D478547639BE600D5
:103B9000034705016317F700930710062308F50094
:103BA00081473E8582808547EDBF83270511DDC3B0
:103BB0002547A30AE50055472381E7000347C517BA
:103BC0008355E5178566A381E7000347D5179386DC
:103BD0008684035625182382E70003470518A3832C
:103BE000E700034715182384E7002E8763F3B60028
:103BF000368742074183A382E700856621832383BA
:103C0000E70093868684328763F3C60036874207CF
:103C10004183A384E70021832385E7008347C50709
:103C2000A305050299C78327050A93E707102320F8
:103C3000F50A8327450A13974701635807007D77E4
:103C40001307F77FF98F2322F50A85472308F5002C
:103C500001458280054582808347B500EDE741112B
:103C600022C406C603476501E1472A840545631857
:103C7000F70C03470401930700046312F70C832534
:103C8000441105659306A5C703C7450083C73500E2
:103C900022075D8F9307A7FFC207C18363ECF60875
:103CA00083C7650083C65500130505C8A207D58FD5
:103CB0006362F50863E0E70803C6850083C6750004
:103CC0002206558E9306301F63E6C60683C6A500FE
:103CD00003C89500A206B3E60601636DD50413057B
:103CE00016003305E502139836006345A80403C89F
:103CF000B5001315080141816304080063ECA702B5
:103D0000231DC4042312A406231AE406231BF4066D
:103D1000231ED40483C7D50003C7C5003146A207BC
:103D2000D98F2313F406B9051305840697C0F91F2C
:103D3000E780004F930770042308F4000145B24068
:103D400022444101828005458280411126C206C677
:103D500022C403476501E14785446318F7048327BC
:103D600085102A848544898BA9C38347B500639154
:103D70009706EFF08FB183470401A305A402639770
:103D80009700930710042308F40039A813070004D0
:103D90006393E702930710042308F4008347A40207
:103DA00093E717002305F4028144B240224426859C
:103DB0009244410182808327040A93E7270023204D
:103DC000F40A8347140193E707F8A308F400E9BF56
:103DD000834715018D8B99CF9307A002A305F402A9
:103DE000BD472306F4028327840A93E72700232490
:103DF000F40A5DBF8347050163979700EFF0EFA8D2
:103E0000A305A402BDBF130700026390E702EFF011
:103E1000CFA7A305A402814449F98327440A3707A1
:103E20000080D98F2322F40A49B713070004E39EC8
:103E3000E7F6930730025DB7411126C206C622C4D9
:103E40008347B5008544A5E703476501A547854439
:103E5000631FF7048327850FA18BB1CB8325451101
:103E60002A8421468D051305051097C0F91FE780A8
:103E7000203B83270410B73678089386060DDD8E25
:103E80008327441013E707018327840FF58F23242A
:103E9000F4108327C40FF98F2326F41083470401FD
:103EA000639D9700930710032308F4008144B240F8
:103EB000224426859244410182808327840A93E725
:103EC00007012324F40ADDB7411126C206C622C425
:103ED00003476501A5478544631AF70603470501B3
:103EE0009307000385446313F706832545112A844D
:103EF00021468D051305051097C0F91FE780403254
:103F000083270410B73678089386060DDD8E832745
:103F1000441023089400A305040213E70701832734
:103F2000840F8144F58F2324F4108327C40FF98F65
:103F30002326F4108327040A93E707022320F40AB8
:103F40008347140193E707F8A308F400B240224422
:103F500026859244410182808347B50005476395D9
:103F6000E708411122C406C68346650125472A8415
:103F700005456390E606034704016310F7068325B1
:103F800044112146130504108D0597C0F91FE780E1
:103F9000202983270410B73678089386060DDD8E16
:103FA0008327441013E707018327840FF58F232409
:103FB000F4108327C40FF98F2326F41093071003FE
:103FC0002308F40083471401014593E707F8A30889
:103FD000F400B2402244410182808327840A93E79F
:103FE00007012324F40AF9BF054582800347B50081
:103FF0008547631CF704411122C406C626C2034745
:104000006501A1472A840545631CF70283244411F6
:104010001305841215469385340097C0F91FE78075
:10402000202083C7940003C784000145A207D98FCD
:104030002317F4128347140193E727F8A308F40029
:10404000B240224492444101828005458280034768
:10405000B50085476310F716834665015D47639C8D
:10406000E614011126CA8324451122CC21462A8454
:10407000938534001305751506CE97C0F91FE780A8
:10408000201A83C7C40003C7B400A207D98FA30FA7
:10409000F414A1832300F416EFB0FECB2AC4EFB0D2
:1040A0009ECB2AC62C0013050417214697C0F91F82
:1040B000E780001783C7F40003C7E40013058417E3
:1040C000A2074207BA9703C704012C001146BA970A
:1040D00003C7D4006207BA972324F40C83C73401C2
:1040E00003C72401A2074207BA9703C74401BA973E
:1040F00003C714016207BA972322F40C034714176D
:10410000834724174207A207BA9703473417BA9781
:10411000034704176207BA972320F40C0347541788
:10412000834764174207A207BA9703477417BA97E1
:10413000034744176207BA97232EF40AA24737476A
:1041400003001307D73FB387E70237A726001307FB
:1041500037ECBA973EC497C0F91FE780600C83C75D
:10416000640103C77401A2074207BA9703C7540149
:10417000BA9703C784016207BA97232EF40C03474A
:10418000A417834794174207A207BA9703478417D7
:10419000BA970347B4176207BA972320F40E930720
:1041A00010022308F400F24062448147D2443E8565
:1041B0000561828085473E85828003476501A5476A
:1041C000631EF704411122C406C683460501130786
:1041D00000052A8485476397E602EFE09FFA05E928
:1041E0008327040AA305040293E707102320F40A97
:1041F0008347140193E707F8A308F40085472308D1
:10420000F4008147B24022443E85410182808347C9
:10421000A40293E717002305F402D9BF85473E8522
:10422000828003476501A5476309F7000545828041
:104230000545B24022444101828083278510411107
:1042400022C406C693F707022A84FDD3EFE07FF36A
:104250008547E30FF5FC034704016318F700930754
:1042600010052308F4000145E9B78327840A93E782
:1042700007082324F40AC5BF8347C500A30A050025
:10428000F19B93E717002306F5000325051113356D
:104290001500828001458280411106C6EFE00FBC07
:1042A0000DC10357C5058356A505035665078355FC
:1042B000450703558500EF60F06E0145B2404101AE
:1042C00082800945E5BF011106CE22CCEFE00FB98F
:1042D00031CD0347B50085472A84631CF702B72711
:1042E000002003A707BA094515CF034604038346F8
:1042F00017048358E4030358C4038357A403835566
:1043000084000345B4021307270432C00546EF605A
:10431000D0678347F400A3050402014593E7170023
:10432000A307F400F2406244056182800945DDBFC5
:10433000411106C6EFE08FB219C983450514035534
:104340008500EF6010690145B24041018280094556
:10435000E5BF9375F50F01112E8506CE22CC2EC632
:10436000EFB07FF10DC12A848346C506B2450345EF
:1043700035010546EF6070650145A3090400F24070
:104380006244056182800945DDBF411106C6EF60C8
:104390009063B240014541018280411106C622C4AA
:1043A000EFE0CFAB0DC983467514034665142A842C
:1043B000835585000345B5028506050693F6F60F7D
:1043C0001376F60FEF60F05F0145A3050402B240DB
:1043D0002244410182800945DDBF397106DE22DCBD
:1043E00026DA4AD8EFE08FA769C90347B5008547A9
:1043F0002A846315F708B727002083A407BA094564
:10440000D9C483C704041946898BC1CBCC5483C754
:10441000A500C1C7B105280897C0F91FE78040E093
:1044200083C71404138924041946898BB5CFCA8520
:10443000081097C0F91FE780A0DECC5419469105FB
:10444000281097C0F91FE780A0DD83470403835835
:10445000A40383C614040346B400835584000345B3
:10446000B4023EC48357E4031308010238103EC26D
:104470008357C4033EC03C08EF6050538347F400A9
:10448000A3050402014593E71700A307F400F250C7
:104490006254D2544259216182808145280897C0D4
:1044A000F91FE78000DFADBF8145081097C0F91FF5
:1044B000E78020DE1946CA8561B70945C9BF4111A9
:1044C00006C6EFE0AF990DC10357E5188356C5182E
:1044D000035625198355051903558500EF60D04C07
:1044E0000145B240410182800945E5BF411106C640
:1044F00022C4EFE0AF960DC92A840357C505835641
:10450000A505035665078355450703558500EF60EC
:10451000304983471401014593E74700A308F4009D
:10452000B2402244410182800945DDBF411106C6E7
:10453000EFE0CF920DC1834705160346F5159305AD
:10454000751503558500A2075D8EEF603045014566
:10455000B240410182800945E5BF411106C622C42F
:10456000EFE0CF8F0DC12A84130605108355850017
:104570000345B502EF6050420145A3050402B24075
:104580002244410182800945DDBF411106C622C493
:10459000EFE0CF8C0DC52A840357C5058356A505CA
:1045A00003568505835585000345B502EF60903EAF
:1045B0000145A3050402B24022444101828009451D
:1045C000DDBF01111375F50F06CEEFB0DFCA29C9A3
:1045D000B727002083A707C293F707209DC302C413
:1045E00002C202C081480148814701478146054611
:1045F00081451305C003EF60703B0145F240056142
:104600008280834695031307A50302C081480148B1
:104610008147054681451305C003EF601037F1BFA0
:104620000945E9BFB7270020938787B403A7870808
:10463000094529CB83A7870D011106CE93F70720E3
:104640008DC302C402C202C08148014881470147AC
:10465000814601468145EF607035F24001450561B4
:104660008280835807020358A701835707058346B2
:104670005707014602C01307670781450945EF60E8
:10468000D030E1BF828001458280014582800145B2
:1046900082800145828001458280014582800145FA
:1046A000828001458280411106C622C4034705006D
:1046B000930700086314F70203471500DD4685479A
:1046C00063E4E606B7F706000A0793878781BA977F
:1046D0009C430355250082978147B9A09306100893
:1046E00085476313D70403471500CD466308D70EEB
:1046F00063E3E602A146630DD708B146630DD70A0E
:1047000095466313D70203552500EFD03FF52A8461
:1047100015E9894711A893060003630FD70E63EAD2
:10472000E600E946630FD70CB24022443E854101C2
:10473000828093077005630FF70E930717F0B33766
:10474000F000DDB78327851195C70356450405069C
:10475000420641829C4313071600420741839DE7AE
:104760002312C40401CA835584000545EF60D0209C
:10477000231204040345B402034644058355840010
:10478000EF60501E2285EFD01FDDB9B73A86D9B74A
:1047900003552500EFD09FEC2A8425DD0346C50490
:1047A000835585000345B5023336C000EF60D01B4A
:1047B000A305040215B703552500EFD03FEA2A846C
:1047C00029D903572505835605050346F504835566
:1047D00085000345B502EF607019D9BF0355250068
:1047E000EFD0DFE72A8415D50356450401CA835567
:1047F00085000545EF60501823120404A308040245
:10480000E1BD03552500EFD07FE5E30405F0034546
:10481000B502EF60B016C9B503552500EFD01FE40F
:104820002A84E30805EE835585000345B502EF6051
:104830003015BDBF03552500EF60D01471BD0111C7
:1048400022CC37E400E026CA04404AC806CEB707A7
:1048500020002EC632C42A89FD8C2320F4180F10A4
:1048600000001145EFB00EA61DC5B245224623112A
:1048700025012300B500A300C50023209410B7270D
:1048800000206244F240D2444249AA8503C5B7934E
:1048900005616FB02EB223209410F2406244D244DE
:1048A000424911450561828041114AC037E900E063
:1048B00026C28324090006C622C4B7072000FD8C47
:1048C0002320F9180F100000EFD05FD911E9232041
:1048D00099100945B2402244924402494101828024
:1048E00083270512230D05002A84A5C70347F50079
:1048F000058B19EF03558400014693050008EFF07E
:104900001FF439C9B7E700E023A097100145D9B7D4
:10491000D44303C6C70083C58700035585008906B5
:10492000EF60700605E58327041203D7A700A38470
:104930000700136707F02395E7009C432320F41238
:104940008357240481C7FD172311F404832704121D
:10495000D5F3231104047DB78547230DF4005DB71B
:10496000797122D406D683C735002E842316010020
:10497000A307F10083C74500100802C02307F10018
:1049800083C755008A8502C2A306F10002C402C88B
:1049900002CA02CC02CEEF10C04D0347F10183479B
:1049A000040001456310F7020347E1018347140047
:1049B00001456319F7000345D101834724001D8D8C
:1049C00013351500B250225445618280B72700206C
:1049D00083A787C091E382806384A700DC5FDDBF8B
:1049E000411122C406C68347A5002A8491C79305B6
:1049F000C5006905EFA08FBC8347240191CB9305C7
:104A000044011305A4022244B24041016FA00FBB30
:104A1000B240224441018280AA862E86AA8537555B
:104A200006001305A5A26FB0BE87B7270020138725
:104A300087B40327070C411126C206C622C49384FB
:104A400087B411E7B240224492444101828063045A
:104A5000A700585FFDB78347A5002A8491C7930537
:104A6000C5006905EFA08FB58347240199C7930559
:104A700044011305A402EFA06FB422852244CC5850
:104A8000B240924441016FF03FF901114AC8372901
:104A90000020930789B422CC03A4070C26CA4EC673
:104AA00052C456C206CEAA84014A130989B4930996
:104AB0004500854A65E8930520251305000497B055
:104AC000F91FE78020582A841D4561C483C734003C
:104AD00019469385440013054400A301F40097B0E0
:104AE000F91FE780E073938AA4014146814556850A
:104AF00097C0F91FE780608879E99309A401D685FA
:104B000041464E8597C0F91FE780A083854723055E
:104B1000F400834734009305C4004E8593E72700D3
:104B2000A305F400EFA08FA99384A4024146814518
:104B3000268597C0F91FE780408449ED9307A402BA
:104B4000A6853E854146BE8497B0F91FE780607F09
:104B500085472309F40083473400930544012685E3
:104B600093E72700A309F400EFA04FA5A3000400DA
:104B7000832549032285EFF03FEA63100A062320CC
:104B8000890C232E04028347C90B01458507230E98
:104B9000F90AF2406244D2444249B249224A924A56
:104BA000056182800347340083C734006305F70042
:104BB000228A405C01B74146CE851305440097B078
:104BC000F91FE7802073E31555FF4945D9B7230541
:104BD000040099BF2309040051BF232E8A0255B750
:104BE000011126CAB7240020938784B422CC03A4E1
:104BF000070C4AC806CE4EC6938484B47D5901EC96
:104C0000F240624423A0040C238E040A4249D24499
:104C1000B2490561828003450400EFB0FE8283291A
:104C2000C40323002401228597B0F91FE780C04FF9
:104C30004E84F1B7B7270020938787B4238E070AE5
:104C400023A0070C6FA04FA101114EC606CE22CCA7
:104C500026CA4AC8EFD01FAEAA893DC9EFD01FA00F
:104C60002A84630B050E930710112315F500930793
:104C700000FB2307F5003729002085472308F500AE
:104C80009307099983D7070113074010130909995E
:104C9000A5073E85C207C1836374F7001305401062
:104CA000131705014183930700046374F70013058C
:104CB0000004420593053025418197B0F91FE78034
:104CC00060382328A41009ED03558400EFD09FB568
:104CD000F24062444E85D2444249B2490561828025
:104CE000B727002083A787CAB7240020938484B401
:104CF000232AF41083A7440D03A7040D2285232E35
:104D0000F40E2326F41083D7A403232CE40E2324CB
:104D1000E4102312F414FD572310F4042313F402B7
:104D20002314F4028347E4022313041493E707FCDB
:104D30002307F4028567938787BB2315F404EFC02C
:104D40006FCA034549012301A414EF106071A30148
:104D5000A41423940400ADBF85499DBF01114AC826
:104D600037290020930789B406CE22CC26CA4EC626
:104D700052C42A8403C5370083450403372A002020
:104D8000A307A402EFB07EBD130ACA9D03588A0090
:104D90008357A40393060032B72900203307F80293
:104DA000232AA408130989B43356D7023377D702CC
:104DB0009306204E2326C40837460F001306062408
:104DC0003307D702B387D70233470703B3D7A70206
:104DD0002310E40213870999834467019389099991
:104DE000BE94835784039384C417C2048507B38792
:104DF000D702C180814623129408858FB3B507037B
:104E000033850703EF90A0388327840883264A0060
:104E1000AA9733B5A7002E9501E53E8763E4D70036
:104E20003387D740834774032328E4081307204EB1
:104E3000B387E70286042285BE9423119408EFC04D
:104E4000EF842285EFC0EFB38355E40322859205FA
:104E5000F915C205C181EFB0BFFF2285EFD03FAB8E
:104E6000B727002083A7C7C6232E8908898B91CF37
:104E700083A7090399CB832584093545829783A7A6
:104E800009038325C4093945829722856244231783
:104E9000090023280900F240D2444249B249224A7B
:104EA00005616FC01F87035705088946835745086A
:104EB00063F3E6000947B397E7002313F5086FB0E3
:104EC000BEB8011122CC26CA4AC806CE4EC68347B8
:104ED00065032A84372900208507230BF5028347C1
:104EE0003501B7240020639507488347C5008346F2
:104EF000150113070004BD9B93E737002306F50057
:104F000093978601A30D0500A309E500E18763D906
:104F1000070093F6F607A308D500EFF0EFB539A820
:104F20000327850A93772700BDC783270510759B44
:104F30002324E50A918BA9CFEFD0BFCA0347B40160
:104F400085476310F706832784110347C400DC43B9
:104F50002380E7008327841103475401DC43A380A7
:104F6000E700032784118327C9CA5843B8DF83A702
:104F700004C8B70680009843558F98C3D857719BD3
:104F8000D8D7F2406244D2444249B2490561828096
:104F9000EFD0DFC265B7937717008DC7799B2324C5
:104FA000E50A832704110347C4002380E700832711
:104FB000041103475401A380E7008327C9CA0327CC
:104FC00004116DB7834705018549639137133DC7C8
:104FD0009377070199C73D9B2324E50AEFD03FEC67
:104FE000B1BF9377070281CB1377F7FD2324E50A3E
:104FF000EFD0BFFFA1B79377070481CB1377F7FBFF
:105000002324E50AEFD07FC315BF9377070889CB28
:105010001377F7F72324E50A2285EFE01FB939BF9C
:105020009377072089CB1377F7DF2324E50A2285BE
:10503000EFD0DFD321B72324050AA5B78327450A7C
:105040006381071E13F7070401CB93F7F7FB2322B5
:10505000F50AEFD0DFAEDDB513F7071001CB93F7FC
:10506000F7EF2322F50AEFD09FE8C9BD13F7072019
:1050700011CBCD8ACDE293F7F7DF2322F50AEFD0EB
:105080001FEC6DBD13F7074001CB93F7F7BF232249
:10509000F50AEFD0BFB75DB513974701635B070013
:1050A0007D771307F77FF98F2322F50AEFD09FBA98
:1050B00071B513973701635C0700CD8AA9EE7D7740
:1050C0007D17F98F2322F50AEFD0BFC185BD139755
:1050D0001701635A070071777D17F98F2322F50AAC
:1050E000EFD0FFD1A1BD2322050A65BD8DC71307EF
:1050F00080036388E7206367F70C130770026386F9
:10510000E71E6364F70475476381E71E6367F70072
:105110006D476386E71C228509B513071002638576
:10512000E71E13075002E398E7FE83270510918BD3
:10513000638007208D472306F502EFD09FAA83479F
:105140001401DD9BA308F4009DA21307E002638411
:10515000E71E636FF7021307A002E39EE7FAEFD0A2
:105160005F958347D40491CB41469305C40A130548
:10517000C40C97B0F91FE780A00A8347C404232614
:10518000040E2328040E93E717002306F4047DB3CE
:1051900013071003E384E7E413076003E39DE7F6D6
:1051A00097B0F91FE7800059E30A05D88547A306A1
:1051B000F4042285EFD09F968347C404F99B23060D
:1051C000F404ADBB1307B004638FE718636CF702F8
:1051D000130710046385E70CE37FF7F29387B7FBAF
:1051E00093F7F70F8549E3E8F9F2EFF0EF888327AB
:1051F000040A230834012311040693E747002320FF
:10520000F40A2DBB13076005E383E7E26362F7024C
:1052100013071005E382E7E013075005E39DE7EE6F
:10522000228597B0F91FE780E050E30905D0E5B586
:1052300013078005E386E7FE1307A005E39DE7EC6F
:105240000347A51401CF034665148547B397C700EC
:105250006386E70093E60601A308D5000347B4146C
:1052600011CF834674148547B397D7006388E7004E
:105270008347140193E70701A308F4008347E4017F
:1052800099CB83471401C18B99E78327040A93E7DD
:1052900007202320F40A2285EFE01FFE09A8834798
:1052A000B5028DC705476398E700EFD01FD4854747
:1052B0002308F40061B183270510918BB5C7BD4762
:1052C0002306F4022285EFD0DF91D5B7EFE0DFFAB5
:1052D0008327040A93E727002320F40AC9BFEFD0ED
:1052E0002FFAD947230AF40491B92285EFE0DFF8B9
:1052F0008327040A93E717002320F40A23080400F5
:1053000035B9EFE07FF7DDBF83278510858B81C737
:10531000EFD07FB325B1E947A305F5028327051038
:10532000918B99C38D4769BF2285EFD03F8941B7E3
:10533000EFD0DF8829B58347C5042322050E232437
:10534000050E93E727002306F504EFD0AFF8834757
:105350001401A3050402DD9BA308F4008327040ABB
:1053600093E7070195BFEFD05F8D23083401F9B6AD
:10537000B7270020938787B403D707010507239831
:10538000E7006DBE79714AD037290020930789B4B0
:1053900022D403A487094ECE52CC56CA5AC8B72984
:1053A0000020372A0020B72A002037EB060026D23B
:1053B0005EC606D662C466C26AC0814B130989B450
:1053C000938449C8130ACA9D938A0A99130B0B7BCD
:1053D0008347E4001307000D6393E71E372C00207A
:1053E0008327CCCA98430D8B0DC737270020230194
:1053F0000798B84B1377F78FB8CB9843136787009C
:1054000098C39C438D83858B89C7010001000100EF
:10541000010097B0F91FE780605E8347C404858B65
:1054200089C7A2850545EF00506B372D00208326E4
:105430000DC88347241437060082D85693958701F8
:105440007D1693F7F703718FE607D98FDCD6B72C5B
:105450000020E1851307A00383A70CD06350B71089
:10546000F84F37060007518FF8CF832784090327A9
:10547000CCCA9CC68327C409DCC25C4393E71700EF
:105480005CC38355C41895470356E418910503453A
:105490007414A383F400C205930710FD2307F400DE
:1054A000C181930700FC2382F9C8EF104012034624
:1054B000741485468357240803576408631AD60C6E
:1054C000938757030326CCCA0607BA975446017739
:1054D0007D17758F58C60F1000000327CCCA3706FA
:1054E0000200860710C7130600F82382C4007CD38D
:1054F00054C70326CCCAA38204008547A3800400B6
:105500001CC28346C40483270DC803A70CD0858A18
:10551000D9C29443B705330093F6F6CF94C39443AE
:1055200093F6F6CF93E6062094C31447CD8E14C7A6
:10553000B70603009386861734CA5457F59A54D792
:10554000034764139376F7079843137707F8558F4B
:1055500098C397C0F91FE78060E19DBD1307200243
:10556000635AB700F84F370600F97D16718F37067A
:105570000005D5BD370700F91306F7FFF84F694559
:10558000718F37060003E340B5EE37060001E1BD39
:105590009387970405BF9443B705330093F6F6CF7E
:1055A00094C3944393F6F6CF93E6062094C314472E
:1055B000CD8E14C7B706030093868615B5BF1307B3
:1055C000100D639FE75683C749C8858B6380074CDE
:1055D00083C749C8E207E18763D4070C8347F40017
:1055E00003CC6A0193F7070285C38357A40313070B
:1055F000204EB387E70203274409B3D7E702130716
:105600000C05BA972312F40803554408035D8A0079
:1056100037460F0013059504B325A50381461306ED
:10562000062483ACC4013305AD02EF805036032756
:10563000C40883264A003305A74033079501BA857D
:105640006364A7006364D700B305D7400327040948
:105650006362B71603566408835724080D8F131529
:105660001600AA97B387A70337450F001308F52341
:1056700013050524C297B3D7A7026366F700B38763
:10568000F64063F4E7002328B408420C9357160051
:10569000135C0C0163E287132313F408231004083E
:1056A0008345C404032544119306240313064403CD
:1056B000858997C0F91FE780A0CE8347440303473D
:1056C00069042383A400998F230AF40283C764002A
:1056D000858B6396072A8347A40293E72700230557
:1056E000F40283C749C8E207E18763D3070283470F
:1056F000641313D7370093F6770022978547B39743
:10570000D7008346071393C7F7FFF58F2308F712D7
:105710008347F400898BE9C32285EFB07FAD4DED5F
:105720008347F400A309040093E74700A307F400AC
:10573000832784118DCF0347B40115CB03C797008E
:10574000058B15E703D7A700C843136707F0239518
:10575000E70097B0F91FE780209D83574404850731
:105760002312F404832784119C43232CF4108347D1
:10577000540181CB8347C404898B81C72285EFB054
:105780003FAC8347040113072002639AE702832793
:10579000040AA305040293E787002320F40A834741
:1057A000140193E78700A308F4009307400223083D
:1057B000F4001DA0369779BD23138409C5B51307DE
:1057C0000006639BE70A85472308F4008347A40289
:1057D00093E717002305F40283C76400898BE5C7AC
:1057E0008347C404858BE5C3834794018507A30CD5
:1057F000F4008347F40013F7270029E393E7270019
:10580000A307F400930700F8230EF4008357A403C2
:105810001307204EB387E70203274409B3D7E702F3
:1058200003C76A0113070705BA97C207C18323128A
:10583000F40886072311F408232E09082285238201
:1058400009C8EFF00FE8834554010345641491053E
:10585000EF00704D83475401638A071E8347C404D9
:10586000898B6385071EA2850145EF00501F6303E6
:105870000512EF0010646DA413077006639BE70226
:10588000B727002003A707C83C57ED9B3CD72385CB
:1058900004003717004083578701C607C583231CC0
:1058A000F7008347C40093F7F7FD2306F40085470C
:1058B000FDBD7147E392E7F28327040A93E71700DF
:1058C0002320F40A11BF2285EFB01F951DF1A30C10
:1058D00004002285EFB0DF8D83471401A18B85CFB3
:1058E000834764018DCB83477401094793F7B70F52
:1058F0006383E7029307D003230AF404930770023B
:105900002308F4008347C404858BE38407EE2285D3
:10591000EFB01F98F9BD8347D4000D476393E704A8
:1059200083477401130780026373F702834774018E
:105930001D476384E702A306F4028327840A2285B5
:1059400093E717002324F40AEFD0EF9A39A08A07CF
:10595000DA979C432285829771F983476401DDF3CE
:1059600049BD99CB83476401E38507E8228597B059
:10597000F91FE780A0EEAA8BE39D0BE6F9BF8347F2
:1059800084018507230CF4008357E900850723175A
:10599000F90085B5B727002003A707C8B70633006D
:1059A0001C4393F7F7CF1CC31C4393F7F7CF93E740
:1059B00007201CC3B727002003A707D01C47D58F9B
:1059C0001CC7B727002003A7C7CAB70703009387E0
:1059D00087273CCBB727002083A707C8B7068000DE
:1059E0009843558F98C3D857719BD8D7930720FDFC
:1059F0002307F4008347CA00E39D07B483270412FA
:105A0000E38907B40347F400058BE30407B4D443E8
:105A100003C6C70083C58700035584008906EF507D
:105A20008076E31805B28327041203D7A700136713
:105A300007F02395E7009C432320F41283572404A6
:105A4000E38907B0FD172311F40421B6B72700201E
:105A500003A707C8B70633001C4393F7F7CF1CC34F
:105A60001C4393F7F7CF93E707201CC3B727002009
:105A700003A707D01C47D58F1CC7B727002003A753
:105A8000C7CAB707030093878725A1B7B7270020A8
:105A900083A7C7CAFC53E39D0792938749C8238213
:105AA0000700EF00104183C749C82285E207E1875C
:105AB00063DA071CEFF02FBF835729010357040453
:105AC0008507C207C1832319F90039CB9306400625
:105AD0003377D70231E7372700200327C7C6098B62
:105AE00005CFB724002093840499985815C783558F
:105AF00009012545C205DD8D02979C588355E900B3
:105B0000294582979C58831524032D4582979C58DC
:105B10008305440331458297231709002328090090
:105B200022852254B25092540259F249624AD24A12
:105B3000424BB24B224C924C024D45616FB0FFC3B9
:105B40001307200DE397E7D283C71400858B638E7C
:105B500007128327040AA380040013972701634ACE
:105B6000070E228597B0F91FE78000DD8547631295
:105B7000F50E8355C4180356E418034574149105B3
:105B8000C205C181EF00B0248347C404372C002034
:105B9000B72C0020858B372D0020BDCFA285054571
:105BA0002D2F03A70CC8B70633001C4393F7F7CF7C
:105BB0001CC31C4393F7F7CF93E707201CC30327AD
:105BC0000DD01C47D58F1CC70327CCCAB7070300CD
:105BD000938787173CCB0327CCCA930710FD230775
:105BE000F40054478177FD17F58F5CC70F10000054
:105BF0000327CCCAB70702001CC7930700F823820B
:105C0000F40083A70CC89C439D83858BA1C3930795
:105C100060197CD354C735BA03A70CC8B706330044
:105C20001C4393F7F7CF1CC31C4393F7F7CF93E7BD
:105C300007201CC303270DD01C47D58F1CC7B707EF
:105C400003000327CCCA9387871569B79307E01B26
:105C5000C9B7EF0010268347940185C793F7070F54
:105C600081CB9305D0032285EFB01FC1A305A40209
:105C7000B727002083A7079C89C7954513055008BF
:105C800082972285EFB0FFFC61BDB727002083A774
:105C9000C7CAFC53639E07F223820400EF00702101
:105CA000CDB7411106C6EFB06F88B7270020375730
:105CB0000600938787B4130787C423A6E70A3757DC
:105CC00006001307C7D523A8E70AB240B757060056
:105CD0003727002093874738232CF7C6410182805D
:105CE000011122CC37240020930784B426CA83A450
:105CF000870B4AC84EC652C456C206CE2A8981496D
:105D0000130484B4130A2500854AA9E49305702579
:105D1000314597A0F91FE780E032AA840145B9CC4C
:105D200083471900194693052900A380F4001385C1
:105D3000240097A0F91FE780A04E8327840BA1EBD6
:105D4000232C940A23A404008347440B8507230AC9
:105D5000F40A25A003C71400834719006305F70060
:105D6000A68984445DB71946D2851385240097A07F
:105D7000F91FE7802058E31555FF0545F2406244BE
:105D8000D2444249B249224A924A05618280E38B59
:105D900009FA23A499007DB7011126CAB72400206F
:105DA000938784B422CC03A4870B4AC84EC652C43E
:105DB00056C206CEAA890149938484B4130A2500E9
:105DC000854A19E80145F2406244D2444249B24949
:105DD000224A924A056182800347140083C7190052
:105DE0006305F70022890044E9BF1946D2851305EF
:105DF000240097A0F91FE780E04FE31555FF1C44EE
:105E00006315090023ACF40A19A02324F9002285A4
:105E100097A0F91FE780403183C7440B0545FD1764
:105E2000238AF40A4DB7411122C437240020930776
:105E300084B403A5870B06C626C2130484B411E9F3
:105E4000232C040A230A040AB2402244924441014A
:105E50008280044597A0F91FE780002D2685C5B7ED
:105E6000B7270020938787B423AC070A238A070A41
:105E70008280372700208327C7C79306001094C36A
:105E800001000100010001008327C7C723A007000C
:105E90008346150003482500A2064208C29603481F
:105EA0000500C296034835006208C29694D783461F
:105EB000550003486500A2064208C2960348450003
:105EC000C296034875006208C296D4D783469500EF
:105ED0000348A500A2064208C29603488500C29660
:105EE0000348B5006208C29694DB8346D500034898
:105EF000E500A2064208C2960348C5000345F50026
:105F0000C2966205AA96D4DB83C6150003C5250098
:105F1000A2064205AA9603C50500AA9603C5350048
:105F20006205AA9694CF83C6550003C56500A206F4
:105F30004205AA9603C54500AA9603C575006205E9
:105F4000AA96D4CF83C6950003C5A500A206420534
:105F5000AA9603C58500AA9603C5B5006205AA9650
:105F600094D383C6D50003C5E500A2064205AA96D0
:105F700003C5C50083C5F500AA96E205AE96D4D345
:105F8000D443F59AD4C3D44393E61600D4C39443C0
:105F900093E6160094C3BA8783A6C7C7D842058B79
:105FA00059E7984E01452300E60003A7C7C7184FDD
:105FB0002183A300E60003A7C7C7184F418323012D
:105FC000E60003A7C7C7184F6183A301E60083A7B4
:105FD000C7C7D84F2302E600D84F2183A302E600AB
:105FE000D84F41832303E600D84F6183A303E60023
:105FF00098532304E60098532183A304E6009853A2
:1060000041832305E60098536183A305E600D85336
:106010002306E600D8532183A306E600D853418324
:106020002307E600DC53E183A307F600828001002A
:10603000A5B7372700208327C7C79306001094C34E
:1060400001000100010001008327C7C7894694C3EE
:106050008346150003482500A2064208C29603485D
:106060000500C296034835006208C29694D783465D
:10607000550003486500A2064208C2960348450041
:10608000C296034875006208C296D4D7834695002D
:106090000348A500A2064208C29603488500C2969E
:1060A0000348B5006208C29694DB8346D5000348D6
:1060B000E500A2064208C2960348C5000345F50064
:1060C000C2966205AA96D4DB83C6150003C52500D7
:1060D000A2064205AA9603C50500AA9603C5350087
:1060E0006205AA9694CF83C6550003C56500A20633
:1060F0004205AA9603C54500AA9603C57500620528
:10610000AA96D4CF83C6950003C5A500A206420572
:10611000AA9603C58500AA9603C5B5006205AA968E
:1061200094D383C6D50003C5E500A2064205AA960E
:1061300003C5C50083C5F500AA96E205AE96D4D383
:10614000D443F59AD4C3D44393E61600D4C39443FE
:1061500093E6160094C3BA8703A7C7C75443858A3A
:10616000C9EA23200700184F01452300E60003A7D2
:10617000C7C7184F2183A300E60003A7C7C7184F5E
:1061800041832301E60003A7C7C7184F6183A3011A
:10619000E60083A7C7C7D84F2302E600D84F218364
:1061A000A302E600D84F41832303E600D84F618362
:1061B000A303E60098532304E60098532183A30425
:1061C000E600985341832305E60098536183A305B5
:1061D000E600D8532306E600D8532183A306E60041
:1061E000D85341832307E600DC53E183A307F6007D
:1061F0008280010095B7011122CC2A84354506CE54
:106200002EC632C4152BB727002003A7C7CA228584
:106210003C4B93E707083CCB2246B245EFF07FC5E5
:10622000F2406244014505618280011122CC2A843A
:10623000354506CE2EC632C40123B727002003A75A
:10624000C7CA22853C4B93E707083CCB2246B245A0
:10625000EFF03FDEF2406244014505618280B727DE
:10626000002003A7C7CA3C4B93E707083CCB0100BB
:10627000010001000100B727002083A7C7C703A7BB
:10628000450E16051365050888C398CB03A7850E30
:106290000145D8CB03A7C50B98CF03A7050CD8CFD2
:1062A00003A7450C98D303A7850CD8D303A7C50C27
:1062B00098D703A7050DD8D703A7450D98DB03A7EB
:1062C000850DD8DB03A7C50D98C703A7050ED8C752
:1062D00098431367070498C38280B727002003A759
:1062E000C7CA3C4B93E707083CCB01000100010003
:1062F0000100B727002083A7C7C703A7C50E16054F
:106300001365050888C398CB03A7050F0145D8CBB3
:1063100003A7C50B98CF03A7050CD8CF03A7450C3F
:1063200098D303A7850CD8D303A7C50C98D703A788
:10633000050DD8D703A7450D98DB03A7850DD8DB3E
:1063400003A7C50D98C703A7050ED8C798431367C1
:10635000070498C3B7270020938747C8130700F89E
:106360002383E7008280B727002083A707C8885BC4
:106370003D81620561858280B727002083A707C819
:10638000B70680003706008298437D16558F98C364
:106390001307F00F98DF13070005D8DBD857B706AF
:1063A0000080558FD8D7372700200347479AD45706
:1063B000931587011377F703F18E6607558FD8D7AA
:1063C000E185372700209306A003032707D063DE6B
:1063D000B602744F37060007D18E74CF370702001C
:1063E0003907D8DF984B137707FC1367E70098CB82
:1063F00037E700E0D147A309F704B71700209387D8
:10640000472193E717007CD782809306200263DA46
:10641000B600744F370600F97D16F18E3706000579
:1064200065BFB70600F91386F6FF744F6945F18E14
:1064300037060003E342B5FA3706000171BFB727FC
:10644000002083A707C89C5BC60713D5670163D6E6
:106450000700136505C042054181420541858280E0
:106460009307A00363EFA7041307A0028D47636897
:10647000A7041307200289476363A7046947854778
:10648000636FA70251478147636BA7024947FD57D6
:106490006367A7023947F5576363A7022947ED579A
:1064A000636FA7001947E157636BA7001147D957DE
:1064B0006367A7000947B1576373A700C5573E85B7
:1064C00082809147EDBFB557634DF50449578D471D
:1064D0006347E5045D5795476343E50465579D476A
:1064E000634FE5027157AD47634BE5027957BD47EE
:1064F0006347E502CD4763440502D5470DC1054713
:10650000ED47630EE5000947930730026309E50094
:106510000D479307B0036314E5009307B0023E856F
:1065200082808547EDBFB727002083A7478999CB95
:10653000944BD04B9842518F98C294439C479842B9
:10654000D98F9CC2B727002003A707C8B727002010
:10655000938747C883C6A7003728002085489386BD
:10656000E6090326C8CA631D150308431365050819
:1065700008C3484601777D17698F58C60F10000081
:106580000327C8CA37060200AD0510C7130600F876
:106590002382C7008A05B69586056CD348C78280DA
:1065A00008431375F5F708C3484601777D17698FCF
:1065B00058C60F1000000327C8CA37060200A905F5
:1065C00010C7130600F82382C7008E05E9B7B72766
:1065D000002083A7478989CFD44303A88700984226
:1065E0003367070198C2D447DC4B9842D98F9CC2CD
:1065F000B727002037270020854683A707C89505C1
:10660000130747C86318D50294438E0593E606081E
:1066100094C3944F93F606C093E6A61394CF9306C3
:106620008007A389D7009385C5030CCB19C2060642
:1066300010CB82809443920593F6F6F794C3944F5F
:1066400093F606C093E6261394CF9306F007A3892A
:10665000D700D1BFB7270020138747C883468700DC
:1066600021476397E60437270020034707CB4111F2
:1066700022C4138447C8B727002006C6938707CDD6
:10668000058B03C6370083C6270005C3C84311CD59
:10669000834515000905EF00106A01C58547A3046D
:1066A000F400B24022444101828081450145E5B7B2
:1066B0008280372700208327C7CAB44B93F6F68F12
:1066C000B4CB944393E6860094C39C438D83858B1F
:1066D00089C70100010001000100B727002083A63F
:1066E00007C89C4293F7F7CF93E707109CC2B727E0
:1066F000002003A607D0B706CEFFFD161C46F58F77
:106700001CC68327C7CA37070300B8CBB7270020AA
:1067100083A7478999CBD44390479842518F98C219
:10672000944BDC4B9842D98F9CC2B72700209387AB
:1067300047C8A38307008280B727002083A7C7CA62
:106740009C438D8BC5CF411122C43724002026C223
:10675000930744C806C683C777000D47AA8413046D
:1067600044C8631AF700B727002083A707CC014667
:106770008145454582971947639EE402834794000B
:1067800099C78347840063949700A3040400834758
:10679000740021476316F700930780102314F40058
:1067A0002244B2409244B727002023810798410138
:1067B0006FF03FF09D47639BF40083479400E1DB5B
:1067C000034784008D47E314F7FCC1B78346740088
:1067D000630BD700034774006387E70083477400A7
:1067E0002147E31FF7FA83479400DDFB83477400DA
:1067F0002304F4008547A304F4005DB782800111EF
:1068000022CC2A8411452EC632C436C206CEEFF001
:10681000BFF2B727002083A707C8B7083300D857AF
:10682000719B13671700D8D7372700200325C7CAE5
:106830001307800778D198431377F7CF98C398430D
:106840001377F7CF1367072098C337270020032754
:1068500007D0B245924603288700224633681801C4
:10686000232407013708030013088825232805057A
:10687000C1CD4C5713640404F5994CD71377F40732
:106880008043137404F8598C3747767180C313071B
:10689000971298C7375755001307575537240020CC
:1068A000D8C3930744C89853B685130444C838DD49
:1068B00023810700A3810700238207005841799BA9
:1068C00058C111470145A383E70097B0F91FE7803E
:1068D00060B6B727002003A7478911C7544318475C
:1068E0009C42D98F9CC283473400858B91CBB727BC
:1068F0000020938787B403D7870005072394E70018
:10690000F2406244056182804C57F5994CD7137769
:10691000F4078043137404F8598C37C7898E80C3F9
:10692000130767EDBDB7B727002023AAA78819C9A9
:10693000584154491C43D58F1CC3184914451C4366
:10694000D58F1CC38280011126CA4AC84EC6C164B5
:106950003709006AB70900AC22CC52C406CE054400
:10696000FD141309690E9389E90C130A000205E46A
:106970009305000F4145EFA0AE86B7B7006A420508
:10698000938767CE5D8DF2406244D2444249B2495A
:10699000224A05618280A6850145EFA0AE86931745
:1069A000850013F7071033E5270119C333E53701D5
:1069B00081470147E145B356F50085073356F50099
:1069C000858A058A6307D60005071377F70F63E406
:1069D000E504E39247FF81471306F003ED46335782
:1069E000F5001377F70305CB6307C7028507E39824
:1069F000D7FE135785009377F50F1377F70FE394BE
:106A0000E7F8135705011377F70FE39EE7F61357DF
:106A10008501E39AE7F605041374F40F89BF0111A9
:106A200022CC37240020130444C88347740006CEC8
:106A300026CA4AC84EC652C411476305F70AB7278B
:106A4000002003A7C7C7B7C7004093870730631B61
:106A5000F7083545EFF05FCE372A0020052AEF1002
:106A60009017EFF07F9183270AC8B7290020B70657
:106A70003300984337290020B70403001367070841
:106A800098C398431377F7CF98C398431377F7CFFA
:106A90001367072098C303A709D01C47D58F1CC7CD
:106AA0008327C9CA13878455B8CBEF10F035EF2080
:106AB000F009EF10901BEF10902403270AC81C4325
:106AC00093F7F7CF93E707101CC383A609D03707C6
:106AD000CEFF7D179C46F98F9CC68327C9CAA4CBDD
:106AE000A3030400F2406244D2444249B249224A1C
:106AF00005618280B7C700409386073037270020A2
:106B0000232ED7C69386072037270020411123263E
:106B1000D7CA37270020B7D6004022C42320D7D0B9
:106B2000938707103727002037240020130444C818
:106B30002320F7C88547A303F400B727002083A7C5
:106B400007993727002006C65CD0938707111CD011
:106B5000B71700209387A721232CF788EFF03FEC8D
:106B6000B7E700E0A305040003C757411367070810
:106B7000A38AE740B24037071000224423A0E71061
:106B80003707200023A0E71041018280B7270020AB
:106B900083A7C7CA1307C00893066007D8CBD4CF12
:106BA000D8D31306E006D0D7D8DBD0DFF8C3F4C7BC
:106BB000130780072393E700F84BB7060080558F33
:106BC000F8CB5147F8CB37270020032787CAF8DFD7
:106BD0007D5798C737071F003D07D8C78280B72762
:106BE00000203725002003A707D0130605CBB727C1
:106BF000002083A607C88347160013F8F707D9C5F6
:106C00005C429042137606F83366060190C213F692
:106C1000150001CA93F5050341466386C5069387AF
:106C200087C150574168130808A01366260050D743
:106C300033D60703B70810FEFD18B3F707037D8AA4
:106C4000931546017043337616014D8E70C31306BB
:106C5000A00FB705FCFFAA07B3D7C70270436D8E1C
:106C6000BA07B983D18F7CC3834705CB898B99CB76
:106C70009C4293F7F70713E707049C4293F707F842
:106C8000D98F9CC282809387078361BF5C57F59B35
:106C90005CD79C4293F707F8B3E707019CC2E9B7BA
:106CA0004111B727002006C6238F07CCEFF07FA045
:106CB000B240014541018280411122C437240020A5
:106CC000130444C88347340006C6858B95C3EFF090
:106CD0003FFDB727002003A307CCA3010400230234
:106CE00004000146814505452244B240410102832A
:106CF000B727002083A7C7CAFC5389EFEFF05FFADC
:106D0000B72700202302040003A307CC01468145D6
:106D10004545D9BF834774000D476317F700B72770
:106D2000002005472381E798B24022444101828038
:106D3000411126C2B724002022C44AC006C61384CB
:106D400044C88347240037290020858BEDC7B72727
:106D5000002003A707D0938444C8238104005C5714
:106D600037240020034504CB8583858B130404CB93
:106D7000B1CB504093760503C145930786C1639418
:106D8000B60093070683C165938505A0B3D6B70205
:106D9000370810FE7D18B3F7B702FD8A1396460137
:106DA0007443B3F60601D18E74C39306A00F370661
:106DB000FCFFAA07B3D7D7027443F18EBA07B98391
:106DC000D58F7CC38345C401118501460D89EFF041
:106DD0001F8037750600130565E7EF907E86032751
:106DE000C9CA8177FD175447F58F5CC70F100000A3
:106DF0000327C9CAB70702001CC7930700F82382FC
:106E0000F400B727002083A707C89C439D83858B88
:106E100085C393076019032304017CD354C701463B
:106E2000814505452244B240924402494101028312
:106E30009307E01BCDB78327C9CAFC5389EFEFF056
:106E40003FE6B72700202302040003A307CC014636
:106E500081454545C1BF834774000D476317F7005F
:106E6000B727002005472381E798B2402244924487
:106E7000024941018280011122CC3724002026CA18
:106E800006CE930444C883C73400858BC9CBEFF08A
:106E90003FE1130444C84850A301040081458146E2
:106EA0001306F1002302040097A0F91FE780404F6A
:106EB00093158501B7240020E185938404CD99EDD5
:106EC0005C509306F00F03C707006309D70083C720
:106ED00014006385D7006303F7008945B7270020B6
:106EE000038707CB6347070058508346F100230010
:106EF000D700938707CB9C4B505093F5F50F09456E
:106F0000829783C7C400898B91C703C50401854557
:106F1000EF90EE84F2406244D24405618280B7274C
:106F2000002083A7C7CAFC5391EFEFF07FD7B727A4
:106F3000002083A707CC23820400014681454945F0
:106F40008297C9BF83C774000D47E315F7FCB727C5
:106F5000002005472381E79875BF397126DA5AD09A
:106F60005ECE06DE22DC4AD84ED652D456D29307E5
:106F70000008AA8BAE84328B631AF60237240020F5
:106F80003D49130404CB97A0F91FE780A068E37C78
:106F9000A9FE8347A4019607C117E3E6A7FEB7271A
:106FA000002083A7C7CA13078007F8D3372A002019
:106FB00003270AC8B72A002013840ACB5C578145EF
:106FC000B7290020F19B93E717005CD70345140015
:106FD00037290020EFF0BFC083270AC837063300E7
:106FE00098431377F7CF98C398431377F7CF136776
:106FF000072098C337270020832607D09846518F53
:1070000098C603A7C9CAB70603009386862534CB62
:10701000144494C7544437240020130444C8D4C3F0
:107020005C4393E717005CC3130709CD8347E70070
:10703000130909CD93E727002307F7009307FBFF08
:1070400093F7F70F0547636AF70A08502686DE852F
:1070500023006501A300950009059790F91FE780BB
:10706000201C185083A7C9CA93950401C181B8DFB9
:1070700023010400A30104000D4723020400A3031D
:10708000E400130700086317EB08F8537DFFB727E8
:10709000002083A747982EC6829703278900B24510
:1070A0006363E506198D1C50B70480000D811387BA
:1070B000F42F6205598D88C303C50ACB11850D894C
:1070C000EFF06FC683270AC89843458F98C3D857F7
:1070D000719BD8D783A7C9CAA3020400A3000400E8
:1070E000094798C3F2506254D2544259B259225AB5
:1070F000925A025BF24B2161828093070008E312EF
:10710000FBF68944B9BFB727002083A7079E998F54
:107110003E9551BF03C50ACB11850D89EFF0AFC075
:1071200083270AC8B70680003785060098431305F1
:10713000050F558F98C3D857719BD8D7EF904ED075
:1071400083A7C9CA23060900A3020400A300040000
:10715000094798C38347C90093F7F70FE5DF59B78D
:107160000111300099451305001006CEEF909EAD39
:107170000DED19469305F00F28009790F91FE78051
:10718000C01F85476303F50219469305F00F2800D9
:107190009790F91FE780E00F300099451305001024
:1071A000EF901ED50545EF90DECFF240056182805D
:1071B0001C49638C0714411126C206C622C44AC06A
:1071C00083470500AA8493F7070481C75C410945FA
:1071D000F9CB37290020130600028145130509CB9E
:1071E0009790F91FE780E00A13060002A6851305B1
:1071F00009CB9790F91FE780A002930709CB83C7BB
:107200009701130409CB89E793078002A30CF400CC
:107210008347A40181E7A147230DF4008347B4010C
:1072200081E7C547A30DF4008347C40181E7ED570B
:10723000230EF4008347D40181E7ED57A30EF40039
:1072400083C7040093F7070481CF5C4037B724005D
:107250001307F7E9636FF70493075002A300F400E4
:10726000B7240020938704CDC843938404CD09C577
:107270009790F91FE78040EB834709CB23A20400D6
:10728000858B99CB0345D40193059004090597900C
:10729000F91FE78020DBC8C0834714000145A3879E
:1072A000F4001C44DCC8B24022449244024941012B
:1072B0008280370725009306F74863EDF6003767AD
:1072C000DBFF13070793BA971307007DB3D7E702D5
:1072D000FD1769B7130707496395E7009307600235
:1072E000B5BF37D725001307F777636DF70037670A
:1072F000DBFF13070793BA971307007DB3D7E702A5
:10730000F917A9BF9307700291BF05458280797173
:107310004AD037290020930709CB9C4706D622D4B0
:1073200026D24ECE52CC56CA5AC85EC662C466C277
:107330006AC06380072037240020930744C883C7AE
:10734000770015472A8C130444C809456301F71ACE
:107350000D45372B0020AE84B28BB68CEFF0CFBD3D
:1073600093070BCD83C7C700130D09CB93090BCD32
:10737000898B8DC73D4A97A0F91FE780A029E37C40
:10738000AAFE8347AD019607C117E3E6A7FEB7271C
:10739000002083A7C7CA13078007F8D3B72A0020A5
:1073A00003A70AC85C57F19B93E717005CD783C714
:1073B000C900898B99E7834709CB93F70704639644
:1073C000071403451D008145EFF07F8183A70AC89C
:1073D00037063300372A002098431377F7CF98C336
:1073E00098431377F7CF1367072098C337270020F8
:1073F000832607D09846518F98C60327CACAB70676
:1074000003009386862534CB83268D0094C783267C
:10741000CD00D4C3834709CB93F617005C43F99B97
:10742000D58F5CC383C7E90023087BCDA380990176
:1074300093E727002387F9000850630C0C0C230006
:107440007501A30095002686E28509059790F91F2E
:10745000E78000DD1C500327CACA3CDF230104007B
:10746000A3010400230204008D47A303F40083C793
:10747000C900898B8DCB7C53FDFFB727002083A7E4
:107480004798829703A789006369E508198D1C5006
:10749000890493F4F40FA38097000D81A6972380AD
:1074A0000700A380A700034509CBA68511850D8998
:1074B000EFF06F87834709CB858BBDC73775060013
:1074C000130505D3EF90CE9783A70AC8B7068000AF
:1074D00001459843558F98C3D857719BD8D78327B8
:1074E000CACAA3020400A3000400094798C3B2500B
:1074F000225492540259F249624AD24A424BB24B48
:10750000224C924C024D45618280894503254D00F5
:1075100065BD23207501814435BFB727002083A7AF
:10752000079E998F3E95A5B737750600130585CB45
:1075300051BF05456DBF3971B7E700E04ED683A94D
:1075400007003707200006DE22DC26DA4AD852D4AC
:1075500056D25AD05ECE62CCB3F9E90023A0E71828
:107560000F10000037290020130709CB184705E347
:1075700023A037110545F2506254D2544259B259F2
:10758000225A925A025BF24B624C21618280372769
:107590000020032747BE09C723A037110945E1BFD3
:1075A000834709CB328C930A09CB858BB68B2E8609
:1075B000AA84A9CF37240020930704CDDC43130409
:1075C00004CD89EF03C5DA012EC6930590040905A1
:1075D0009790F91FE78000A7324648C05C4099E7C2
:1075E000B7E700E023A037110D4571B7034724002A
:1075F0002380E7005C40B9C831CAA380C700484077
:10760000A68509059790F91FE78080C1372B0020D8
:1076100093074BC883C77700154793044BC8630A89
:10762000F70083C7840019476385E7000D4763921D
:10763000E70283C7940089E7930780102394F4003E
:10764000B7E700E023A03711014535B7A380070055
:1076500075BF372A00208327CACA98430D8B0DC7F0
:107660003727002023010798B84B1377F78FB8CB43
:1076700098431367870098C39C438D83858B89C784
:1076800001000100010001008327CACA3707020078
:107690003724002023A2070698C7238204009307FB
:1076A00004CD83C7C700130404CD918B91E78345B4
:1076B00009CB93F70504FDE303C51A008145EFF0FC
:1076C0000FD2034509CB83C5CA01014611850D8937
:1076D000EFE0FFEF37270020832707C883A68A0043
:1076E00094C783A6CA00D4C3834709CB8326CACADA
:1076F0003A8913F61700DC42F99BD18FDCC25C405B
:10770000A301840123017401BCDE8347E40093E7F5
:1077100047002307F400930700042302FBC82382D9
:107720000400A147A383F400B727002083A7879B09
:1077300081CB0345040113060064C145EF801EA1FF
:107740008327CACADC43858BADC337850600130582
:1077500045A1EF80FEEE032709C8B70633001C439E
:1077600093F7F7CF1CC31C4393F7F7CF93E707209A
:107770001CC3B727002003A707D01C47D58F1CC701
:107780000327CACAB7070300938787153CCBA38298
:107790000400A380040085471CC35DB593F5050371
:1077A00093E5150003A54A0019BF377506001305B8
:1077B000457B45B7797122D43724002006D626D2DE
:1077C0004AD04ECE130744C883471700858B638E7B
:1077D000071E130444C8B7240020A307010083290F
:1077E0004402A3000400EFF0AFCB938704CD83C71E
:1077F000C700938404CD37290020918B638307163B
:1078000083C71900CE9703C70700930700086318C2
:10781000F700834709CB93E787002308F9CA5C4C3C
:107820000D476373F70EF1175CCC5C4C984463E32F
:10783000E70E3387E74083C7190083C6C400CE979D
:1078400083C71700E206E1868E0763D4060E63F94C
:10785000E70C1D8F9306000263E8E600584C636452
:10786000F70CB307F7409CC403C504018945EF80BA
:107870000EEF834709CBA18BE5C3B727002083A672
:10788000C7CA9307800C1307F00FFCD21C503706B1
:107890003300014598C323010400B7270020A3014A
:1078A000040003A707C823020400A30204001C432A
:1078B00093F7F7CF1CC31C4393F7F7CF93E7072049
:1078C0001CC3B727002003A707D0834509CB1C475B
:1078D00091858D89D18F1CC7B707030093878725B2
:1078E000BCCA054697A0F91FE780C0B4834709CBFF
:1078F00083C6240003C63400DD9B2308F9CA8145F2
:107900000145EFF05FC35DA8372700200327079EDE
:10791000BA9711BFB726002083A6069EB69711BF5F
:107920003387E74005BFB726002083A6069E36971B
:107930000DBF584C636CF700B307F7409CC483C776
:10794000C40093E707082386F40039BFB726002058
:1079500083A6069E3697CDB783C71900F917A38073
:10796000F9004850814681451306F10097A0F91FA0
:10797000E78000A35C50931585019306F00F03C7C1
:107980000700E185630AD70083C734006386D70008
:107990006304F70093E52500830709CB63C707005D
:1079A00089E58347F1002380F900130909CB832778
:1079B0000901505093F5F50F0D458297B2502254AE
:1079C00092540259F24945618280B727002083A76B
:1079D000C7CAFC538DE7EFF0AFACB727002083A7F1
:1079E000079C89C78545130510088297B727002093
:1079F000938707CD83C6270003C6370009B783479F
:107A000077002147E31CF7FAB727002005472381B9
:107A1000E7986DB7797122D437240020834744C892
:107A200006D626D24AD04ECE52CC858B638B072207
:107A3000930744C883A9470281461306F100814594
:107A40004E85230204C8A307010097A0F91FE78011
:107A50002095131A8501B7240020135A8A41130474
:107A600044C8938404CD63100A0283C7340093068C
:107A7000F00F638AD7005850034707006305D7000B
:107A80006303F700094A37290020830709CB63CB3A
:107A90000712631B0A128347F1002380F90083C792
:107AA000C400918BBDCF5C4C0D476370F716F11786
:107AB0005CCC5C4C984463E0E7163387E74083C7AF
:107AC000190083C6C400CE9783C71700E206E1867B
:107AD0008E0763D1061663F6E7141D8F9306000226
:107AE00063E8E600584C6361F714B307F7409CC4A1
:107AF00003C504018945EF808EC683C7190033870B
:107B0000F90083460700130700086398E6141C5029
:107B10001307F00F98C3834709CB93E78700230827
:107B2000F9CAB727002003A707D05C578583858B48
:107B3000B1C3930709CBDC43C165938505A0B3D6D8
:107B4000B702370510FE7D15B3F7B702FD8A13960D
:107B500046017443E98ED18E74C39306A00F370695
:107B6000FCFFAA07B3D7D7027443F18EBA07B983D3
:107B7000D58F7CC3DC40034509CB83C51700118535
:107B80000D89EFE05F9A37850600130525CBEF805E
:107B90003EABB727002083A707C8B70680009843ED
:107BA000558F98C3D857719BD8D7834709CBA18BE2
:107BB000A9E7130909CB83270901505081450D45D9
:107BC000829725A8E30D0AECEFE0BFAE130909CBBD
:107BD0005050832709010D459375FA0F8297C840CD
:107BE00083C6240003C6340009C583451500090572
:107BF00019A081450145EFF01F94B25022549254D0
:107C00000259F249624A45618280372700200327E2
:107C1000079EBA9769BDB726002083A6069EB69731
:107C200069BD3387E7405DBDB726002083A6069E69
:107C3000369765BD584C636CF700B307F7409CC49A
:107C400083C7C40093E707082386F40055B5B72619
:107C5000002083A6069E3697CDB7F917A380F900BA
:107C6000C9B5B727002083A7C7CAFC5395E7EFF033
:107C70002F83B727002083A7079C89C78945130551
:107C800010088297B7270020938707CDC84303C603
:107C9000370083C6270089BF130444C88347740094
:107CA0002147E31CF7F4B727002005472381E79815
:107CB000A9B74111B727002006C622C4938747C839
:107CC00003C71700058B1DC7A3800700EFE05FFD0A
:107CD000B727002003C707CB3E84218B39E3938766
:107CE00007CB03A307010146814511452244B24059
:107CF00041010283372700200327C7CA785329EFA1
:107D000023820700B727002003C707CB3E84218BBF
:107D100009EB938707CB03A3070101468145514532
:107D2000F1B7B7270020938707CDC84303C63700B4
:107D300083C6270019CD834515000905EFF0AFFF75
:107D4000834704CBDD9B2308F4CAB240224441019F
:107D5000828081450145DDB7B72700200547238193
:107D6000E798E5B74111B7E700E026C2844337073B
:107D7000200006C622C4F98C23A0E7180F100000CB
:107D800037240020930704CDC8432387070013043A
:107D900004CD09C59780F91FE7800039B727002077
:107DA000138747C80347970023220400938747C8D7
:107DB00001CB83C6870021476394E600A3840700B4
:107DC00003C7770099466387E60003C777009D469F
:107DD0006399E60003C777002384E7000547A3847F
:107DE000E700EFE01F8D03450401B7270020C145E0
:107DF00023810798EF804EDEB2402244B7E700E0CF
:107E000023A097100145924441018280411126C26E
:107E1000B724002006C622C44AC0EFF0BFF413897D
:107E200004CD8347F90037240020130404CBA300BA
:107E3000F4000345090183274901A145938404CD3A
:107E40001CC4EF806ED9034509019145EF80CED85F
:107E50008347C900898B95C31C480146814513059A
:107E600020028297224423860400B24092440249B1
:107E70008945014541016F804EFB83C7C400918B4A
:107E8000F5D31C480146814513054002D9BF7971DD
:107E900026D2B724002006D622D44AD04ECE52CCC9
:107EA00056CA5AC85EC662C4138704CD8347C7004A
:107EB000898B638F071037240020930744C883C73A
:107EC00077008D46130444C86392F6020345070108
:107ED00091452254B25092540259F249624AD24A10
:107EE000424BB24B224C45616F806E873545017A1B
:107EF000938404CDEFE05F84A149372B002037291C
:107F000000207D1AB70B02001306000881450145C9
:107F1000856AEFF08F84130C00F8938A2AF983475F
:107F20002400858B8DE78327C9CAFC53EDFBFD191F
:107F3000E39C09FC2254B25092540259F249624A1D
:107F4000D24A424BB24B224C45616FF03FEC0345A5
:107F50000BCB01469305F00F11850D892301040019
:107F6000EFE0EFE683450BCB1306F00F0545918557
:107F70008D899790F91FE780E04B83473400858B0C
:107F800099CFA3010400EFE0BFD183C7C4008545AA
:107F900003C5040193E707082386F4001DBFEFE043
:107FA0003FD08327C9CAD847B3764701D4C70F103B
:107FB00000008327C9CA23A477012302840123A2D6
:107FC0005707D8C78327C9CAFC53B1DF0100DDBFFB
:107FD000B250225492540259F249624AD24A424B58
:107FE000B24B224C45618280411122C406C693F7F0
:107FF00015002E84A9C7B7270020938707CD03C794
:10800000C700098B1DC703C7C70003C507011306B7
:10801000000593178701E18763DA0700B72700207F
:1080200003C697CC9307000A3306F6029145EF800A
:10803000EE9113451400B24022444101828093F72F
:108040002500A1C7B7270020938707CD03C7C70026
:10805000118B0DCB03C7C70003C507011306000A28
:1080600093178701E18763DC0700B727002003C669
:1080700097CC9307000A3306F60213068602A14541
:10808000EF80CE8C134524007DB793F7450091C750
:10809000EFF0FFDF1345440079BF93F7850091CFE0
:1080A000B7270020938707CD83C7C700918B99C35B
:1080B000EFF0DFD513458400BDBF93F705010145FF
:1080C000BDDBEF807E98B7270020938747C883C722
:1080D00077002147631BF700B727002003C507CEB1
:1080E00013060064C145EF806E8613450401A1B7F5
:1080F000011126CAB7240020938444C883C72400F2
:108100004AC806CE3729002022CC4EC652C4858BE1
:10811000130909CD638B0718B729002003C509CBC4
:1081200001469305000211850D8923810400EFE0CB
:108130000FCA83C509CB1306F00F054591858D89BC
:108140009790F91FE780002F83C73400858B638EDB
:108150000714C850A381040081460146814523814C
:1081600004009790F91FE780A0232A8A631F051255
:10817000C0509547034724006319F712B725002024
:1081800019469385859A130594009780F91FE78017
:1081900060168547631BF5109C501947814598C3AD
:1081A00003C509CB11850D89EFE0EFB783C509CB76
:1081B00001460D4591858D899790F91FE7808027AD
:1081C00083C72400858BF5C3B727002083A7479872
:1081D0002381040082972324A900EFF0BFB88347CE
:1081E0003401138709CBA3000700A30CF7008347D2
:1081F0004401A30609000146230DF70083475401FB
:10820000938909CB93050002A30DF700834604016F
:108210008347F400A206DD8E83471401C207DD8E7A
:1082200083472401E207D58F1CC783467401834727
:108230006401A206DD8E83478401C207DD8E834779
:108240009401A3080900E207D58F5CCB0147B3D6A0
:10825000E700858A89C6050A137AFA0F05460507DD
:10826000E317B7FE19C2A30849018347A4013725C4
:10827000002093053400238CF90019468947130523
:10828000C5CE2306F9009780F91FE78060F96244A4
:1082900003450901F240D2444249B249224A130639
:1082A0008002914505616F707EEAEFE08FC0F24079
:1082B0006244FD572306F900D2444249B249224A9A
:1082C00005618280B7270020938607CD03C7C600CB
:1082D000938707CD1377F70F45EF83C6C600372680
:1082E0000020130706CB93F6F60FD1EA834606CBA0
:1082F00093F60604C9C6B7B7240048C39387F7E9C5
:1083000063E3A70293075002A300F700B7270020FA
:10831000938747C883C777000D4789456303F700F4
:1083200085456FE0DF8BB70725009386F74863ED3F
:10833000A600B767DBFF93870793AA979306007D94
:10834000B3D7D702FD17C9B7938707496315F5005F
:108350009307600255BFB7D725009387F77763ED82
:10836000A700B767DBFF93870793AA979306007D63
:10837000B3D7D702F91749BF9307700271B7937645
:10838000F50FA300D700A387D7008145368551BFDD
:108390008280411106C622C4EFE0CFF537240020C9
:1083A000130504CD1306400281459780F91FE7802D
:1083B00040EE37850600FD57130585FE2328F4CCD3
:1083C000EF802EBC130404CD2308A400B240224445
:1083D000014541018280B727002083A707D01307FA
:1083E0000048B70600F998D7D85FFD16758FB70615
:1083F0000002558FD8DFD85FB70600400E070D8307
:10840000558FD8DFF84BC576FD16419B1367970053
:10841000F8CBD85F758F9566558FD8DF985B9D66D2
:108420001367077098DB985B558F98DB985BB706EE
:108430000700558F98DB985BB7060090FD16758F87
:10844000B7060010558F98DBF847B706F9FFFD1601
:10845000619BF8C7F84F758FF8CFF84FB70690FFBC
:10846000FD16758FF8CF8280828037270020832702
:1084700007D041767D16B44BF18EB4CB94473706C6
:108480002000D18E94C7D44793E60601D4C7D447C1
:10849000BD9AD4C70100010001000100832607D066
:1084A0000566DC4693E70701DCC6DC42D18FDCC2FF
:1084B000B727002003A6C7CA930740067CD27C5288
:1084C00091C783A7C609A183858BF5DB0100010055
:1084D00001000100832707D0416603A7C709B44BF9
:1084E000D18EB4CB9376F701B84B019B558FB8CBA7
:1084F0009847B706E0FFFD16758F98C78280B727AB
:10850000002083A707D041777D17B44F4166F98ECD
:10851000B4CF9447D18E94C7D44793F6F6EFD4C71F
:10852000D443758FD8C3D44793E60610D4C7D84335
:10853000518FD8C38280AA8735C983460500194761
:1085400005456396E60603C6170083C6270083C564
:10855000370037270020230EC78837270020A30EB7
:10856000D788372700202302B7D083C54700372795
:108570000020230AB7CE83C5570037270020A30267
:10858000B7D003C76700B7270020238EE7CE372771
:10859000002011CA89CAB757341293878767232CE2
:1085A000F7CE01458280232C07CEE5BF05458280AA
:1085B00031C999472300F500B727002083C7C78931
:1085C000A300F500B727002083C7D7892301F50052
:1085D000B727002083C747D0A301F500B7270020A5
:1085E00083C747CF2302F500B727002083C757D0A2
:1085F000A302F500B727002083C7C7CF2303F500E8
:1086000001458280054582805D71A2C43724002027
:10861000832704D0A6C24EDE86C6CAC052DC56DA14
:108620005AD85ED662D466D26AD06ECED843FD7672
:10863000FD161377F7EFD8C39857B7250020938519
:10864000D589758F98D7D857B7060200B724002070
:108650003D9BD8D798479384C489B7290020558F6C
:1086600098C7D843B726002013670701D8C303A6CD
:1086700086CF37573412130787672EC6E304E64CBC
:10868000D84301791309F90F799BD8C3985FB16674
:10869000938606F033772701558F98DFD843136709
:1086A0001700D8C39790F91FE7804001832704D0B3
:1086B000B24603A707091377F7032380E40003A753
:1086C000470929831377F7072380E600D843B96663
:1086D00093860670799BD8C3985F33772701558FAF
:1086E00098DFD84313671700D8C39790F91FE78026
:1086F000E0FC832704D0B726002003A707091377DF
:10870000F703A382E6D003A74709B72600202983F1
:108710001377F707238EE6CED843B56693860630E7
:10872000799BD8C3985F33772701558F98DFD8435B
:1087300013671700D8C39790F91FE78020F8032725
:1087400004D08327070993F7F7032382F9D08327FF
:10875000470937270020A98393F7F707230AF7CEA5
:1087600083C749D083C604007D7E3EC42247832749
:1087700004D0130EFE0F998E03A7070A13F6F60016
:1087800013054002419B518F23A0E70A13076002A3
:108790003387E6021306700283A5070A45737D132B
:1087A00093F5F5F013043002B708F1FFFD18130834
:1087B00020023347C702930E10027D4FF94FF54256
:1087C000F1436D4D514CC944C54B3D49B949B14A7E
:1087D0002D4B354A3D8B12074D8F9305500223A038
:1087E000E70A3387B60283A5070AB3F5C501334705
:1087F000C7023D8B22074D8F23A0E70A3387A602CD
:1088000083A5070A370500F17D15B3F565003347E9
:10881000C7023D8B32074D8F23A0E70A33878602BC
:1088200083A5070A6144B3F515013347C7023D8BA1
:1088300042074D8F23A0E70A3387060383A5070A63
:10884000370810FF7D18B3F505013347C7023D8B8C
:1088500052074D8F23A0E70A3387D60383A5070A63
:10886000B70E0010FD1EE98D3347C7023D8B62072E
:108870004D8F23A0E70A139756003347C70293157D
:10888000C70103A7070A3377D7014D8F23A0E70A53
:108890003387E6035D4F3347C7029375F70003A79D
:1088A000470A419B4D8F23A2E70A3387F60383A52E
:1088B000470AD94F93F5F5F03347C7023D8B1207AE
:1088C0004D8F23A2E70A3387560283A5470AD54274
:1088D000B3F5C5013347C7023D8B22074D8F23A255
:1088E000E70A3387760283A5470ACD43B3F56500CF
:1088F0003347C7023D8B32074D8F23A2E70A3387E8
:10890000A60383A5470A294DB3F515013347C702CE
:108910003D8B42074D8F23A2E70A69473387E60262
:1089200083A5470AB3F505013347C7023D8B5207BC
:108930004D8FE54523A2E70A3387B60283A5470A90
:10894000E98D3347C7023D8B62074D8F23A2E70AAB
:10895000338786020D443347C7029315C70103A727
:10896000470A3377D7014D8FB385E60323A2E70A81
:1089700003A7870A254F419BB3C5C502BD894D8F0B
:1089800023A4E70A3387F60383A5870A9D4F93F54F
:10899000F5F03347C7023D8B12074D8F23A4E70A3A
:1089A0003387560283A5870A9942B3F5C501334739
:1089B000C7023D8B22074D8F23A4E70A3387860326
:1089C00083A5870AB3F565003347C7023D8B32079D
:1089D0004D8F23A4E70A3387760283A5870A954340
:1089E000B3F515013347C7023D8B42074D8F23A4D2
:1089F000E70A3387960283A5870AB3F50501334753
:108A0000C7023D8B52074D8F23A4E70A33877603B5
:108A100083A5870AE98D3347C7023D8B62074D8FD7
:108A200093954600B3C5C50223A4E70A03A7870AA6
:108A30003377D701F2054D8FB385260323A4E70AC8
:108A400003A7C70A419BB3C5C502BD894D8F23A6A5
:108A5000E70A3387360383A5C70A93F5F5F0334752
:108A6000C7023D8B12074D8FB3C5860223A6E70AC6
:108A700003A7C70A3377C701BD89A2054D8F23A677
:108A8000E70A3387560383A5C70AB3F56500334762
:108A9000C7023D8B32074D8F23A6E70A3387660353
:108AA00083A5C70AB3F515013347C7023D8B4207BB
:108AB0004D8F23A6E70A3387A60383A5C70AB3F51C
:108AC00005013347C7023D8B52074D8F23A6E70AA6
:108AD0003387E60383A5C70AE98D3347C7023D8B79
:108AE00062074D8F93953600B3C5C50223A6E70AEA
:108AF00003A7C70A3377D701F2054D8FB385F60375
:108B000023A6E70A03A7070B419BB3C5C502BD898E
:108B10004D8F23A8E70A3387560283A5070B93F5E9
:108B2000F5F03347C7023D8B12074D8F23A8E70AA4
:108B30003387760283A5070BB3F5C5013347C70218
:108B40003D8B22074D8F23A8E70A13972600334752
:108B5000C70283A5070BB3F565003D8B32074D8F28
:108B6000B3C5460323A8E70A03A7070B337717010A
:108B7000BD89C2054D8F23A8E70A13971600334716
:108B8000C70283A5070BB3F505013D8B52074D8F37
:108B9000B3C5C60223A8E70A03A7070B698FBD89DF
:108BA000E2054D8F23A8E70A03A7070B9305800270
:108BB0003377D70123A8E70A37270020A24C0347C1
:108BC00057D03387EC40B34DB70283AC470B93FCCF
:108BD0000CFF334C870393FDFD00B3ECBC0123AACB
:108BE000970B83AC470BF14D93FCFCF0137CFC001E
:108BF000120C33EC8C0123AA870B330C870283AC55
:108C0000470BB3FCCC01334CBC02137CFC00220CA0
:108C100033EC8C01B34CA70323AA870B03AC470B9F
:108C2000337C6C0093FCFC00B20C336C9C0123AAD7
:108C3000870B214C334C870383AC470BB3FC1C01DF
:108C4000137CFC00420C33EC8C0123AA870B330C01
:108C5000570283AC470BB3FC0C01334CBC02137CB2
:108C6000FC00520C33EC8C0123AA870B330CF70366
:108C700083AC470BB3FCAC00334CBC02137CFC0050
:108C8000620C33EC8C01B34C770223AA870B03AC44
:108C9000470B337CDC01F20C336C9C01B30CE70313
:108CA00023AA870B03AC870B137C0CFFB3CCBC024D
:108CB000330B670393FCFC00336C9C0123AC870BE4
:108CC000114C83AC870B93FCFCF0334C8703B30A45
:108CD0005703137CFC00120C33EC8C0123AC870B84
:108CE00003AC870BF54C337CCC01334BBB02330A0E
:108CF0004703137BFB00220B336B6C0123AC670B28
:108D000003AB870B4D4C337B6B00B3CABA02B3097C
:108D1000370393FAFA00B20AB36A5B0123AC570B2C
:108D200083AA870B594BB3FA1A01334ABA023309A3
:108D30002703137AFA00420A33EA4A0123AC470BAD
:108D400003AA870BDD4A337A0A01B3C9B902334952
:108D5000B90293F9F900D209B3693A0123AC370B90
:108D600083A9870B614AB3F9A900B30B7703137981
:108D7000F900620933E929019319470023AC270B55
:108D800003A9870B3379D901B3C9B902B304970298
:108D9000F2093369390123AC270B03A9C70BE54955
:108DA000137909FFB3CBBB02B3C4B40293FBFB003E
:108DB000B36B790123AE770B03A9C70BD54B13799E
:108DC000F9F0BD889204B364990023AE970AB30406
:108DD000870303A9C70B794C3379C901B3C4B40223
:108DE000BD88A204B364990023AE970A8944B344B2
:108DF000970203A9C70B33796900BD88B204B36435
:108E0000990023AE970AB304770303A9C70BFD4B60
:108E100033791901B3C4B402BD88C204B3649900A4
:108E200023AE970AB304670303A9C70B130B100201
:108E300033790901B3C4B402BD88D204B364990084
:108E400023AE970AB304570303A9C70B930A200262
:108E50003379A900B3C4B402BD88E204B3649900B5
:108E600023AE970AB304470303A9C70B130A3002C2
:108E70003379D901B3C4B402F204B364990023AEC8
:108E8000970AB304370303A9070C93094002137927
:108E900009FFB3C4B402BD88B3649900694923A033
:108EA000970CB304270303A9070C1379F9F0B3C493
:108EB000B402BD889204B364990023A0970CED44DA
:108EC000B304970203A9070C3379C901B3C4B402F0
:108ED000BD88A204B364990023A0970CB304B70320
:108EE00003A9070C33796900B3C4B402BD88B20486
:108EF000B364990023A0970CB304970303A9070C4C
:108F000033791901B3C4B402BD88C204B3649900B3
:108F100023A0970CB304870303A9070C3379090135
:108F2000B3C4B402BD88D204B364990023A0970CE3
:108F3000B304770303A9070C3379A900B3C4B402BF
:108F4000BD88E204B364990023A0970C93145700E2
:108F5000B3C4B4021399C40183A4070C3306C70237
:108F6000B3F4D401B3E4240123A0970C03A9470C64
:108F7000137909FFB3046703B3C4B402BD88B364B3
:108F8000990023A2970CB304570303A9470C137944
:108F9000F9F0B3C4B402BD889204B364990023A26B
:108FA000970CB304470303A9470C3379C901B3C431
:108FB000B402BD88A204B364990023A2970CB30441
:108FC000370303A9470C33796900B3C4B402BD88E1
:108FD000B204B36499001309500223A2970CB3049E
:108FE000270303A9470C33791901B3C4B402BD8820
:108FF000C204B364990023A2970C93046002B304E3
:10900000970203A9470C33790901B3C4B40233466C
:10901000B602BD88D204B364990023A2970C83A43E
:10902000470CE98C3D8A6206458E23A2C70C03A635
:10903000470C9314C7013376D601458E23A2C70C83
:10904000130690023306C70283A4870CC1983346E7
:10905000B6023D8A458E23A4C70C1306A002330630
:10906000C702B345B60203A6870C1376F6F0BD8996
:109070009205D18D23A4B70C37260020834546CF17
:10908000372600200346C6CF03A9870C3386C54088
:10909000B304A6033379C901B3C4E40293E48400A2
:1090A000BD88A204B364990023A4970CB304E6031B
:1090B00003A9870C33796900B3C4E40293E4840004
:1090C000BD88B204B364990023A4970C93143600AE
:1090D000B3C4E40203A9870C3379190193E4840033
:1090E000BD88C204B364990023A4970CB304F603AB
:1090F00003A9870C33790901B3C4E40293E4840023
:10910000BD88D204B364990023A4970CB30456021B
:1091100003A9870C3379A900B3C4E40293E4840063
:10912000BD88E204B364990023A4970CB3047602CB
:1091300003A9870C3379D901B3C4E40293E4840012
:10914000F204B364990023A4970C93142600B3C4CB
:10915000E40203A9C70C137909FF93E48400BD88D6
:10916000B364990023A6970CB304860203A9C70C25
:109170001379F9F0B3C4E40293E48400BD88920447
:10918000B364990023A6970C93141600B3C4E402A9
:1091900003A9C70C3379C9013347E60293E484007D
:1091A000BD88A204B364990023A6970C03A6C70C3C
:1091B00033766600136787003D8B3207518F23A6F5
:1091C000E70C03A7C70C3377170123A6E70C324738
:1091D000034707000D8F3346D70293F5F507E205E5
:1091E0003D8A9314460103A6C70C330487023376E5
:1091F0000601458E23A6C70C1316170083A4C70CBF
:10920000E98C3346D6023D8A6206458E23A6C70CFA
:1092100003A6C70C3344D402B37ED601131627002D
:10922000B3037702720433E48E0023A6870C33461F
:10923000D602B3025702937EF60003A6070D419AA9
:109240003366D60123A8C70C03A6070DB3C3D30208
:109250001376F6F0B3C2D20293F3F3009203B36332
:10926000760023A8770C03A6070D337EC601B30F43
:10927000F70393F2F200A202B3625E0023A8570C38
:1092800003A6070D3373660013163700B3CFDF0252
:10929000330FE70393FFFF00B20FB36FF30123A86F
:1092A000F70D03A3070DB37813013346D602330D30
:1092B000A7033D8A420633E6C80023A8C70C03A6CD
:1092C000070D33780601334FDF02B346DD02137F0B
:1092D000FF00520F336FE80123A8E70D03A7070D26
:1092E000798DBD8AE206C98E23A8D70CD84385663E
:1092F0003D9BD8C3D843799BD8C39857558F98D7EF
:10930000D85713670701D8D722479376F703985F9A
:10931000137707FC558F98DF985FB7060081FD161D
:10932000758FD98D8CDFB640264496440649F25994
:10933000625AD25A425BB25B225C925C025DF24D91
:109340006161828023AC06CE6FF08FC1B727002009
:1093500003A707D05C4393E707105CC382804111E9
:1093600006C6EF00407A93056040EF10B060B2404F
:109370000145410182806F00C07E19C591C509C6B3
:109380008357060001459DE301110565C947130692
:10939000F100130555C3854506CEA307F100EF1074
:1093A000305DF2400345F100056182808280011149
:1093B0001305910006CEEF00407D2304A100056552
:1093C000300025059D45EF10B05AF240034581005D
:1093D0000561828001119305F10006CE22CC2A841A
:1093E000EF00E07C2306A1000565A3068100700064
:1093F000218013055540914523078100EF105057F8
:10940000F24062440345C1000561828001111305E9
:10941000D10006CEEF00C07B2306A10009657000D5
:1094200009059145EF10D054F2400345C100056194
:109430008280011106CEEF00007CA307A100096520
:109440001306F10015058545EF109052F2400345D3
:10945000F10005618280011106CEEF00D004A30760
:10946000A10009651306F10029058545EF1050504C
:10947000F2400345F10005618280011106CEEF0044
:10948000F05BA307A10009651306F10041058545BE
:10949000EF10104EF2400345F1000561828001118A
:1094A00006CEEF00B032A307A10009651306F10054
:1094B00045058545EF10D04BF2400345F1000561AD
:1094C0008280411106C622C4EF00B0388965CD05FF
:1094D0002A84EF10304A2285B24022444101828022
:1094E000011106CEEF00105BA307A100096513066A
:1094F000F10051058545EF10B047F2400345F100FA
:109500000561828001111305510006CEEF00305F26
:109510002302A100096550006105A545EF105045E3
:10952000F240014505618280411106C6EF0090605E
:109530008965E505EF101044B24001454101828084
:10954000011106CE22CC2A84EF00F0732306A1007D
:109550000965A30681007000218069058D452307F8
:109560008100EF10F040F2406244014505618280C5
:10957000011106CE22CC2A84EF10A0032306A100FD
:109580000965A3068100700021806D058D452307C4
:109590008100EF10F03DF240624401450561828098
:1095A000011106CE22CC2A84EF00C07F2306A10041
:1095B0000965A306810070002180130505028D4511
:1095C00023078100EF10D03AF24062440145056163
:1095D0008280011106CE22CC2A84EF00901123064E
:1095E000A1000965A3068100700021801305150202
:1095F0008D4523078100EF10B037F24062440145EA
:1096000005618280011106CE22CC2A84EF007012FF
:109610002306A1000965A3068100700021801305BF
:1096200025028D4523078100EF109034F2406244FB
:10963000014505618280011106CEEF00907CA307F1
:10964000A10009651306F100130575028545EF10A9
:109650003032F2400345F10005618280011106CEEF
:10966000EF10C004A307A10009651306F10013055C
:1096700095028545EF10D02FF2400345F1000561BA
:109680008280011106CEEF100007A307A100096533
:109690001306F1001305D5028545EF10702DF24039
:1096A0000345F10005618280011106CEEF10000A2A
:1096B000A307A10009651306F1001305E50285451E
:1096C000EF10102BF2400345F1000561828001117B
:1096D00006CEEF10400CA307A10009651306F100A8
:1096E000130515038545EF10B028F2400345F1003E
:1096F00005618280411106C622C4EF10C00D896544
:10970000938525032A84EF10F0262285B240224457
:109710004101828039711303D1021ACE03438105BE
:1097200006DE1ACC034341051ACA034301051AC8D1
:109730000343C1041AC6034381041AC4030341044A
:109740001AC2034301041AC0EF1060102306A102DD
:1097500009657010130565038945EF107021F250FB
:109760000345C10221618280011106CEEF10003B4A
:10977000A307A10009651306F100130575038545CC
:10978000EF10101FF2400345F100056182800111C6
:1097900006CEEF104051A307A10009651306F100A2
:1097A000130585038545EF10B01CF2400345F10019
:1097B00005618280011106CEEF10A06AA307A10007
:1097C00009651306F100130595038545EF10501A3E
:1097D000F2400345F100056182803727002093079E
:1097E00087B483D7A700130787B489E79307F01FCF
:1097F0002315F7008357A7002146014593F607106C
:109800008607C207B3D6C640C183558D93D557404E
:1098100093D69740AD8E858A7D161375F50FD58F3B
:1098200071FE2315F700828037270020930787B445
:1098300083D7C700130787B491E7E17793C7F7FF92
:109840002316F7008357C7003946014591689945AB
:10985000B3F617018607C207B3D6C640C183558D3C
:1098600093D6E74013D8F700858AB3C606017D1664
:109870001375F50FD58FE31DB6FC2316F700828014
:10988000011126CA4AC84EC656C2B727002006CEC6
:1098900022CC52C45AC0AE893289B68A83A447CA40
:1098A00035C9AD472A8463EEA7021304F5FF13748C
:1098B000F40F631D0906268A338B990063124B0748
:1098C0001379F9009386FAFF228523802401A3806F
:1098D000340193F6F60F4E868545EFC05FF20145E1
:1098E00005A0B147630BF5029307600263E5A7008B
:1098F0001304E5FF6DBF930770024945E30BF4FACB
:10990000F2406244D2444249B249224A924A024B4E
:10991000056182801304500269BF1304600251BFC5
:10992000EFF0BFEB2301AA00050A49BF8547631C7E
:10993000F9004E869305000F138524009770F91FD8
:10994000E7802095B5BF89476316F9004E869305D9
:10995000A00ADDB78D47631DF900268A338B990075
:10996000E3004BF7EFF05FEC2301AA00050ACDBF3F
:1099700091476316F9004E869305F00F75BF954722
:109980006315F9004E86814545BF99476315F90077
:109990004E86BD4555B79D474945E313F9F64E86BA
:1099A0009305500551BF9307F00363E0A70AB7275B
:1099B00000202382A79AB727002003A607C8B7066E
:1099C0000082FD165C561377F50393159701F58F0A
:1099D000CD8F5CD69306A003B727002083A707D0BE
:1099E00063F7A602F44F37060007D18EF4CF944BED
:1099F00001451396E600635B060493168700984BB7
:109A000071761306F60F718F558F98CB82801318DD
:109A10008501930620021358884163FAA600F44F8B
:109A2000370600F97D16F18E370600057DBFB706B3
:109A300000F91386F6FFF44FE945F18E370600036F
:109A4000E3C505FB370600014DB74945828041114A
:109A500022C42A84354506C6EFC01FCE59CCAD4777
:109A600063EB87067D141374F40FB727002083A7D8
:109A700007D0B70600C1FD16984B1374F4036204B7
:109A8000758F598C80CB372700200347479A717612
:109A90001306F60F1377F70393168700984B0145CB
:109AA000718F558F98CBF84FB706F9FFFD161367E6
:109AB0004700F8CF984B758FB7060200558F98CBAB
:109AC0009386864F94C7B7270020938747C83147AE
:109AD000A383E70039A8B1476304F4029307600247
:109AE00063E48700791441B7930770024945E30E98
:109AF000F4F6B24022444101828013045002B5B70B
:109B0000130460029DB7011106CE9317450163D47B
:109B10000702EF70EFA8894719C98346050011476E
:109B2000B1476396E60095472300F500C947F24028
:109B30003E85056182802EC6EF805FB2C94765D938
:109B40000347A500418B65D7B2458347B500230A7B
:109B5000B50491E7E9472308F5008147C9BFED4700
:109B6000DDBF011106CE22CC2EC6EF803FAF01CD66
:109B7000B2452A84EF705FD0A305A4020145F240EC
:109B80006244056182804945DDBFB7270020938785
:109B900087B40147994683C5070E3306E5000507DC
:109BA0002300B6008507E318D7FE01458280011126
:109BB00006CE2EC6EF809FAA11C983074503B24582
:109BC00001452380F500F240056182800945E5BF2B
:109BD000B72700209387079903D707012300E500E3
:109BE00003D707012183A300E50083C7F700230102
:109BF000F5000145828019E149458280B7270020A0
:109C0000138787B47847411122C406C62A849387F4
:109C100087B409C703478700314531EFF85B09C7AF
:109C200003477700314521EB03A7870809C703479E
:109C30007700314529E33725002005471946A285DD
:109C40001305E5C22381E7009760F91FE780405DB7
:109C5000834754001307000C93F7070C6391E70246
:109C6000372500201946A285130545C39760F91FC3
:109C7000E780005B0145B24022444101828081EBD4
:109C8000372500201946A2851305A5C3C5B71307BC
:109C900000044945E391E7FE372500201946A285D7
:109CA000130505C4E1B7411126C2B72400209387EC
:109CB00084B422C4E04706C6938484B411C43C48EB
:109CC00013974700634C070CFC4C99E74945B24099
:109CD000224492444101828009ED1305000FEF6098
:109CE0008FD96DD583478500F5D3EF60AFF9014576
:109CF000F9BF0547E31CE5FC15EC014582972A8472
:109D000045C1856793870780231EF5009307007080
:109D10002315F500B72500208D47230AF500A30879
:109D200005021946938585C2130525039760F91F1F
:109D3000E780004F034784008547E309F7F883472E
:109D4000A400B98B95C30347A40085476318F702A5
:109D50008947231EF400224403A30406B240924420
:109D60001305000F41010283EF706FD6B727002063
:109D700083C7579A8D8BE318F5FC89BF8357C401BD
:109D800011676375F700231EE400F1B79306000224
:109D90003E87E3FAD7FE13070002F5B7314505BF4A
:109DA0001D4535B7011126CA4AC84EC652C456C20F
:109DB0005AC02E89368BBA89BE8A06CE22CCB2848E
:109DC000428AEF80BF891307A9FF42078567418355
:109DD0009386A7C763EDE610938707C82A84494591
:109DE00063E7970A63E5240B1307301F6361670B72
:109DF00063EF370993071B00B38797021397390066
:109E000063D7E70849C48347140113F747003DC7E8
:109E1000ED9BA308F4008347B400231A2407231BF7
:109E20009406D5EF03578406C167FD17630BF70649
:109E3000631999068357A403231BE404231CF40429
:109E4000B727002083D707BF8D46114763E5F6008B
:109E5000850713F7F70FA30AE4042285EF700FC9F3
:109E600083570404A907231FF4048327440A93E7B4
:109E700017002322F40AC547A30EF400231C54073D
:109E8000231D4407231D6405231E34050145F240AC
:109E90006244D2444249B249224A924A024B056185
:109EA00082808357440691CFB3D4F4024A87B387A4
:109EB0009702C207C1836373F9003E87231CE40441
:109EC00041B7B305990085814A85EF60BEB3231C75
:109ED000A404930584052685EF407FC295B78327A8
:109EE000840A93E707022324F40AC14771B749455E
:109EF00079BF01112EC606CEEF804FF6B24509E5B7
:109F00004945F2400561828083471501A305B502EA
:109F100013F7470075D7ED9BA308F500BD4723064F
:109F2000F5028327850A93E727002324F50A0145D4
:109F3000C9BF011106CE2EC632C4EF802FF203270F
:109F400085101377070249C3B2459306000EAA870E
:109F5000138755FE42074183494563E4E6062246DE
:109F6000116713078714930686EBC206C182636AE2
:109F7000D70403D7071901456305B7043727002025
:109F8000930687B483D6A602A38EB706239FC7067F
:109F900093F5F50F130787B463F3D500AE86035727
:109FA000C7022390D7186373E60032872391E7181E
:109FB00003A7470A856693860680558F23A2E70A82
:109FC0000145F240056182804545E5BFB727002085
:109FD000138787B47847938787B401CB834687007C
:109FE00089C683469700494785EEF85B09CB8346CF
:109FF000770091C68346C7004947858A95E203A743
:10A00000870801CB8346770089C68346D700494736
:10A0100081EA03C7470B83C7570B6365F7001D47EA
:10A020003A8582800111A304A10019461305A100FD
:10A0300006CE9760F91FE780A01E2800EFB05FCA28
:10A0400085471D476313F5000147F2403A850561D6
:10A050008280797126D24AD04ECE06D622D42E895D
:10A06000B28936C63AC43EC242C0EF802FDFC9442F
:10A0700055C99305A9FFC20505662A84C181130548
:10A08000A6C7C9446360B50A130606C8636C3609DF
:10A0900063EA2909B2469305301F63E5D5082247D4
:10A0A0006362E6081386160033062603931537000D
:10A0B000635AB60603461401B144058A25E6032611
:10A0C000440A1376162039EE92470248231EE40410
:10A0D0000347B400231CF406231A2407231B340768
:10A0E000231D0407231DD4048347D401814459EF61
:10A0F00095EB83270410898B95CF31469305F00F9C
:10A10000130584069760F91FE780A0188327440A87
:10A110002314040693E707202322F40AC947A30E59
:10A12000F4008144B2502254268502599254F249D7
:10A130004561828063093905B385290185814A8596
:10A14000EF605E8C231CA404930584054E85EF40CC
:10A150001F9BB727002083D707BF8D46114763E5B4
:10A16000F600850713F7F70FA30AE4042285EF70C2
:10A17000EF9783570404A907231FF4048327440A95
:10A1800093E7170051BF231C2405E1B7C1FF8327C4
:10A190008410898B95C731469305F00F130584060B
:10A1A0009760F91FE780E00E8327440A2314040612
:10A1B00093E707202322F40ACD47A30EF4009DB7AE
:10A1C000E9448DB737270020930787B4FC4713076E
:10A1D00087B481CB83C6870089C683C69700C947E9
:10A1E000A1EE7C5B89CB83C6770091C683C6C7008E
:10A1F000C947858AB1E28327870881CB03C77700E7
:10A2000009C703C7D700C94705EB0111A304A10083
:10A2100019461305A10006CE9760F91FE78040009C
:10A220002800EFB07FB70547B1476313E5008147CA
:10A23000F2403E85056182803E858280B7270020FE
:10A24000138787B47847938787B401CB8346870009
:10A2500089C60347970049450DEFF85B09CB834654
:10A26000770091C60347C7004945058B1DE383A7C7
:10A27000870881CB03C7770009C783C7D700494543
:10A2800089EB411106C6EFB01FBAB240014541014A
:10A29000828082803DC1411122C426C206C6B727F2
:10A2A000002083A487BD834745002A84FD8B2302B9
:10A2B000F5008DE037250020A285130565C41546FD
:10A2C0009760F91FE780C0F5B240224492440145EF
:10A2D0004101828083C7B40099EF83A7440A1546E1
:10A2E000A28593E7270023A2F40A138584129760BE
:10A2F000F91FE780E0F284406DBF4945828041113B
:10A3000022C426C24AC006C62A890144A144930534
:10A31000F00F0545EF60CEECB30789002380A7005E
:10A320000504E31694FEB2402244924402490145DA
:10A3300041018280011122CC4AC806CE26CA2EC60F
:10A3400032893684EF808FB1630D05128347B500E3
:10A35000AA84B2450945DDEB214613857415976043
:10A36000F91FE780E0EBA38F2415135989002380A0
:10A3700024178347E4000346D4008345F400834652
:10A38000C400A207420603C5C404B297AE97E20612
:10A3900003A7440AB69749C123A6F40A8347A40039
:10A3A0008346940013670702A207C206B697834646
:10A3B000B400B69783468400E206B69723A8F40A51
:10A3C0008347640083465400A207C206B6978346BB
:10A3D0007400B69783464400E206B69723AAF40AAF
:10A3E0008347240083461400A207C206B69783461B
:10A3F0003400B69783460400E206B69723ACF40A0D
:10A400008547A386F40423A2E40A0145F24062448E
:10A41000D24442490561828023A6F40C8347A400FC
:10A420008346940013678700A207C206B697834647
:10A43000B400B69783468400E206B69723A8F40CCE
:10A440008347640083465400A207C206B69783463A
:10A450007400B69783464400E206B69723AAF40C2C
:10A460008347240083461400A207C206B69783469A
:10A470003400B69783460400E206B69723ACF40C8A
:10A4800059B7094561B7011106CE2EC6EF800F9D61
:10A49000630F05108346B5000547AA87B2450545F9
:10A4A0006391E60A83C60701130740020145639AD8
:10A4B000E60803C7E50083C6D5002207C206369723
:10A4C00083C6F500369783C6C500E206369783C675
:10A4D000D704BDCA23A6E70A03C7A50083C6950013
:10A4E0002207C206369783C6B500369783C6850015
:10A4F000E206369723A8E70A03C7650083C655001E
:10A500002207C206369783C67500369783C6450074
:10A51000E206369723AAE70A03C7250083C615007B
:10A520002207C206369783C63500369783C60500D4
:10A53000E206369723ACE70A1307A0022388E70058
:10A540000145F2400561828023A6E70C03C7A50000
:10A5500083C695002207C206369783C6B500369794
:10A5600083C68500E206369723A8E70C03C765007B
:10A5700083C655002207C206369783C675003697F4
:10A5800083C64500E206369723AAE70C03C72500D9
:10A5900083C615002207C206369783C63500369754
:10A5A00083C60500E206369723ACE70C71B7054574
:10A5B00049BF411106C6EF806F8A31C18346B5009D
:10A5C0000547AA8709456399E60283C60701130771
:10A5D00040026393E6020D472386E7021947A385ED
:10A5E000E702130750022388E70003C7A7020145CB
:10A5F000136717002385E702B240410182800945B5
:10A60000E5BFB72700202A87138587B403481500C4
:10A61000938787B463080802684511C5034885001D
:10A62000314563140808E85B11C5034875003145DE
:10A63000631D080603A5870811C503487500314549
:10A640006315080683C8C70B03C8D70B1D4563FEF7
:10A65000080583A7070D494593F70704B9C75D713E
:10A66000A6C22800B284194686C6A2C4A303E1008C
:10A6700036849760F91FE780A0BAA6851305E1022A
:10A6800041469760F91FE780A0B9A2851305E10153
:10A6900041469760F91FE780A0B84800EFA0EFBEE1
:10A6A000B64026449644616182808280B7270020AC
:10A6B000138787B48346170095C67847938787B476
:10A6C00009C703478700494515E7F85B09C70347F2
:10A6D0007700494505E383A7870889C783C77700C3
:10A6E000494589EB411106C6EFA08FCFB240014525
:10A6F000410182808280B7270020138787B4834678
:10A700001700938787B485C6784709C783468700B3
:10A71000494785EAF85B09C783467700494795E2D0
:10A7200003A7870809C783467700494799EAA380AA
:10A73000A70003A7870D01C91367076023ACE70CC7
:10A7400001473A8582801377F79FCDBF13070064D6
:10A750003305E502B72700204111938687B422C450
:10A7600003A4060C26C24AC006C6938487B4C8DA7E
:10A770001309F00F01E8B240224492440249014516
:10A78000410182800345040063052501CC58EF5048
:10A790005E86405CC5B7B7270020138787B4A30C3B
:10A7A000A70213771500938787B411EB03C7C7037C
:10A7B0006D8F6304B70049458280238DE7021377CC
:10A7C0002500014501EB03C7D703718FE315C7FED1
:10A7D000A38DC7028280011106CE2EC632C436C2B6
:10A7E0003AC0EF70BFE735C1B2450247924693F7D2
:10A7F000150099EB22468D4763F6C7004545F240A8
:10A80000056182802302C514898991E58D47E3E7BC
:10A81000D7FEA302D51401CFB727002083D7A7B84E
:10A820007D8F0D8B8547631FF7002314E514854743
:10A83000230FF5008327450A0567D98F2322F50AE0
:10A84000014575BF23140514DDB749454DBF5D7142
:10A850004EDEB7290020138389B40323C304CAC082
:10A8600062D486C6A2C4A6C252DC56DA5AD85ED6D4
:10A8700066D26AD06ECE030C4105834E8105034932
:10A880000106938989B463090300032E030531434C
:10A8900013145E00634D04000D4E49436369FE00CE
:10A8A00093FC050163850C02054E6387CE07B64015
:10A8B000264496440649F259625AD25A425BB25B28
:10A8C000225C925C025DF24D1A856161828013FF09
:10A8D00035004943E30DCFFD13FF8500E3190FFC5D
:10A8E0006393CE0303CEC9033143137E4E00E300CE
:10A8F0000EFC6303D90309436310690203CEC90345
:10A90000137E2E0039A0E318C9FF03CEC903137EBE
:10A910004E003143E30D0EF8468BC28B3EC6BA8A19
:10A92000368DB28DAE842A8AEF50FF942A8411E9C5
:10A9300083A7C905054582972A841D432DD9230283
:10A940004501930700026311FD028D47631CF90462
:10A95000035684019307900F13035004E3E9C7F4EF
:10A960000356A401E3E5C7F493F5F40F230EB404F2
:10A9700063860C12BD889547639EF402930710F816
:10A980002305F4004543E364BDF3FD474543E3F08D
:10A99000B7F39167E3EDA7F1EA9D93DD1D00231E58
:10A9A000B40115A08547E311F9FC03568401930710
:10A9B000D02E5DB7B5476399F40C85472305F400A5
:10A9C0008947231EF400A3055401639C0A108547A0
:10A9D000230AF40093F5050281E5B247A308F402C7
:10A9E000194681455A859760F91FE7800099631BD6
:10A9F00005108547230CF402A30C74031946DA856D
:10AA00001305A4039760F91FE78080818347010540
:10AA1000A304F4009307F0076319FC0EB727002086
:10AA200083C7479A36572300F70003051401EFB098
:10AA30009FA92302A406EFB0BFA2B657A308A400A3
:10AA40002380A7008347C10523000406A300F40662
:10AA50008347C405C18B91EB7D191379F90F8947A1
:10AA60004943E3E627E5A30F24058347410637075B
:10AA700000080143A30EF40483478106A301F406F2
:10AA80003C48D98F3CC825B589476394F400994761
:10AA9000C5BDE38704EE23050400EDB59D472305FE
:10AAA000F40013F6150093F7450011CA114691C33F
:10AAB0000546A30DC4048547230DF404E1B513F640
:10AAC000250001CA094691C31546A30DC404894750
:10AAD000E5B70D4691C31946A30DC404230D040424
:10AAE00055B5230A040081470D46B3D6FA40858A3E
:10AAF00091C6834644018506230AD4008507E39660
:10AB0000C7FEC9BD230C040211B7994763C587016D
:10AB1000A308840119BFA308F40001BF01114EC6A8
:10AB2000B7290020938789B4FC4706CE22CC26CAD9
:10AB30004AC852C4938989B491C7BC4B1396570035
:10AB4000634E06003A8AB6842E89EF50CFF22A84EB
:10AB500019ED83A7C9041305200491C33145F240C0
:10AB60006244D2444249B249224A05618280034785
:10AB7000A500854701453D8BE303F7FE0347C40568
:10AB8000418B45C78D476304F9004945C9BFFD475F
:10AB9000E3ED97FE231C04008D476312F90EE1C814
:10ABA0008357840103D729071D45B3869700E348DF
:10ABB000D7FA0347840015C78356C4011307000260
:10ABC0006391E6020347F4058D466318D70C13071B
:10ABD000900F13055004E364F7F88357A401E36072
:10ABE000F7F88D471D45E31CF9F637E900E08329A6
:10ABF0000900B70720002320F918B3F9F9000F1056
:10AC000000009305800C0545EF509EDD83578406B8
:10AC10001205232244038507BD8BC98F2314F40634
:10AC2000231C94002320391189A81377D90FE3033B
:10AC3000F7F611476315E904384893167700E3C621
:10AC400006F403478400E312F7F48357840195DF89
:10AC50008DFC9305800C0545EF509ED883578406E4
:10AC600012058507BD8BC98F2314F40639A03C4813
:10AC7000370700FF7D17F98F3CC80145CDB5930715
:10AC8000D9FF93F7F70F0547E37CF7F0E38F04EE66
:10AC900083478400E396E7F0D1B58546E313D7F404
:10ACA0001307D02E3DB701114EC6B7290020938758
:10ACB00089B4FC4706CE22CC26CA4AC852C493891E
:10ACC00089B491C7BC4B13965700634E06003A8A6D
:10ACD000B6842E89EF502FDA2A8419ED83A7C90490
:10ACE0001305200491C33145F2406244D2444249E5
:10ACF000B249224A056182800347A5008547014584
:10AD00003D8BE303F7FE0347C405418B79CB8D47A9
:10AD10006304F9004945C9BFFD47E3ED97FE231DD4
:10AD200004008D476319F910638F040E8357A40143
:10AD300003D729071D45B3869700E347D7FA034792
:10AD4000840015C78356C401130700026391E6020D
:10AD50000347F4058D46631ED70E835684011307FF
:10AD6000900F13055004E361D7F8E36FF7F68D47B2
:10AD70001D45E31BF9F61C548DC783472406898BB8
:10AD80008DC3485419CD8347A50081CFEF90FFC9EB
:10AD90004C54194613052403B1059750F91FE78059
:10ADA000204837E900E083290900B7072000232065
:10ADB000F918B3F9F9000F1000009305800C054550
:10ADC000EF501EC2835784061205232444038507CF
:10ADD000BD8BC98F2314F406231D94002320391141
:10ADE00089A81377D90FE30CF7F211476315E9042B
:10ADF000384893166700E3CF06F003478400E31B4F
:10AE0000F7F08357A40199D791F49305800C054579
:10AE1000EF501EBD8357840612058507BD8BC98F71
:10AE20002314F40639A03C48370700FE7D17F98F3C
:10AE30003CC8014555BD9307D9FF93F7F70F054768
:10AE4000E376F7EEE38804EC83478400E390E7EED3
:10AE500059BD8546E31DD7F0835684011307D02ED4
:10AE600009B75D71A6C2B7240020938784B403A8F4
:10AE7000C70486C6A2C4CAC04EDE52DC56DA5AD80F
:10AE80005ED662D466D26AD06ECE938484B46308F0
:10AE900008028327080513945700635204023145C2
:10AEA000B640264496440649F259625AD25A425B49
:10AEB000B25B225C925C025DF24D616182803AC6B7
:10AEC00032C493771500B68989C763920510494546
:10AED000C1BF91E9A04819E00145D9B72285EF50DB
:10AEE0006FDA0040CDBFE30908FE4285EF508FD9ED
:10AEF000E5B73849B70700037D8F55F30347B5051C
:10AF0000630487016315970103D7AA0149DB03C7CF
:10AF10001A036301270903C7AA006319270113173E
:10AF200014004E9703570700E3E3EDFAB8507D1481
:10AF30001374F40F5DC793161A00B69903D709006E
:10AF4000B2479305800C2395EA063E9A03470A0010
:10AF5000054523960A06A382EA06EF507EA803D78A
:10AF60008A061205264405073D8B498F2394EA067D
:10AF700003A3040603C50B00B64096440649F259E4
:10AF8000625AD25A425BB25B225C925C025DF24D25
:10AF900061610283138B4A05194681455A85975092
:10AFA000F91FE780803D631A250119469305EDC21C
:10AFB0005A859750F91FE780A026194681455A8582
:10AFC0009750F91FE780603BE31725F509B7FD159A
:10AFD00013F4F50F094C954C0549372D0020930DBE
:10AFE00000089307F00FE304F4EEA247228AB38B24
:10AFF000870003C50B00EF500FA8AA8AE31B05EEDC
:10B00000FC4413052004E39C07E859BDB727002042
:10B01000138787B40347170015CB938787B4F84786
:10B0200019CB0347870001CB494582804945F2404F
:10B03000624405618280F85B01C7034777006DF7C2
:10B0400083A7870881C783C77700F9FF011122CC46
:10B05000A304A10032841305A100194606CE97501F
:10B06000F91FE780E01B28009760F91FE780E0F9EF
:10B0700055DDA300850001455DBF01114AC84EC6DC
:10B0800052C406CE22CC26CAAE89328A3689EF70E7
:10B09000EFDC79C5B72700209387E789631E0A0094
:10B0A00005472380E7000145F2406244D24442490B
:10B0B000B249224A0561828083C6070005472A8477
:10B0C0006395E600238007008949B7E700E08443E1
:10B0D0003707200023A0E718F98C0F100000416506
:10B0E000130545F5EF702FD921CD8347A500231512
:10B0F000F50083278411A9E3232CA410232EA41088
:10B10000930710F879192320050023164501A3049D
:10B11000F500230435012322250183479402854548
:10B120000145B395F500C205C181EF405EE3B7E785
:10B1300000E023A0971085BF8327C41188C37DBF7B
:10B14000B727002083A7079C91C795659385555520
:10B1500005458297B7E700E023A097101D45A9B7E2
:10B16000094599B76F304FBF6F308FC36F304FC8ED
:10B170006F30AFCD6F308FD36F304FE06F308FD7E0
:10B180006F302FDB82806F30AFE3034301001AC0C2
:10B190006F20DFE06F203FED6F20FFF26F201FF97F
:10B1A0006F201FFF6F30CF846F30AF8803530100D3
:10B1B000035E4100834E81001AC072C276C46F30B4
:10B1C0004F8D6F308F9F6F30CFA46F302FA86F30AF
:10B1D0006FAD6F30EFB379719397050126D206D624
:10B1E00022D44AD04ECEC187AE8463DA0718B7297D
:10B1F000002003C559D6EF40FE932A8415C50347A6
:10B2000005009307000D631EF700034725009147D3
:10B2100063E5E7028D466375D71031CF8947630830
:10B22000F7082285EF40FE842165258DB250225417
:10B2300092540259F249456182809307D7FE93F7F1
:10B24000F70F8546E3EFF6FCB726002083A7C6D3A9
:10B250000346150093F7F7F0631006124D46631A84
:10B26000C71093E7070123AEF6D283A7C6D33705ED
:10B2700000015D8D59A88347150037290020639C84
:10B28000071C930535003725002019461305C5D73F
:10B290009750F91FE780C0F88547232EF9D28545DE
:10B2A00003C559D6EF40BECB0325C9D3B9A8834601
:10B2B0001500834735009DEE6393E7023727002092
:10B2C0008327C7D38145014593F7F7F093E707023A
:10B2D000232EF7D2EF805EF0A300A40099B70547B4
:10B2E000814501456395E700EF801EDEF5B7EF80ED
:10B2F000BECCDDB7E387E7F2B727002003A5C7D3AD
:10B3000041991365650023AEA7D2B727002083A714
:10B31000078AE38807F09C43E38507F0829711B71B
:10B32000372900208327C9D303461500C19B1DEE92
:10B330006315D70293E7270037270020232EF9D281
:10B340008347C7D193968701E186E3DF06F493F73D
:10B35000F707230EF7D08945A1B737270020230C24
:10B3600007D093E73700232EF9D23DBF93E767005C
:10B37000DDBF93E70702C5BD93E70703EDB593F77C
:10B380001500C9C7B727002083C787D1ADCFB7271E
:10B39000002083C7A7D1B7250020938505D22302BB
:10B3A000F100B727002083C707D4130561001946B1
:10B3B000A302F1009750F91FE78080E6B72700202D
:10B3C00083C797D14C002306F100B727002083C71D
:10B3D00087D7A306F100B727002003C557D6EF8013
:10B3E000AEF715C1B727002003A5C7D34199136550
:10B3F000650023AEA7D2B727002083A7078A81C79D
:10B400009C4391C3829713C514000DB593F7250093
:10B410000145E38D07E0B727002083C7C7D1858B9F
:10B4200085CBB727002003C557D6EF80FEA30DC1FB
:10B43000B727002003A5C7D31375F5F023AEA7D215
:10B44000B727002083A7078A81C79C4391C38297AF
:10B4500013C52400E1BB994739B7B727002083A75C
:10B46000C7D385E709C5B727002023A0A78AB7253A
:10B4700000203725002083C545D6034555D6814792
:10B480000147814601466F905EA345458280B727FC
:10B49000002023A0A78A8280411126C2B724002061
:10B4A00022C403C454D606C69307F00F6308F40001
:10B4B0006145B240224492444101828037B5060082
:10B4C0001305651DEF50EEABA382A4D6E30285FE03
:10B4D000B727002023A0078AB727002023AE07D272
:10B4E0000547B72700202382E7D6B72700200D475E
:10B4F000238DE7D0B7270020238007D41D47B72727
:10B500000020A38CE7D0B7270020238C07D6EF704C
:10B510009E82014579BF1307050483570500110575
:10B5200093C7F7FF231EF5FE8347E5FF93C7F7FF99
:10B53000230FF5FEE313E5FE828099473305F502FC
:10B5400001110A86C14506CE13050520EF508EEF86
:10B5500011E50345C100F240056182800145E5BF68
:10B56000011122CC26CA4AC84EC606CE81440144E7
:10B5700037290020B72900208347D98A636AF4005D
:10B58000F240624426854249D244B2490561828034
:10B5900083A7898A1315440019469305F00F3E9539
:10B5A0009750F91FE78060DD01E5850493F4F40FFF
:10B5B00005041374F40FC9B7411122C437240020C5
:10B5C0001304848C084006C609C5EF408ECA2320A8
:10B5D0000400B727002003C7D78AB2402244B72708
:10B5E00000202383E78A41018280B727002083C798
:10B5F000678A1971A6DA86DEA2DCCAD8AA846392A9
:10B60000A702372400201304E48A0345040085457B
:10B61000EF407E99034504008945EF40DE98EFF046
:10B62000BFF9C204C1801949338924035000C145C0
:10B63000130409202285EF50EEE009C90144228558
:10B64000F6506654D65446590961828019469305CE
:10B65000F00F48009750F91FE78020D265F14800AD
:10B6600041469305F00F9750F91FE78080C24808C4
:10B6700071469305F00F9750F91FE78080C10818B5
:10B68000130600049305F00F9750F91FE78060C080
:10B690005000C1452285EF50BE8550082A84F145EF
:10B6A00013051920EF50DE845008498CF14513052D
:10B6B0002920EF50FE831374F40F5008498CC145C4
:10B6C00013053920EF50DE821374F40F5008498CB3
:10B6D000C14513054920EF50BE811374F40F500883
:10B6E000498C914513055920EF509E801374F40F37
:10B6F000498C1D651018930500042695EF504EFFE8
:10B70000B71700201374F40F498C03C5C77F137457
:10B71000F40FEF500EF925B7411122C426C206C618
:10B7200001450144B724002083C7D48A6373F40021
:10B7300011C5B24022449244410182802285050411
:10B74000EFF0BFEA1374F40FC5B7011122CC4EC657
:10B7500052C406CE26CA4AC80144EF302FB0B729DA
:10B760000020372A002083C7D98A636AF400F24098
:10B770006244D2444249B249224A05618280130997
:10B780008A8A032509009314440019469305F00F93
:10B7900026959750F91FE78040BE01E983250900EF
:10B7A000A69503C5F500EF30AFAB05041374F40F95
:10B7B0005DBF397122DC4ED652D456D206DE26DA6F
:10B7C0004AD80144EF300FADB7290020372A0020B6
:10B7D000994A83C7D98A636BF400F2506254D254F9
:10B7E0004259B259225A925A2161828013098A8A97
:10B7F000032509009314440019469305F00F26957C
:10B800009750F91FE78060B71DE5330554030A869A
:10B81000C14513053520EF50EEC21008C14509455A
:10B82000EF504EC28325090014080A86A69503C569
:10B83000F500EF30EFA505041374F40F59BF0111A3
:10B8400006CEEFF0FFD10547A9476373A7008947EC
:10B850001306F10085451545A307F100EF906EC969
:10B86000F24005618280011122CC4EC652C456C2FC
:10B8700006CE26CA4AC80144B7290020372A00202C
:10B88000994A83C7D98A636CF402EFF07FCDB7275A
:10B89000002083C7578A99C3EFF03FEBB7270020FA
:10B8A00083C7478A99C3EFF0DFF06244F240D24485
:10B8B0004249B249224A924A05616FF05FF8330566
:10B8C000540313098A8A0326090093144400C145CE
:10B8D000269613050520EF50EEB61DC90325090075
:10B8E00019469305F00F26959750F91FE780609A47
:10B8F0000325090019469305F00F26951905975061
:10B90000F91FE780009983270900BE94239604005D
:10B9100005041374F40FB5B7B727002083C5E78A71
:10B92000035525006FB0EE8B9947B385F502397149
:10B9300022DC26DA4AD806DEA147AA84328913849B
:10B9400025206384F600138415207146814548083C
:10B950003AC69750F91FE780C0935008F1452285F9
:10B96000EF504EAE0DE18347E102A5463247E517A1
:10B9700093F7F70F63E9F600BA865008937519003C
:10B980002685EF70AEA9F2506254D254425921611B
:10B990008280797122D426D24AD0AE842A89328418
:10B9A0008145130600020A8506D69750F91FE780E5
:10B9B000408EB727002083C7178023102101230E54
:10B9C000F100835781015DC8372700200347978B1B
:10B9D000F99BB72500202302E10037270020034709
:10B9E000B78B414693858591A302E100372700205C
:10B9F0000347A78B1305610093761700D58FF59B3E
:10BA000093762700D58FED9B93764700D58F9316BD
:10BA1000470093F6061093F7F7EFD58F931647007C
:10BA200093F6062093F7F7DFD58F120713770740B9
:10BA300093F7F7BFD98F231CF1009740F91FE780D8
:10BA4000207EB727002083C7878B13F7170001CB11
:10BA500099C40357810113672700231CE1000347A2
:10BA60006101A2850A85D98F230BF100EF70CE8C7E
:10BA7000B2502254925402594561828037270020E7
:10BA80000347178BF99BB72500202302E1003727D6
:10BA900000200347378B414693858590A302E10040
:10BAA000372700200347278B130561009376170083
:10BAB000D58FF59B93762700D58FED9B9376470026
:10BAC000D58F9316470093F6061093F7F7EFD58FAF
:10BAD0009316470093F6062093F7F7DFD58F1207EA
:10BAE0001377074093F7F7BFD98F231CF1009740D6
:10BAF000F91FE780E072B727002083C7078BB1B733
:10BB0000011122CC26CA4AC84EC606CE2A89014453
:10BB1000B7240020B729002083C7D48A636BF400C0
:10BB20003E842285F2406244D2444249B2490561D2
:10BB3000828083A7898A131544001946CA853E95D9
:10BB40009740F91FE780007B69FD05041374F40F2B
:10BB5000E1B71D71A2CC372400208327848CD2C486
:10BB6000D6C286CEA6CACAC8CEC6DAC02A8AAE8ACD
:10BB70001304848CA5E319E10545F9A8F5DDEFF080
:10BB80003FF8372700208346D78AB7270020238332
:10BB9000A78A1389678A9309D78A636DD50281447E
:10BBA000372B00200DA083278B8A1395440019465C
:10BBB0009305F00F3E959740F91FE780007C09E957
:10BBC000850493F4F40F83C70900E3EEF4FCBE840C
:10BBD00023009900B72400201389648AB727002026
:10BBE0000345090083C7D78A9384648AE376F5F80E
:10BBF0001C40ADEF99473305F5025286C145130548
:10BC00000520EF50EEAE130600049305F00F0A85F1
:10BC10009740F91FE780E067034509009D670A86A2
:10BC2000930500043E95EF50AEAC834709003727DB
:10BC300000200325878A92074146D2853E9597408A
:10BC4000F91FE780E05D23205401B717002003C5EA
:10BC5000C77FEF500EA50145F6406644D6444649DD
:10BC6000B649264A964A064B25618280904781470D
:10BC700009CE99473305F502F14513051520EF501C
:10BC80002EA71C4023A4070085471840104B19CE4F
:10BC900003C504009947F1453305F5021305252036
:10BCA000EF500EA51C4023A8070085471840504BB5
:10BCB00019CE03C504009947C1453305F5021305A4
:10BCC0003520EF50EEA21C4023AA070085471840FC
:10BCD00050471DCA03C504001949C1453305250352
:10BCE00013054520EF50CEA003C504001C4091452C
:10BCF00033052503D047410613055520EF504E9FCD
:10BD00001C4023A6070091B7A9F3B727002083C7DB
:10BD1000578A99C3EFF07FA3B727002083C7478ACC
:10BD200099C3EFF01FA9EFF09FB1B9B5B727002075
:10BD300083C7D78A011122CC06CE26CA094463766E
:10BD4000F50285C599473305F502AE840A86C145DB
:10BD500013050520EF401EEF2A8401E919468A8564
:10BD600026859740F91FE780A04B2285F240624468
:10BD7000D24405618280011122CC06CE2A842EC6CF
:10BD800032C4EFE0BEAD1DC90347C500A14722463E
:10BD9000B2456310F702B727002083A7C78C99CF5D
:10BDA00003A34700630C030022856244F24005614F
:10BDB0000283B727002083A7078DD5B7F2406244DE
:10BDC00005618280011122CC19443304850226CA00
:10BDD0000A86AE84C14506CE130404202285EF40B6
:10BDE0007EE601C98144F24062442685D244056161
:10BDF000828019469305F00F0A859740F91FE78066
:10BE0000C0576DF10357C1009377D70F89C493775B
:10BE1000F70F93E72700C207C1838544E305F7FCCA
:10BE20000A86C14522852316F100EF506E8CB717A4
:10BE3000002003C5C77FEF50CE8675B71D71A2CC19
:10BE40002A8419453305A402A6CACAC8B2842E8919
:10BE50000A86C14586CE13050520EF40BEDE01C926
:10BE60000145F6406644D64446492561828019461C
:10BE70009305F00F0A859740F91FE78000506DF198
:10BE80009D673E941008930500042285EF409EDBD9
:10BE900019C10545F9B70808EFF0EFE76318090481
:10BEA00013060004814508089740F91FE780E04C1D
:10BEB0006DF113060004814508089740F91FE780DB
:10BEC000403DB7270020054708082380E78CEFF0A6
:10BED0008FE41008930500042285EF506E81B71798
:10BEE000002003C5C77FEF40DEFB65B71C08900844
:10BEF000BE8683D506003687638125039106E31A43
:10BF0000D6FE0145B9DC83D607003E8789C6910776
:10BF1000E31BF6FEB1B72390270183472700E38A8E
:10BF200097F623019700D1FC2310070059BF011198
:10BF30004EC6B72700207D57B729002022CC26CA3D
:10BF40004AC806CE52C42387E78A9387099903C556
:10BF5000E70037290020372400209304898A9305BD
:10BF600020041205A306048A23A004009740F91FA9
:10BF7000E780400D88C01304D48A15C593890999B8
:10BF800083C7E9001309898A81442300F4008347A9
:10BF9000040063E6F41203A78900B72700206302B8
:10BFA0000716A38907D003470400B72700200544DC
:10BFB0002383E78AB727002023A4078CB727002014
:10BFC0002381878037250020B7270020A38C078A8C
:10BFD0004146B7270020814513058591A38D078A27
:10BFE0009740F91FE780E02AB727002093047007E5
:10BFF000238C078AB7270020238D978AB727002034
:10C0000023AE078AB7170020A38F877EB7270020AB
:10C010002388078A37250020B7270020A388078AAE
:10C020004146B7270020814513058590A389078ADB
:10C030009740F91FE780E025B72700202389978ADA
:10C04000B727002023AA078AB7270020A387078ADB
:10C050001547B7170020A38EE77EB727002041477A
:10C06000A380E780B72700202380078C0947B717F4
:10C070000020238FE77EB727002023A8078CB7274F
:10C08000002023A6078CB7270020A382078AB727A2
:10C0900000202386078AB7170020238E877EB727C4
:10C0A0000020A3818780B727002023808780F2406B
:10C0B0006244D2444249B249224A05618280032542
:10C0C0000900139A440019469305F00F52959740C2
:10C0D000F91FE780001C0325090019469305F00F9E
:10C0E000529519059740F91FE780A01A8327090088
:10C0F000850493F4F40FD297239607002387070053
:10C1000079B5130700F8A389E7D071BD757122C511
:10C11000CEDED2DCD6DADAD806C726C34AC101445D
:10C12000B72A0020372B002099491D6A9384DA8AA8
:10C1300083C704006368F402B717002003C5C77FF4
:10C14000EF403ED603C70400BA402A44B727002078
:10C150002383E78A9A440A49F659665AD65A465BB7
:10C160004961828013098B8A0325090093144400D6
:10C17000194626959305F00F9740F91FE780601147
:10C180000325090019469305F00F269519059740D8
:10C19000F91FE780001083270900131904011359C0
:10C1A0000901A697B30439032396070023870700E4
:10C1B00041469305F00F48009740F91FE780600D56
:10C1C00071469305F00F48089740F91FE780600C0F
:10C1D000130600049305F00F08189740F91FE78035
:10C1E000400B5000C14513850420EF407ED050081D
:10C1F000F14513851420EF40BECF5008F14513855B
:10C200002420EF40FECE5008C14513853420EF4076
:10C210003ECE5008C14513854420EF407ECD5008E6
:10C22000914513855420EF40BECC101893050004AF
:10C23000330549010504EF40BECB1374F40FFDB57F
:10C24000930705C04111C20722C406C6C183130764
:10C2500020022E846369F71237F706008A07130756
:10C26000C788BA979C438287B727002083C7278057
:10C270002300F4001DA8B727002083C7878B898778
:10C280003DA8B727002083C7978BDDB7B7270020CD
:10C2900083C7B78BF1BFB7250020414693858591B1
:10C2A00022859740F91FE780A0F78147B2402244DA
:10C2B0003E8541018280B727002083C7878B858B0D
:10C2C00045BFB727002083C7A78B5DB7B7270020DE
:10C2D00083A7C78B1CC0D1BFB717002083C7F77FC8
:10C2E00041BFB727002083C7078B51BFB727002066
:10C2F00083C7178BB5BFB727002083C7378B8DBF88
:10C30000B725002041469385859059BFB727002067
:10C3100083C7078B6DB7B727002083C7278B89BFDB
:10C32000B727002083A7478B75B7B727002083C79F
:10C33000F78A3DBFB717002083C7D77F15BFB72740
:10C34000002083C717802DB7B727002083C7578ADF
:10C3500005B7B727002083C7478A19BFEFF04FA062
:10C360002300A40099B7B727002083C7078009B727
:10C37000B727002083C7878B8D8791B7B727002009
:10C3800083C7078BD5BF130700048947E360A7F273
:10C39000EF603E932310A40009BF011106CE22CC0A
:10C3A00026CA4AC84EC652C456C2EF605EDD49ED89
:10C3B000372900201309C98A03470900B724002040
:10C3C00085472A849384D48A6300F704372A00209F
:10C3D000854A83C704006376F40493098A8A03A715
:10C3E0000900131944004A978347E700639A5701ED
:10C3F0002285EFF08F9F83A70900CA972387070044
:10C4000005041374F40FF1B7EFF00FB1B727002054
:10C4100083A7878A03C7040023000900B907631EA6
:10C42000E400EF409ED56244F240D2444249B24912
:10C43000224A924A05616FF00FC30504238007006A
:10C440001374F40FC107E1BFF2406244D244424981
:10C45000B249224A924A05618280797126D24AD035
:10C460004ECEB724002006D622D452CC8947AE89BE
:10C4700032899384D48A630AF5066360F5028D4796
:10C480006304F50C03C404002285B2502254925474
:10C490000259F249624A456182802E85EFF04FE6EB
:10C4A00083C704002A84E371F5FEE30F09FC1946F3
:10C4B000CE854A859740F91FE78080D6F1B783275C
:10C4C0008A8A1315440019463E95CE851905974072
:10C4D000F91FE78020E231ED05041374F40F83C7E0
:10C4E0000400E36EF4FC3E8445B70144372A002083
:10C4F000FDB705041374F40F83C70400E375F4FE5D
:10C50000330544030A86C1451305352042054181A0
:10C51000EF404EF379FD41469305F00F0A859740B1
:10C52000F91FE78080E571F5CE850A85EF605E81B1
:10C5300069F183C70400E379F4F4E30709F4CA85D9
:10C540002285EFF0AFFE89B70144194A75B77971BA
:10C550004AD006D622D426D22A8902CC231E010034
:10C56000EFE0CEAF31C1B71400209384F47F03C74E
:10C5700004008947630AF702930565002A8403458E
:10C5800055003008EFF07FEDB727002083C7D78A2A
:10C590006372F5022AC6EFE05FFAB2452A860547C4
:10C5A000A1464A85EFF04FB8B25022549254025936
:10C5B0004561828083C7040091E795454A85EF6015
:10C5C0007EB9DDB70547E391E7FE83455400014698
:10C5D0004A85EFF00FBCC9BF0111C1674AC806CE3A
:10C5E00022CC26CA4EC6FD172E89630CF506EFE055
:10C5F000EEA62A84D14431CD93056500034555004C
:10C600000146D544EFF07FE5B727002083C7D78ADE
:10C610006376F500CA85EFF0EFFA8144630B0902F7
:10C620002285EFF06FAF35A0CA852285EFF08FF934
:10C6300011C1814405041374F40F83C7D98AE365DB
:10C64000F4FE6308090037C5060013058591EFE085
:10C65000CEC9F240624426854249D244B2490561BE
:10C6600082800144D544B7290020C1BF0111C167B0
:10C670004AC84EC606CE22CC26CA52C4FD172E8901
:10C68000B2896301F506EFE06E9DD14439C193058F
:10C690006500034555000146D544EFF01FDCB72780
:10C6A000002083C7D78A6376F5024E86CA85EFF0ED
:10C6B000EFF8814439A84E86CA852285EFF00FF83D
:10C6C00011C1814405041374F40F8347DA8AE364CB
:10C6D000F4FEF240624426854249D244B249224ADD
:10C6E000056182800144D544372A0020F9BF4111F9
:10C6F00022C4372400201304E48A83450400B727AA
:10C70000002023A8A78C614506C6EF603EB1034513
:10C7100004002244B24041016FB01EF2411106C62E
:10C7200022C426C29DE9AA85AA8437450F001305B5
:10C7300005243375A602EF60CEDA2A8409C993076F
:10C74000E00F6306F50085452685EF60BEA02285D3
:10C75000B2402244924441018280EF60BE9F014476
:10C76000FDB7B72700209387278003C7070013670B
:10C7700007F82380E700B727002083C5878B6F6009
:10C780003E921971A6DAB2845000CAD8D2D486DE9D
:10C79000A2DCCED62A89368A02C223140100EFF029
:10C7A000DFCBB727002083C7D78A6372F5102A84AE
:10C7B000EFE0BFD89147AA896312FA0EB72700208D
:10C7C00003C727809146791713371700A2854204C3
:10C7D00041801949330924034E862685EFF0CF9412
:10C7E0005146814568009740F91FE78080AA700094
:10C7F000C1454209135909011305492042054181E8
:10C80000EF404EC405E941469305F00F680097409C
:10C81000F91FE78080B619ED13055920420570080D
:10C8200091454181EF400EC2700093F519002685B5
:10C83000EF60BE8B1D652295420510109305000424
:10C840004181EF402EC015E10810EFE0DFCC001071
:10C85000130901068355040091C50346240026856B
:10C86000EFA07E951104E31789FE93F929006389EF
:10C870000900B727002083C5E78A2685EFA06E96BA
:10C880009147631AFA04B727002003C72780894716
:10C890006313F7042685EFF0DFEC35A8B717002007
:10C8A00003C7F77FD28679171337170005B7A1475B
:10C8B000E318FAFCB717002003C7F77F8947631C0A
:10C8C000F7000146CA852685EFF0AF8C0146814509
:10C8D0002685EFF04FCAF6506654D6544659B659DD
:10C8E000265A014509618280011106CE2AC6EFF061
:10C8F0000FE43245F240B72700202387A78A05615D
:10C900006FE07FF61D7186CEA2CCA6CACAC8CEC67D
:10C91000D2C4D6C2DAC0EF20EF97B727002083C772
:10C92000378099CB0144372A0020B72A0020194BC1
:10C930008347DA8A636CF400F6406644D64446497D
:10C94000B649264A964A064B2561828093898A8A8F
:10C9500003A509001319440019469305F00F4A95E1
:10C960009740F91FE78060A121E9B30464035010E8
:10C97000F1451385142042054181EF40AEAC0DED29
:10C980000347F1039307F00F6318F7021385342070
:10C9900042055000C1454181EF40CEAA5008C14533
:10C9A0000945EF402EAA83A5090054085000CA95F6
:10C9B00003C5F500EF20CF8D05041374F40F8DBF70
:10C9C000930705C05D71C207A6C2CAC086C6A2C4CD
:10C9D0004EDE52DC56DA5AD8C183130720022A8968
:10C9E000B284636FF75837F706008A0713078791F9
:10C9F000BA979C43828785476384F500614419A8F0
:10CA0000834706000947E36BF7FE37270020230121
:10CA1000F78001442285B640264496440649F259DF
:10CA2000625AD25A425B616182808547E398F5FC85
:10CA300083460600E3E4D5FC372700201307878BE5
:10CA400083470700E5C293E747002300F700D1B70B
:10CA50008547E395F5FA834706001147E360F7FA47
:10CA600037270020A30CF78A6DB78547E398F5F8C0
:10CA700083470600E3E4F5F837270020A30DF78A83
:10CA800049BFC147E39CF5F6372500204146A685FE
:10CA9000130585919730F91FE78080789DBF854702
:10CAA000E39EF5F483460600E3EAD5F43727002039
:10CAB0001307878B83470700F9C693E7170071B701
:10CAC0008547E39DF5F203470600B7270020238D35
:10CAD000E78A81B79147E393F5F21842B7470F0011
:10CAE0009387F723E3ECE7F0B727002023AEE78A2C
:10CAF0000DB78547E394F5F0834706000947E36FD8
:10CB0000F7EE37170020A30FF77E21B78547E3978D
:10CB1000F5EE83460600E3E3D5EE37270020130742
:10CB2000078B39BFED9B15B78547E399F5EC834734
:10CB300006001147E364F7EC37270020A308F78AC3
:10CB4000C9BD8547E39CF5EA83470600E3E8F5EABB
:10CB500037270020A309F78A6DBDC147E390F5EAA6
:10CB6000372500204146A6851305859025B78547C2
:10CB7000E396F5E883460600E3E2D5E83727002090
:10CB80001307078B05BFF99BC9B58547E398F5E601
:10CB900003470600B72700202389E78A9DBD9147F8
:10CBA000E39EF5E41842B7470F009387F723E3E7C6
:10CBB000E7E4B727002023AAE78AA1BDE39005E4B4
:10CBC000EF60EEDB01E9EFE03FB5EF400EDBEFE0B9
:10CBD0009FC981B5B727002005472386E78A15BD81
:10CBE0009D47E39DF5E09385140019466800973052
:10CBF000F91FE780E06203C5040050086C00EFF005
:10CC0000DF85B727002083C7D78AAA840944E37346
:10CC1000F5E04808EFD07ECD09E52685EFE0FF9CE2
:10CC20006DB7B727002083A7878A92045944BE9422
:10CC300085472387F400F9BB9D47639BF50A194696
:10CC40009385140068009730F91FE780605D03C585
:10CC5000040001466C00EFF05F80B727002083C717
:10CC6000D78A6379F5049944B30495025008F145D5
:10CC700093841420C204C1802685EF30BEFC2A8430
:10CC800005E91307A04185476304E9009307F00F06
:10CC90005008F1452685A307F102EF406EA5B717AE
:10CCA000002003C5C77FEF40CE9FEFF0BFC59DB307
:10CCB0000944E5BFB727002083C737D10944E38B78
:10CCC00007D4372700209306A041834747D1631D2F
:10CCD000D90093E7170037250020230AF7D01D4617
:10CCE000A6851305C5D07DB3F99B230AF7D015B3EC
:10CCF0008547E395F5D0372700209306A041834769
:10CD000047D16315D50093E72700C5B7F59BF1BF61
:10CD1000B7270020A3810780EFF0DFBEDDB9B7277A
:10CD200000200547A381E780014437290020994965
:10CD3000130AF00FFD5A371B00208347D98AE37D81
:10CD4000F4FCB30434035008F14593841420268581
:10CD5000EF305EEF05E18347F102638D4701500834
:10CD6000F1452685A3075103EF408E980345CB7FFD
:10CD7000EF402E9305041374F40FC1B78547E39F6A
:10CD8000F5C683470600E3EBF5C637270020A30767
:10CD9000F78A41B18547E393F5C6834706002547E7
:10CDA000E36EF7C437170020A30EF77E9DB18547C9
:10CDB000E396F5C403470600A546930797FF93F74C
:10CDC000F70FE3EDF6C2B7270020A380E78091B10B
:10CDD0008547E395F5C2B72700209387578A034715
:10CDE000060083C6070001442380E700E39406C2DF
:10CDF000E312B7C2EFE03FA731B98547E390F5C032
:10CE0000B72700209386478A03C7040003C606009D
:10CE10001384478A2380E60009E66314B700EFE035
:10CE20009FA403450400EF103FC7E5B68547E3978D
:10CE3000F5BC834706000D47E362F7BC37170020B7
:10CE4000230FF77EF9B68547E39AF5BA0347060044
:10CE5000B7170020238EE77E6DBE0545EF406E8438
:10CE60004DBE8547E39CF5B803470600B727002071
:10CE70002380E78079BE93074002E391F5B803C5AC
:10CE80001400014693852400EFF02FDDB727002022
:10CE900083C7D78AE374F5B619443304850203C700
:10CEA0000400A1471374F40F6312F7040904137408
:10CEB000F40F420441805008F1452285EF309ED89E
:10CEC000E31E05B29385840048086D469730F91F2C
:10CED000E78000355008F1452285EF406E81B71795
:10CEE000002003C5C77FEF30DEFB09BE0504C1B7D4
:10CEF000B727002003D7079A930740046D44E3FB4C
:10CF0000E7B08547E39CF5AE83470600E3E8F5AE5E
:10CF10008DC3B727002083A787D05544E38C07AE85
:10CF2000B72700209387878B03C707001367870005
:10CF300001A8B72700209387878B03C707005D9B55
:10CF40002380E700F9B4B727002003D7079A930797
:10CF500040046D44E3F0E7AC8547E391F5AA8347CD
:10CF60000600E3EDF5A8F1D7B727002083A787D007
:10CF70005544E38107AAB72700209387078B6DB735
:10CF8000930700040944E3E727A9E39585A883D51F
:10CF900004004A85EF608EA82A84ADBC797106D65C
:10CFA00022D426D24AD0834725005147E91793F768
:10CFB000F70F636AF70237F706008A071307479AE5
:10CFC000BA979C432A8482878354A5000346C500F0
:10CFD0008346D500268532C636C4EFD03E88AA8760
:10CFE000A246324619E1854491A203C7C700A14772
:10CFF00013053400631CF702B727002083A7C78CF2
:10D00000A68589C79C4399C38297F1BFB7270020A3
:10D0100003A5478BEF50FECC79D59307E00FE304CF
:10D02000F5FC85452685EF60EE9275BFB727002099
:10D0300083A7078DA68599C39C43F9F7B7270020DE
:10D0400003A5C78BC1BF8355A5002E852EC4EFD085
:10D05000FE80AA8749D903C7C700A147130534003A
:10D060001306C4009306C401A245631BF700B7274B
:10D07000002083A7C78CA5DB9C47B5D78297A5B7AF
:10D08000B727002083A7078DFDB783471500E1E789
:10D0900083476500858BE1C3B727002083A7878C72
:10D0A0000149DDEB8145414608089730F91FE780CB
:10D0B000401E4C48D9C183C765011946C105A30F5D
:10D0C000F10008089730F91FE78080158347640056
:10D0D0000357C1018987858BD98F231EF100EFE0AB
:10D0E0002FC8B727002083C7D78A6391A702B72725
:10D0F000002083C7078099C3EFF04F81B727002036
:10D1000083A7079C81C7854521458297EFE04FC5DE
:10D11000A2850808EFE0FFA3AA84554915EDB727BB
:10D12000002003C5E78A8945EF207EE3B2502254F0
:10D1300026850259925445618280035544008544F6
:10D14000EFD0CEF165D583475500194693056500AC
:10D15000A30FF100BDB70149034614000355440075
:10D160008545EFE05FC1E30009E84A868D45035538
:10D170004400EFE05FC085BD034715009947631C7D
:10D18000F70203554500EFD06EEDAA840DC5B71721
:10D19000002083C7E77F09476389E7020D47638063
:10D1A000E70205476399E7008345550003554400AE
:10D1B0000146EFE00FFE0346140089454DBF0146CE
:10D1C000814513050041EFF0AFFF8355440003C5CF
:10D1D00004001546EF50FEFAF9BF930545000345DC
:10D1E00035000146EFF06FA7B727002083C7D78A25
:10D1F000E37BF5DE99473305F5021306C40091453C
:10D200001305552042054181EF309ECEB71700200F
:10D2100003C5C77FEF30FEC8F9B3B727002083C727
:10D22000F78A0355450091C7B717002083C5D77FFC
:10D23000DDBBB727002083C7278099E39545E5B379
:10D24000EFD0CEE1AA84E30005DA8347A400858B02
:10D2500095CB03455500854763F6A7028357C40065
:10D2600093F7072085E3100893856400EFF0EF9EA5
:10D27000B727002083C7D78A6396A7008D4503553B
:10D28000440055B383C5540003554400130684007D
:10D29000EFE02FF001468145D9BD03554500EFF081
:10D2A0000FAB91B303554500EFF02F8FB727002048
:10D2B0009387278003C707001377F7072380E700CA
:10D2C0001DB379719397050122D406D626D24AD090
:10D2D0004ECE52CCC1872E8463D7070AB7270020D1
:10D2E00003C5E78AEF201E85AA8431C58347050060
:10D2F0001307100B638CE7041307000D6387E70225
:10D300001307000B6396E70203474500F9476317CD
:10D31000F700035525008145EFF00FAC83C54400AD
:10D3200013858400EF802EFE21A0EFF03FC701C5DA
:10D330002685EF200EF4A164A18CB25022542685DC
:10D3400002599254F249624A4561828083474500FE
:10D35000E5F30356850083556500035525003729FD
:10D3600000201309098C23000900EFF02FB0834738
:10D370000900DDDFB717002003C5C77F23000900C0
:10D38000EF303EB275B793F725009DC38145014547
:10D39000EFE02FFCB7270020934424009387E78A0F
:10D3A000854511E1894503C50700EF205EBB71B7D4
:10D3B00093F715006381070EB729002083A7898C96
:10D3C000B72400209389898C03DA470083A7448C13
:10D3D0009384448C85E33727002037F60600C16527
:10D3E0001307478D8946130646C0FD150545EFA076
:10D3F0008E8488C08C40134414008DED83A70900EF
:10D400000146854503D5470093140401C180EFE030
:10D410009F9683A7090001468D4503D54700EFE09D
:10D420009F95B717002003C5C77FEF309EA7EFE099
:10D43000AF9821B7372900200356498D9308F00F84
:10D44000094881471307E10074005285EFA04ED5CB
:10D450001309498D11ED0346D1008347C10022060F
:10D460005D8E19C69C40528583D5A700EFF00FA0B2
:10D47000884003560900C1658146FD15EFA02EC600
:10D4800088C093140401C18035D9B7270020854591
:10D4900003C5E78A19BF93F745008144E38F07E886
:10D4A00093C4450059BD83462500D14763E4D7287E
:10D4B00037F70600939726001307879FBA979C4378
:10D4C000011122CC06CE26CA4AC84EC62A848287BB
:10D4D0008347150037290020C5EBB7250020B72466
:10D4E00000204146938585D6138544D49730F91F93
:10D4F000E78040E0B72900203DE9138644D4C145C8
:10D500000945EF30FE9E138649D5C1450D45EF30E4
:10D510003E9EB717002003C5C77FEF309E98372582
:10D520000020930534001305C5D719469730F91F1D
:10D53000E78000CF8547232EF9D2B727002003C507
:10D5400057D68545EF20BEA10325C9D3B7270020B4
:10D5500083A7878DB5C703A3070063030306A285CE
:10D560006244F240D2444249B24905610283B72580
:10D5700000204146938585D2138549D59730F91F00
:10D58000E78040D73DD961BF9947232EF9D26DBFBF
:10D59000034715008347350031E709476399E702E0
:10D5A000372700208327C7D38145014593F7F7F03C
:10D5B00093E70702232EF7D2EF601EC2A300A40058
:10D5C000F2406244D2444249B24905618280054733
:10D5D000814501456395E700EF601EAFC5B7EF6079
:10D5E000BE9DE9BF0947E38DE7FCB727002003A5EF
:10D5F000C7D341991365650023AEA7D281BF834786
:10D600001500B7240020BDEB8D47639AF604372739
:10D6100000208347C7D193968701E18663DD06002A
:10D6200093F7F707230EF7D0B727002003C557D687
:10D630008945EF20DE9283A7C4D3914613F7F70004
:10D640006318D700C19B93E7570023AEF4D2B5A06F
:10D650008946E307D7F6C19B93E72700FDB703A7E9
:10D66000C4D3B7270020238C07D09546937707FFB4
:10D670003D8B631FD70493E74700C1BF83A7C4D383
:10D68000C19B93E76700D1B7B724002083A7C4D319
:10D6900003471500C19B0DE793E7470023AEF4D283
:10D6A0000356A50093054500034535009146EFF06C
:10D6B0004F8DB7270020238C07D003A5C4D379B59D
:10D6C00093061003E31FD7FA37270020230C07D057
:10D6D00093E737009DBFEFF07F8C3727002083272B
:10D6E000C7D3954613F6F700C19B13E537006314C3
:10D6F000D60013E52700232EA7D289BD37270020A7
:10D700008327C7D30346150093F7F7F00DE24D4684
:10D71000639CC60093E70701232EF7D28327C7D364
:10D72000370500015D8D1DB593E70702F5B793E757
:10D730000703DDB7828003470500930610096307DE
:10D74000D7009307000D6306F70482808346150017
:10D7500039476392E604835645000567130757402F
:10D76000639BE60218459307F0078305370063843F
:10D77000F502B727002083A7878D91CF03A3470029
:10D78000630B03008347270003451700A2075D8D45
:10D7900002836FF05FD1828001119397050126CA41
:10D7A00006CE22CCC187AE8463DB070CB7270020EE
:10D7B00003C557D6EF200EB82A8419C9B727002011
:10D7C00083C7B7D189EFEFF01FF72285EF206EAA4C
:10D7D0002165258DF2406244D244056182808347F1
:10D7E00005001307000D6390E7068347250081E7D6
:10D7F000EFF07FF409A81547639FE7000347C500D2
:10D80000A147E392E7FCB727002003C527D8A285EC
:10D81000EF204EBA75BF2147E38CE7FC994663952C
:10D82000D70083477500F1BF1D47E39EE7F8035516
:10D830004500EFD0AE8251D90347C500A1472285EC
:10D84000E313F7F8C9B71307200AE38EE7F61307C7
:10D850001009E39FE7F803471500B947E31AF7F803
:10D8600003574500856793875740E313F7F818453A
:10D870008347270003451700A2075D8D5DBF93977F
:10D88000150163D20702372600201306C68D914585
:10D890001145EF30EEE5B717002003C5C77FEF3025
:10D8A0004EE011653DB793F71500D5C3B7270020AB
:10D8B00083C787D1B5C3EFD02EA9B727002083C770
:10D8C000C79C636EF5048D472302F100B727002043
:10D8D00083C797D14C002306F100B727002083C7E8
:10D8E00087D7A306F100B727002003C557D6EF60FE
:10D8F000AEA61DC1B727002003A5C7D34199136564
:10D90000650023AEA7D2B727002083A7878D89C7DC
:10D910009C4399C38145829713C5140065BDB72701
:10D92000002083C7A7D1B725002019462302F100A4
:10D93000B727002083C707D4938505D2130561005C
:10D94000A302F1009730F91FE780808D41B793F76C
:10D9500025000145E38007E8B727002083C7C7D12A
:10D96000858B8DCBB727002003C557D6EF60CECF70
:10D9700015C1B727002003A5C7D31375F5F023AE53
:10D98000A7D2B727002083A7878D89C79C4399C357
:10D990008145829713C5240035BD797122D426D2E2
:10D9A00006D6AA842EC6328436C43AC23EC0EFC020
:10D9B000FEEA39C50358E500B24582471247A24640
:10D9C000636DB800636B0401035605016317D6004D
:10D9D0000356250161456300E602231CB1003E8623
:10D9E0002C082685231D8100231ED100231FE10062
:10D9F000EFC0DED60145B250225492544561828078
:10DA00005145D5BF0111B727002006CEA38EA7B27E
:10DA100091C52E8532C6EFE09FCD3246B727002054
:10DA200083A7C7D3B1E309C6B727002023ACC78CAF
:10DA300037260020B725002037250020F240034676
:10DA4000E6D183C545D6034555D6B72700203727ED
:10DA50000020B72600209387C78D130747D59386EC
:10DA600046D405616F706EC5F24045450561828000
:10DA7000B727002083C7C79C91EB61458280614531
:10DA8000B24022449244024941018280411126C29F
:10DA9000B724002022C403C454D606C64AC0930744
:10DAA000F00FE31EF4FC37D5060013058579EF204F
:10DAB0005ECDA382A4D6E30485FCB727002023AC67
:10DAC000078CB7270020114723AE07D2B7270020C5
:10DAD0002382E7D6B7240020EF50EEA541468145CA
:10DAE000138544D49720F91FE780A07A37240020BB
:10DAF00041468145130544D59720F91FE780607999
:10DB0000B7270020238D07D0B72700201D4723808B
:10DB100007D4B7270020A38CE7D037290020B727E8
:10DB20000020138644D4C1450945238C07D6232EF3
:10DB3000098CEF302E91130644D5C1450D45EF30C9
:10DB40006E90372500204146938544D4130585D631
:10DB50009720F91FE780C06C3725002041469305C8
:10DB600044D5130585D29720F91FE780606B130613
:10DB7000C98D91451145EF30EE8C014511B7FD5728
:10DB800037270020A302F7D637270020130787B3D3
:10DB9000A302F7002303F70037270020854623025E
:10DBA00007D637270020230CD7D0372700209946E7
:10DBB000232E078C37270020231CD7D20567130795
:10DBC00007C8B72600202391E6D437270020230F6B
:10DBD00007D037270020A30D07D0372700202301C7
:10DBE000F7D8372500208D4737270020A30EF7D020
:10DBF0001946372700208145130505D22303F7D2A4
:10DC00001723F91F6700E368930705D04111C20786
:10DC100022C406C6C18351472E84636AF70E37F7C4
:10DC200006008A071307C7A4BA979C438287B727C1
:10DC3000002083C747D62300F4003DA0B72500206D
:10DC40004146938545D422859720F91FE780405DA2
:10DC500021A8B72500204146938545D5EDB7B727C4
:10DC6000002083A7C78D9CC18147B24022443E85D6
:10DC700041018280B725002019469385C5D7E1B7B9
:10DC8000B727002083C787D17DB72E85EF60CEE10F
:10DC9000E1BF2E85EF60CEE3C1BFB727002083C769
:10DCA000A7D151BFB727002083C707D469B7B725CD
:10DCB00000201946938505D279B7B727002083C77E
:10DCC00097D195BFB727002083C787D7ADB7B727B0
:10DCD000002083A7C7D385B7B727002083C7E7D124
:10DCE00099BFB727002083D787D32310F400ADBF97
:10DCF000B727002083D727D4CDBFB727002083C7FD
:10DD0000D7D115BFB727002083C767D22DB7130718
:10DD100000048947E36BA7F4EF40BEFA2310A40088
:10DD2000A1B79307F5CFC207C1834D472E88636D16
:10DD3000F722B7F606008A07938606AAB6979C4391
:10DD4000411106C6B2858287C146E1476310D804F7
:10DD5000372500204146130545D49720F91FE78059
:10DD6000204C25A0C146E1476312D8023725002088
:10DD70004146130545D5D5B79146E1476318D8000C
:10DD80001842B727002023AEE78C8147B2403E857A
:10DD9000410182808546E147E31AD8FEB72700207B
:10DDA00083C6050003C687D1238CD7D0814705C61B
:10DDB000F1FE372700200327C7D389463D8B630533
:10DDC000D7009546E314D7FCB727002003C557D6E4
:10DDD000EF501EF05DBFDDDAB726002083A6C6D364
:10DDE00063860601BD8AF516E362D8FAB7270020DC
:10DDF00003C557D68545EF208E9641BF9307C01CBB
:10DE000063E00717630E0614B240428541016F605C
:10DE1000AE9A9307C01C63E5071563030614B2406E
:10DE2000428541016F604EAA8546E147E310D8F66E
:10DE300003470600A946E3EBE6F4B7270020238D4D
:10DE4000E7D0A1B78546E147E312D8F403470600BF
:10DE50008D46E3EDE6F2B72700202380E7D435B7FF
:10DE60009946E147E314D8F23725002019461305F7
:10DE700005D2E5B58546E147E31AD8F00347060029
:10DE80009D46E3E5E6F0B7270020A38CE7D0F5BD7B
:10DE90008546E147E31CD8EE034706008D46E3E7DD
:10DEA000E6EEB7270020238CE7D6C5B58546E147C7
:10DEB000E31ED8EC03470600B7270020238FE7D0E6
:10DEC000E9B58946E147E313D8EC03560600056738
:10DED0001307A7C79306A6FFC206C182E368D7EA65
:10DEE000B7270020239CC7D24DB58946E147E31FE1
:10DEF000D8E80356060005671307A7C79306A6FFD1
:10DF0000C206C182E364D7E8B72700202391C7D4B3
:10DF1000ADBD83450600B7270020A38EB7D0B72735
:10DF2000002003C667D20145EF009FB7B9BD034685
:10DF30000600B72700202383C7D2B727002083C558
:10DF4000D7D1D5B79307000463EEA70009478947E7
:10DF5000E31EE8E2B2408355060041016F500EAC6B
:10DF6000E1472DB589471DB59307000463E9A70074
:10DF7000094789476396E50083550600C5B7894779
:10DF80003E8582806F009FAC6F003FB6014881479D
:10DF90006F005FAD011106CE2AC6EFC03E8C09C9E5
:10DFA000B245F240034505004D4605616F506E9D38
:10DFB000F2404945056182806F00DFAE6F003FB3DC
:10DFC0006F009FAA6F00FFB26F00FFB2411106C63B
:10DFD000EF20DFD5379505001305A534EF206EFA45
:10DFE000EFB0AE9D373505001305C52CEF206EF957
:10DFF000EF508EA937650500130545B5EF206EF883
:10E00000EF703EB237C50500130545CDEF206EF722
:10E01000EFD03EE037D506001305252CEF206EF635
:10E02000EFE09F8C3795050013054583EF206EF5D3
:10E03000EFA06EFCB24041016FD00FC6411106C681
:10E04000EF703FC6379505001305A534EF206EF33A
:10E05000EFB0AE96373505001305C52CEF206EF2F4
:10E06000EF508EA237650500130545B5EF206EF120
:10E07000EF703EAB37C50500130545CDEF206EF0C0
:10E08000EFD03ED937D506001305252CEF206EEFD3
:10E09000EFE09F853795050013054583EF206EEE71
:10E0A000EFA06EF5B24041016FF09F9C4111370720
:10E0B000002006C6B70700201307C75098C33717BC
:10E0C000002013076712D8C3371700201307C70EA5
:10E0D00037160020B705002037E5040098C713065F
:10E0E000066F938505041305052B9720F91FE7801C
:10E0F00060F237260020B715002037F5060013061A
:10E1000086809385056F130585C29720F91FE780E8
:10E1100060F0B24041011723F91F6700C3F0976117
:10E12000F91F938121EE1781F91F1301A16D1705C6
:10E13000FEFF130525159725F91F9385A5ED1726D5
:10E14000F91F130626F063FCC5008322050023A0F7
:10E15000550011059105E3EAC5FEEFF03FF57300A8
:10E16000203011CE93070002918F635BF00033558E
:10E17000C500B397F50033D6C5005D8DB2858280AA
:10E18000130506FE014633D5A500B285CDBFB6877F
:10E19000B2882A832E88639D061463F9C50A4167F5
:10E1A000636EE61AB70700016363F634935686017F
:10E1B000E147171700001307E79336970347070057
:10E1C000BA97130700021D8F19CB3398E500B35798
:10E1D000F500B318E60033E807013313E50013D662
:10E1E00008013355C80293960801C1829357030171
:10E1F0003377C802B385A60242073368F700637A13
:10E20000B80046989307F5FF636418016367B83058
:10E210003E853308B8403357C80242031353030105
:10E220003378C802B386E602420833686800637B2D
:10E23000D80046989307F7FF636518017917636361
:10E24000D8003E874205598D8145828001E6054709
:10E25000B358C702416763EAE80EB707000163ECF1
:10E26000F82893D68801E14717170000130787881D
:10E27000369783460700BE9693070002958FE5EB1D
:10E28000939E08013387154113DF080193DE0E01C9
:10E290008545935703013355E7033377E703B30607
:10E2A000D5034207D98F63FAD700C6971307F5FF46
:10E2B00063E4170163E6D7263A85958F33D7E703E2
:10E2C000420313530301B3F7E703B30ED703C207A7
:10E2D000B3E7670063FBD701C6979306F7FF63E5D3
:10E2E0001701791763E3D70136874205598D82807C
:10E2F00063E2D504C16763E2F604B707000163E493
:10E30000F61E13D786016148970700009387877E22
:10E31000BA9703C70700130E00024297330EEE4070
:10E32000631A0E0C63EDB61C3335C500134515009A
:10E33000814582808145014582809307F00F63F318
:10E34000D71C13D786002148C1B71307F00FC68624
:10E35000E37C17F193D68800A14739B71307F00F74
:10E36000B286E378C7E493568600A14799B5B3987F
:10E37000F80033D6D50013DF0801335EE603339788
:10E38000F500B356D500558F939E080193DE0E011C
:10E390003313F50093550701B376E603B387CE0335
:10E3A000C206CD8E63FBF600C6961306FEFF63E43D
:10E3B000161763F2F616791EC6969D8E33D6E603BF
:10E3C00093170701C183B3F6E6033385CE02139793
:10E3D00006015D8F637BA70046979307F6FF63688E
:10E3E00017136376A7127916469793150E01098FB6
:10E3F000D18D45B5B357E600B396C601DD8E33D354
:10E40000E50013DF0601B357E303939E060193DE95
:10E410000E013398C5013357E5003368070193585F
:10E4200008013316C6013373E303B385FE024203CA
:10E43000B368130163FBB800B6981387F7FF63EA6C
:10E44000D80C63F8B80CF917B698B388B84033D72E
:10E45000E803420813580801B3F8E8033383EE02D7
:10E46000C208B3E5080163FB6500B6951308F7FF22
:10E4700063EDD50863FB65087917B695C207416F50
:10E48000D98F1307FFFFB3F6E70093D80701718F09
:10E490004182B38EE602B3856540B386C60213D8C7
:10E4A0000E013387E802BA96C2963386C80263F338
:10E4B000E6007A9693D80601469663E2C502638524
:10E4C000C5003E858145828041677D17F98EC20671
:10E4D000B3FEEE003315C501F696E374D5FE138541
:10E4E000F7FF8145828013D70601414831BD93561D
:10E4F0000601C1477DB993D60801C147B5B381452F
:10E50000054582803687014801B5428785BF3E8632
:10E51000E9BDBA871DBF328E4DB579154698D5B97C
:10E520007915C69759BBB3C7A5008D8B3307C500B6
:10E5300081E78D4763EEC700AA876370E50A83C64B
:10E54000050085078505A38FD7FEE3EAE7FE8280F5
:10E5500093763500AA8791CA83C60500850785058D
:10E56000A38FD7FE93F63700FDB79376C7FF1386C8
:10E5700006FE63F0C70683A3050083A2450083AFB0
:10E58000850003AFC50083AE050103AE450103A3BB
:10E59000850183A8C5019385450223A0770003A8C0
:10E5A000C5FF23A2570023A4F70123A6E70123A850
:10E5B000D70123AAC70123AC670023AE17019387B5
:10E5C000470223AE07FF75B790419107910523AE2F
:10E5D000C7FEE3EBD7FEE3E4E7F68280F401FA003E
:10E5E000960064004B0032001E001400FB349B5F59
:10E5F000800000800010000000000000164D0500A3
:10E60000904D0500084E0500084E0500A44D05007C
:10E61000084E0500C04D0500DE4D0500084E050002
:10E62000F44D0500A61A050004670500E01A050070
:10E63000947505005C1B050060750500161C05003F
:10E640002C750500B21C0500A8800500001D050002
:10E65000A88005005A1D0500FA7F0500161C05005C
:10E66000CC740500EE1D05001C78050000000000BC
:10E6700000000000381E0500A8780500AA1E05004D
:10E680008867050006B6050006B605002CB605002D
:10E6900044B605004CB6050054B605005CB605004E
:10E6A00064B605006CB6050074B605007CB60500BE
:10E6B000B6B60500BEB6050084B60500010102012C
:10E6C0000201010201020404060104010101010129
:10E6D0000404020104000000010102010201010220
:10E6E0000101040406010401010101010401020108
:10E6F0000100000006C4050012C4050054C4050052
:10E700007AC5050084C50500C8C505000AC6050010
:10E7100048C6050080C605001AC50500B4C6050038
:10E7200040C70500A4D3050082D30500A4D6050088
:10E7300000D705000CDA050026D805006CD80500C6
:10E74000B0D80500E8D805002CD9050082D3050013
:10E7500070D90500E6D905000000000000000000A7
:10E760000000000000000087070B0D1113171D1F8C
:10E7700025292B2F353B3D4347494F535961FF0016
:10E78000DA0606000E0706002E0806005E060600E2
:10E79000CE080600380906000C0906009E0906008E
:10E7A0001C0A060070060600DE0706008607060043
:10E7B00010320600EC3F0600E63206004E4006002E
:10E7C0000A330600AA330600D83306001C340600BC
:10E7D000583F0600C83E06007C350600A8350600F6
:10E7E0001A360600C0360600383E06004A3D0600CE
:10E7F000583C06006229060072370600C63706003C
:10E8000022420600BA410600F8370600A039060089
:10E81000F43A06007E3B0600A8480600C642060001
:10E82000944206008A4506005A4506002C4506001B
:10E83000EC440600BE4406008E46060092460600E2
:10E84000DA430600964606009A4306009A460600FA
:10E850009E460600A2460600864606008A4306003B
:10E86000524306008A46060030430600244606004E
:10E87000C24506009842060043483539785F424C4D
:10E88000455F4C49425F56312E33410068C2060055
:10E8900076C2060082C206008CC2060096C206003E
:10E8A000B6C20600C2C20600CCC20600D8C206002C
:10E8B000E2C20600ECC20600F6C2060000C3060073
:10E8C0000CC3060016C3060020C3060086C306005C
:10E8D0002AC3060034C306003EC3060048C3060030
:10E8E0005CC3060086C3060086C3060086C3060016
:10E8F00086C3060086C3060086C3060086C30600DC
:10E9000086C3060066C3060052C3060086C306001F
:10E9100070C306007CC30600F6C906002ACA0600BA
:10E9200050CA06006ACA060082CA06009ECA0600CD
:10E93000C0CA0600D4CA0600F2CA06000CCB060004
:10E9400028CB060042CB06005ACB06006ECB060051
:10E950008ACB06009ECB0600BCCB06007CCD060011
:10E9600094CD0600AECD0600D0CD060080CF0600C7
:10E970002CCE0600E0CB060046CE06005ACE06009E
:10E9800038CC060038CC060010CD06001ECD06009F
:10E9900062CE0600FACD060076CE0600F0CE060066
:10E9A00046CF0600A4D20600E6CF0600E6CF06005A
:10E9B000DAD106008AD00600C8CF06009AD2060037
:10E9C000E6CF060078D106001AD20600E6CF060090
:10E9D000E6CF0600E6CF0600E6CF0600E6CF06004B
:10E9E000E6CF0600E6CF0600E6CF0600E6CF06003B
:10E9F000E6CF060046D00600D0D40600C0D50600FB
:10EA000090D50600FED50600FED5060088D6060085
:10EA1000D6D60600C0D50600C0D50600C0D5060073
:10EA2000C0D50600C0D50600C0D50600C0D506007A
:10EA3000C0D50600C0D50600C0D50600C0D506006A
:10EA4000C0D50600FCD60600FCD606002EDC06006B
:10EA50003CDC060052DC06005EDC060074DC0600CE
:10EA600080DC06008ADC060092DC06009ADC0600E8
:10EA7000A4DC0600AEDC0600BADC0600C4DC06003E
:10EA8000CEDC0600D8DC06000EDD06000EDD06003A
:10EA9000E2DC0600F0DC0600FADC060004DD06001D
:10EAA00048DD060064DD060078DD060044DF060070
:10EAB00094DD0600FCDD060012DE060028DE0600FE
:10EAC00044DE060060DE060074DE060090DE06000E
:10EAD00044DF0600ACDE060044DF060044DF06002B
:10EAE000C2DE0600EADE060012DF06002EDF0600A8
:10EAF00000010202030303030404040404040404E5
:10EB000005050505050505050505050505050505B5
:10EB10000606060606060606060606060606060695
:10EB20000606060606060606060606060606060685
:10EB30000707070707070707070707070707070765
:10EB40000707070707070707070707070707070755
:10EB50000707070707070707070707070707070745
:10EB60000707070707070707070707070707070735
:10EB70000808080808080808080808080808080815
:10EB80000808080808080808080808080808080805
:10EB900008080808080808080808080808080808F5
:10EBA00008080808080808080808080808080808E5
:10EBB00008080808080808080808080808080808D5
:10EBC00008080808080808080808080808080808C5
:10EBD00008080808080808080808080808080808B5
:10EBE00008080808080808080808080808080808A5
:0AEBF000020000000CEC0600012AF0
:02EBFC00A62A47
:02EC00000328E7
:02EC04000229E3
:02EC0800002AE0
:02EC0C000018EE
:02EC10000118E9
:02EC14000228D4
:02EC1800042ACC
:02EC1C000028CE
:02EC20000128C9
:02EC2400052ABF
:10EC2800020000001CEC060001000000F0EB0600EA
:10EC38000200000000EC060001000000DF170020C1
:10EC48000200000008EC06000100000000000000BF
:10EC58000200000000EC060001000000DC170020A4
:10EC680002000000F8EB0600010000005018002028
:10EC78000200000000EC060001000000E017002080
:10EC88000200000018EC060001000000E417002054
:10EC98000200000000EC060001000000DE17002062
:10ECA80002000000FCEB060001000000DD17002058
:10ECB800A4480500FA490500000000000200000011
:10ECC8001CEC060001000000F01700200200000004
:10ECD80000EC060001000000FB1700200200000005
:10ECE80024EC060000000000000000000200000004
:10ECF80004EC060003000000000000000000000013
:10ED08004469050000000000C3812F0102010202CE
:10ED1800020000005000A0000000E803FFFF000010
:10ED28000200000010EC06000100FF2001050201AE
:08ED38000110010100000000C0
:00000001FF
